month,dataset,vendor,community_area,starts,ends,start_and_end,flags
2019-06,2kfw-zvte,,,25947,26028,0,
2019-06,2kfw-zvte,,2,0,1,0,
2019-06,2kfw-zvte,,3,0,1,0,
2019-06,2kfw-zvte,,4,0,1,0,
2019-06,2kfw-zvte,,5,15,137,2,
2019-06,2kfw-zvte,,6,0,9,0,
2019-06,2kfw-zvte,,7,32,298,3,
2019-06,2kfw-zvte,,8,46,290,11,
2019-06,2kfw-zvte,,11,0,3,0,
2019-06,2kfw-zvte,,14,0,3,0,
2019-06,2kfw-zvte,,15,1569,1646,1011,
2019-06,2kfw-zvte,,16,1656,1861,1071,
2019-06,2kfw-zvte,,17,600,666,398,
2019-06,2kfw-zvte,,18,526,511,338,
2019-06,2kfw-zvte,,19,4181,4280,3066,
2019-06,2kfw-zvte,,20,2278,1996,1254,
2019-06,2kfw-zvte,,21,3335,3613,1773,
2019-06,2kfw-zvte,,22,17246,17117,11577,
2019-06,2kfw-zvte,,23,2248,2877,1439,
2019-06,2kfw-zvte,,24,30412,30765,22913,
2019-06,2kfw-zvte,,25,4040,3692,3101,
2019-06,2kfw-zvte,,26,780,765,494,
2019-06,2kfw-zvte,,27,1360,1251,841,
2019-06,2kfw-zvte,,28,29759,28048,24173,
2019-06,2kfw-zvte,,29,1833,1755,1364,
2019-06,2kfw-zvte,,30,1684,1855,1537,
2019-06,2kfw-zvte,,31,3014,3044,2202,
2019-06,2kfw-zvte,,32,0,21,0,
2019-06,2kfw-zvte,,33,0,3,0,
2019-06,2kfw-zvte,,34,0,2,0,
2019-06,2kfw-zvte,,39,0,1,0,
2019-06,2kfw-zvte,,56,0,1,0,
2019-06,2kfw-zvte,,57,0,2,0,
2019-06,2kfw-zvte,,58,0,4,0,
2019-06,2kfw-zvte,,59,0,3,0,
2019-06,2kfw-zvte,,60,11,22,1,
2019-07,2kfw-zvte,,,35529,35724,0,
2019-07,2kfw-zvte,,4,0,1,0,
2019-07,2kfw-zvte,,5,11,156,0,
2019-07,2kfw-zvte,,6,0,2,0,
2019-07,2kfw-zvte,,7,51,429,16,
2019-07,2kfw-zvte,,8,39,360,2,
2019-07,2kfw-zvte,,10,0,1,0,
2019-07,2kfw-zvte,,14,0,6,0,
2019-07,2kfw-zvte,,15,2408,2508,1402,
2019-07,2kfw-zvte,,16,2486,2840,1443,
2019-07,2kfw-zvte,,17,559,774,349,
2019-07,2kfw-zvte,,18,827,801,451,
2019-07,2kfw-zvte,,19,6620,6652,4540,
2019-07,2kfw-zvte,,20,4137,3459,1995,
2019-07,2kfw-zvte,,21,5559,5840,2613,
2019-07,2kfw-zvte,,22,28686,29292,18485,
2019-07,2kfw-zvte,,23,3971,5143,2219,
2019-07,2kfw-zvte,,24,58665,59190,43731,
2019-07,2kfw-zvte,,25,6758,6461,5139,
2019-07,2kfw-zvte,,26,1747,1613,1005,
2019-07,2kfw-zvte,,27,2916,2641,1641,
2019-07,2kfw-zvte,,28,55804,52171,44637,
2019-07,2kfw-zvte,,29,2487,2398,1734,
2019-07,2kfw-zvte,,30,2214,2374,1824,
2019-07,2kfw-zvte,,31,3479,4041,2360,
2019-07,2kfw-zvte,,32,2,17,0,
2019-07,2kfw-zvte,,33,0,2,0,
2019-07,2kfw-zvte,,34,0,3,0,
2019-07,2kfw-zvte,,56,0,1,0,
2019-07,2kfw-zvte,,57,0,3,0,
2019-07,2kfw-zvte,,58,0,2,0,
2019-07,2kfw-zvte,,59,0,5,0,
2019-07,2kfw-zvte,,60,8,52,0,
2019-07,2kfw-zvte,,66,0,1,0,
2019-07,2kfw-zvte,,67,0,1,0,
2019-07,2kfw-zvte,,76,1,0,0,
2019-08,2kfw-zvte,,,18603,18772,0,
2019-08,2kfw-zvte,,3,1,2,1,
2019-08,2kfw-zvte,,5,4,90,0,
2019-08,2kfw-zvte,,6,0,3,0,
2019-08,2kfw-zvte,,7,25,271,2,
2019-08,2kfw-zvte,,8,35,258,7,
2019-08,2kfw-zvte,,14,0,2,0,
2019-08,2kfw-zvte,,15,1630,1713,809,
2019-08,2kfw-zvte,,16,1732,2051,876,
2019-08,2kfw-zvte,,17,288,472,154,
2019-08,2kfw-zvte,,18,481,520,248,
2019-08,2kfw-zvte,,19,5556,5441,3663,
2019-08,2kfw-zvte,,20,2825,2460,1151,
2019-08,2kfw-zvte,,21,4919,5241,2264,
2019-08,2kfw-zvte,,22,25452,26048,16062,
2019-08,2kfw-zvte,,23,3101,4228,1666,
2019-08,2kfw-zvte,,24,54430,55088,40422,
2019-08,2kfw-zvte,,25,5010,4752,3709,
2019-08,2kfw-zvte,,26,1586,1516,910,
2019-08,2kfw-zvte,,27,1851,1693,909,
2019-08,2kfw-zvte,,28,54086,50604,43484,
2019-08,2kfw-zvte,,29,3234,2859,2215,
2019-08,2kfw-zvte,,30,2305,2532,1886,
2019-08,2kfw-zvte,,31,2796,3264,1794,
2019-08,2kfw-zvte,,32,2,24,1,
2019-08,2kfw-zvte,,33,1,5,1,
2019-08,2kfw-zvte,,34,0,1,0,
2019-08,2kfw-zvte,,42,5,3,3,
2019-08,2kfw-zvte,,56,0,1,0,
2019-08,2kfw-zvte,,57,0,1,0,
2019-08,2kfw-zvte,,58,1,6,0,
2019-08,2kfw-zvte,,59,0,6,0,
2019-08,2kfw-zvte,,60,13,48,4,
2019-08,2kfw-zvte,,61,3,0,0,
2019-09,2kfw-zvte,,,17052,17132,0,
2019-09,2kfw-zvte,,3,0,1,0,
2019-09,2kfw-zvte,,5,0,64,0,
2019-09,2kfw-zvte,,6,0,7,0,
2019-09,2kfw-zvte,,7,15,155,4,
2019-09,2kfw-zvte,,8,21,124,5,
2019-09,2kfw-zvte,,11,0,1,0,
2019-09,2kfw-zvte,,14,0,5,0,
2019-09,2kfw-zvte,,15,1453,1584,688,
2019-09,2kfw-zvte,,16,2076,2207,1082,
2019-09,2kfw-zvte,,17,316,434,186,
2019-09,2kfw-zvte,,18,226,294,104,
2019-09,2kfw-zvte,,19,4113,3916,2556,
2019-09,2kfw-zvte,,20,2186,1816,834,
2019-09,2kfw-zvte,,21,3632,3961,1573,
2019-09,2kfw-zvte,,22,18996,19757,11759,
2019-09,2kfw-zvte,,23,2554,3381,1431,
2019-09,2kfw-zvte,,24,42033,42470,30574,
2019-09,2kfw-zvte,,25,3393,3327,2529,
2019-09,2kfw-zvte,,26,946,950,553,
2019-09,2kfw-zvte,,27,1312,1143,542,
2019-09,2kfw-zvte,,28,53328,50170,43959,
2019-09,2kfw-zvte,,29,2661,2510,1608,
2019-09,2kfw-zvte,,30,1851,2143,1397,
2019-09,2kfw-zvte,,31,2385,2945,1449,
2019-09,2kfw-zvte,,32,0,9,0,
2019-09,2kfw-zvte,,33,0,2,0,
2019-09,2kfw-zvte,,34,1,2,1,
2019-09,2kfw-zvte,,39,0,1,0,
2019-09,2kfw-zvte,,57,0,1,0,
2019-09,2kfw-zvte,,58,0,1,0,
2019-09,2kfw-zvte,,59,0,4,0,
2019-09,2kfw-zvte,,60,6,37,3,
2019-09,2kfw-zvte,,61,0,1,0,
2019-09,2kfw-zvte,,63,1,0,0,
2019-09,2kfw-zvte,,66,0,2,0,
2019-10,2kfw-zvte,,,258,260,0,
2019-10,2kfw-zvte,,5,0,1,0,
2019-10,2kfw-zvte,,7,0,1,0,
2019-10,2kfw-zvte,,8,0,3,0,
2019-10,2kfw-zvte,,15,22,28,9,
2019-10,2kfw-zvte,,16,42,39,19,
2019-10,2kfw-zvte,,17,3,6,2,
2019-10,2kfw-zvte,,18,7,11,3,
2019-10,2kfw-zvte,,19,93,79,53,
2019-10,2kfw-zvte,,20,43,43,17,
2019-10,2kfw-zvte,,21,58,67,24,
2019-10,2kfw-zvte,,22,348,365,223,
2019-10,2kfw-zvte,,23,32,57,16,
2019-10,2kfw-zvte,,24,734,756,532,
2019-10,2kfw-zvte,,25,74,71,55,
2019-10,2kfw-zvte,,26,14,15,9,
2019-10,2kfw-zvte,,27,28,14,9,
2019-10,2kfw-zvte,,28,901,830,716,
2019-10,2kfw-zvte,,29,35,28,20,
2019-10,2kfw-zvte,,30,26,37,21,
2019-10,2kfw-zvte,,31,47,53,28,
2019-10,2kfw-zvte,,60,0,1,0,
2020-08,3rse-fbp6,bird,,21,48,0,
2020-08,3rse-fbp6,bird,1,582,576,434,
2020-08,3rse-fbp6,bird,2,145,195,109,
2020-08,3rse-fbp6,bird,3,2600,2444,1712,
2020-08,3rse-fbp6,bird,4,420,443,191,
2020-08,3rse-fbp6,bird,5,449,474,214,
2020-08,3rse-fbp6,bird,6,3701,4244,2396,
2020-08,3rse-fbp6,bird,7,7983,7338,5694,
2020-08,3rse-fbp6,bird,8,1892,1993,973,
2020-08,3rse-fbp6,bird,9,6,8,6,
2020-08,3rse-fbp6,bird,10,5,12,5,
2020-08,3rse-fbp6,bird,11,43,45,21,
2020-08,3rse-fbp6,bird,12,2,5,1,
2020-08,3rse-fbp6,bird,13,29,40,16,
2020-08,3rse-fbp6,bird,14,93,125,45,
2020-08,3rse-fbp6,bird,15,769,695,564,
2020-08,3rse-fbp6,bird,16,552,543,350,
2020-08,3rse-fbp6,bird,17,129,181,81,
2020-08,3rse-fbp6,bird,18,169,162,118,
2020-08,3rse-fbp6,bird,19,880,879,688,
2020-08,3rse-fbp6,bird,20,354,343,212,
2020-08,3rse-fbp6,bird,21,494,523,246,
2020-08,3rse-fbp6,bird,22,2931,2936,1874,
2020-08,3rse-fbp6,bird,23,782,830,528,
2020-08,3rse-fbp6,bird,24,5206,5238,3807,
2020-08,3rse-fbp6,bird,25,716,749,618,
2020-08,3rse-fbp6,bird,26,68,99,54,
2020-08,3rse-fbp6,bird,27,303,291,197,
2020-08,3rse-fbp6,bird,28,2933,2893,2227,
2020-08,3rse-fbp6,bird,29,676,605,526,
2020-08,3rse-fbp6,bird,30,479,463,407,
2020-08,3rse-fbp6,bird,31,278,341,195,
2020-08,3rse-fbp6,bird,32,10,36,1,
2020-08,3rse-fbp6,bird,33,183,227,127,
2020-08,3rse-fbp6,bird,34,166,167,102,
2020-08,3rse-fbp6,bird,35,173,186,122,
2020-08,3rse-fbp6,bird,36,58,83,42,
2020-08,3rse-fbp6,bird,37,25,25,10,
2020-08,3rse-fbp6,bird,38,378,337,268,
2020-08,3rse-fbp6,bird,39,452,505,230,
2020-08,3rse-fbp6,bird,40,101,112,64,
2020-08,3rse-fbp6,bird,41,2433,2332,2019,
2020-08,3rse-fbp6,bird,42,336,355,224,
2020-08,3rse-fbp6,bird,43,143,149,108,
2020-08,3rse-fbp6,bird,44,122,120,77,
2020-08,3rse-fbp6,bird,45,22,16,14,
2020-08,3rse-fbp6,bird,46,9,14,7,
2020-08,3rse-fbp6,bird,47,5,8,3,
2020-08,3rse-fbp6,bird,48,14,20,11,
2020-08,3rse-fbp6,bird,49,198,188,137,
2020-08,3rse-fbp6,bird,50,203,203,170,
2020-08,3rse-fbp6,bird,51,1,2,1,
2020-08,3rse-fbp6,bird,53,28,30,22,
2020-08,3rse-fbp6,bird,54,7,7,7,
2020-08,3rse-fbp6,bird,56,43,57,36,
2020-08,3rse-fbp6,bird,57,74,75,40,
2020-08,3rse-fbp6,bird,58,386,388,331,
2020-08,3rse-fbp6,bird,59,562,503,436,
2020-08,3rse-fbp6,bird,60,579,526,435,
2020-08,3rse-fbp6,bird,61,139,161,89,
2020-08,3rse-fbp6,bird,62,140,151,89,
2020-08,3rse-fbp6,bird,63,304,293,243,
2020-08,3rse-fbp6,bird,64,4,5,0,
2020-08,3rse-fbp6,bird,65,567,512,444,
2020-08,3rse-fbp6,bird,66,210,249,162,
2020-08,3rse-fbp6,bird,67,17,36,10,
2020-08,3rse-fbp6,bird,68,60,56,39,
2020-08,3rse-fbp6,bird,69,147,151,95,
2020-08,3rse-fbp6,bird,70,63,73,49,
2020-08,3rse-fbp6,bird,71,56,71,39,
2020-08,3rse-fbp6,bird,72,342,317,282,
2020-08,3rse-fbp6,bird,73,76,69,44,
2020-08,3rse-fbp6,bird,74,144,148,136,
2020-08,3rse-fbp6,bird,75,227,223,179,
2020-08,3rse-fbp6,bird,76,3,6,3,
2020-08,3rse-fbp6,bird,77,1446,1393,884,
2020-08,3rse-fbp6,lime,,278,356,0,
2020-08,3rse-fbp6,lime,1,292,291,214,
2020-08,3rse-fbp6,lime,2,102,122,63,
2020-08,3rse-fbp6,lime,3,1192,1177,676,
2020-08,3rse-fbp6,lime,4,250,310,124,
2020-08,3rse-fbp6,lime,5,382,454,185,
2020-08,3rse-fbp6,lime,6,4226,4177,2720,
2020-08,3rse-fbp6,lime,7,4842,4887,3295,
2020-08,3rse-fbp6,lime,8,1465,1602,809,
2020-08,3rse-fbp6,lime,9,2,5,2,
2020-08,3rse-fbp6,lime,10,30,39,18,
2020-08,3rse-fbp6,lime,11,68,70,40,
2020-08,3rse-fbp6,lime,12,8,10,3,
2020-08,3rse-fbp6,lime,13,57,71,39,
2020-08,3rse-fbp6,lime,14,108,125,47,
2020-08,3rse-fbp6,lime,15,780,753,565,
2020-08,3rse-fbp6,lime,16,583,592,336,
2020-08,3rse-fbp6,lime,17,147,180,99,
2020-08,3rse-fbp6,lime,18,372,338,263,
2020-08,3rse-fbp6,lime,19,1305,1322,1000,
2020-08,3rse-fbp6,lime,20,319,328,184,
2020-08,3rse-fbp6,lime,21,1128,1083,631,
2020-08,3rse-fbp6,lime,22,4348,4236,2684,
2020-08,3rse-fbp6,lime,23,1014,1048,611,
2020-08,3rse-fbp6,lime,24,8231,7959,6090,
2020-08,3rse-fbp6,lime,25,1240,1222,1038,
2020-08,3rse-fbp6,lime,26,190,197,129,
2020-08,3rse-fbp6,lime,27,363,395,232,
2020-08,3rse-fbp6,lime,28,2596,2502,1879,
2020-08,3rse-fbp6,lime,29,249,288,164,
2020-08,3rse-fbp6,lime,30,584,543,459,
2020-08,3rse-fbp6,lime,31,309,343,201,
2020-08,3rse-fbp6,lime,32,21,25,7,
2020-08,3rse-fbp6,lime,33,418,416,335,
2020-08,3rse-fbp6,lime,34,64,83,29,
2020-08,3rse-fbp6,lime,35,325,290,219,
2020-08,3rse-fbp6,lime,36,73,86,39,
2020-08,3rse-fbp6,lime,37,29,35,10,
2020-08,3rse-fbp6,lime,38,345,342,210,
2020-08,3rse-fbp6,lime,39,280,328,132,
2020-08,3rse-fbp6,lime,40,270,243,150,
2020-08,3rse-fbp6,lime,41,1257,1183,959,
2020-08,3rse-fbp6,lime,42,363,423,233,
2020-08,3rse-fbp6,lime,43,731,751,561,
2020-08,3rse-fbp6,lime,44,723,685,550,
2020-08,3rse-fbp6,lime,45,217,215,155,
2020-08,3rse-fbp6,lime,46,506,502,394,
2020-08,3rse-fbp6,lime,47,16,18,9,
2020-08,3rse-fbp6,lime,48,190,176,133,
2020-08,3rse-fbp6,lime,49,660,649,514,
2020-08,3rse-fbp6,lime,50,104,122,86,
2020-08,3rse-fbp6,lime,51,219,225,196,
2020-08,3rse-fbp6,lime,52,10,12,8,
2020-08,3rse-fbp6,lime,53,374,382,305,
2020-08,3rse-fbp6,lime,54,22,26,22,
2020-08,3rse-fbp6,lime,56,144,171,104,
2020-08,3rse-fbp6,lime,57,368,339,262,
2020-08,3rse-fbp6,lime,58,520,506,393,
2020-08,3rse-fbp6,lime,59,398,389,289,
2020-08,3rse-fbp6,lime,60,82,103,48,
2020-08,3rse-fbp6,lime,61,1191,1220,1020,
2020-08,3rse-fbp6,lime,62,307,285,171,
2020-08,3rse-fbp6,lime,63,782,782,568,
2020-08,3rse-fbp6,lime,64,90,105,68,
2020-08,3rse-fbp6,lime,65,340,295,215,
2020-08,3rse-fbp6,lime,66,751,791,602,
2020-08,3rse-fbp6,lime,67,521,539,410,
2020-08,3rse-fbp6,lime,68,583,528,420,
2020-08,3rse-fbp6,lime,69,519,554,399,
2020-08,3rse-fbp6,lime,70,60,91,43,
2020-08,3rse-fbp6,lime,71,552,521,431,
2020-08,3rse-fbp6,lime,72,26,32,15,
2020-08,3rse-fbp6,lime,73,391,387,311,
2020-08,3rse-fbp6,lime,74,8,9,8,
2020-08,3rse-fbp6,lime,75,146,118,81,
2020-08,3rse-fbp6,lime,76,7,8,4,
2020-08,3rse-fbp6,lime,77,491,539,290,
2020-08,3rse-fbp6,spin,,0,30,0,
2020-08,3rse-fbp6,spin,1,609,654,435,
2020-08,3rse-fbp6,spin,2,428,444,285,
2020-08,3rse-fbp6,spin,3,2527,2451,1253,
2020-08,3rse-fbp6,spin,4,1191,1231,587,
2020-08,3rse-fbp6,spin,5,1401,1340,621,
2020-08,3rse-fbp6,spin,6,10221,9805,7110,
2020-08,3rse-fbp6,spin,7,4296,4407,2334,
2020-08,3rse-fbp6,spin,8,1812,1882,1066,
2020-08,3rse-fbp6,spin,9,5,10,5,
2020-08,3rse-fbp6,spin,10,5,10,5,
2020-08,3rse-fbp6,spin,11,33,40,18,
2020-08,3rse-fbp6,spin,12,50,53,38,
2020-08,3rse-fbp6,spin,13,274,273,170,
2020-08,3rse-fbp6,spin,14,516,495,305,
2020-08,3rse-fbp6,spin,15,414,396,289,
2020-08,3rse-fbp6,spin,16,550,588,324,
2020-08,3rse-fbp6,spin,17,126,128,79,
2020-08,3rse-fbp6,spin,18,211,211,168,
2020-08,3rse-fbp6,spin,19,532,532,385,
2020-08,3rse-fbp6,spin,20,192,191,110,
2020-08,3rse-fbp6,spin,21,539,520,255,
2020-08,3rse-fbp6,spin,22,1492,1606,891,
2020-08,3rse-fbp6,spin,23,513,561,333,
2020-08,3rse-fbp6,spin,24,2869,3020,1923,
2020-08,3rse-fbp6,spin,25,719,719,608,
2020-08,3rse-fbp6,spin,26,149,144,107,
2020-08,3rse-fbp6,spin,27,201,197,128,
2020-08,3rse-fbp6,spin,28,2433,2391,1787,
2020-08,3rse-fbp6,spin,29,217,216,148,
2020-08,3rse-fbp6,spin,30,373,376,303,
2020-08,3rse-fbp6,spin,31,671,625,481,
2020-08,3rse-fbp6,spin,32,1,5,0,
2020-08,3rse-fbp6,spin,33,411,429,297,
2020-08,3rse-fbp6,spin,34,282,276,205,
2020-08,3rse-fbp6,spin,35,27,44,14,
2020-08,3rse-fbp6,spin,36,4,6,2,
2020-08,3rse-fbp6,spin,37,14,19,5,
2020-08,3rse-fbp6,spin,38,187,192,127,
2020-08,3rse-fbp6,spin,39,55,59,22,
2020-08,3rse-fbp6,spin,40,249,195,136,
2020-08,3rse-fbp6,spin,41,361,385,294,
2020-08,3rse-fbp6,spin,42,71,96,43,
2020-08,3rse-fbp6,spin,43,218,234,158,
2020-08,3rse-fbp6,spin,44,385,352,295,
2020-08,3rse-fbp6,spin,45,157,152,119,
2020-08,3rse-fbp6,spin,46,429,414,340,
2020-08,3rse-fbp6,spin,47,12,15,7,
2020-08,3rse-fbp6,spin,48,115,132,90,
2020-08,3rse-fbp6,spin,49,654,645,509,
2020-08,3rse-fbp6,spin,50,86,98,71,
2020-08,3rse-fbp6,spin,51,146,159,130,
2020-08,3rse-fbp6,spin,52,194,192,174,
2020-08,3rse-fbp6,spin,53,355,351,299,
2020-08,3rse-fbp6,spin,54,17,21,12,
2020-08,3rse-fbp6,spin,55,82,88,71,
2020-08,3rse-fbp6,spin,56,28,40,18,
2020-08,3rse-fbp6,spin,57,196,183,131,
2020-08,3rse-fbp6,spin,58,424,410,342,
2020-08,3rse-fbp6,spin,59,144,146,109,
2020-08,3rse-fbp6,spin,60,70,98,38,
2020-08,3rse-fbp6,spin,61,552,538,459,
2020-08,3rse-fbp6,spin,62,363,321,276,
2020-08,3rse-fbp6,spin,63,473,450,370,
2020-08,3rse-fbp6,spin,64,1,7,1,
2020-08,3rse-fbp6,spin,65,120,134,98,
2020-08,3rse-fbp6,spin,66,380,415,302,
2020-08,3rse-fbp6,spin,67,409,400,302,
2020-08,3rse-fbp6,spin,68,574,553,444,
2020-08,3rse-fbp6,spin,69,178,201,138,
2020-08,3rse-fbp6,spin,70,186,197,152,
2020-08,3rse-fbp6,spin,71,562,553,461,
2020-08,3rse-fbp6,spin,72,28,48,12,
2020-08,3rse-fbp6,spin,73,386,345,300,
2020-08,3rse-fbp6,spin,74,1,7,1,
2020-08,3rse-fbp6,spin,75,84,77,55,
2020-08,3rse-fbp6,spin,76,1,4,1,
2020-08,3rse-fbp6,spin,77,1498,1507,911,
2020-09,3rse-fbp6,bird,,1,40,0,
2020-09,3rse-fbp6,bird,1,549,566,386,
2020-09,3rse-fbp6,bird,2,138,193,93,
2020-09,3rse-fbp6,bird,3,2756,2562,1548,
2020-09,3rse-fbp6,bird,4,482,606,226,
2020-09,3rse-fbp6,bird,5,513,599,207,
2020-09,3rse-fbp6,bird,6,5839,6526,3658,
2020-09,3rse-fbp6,bird,7,11290,10514,7754,
2020-09,3rse-fbp6,bird,8,4183,4127,2354,
2020-09,3rse-fbp6,bird,9,0,1,0,
2020-09,3rse-fbp6,bird,10,23,29,18,
2020-09,3rse-fbp6,bird,11,84,91,42,
2020-09,3rse-fbp6,bird,12,15,20,6,
2020-09,3rse-fbp6,bird,13,36,47,17,
2020-09,3rse-fbp6,bird,14,148,189,80,
2020-09,3rse-fbp6,bird,15,1585,1518,1216,
2020-09,3rse-fbp6,bird,16,594,595,314,
2020-09,3rse-fbp6,bird,17,307,373,195,
2020-09,3rse-fbp6,bird,18,176,181,87,
2020-09,3rse-fbp6,bird,19,1542,1509,1151,
2020-09,3rse-fbp6,bird,20,515,496,252,
2020-09,3rse-fbp6,bird,21,629,689,275,
2020-09,3rse-fbp6,bird,22,4242,4183,2549,
2020-09,3rse-fbp6,bird,23,898,971,511,
2020-09,3rse-fbp6,bird,24,8640,8662,6197,
2020-09,3rse-fbp6,bird,25,903,934,724,
2020-09,3rse-fbp6,bird,26,193,256,131,
2020-09,3rse-fbp6,bird,27,541,537,345,
2020-09,3rse-fbp6,bird,28,5234,5214,4047,
2020-09,3rse-fbp6,bird,29,1365,1221,1064,
2020-09,3rse-fbp6,bird,30,714,715,580,
2020-09,3rse-fbp6,bird,31,569,605,395,
2020-09,3rse-fbp6,bird,32,13,48,3,
2020-09,3rse-fbp6,bird,33,662,700,519,
2020-09,3rse-fbp6,bird,34,372,339,232,
2020-09,3rse-fbp6,bird,35,174,182,89,
2020-09,3rse-fbp6,bird,36,62,75,26,
2020-09,3rse-fbp6,bird,37,35,45,12,
2020-09,3rse-fbp6,bird,38,539,484,326,
2020-09,3rse-fbp6,bird,39,598,684,286,
2020-09,3rse-fbp6,bird,40,317,335,204,
2020-09,3rse-fbp6,bird,41,3121,3013,2564,
2020-09,3rse-fbp6,bird,42,629,626,380,
2020-09,3rse-fbp6,bird,43,376,421,298,
2020-09,3rse-fbp6,bird,44,665,642,501,
2020-09,3rse-fbp6,bird,45,76,73,35,
2020-09,3rse-fbp6,bird,46,279,297,228,
2020-09,3rse-fbp6,bird,47,15,17,9,
2020-09,3rse-fbp6,bird,48,207,183,116,
2020-09,3rse-fbp6,bird,49,431,401,304,
2020-09,3rse-fbp6,bird,50,271,263,214,
2020-09,3rse-fbp6,bird,51,48,47,25,
2020-09,3rse-fbp6,bird,52,77,74,65,
2020-09,3rse-fbp6,bird,53,27,39,19,
2020-09,3rse-fbp6,bird,54,153,152,152,
2020-09,3rse-fbp6,bird,55,163,166,157,
2020-09,3rse-fbp6,bird,56,35,50,20,
2020-09,3rse-fbp6,bird,57,140,118,64,
2020-09,3rse-fbp6,bird,58,460,495,383,
2020-09,3rse-fbp6,bird,59,733,671,602,
2020-09,3rse-fbp6,bird,60,455,446,340,
2020-09,3rse-fbp6,bird,61,126,141,64,
2020-09,3rse-fbp6,bird,62,339,355,230,
2020-09,3rse-fbp6,bird,63,317,347,236,
2020-09,3rse-fbp6,bird,64,21,37,10,
2020-09,3rse-fbp6,bird,65,926,830,694,
2020-09,3rse-fbp6,bird,66,324,377,222,
2020-09,3rse-fbp6,bird,67,42,72,27,
2020-09,3rse-fbp6,bird,68,70,84,42,
2020-09,3rse-fbp6,bird,69,490,468,346,
2020-09,3rse-fbp6,bird,70,246,263,220,
2020-09,3rse-fbp6,bird,71,135,154,98,
2020-09,3rse-fbp6,bird,72,551,500,399,
2020-09,3rse-fbp6,bird,73,66,70,39,
2020-09,3rse-fbp6,bird,74,554,557,516,
2020-09,3rse-fbp6,bird,75,248,270,165,
2020-09,3rse-fbp6,bird,77,1590,1502,876,
2020-09,3rse-fbp6,lime,,461,570,0,
2020-09,3rse-fbp6,lime,1,1922,1785,1472,
2020-09,3rse-fbp6,lime,2,402,469,276,
2020-09,3rse-fbp6,lime,3,2575,2683,1394,
2020-09,3rse-fbp6,lime,4,652,782,310,
2020-09,3rse-fbp6,lime,5,868,1037,371,
2020-09,3rse-fbp6,lime,6,13184,12692,9041,
2020-09,3rse-fbp6,lime,7,11767,11505,7747,
2020-09,3rse-fbp6,lime,8,3751,4007,2137,
2020-09,3rse-fbp6,lime,10,52,66,34,
2020-09,3rse-fbp6,lime,11,44,51,15,
2020-09,3rse-fbp6,lime,12,11,17,6,
2020-09,3rse-fbp6,lime,13,79,104,38,
2020-09,3rse-fbp6,lime,14,208,252,72,
2020-09,3rse-fbp6,lime,15,1244,1167,839,
2020-09,3rse-fbp6,lime,16,799,780,420,
2020-09,3rse-fbp6,lime,17,481,497,309,
2020-09,3rse-fbp6,lime,18,610,555,401,
2020-09,3rse-fbp6,lime,19,1966,1957,1427,
2020-09,3rse-fbp6,lime,20,543,504,266,
2020-09,3rse-fbp6,lime,21,754,838,335,
2020-09,3rse-fbp6,lime,22,4128,4247,2352,
2020-09,3rse-fbp6,lime,23,1495,1469,893,
2020-09,3rse-fbp6,lime,24,9765,9694,6975,
2020-09,3rse-fbp6,lime,25,1740,1781,1403,
2020-09,3rse-fbp6,lime,26,392,388,250,
2020-09,3rse-fbp6,lime,27,503,483,307,
2020-09,3rse-fbp6,lime,28,4371,4319,3159,
2020-09,3rse-fbp6,lime,29,438,481,296,
2020-09,3rse-fbp6,lime,30,1209,1175,984,
2020-09,3rse-fbp6,lime,31,704,749,450,
2020-09,3rse-fbp6,lime,32,57,67,17,
2020-09,3rse-fbp6,lime,33,1363,1342,1045,
2020-09,3rse-fbp6,lime,34,527,540,325,
2020-09,3rse-fbp6,lime,35,841,774,595,
2020-09,3rse-fbp6,lime,36,242,240,141,
2020-09,3rse-fbp6,lime,37,52,66,8,
2020-09,3rse-fbp6,lime,38,742,807,479,
2020-09,3rse-fbp6,lime,39,609,659,293,
2020-09,3rse-fbp6,lime,40,640,598,390,
2020-09,3rse-fbp6,lime,41,3077,2921,2512,
2020-09,3rse-fbp6,lime,42,557,651,325,
2020-09,3rse-fbp6,lime,43,1128,1205,839,
2020-09,3rse-fbp6,lime,44,1519,1380,1019,
2020-09,3rse-fbp6,lime,45,357,342,202,
2020-09,3rse-fbp6,lime,46,799,783,573,
2020-09,3rse-fbp6,lime,47,20,27,9,
2020-09,3rse-fbp6,lime,48,401,374,253,
2020-09,3rse-fbp6,lime,49,1435,1401,1109,
2020-09,3rse-fbp6,lime,50,142,176,97,
2020-09,3rse-fbp6,lime,51,290,285,227,
2020-09,3rse-fbp6,lime,52,28,34,23,
2020-09,3rse-fbp6,lime,53,773,797,626,
2020-09,3rse-fbp6,lime,54,99,123,91,
2020-09,3rse-fbp6,lime,55,1,4,1,
2020-09,3rse-fbp6,lime,56,136,173,66,
2020-09,3rse-fbp6,lime,57,723,668,486,
2020-09,3rse-fbp6,lime,58,1308,1324,1022,
2020-09,3rse-fbp6,lime,59,705,682,513,
2020-09,3rse-fbp6,lime,60,267,314,162,
2020-09,3rse-fbp6,lime,61,1517,1492,1203,
2020-09,3rse-fbp6,lime,62,815,744,488,
2020-09,3rse-fbp6,lime,63,1370,1339,970,
2020-09,3rse-fbp6,lime,64,91,103,62,
2020-09,3rse-fbp6,lime,65,812,790,536,
2020-09,3rse-fbp6,lime,66,1436,1529,1089,
2020-09,3rse-fbp6,lime,67,1496,1503,1223,
2020-09,3rse-fbp6,lime,68,1008,990,693,
2020-09,3rse-fbp6,lime,69,763,835,444,
2020-09,3rse-fbp6,lime,70,184,232,136,
2020-09,3rse-fbp6,lime,71,1402,1383,1047,
2020-09,3rse-fbp6,lime,72,103,128,56,
2020-09,3rse-fbp6,lime,73,778,745,542,
2020-09,3rse-fbp6,lime,74,13,18,10,
2020-09,3rse-fbp6,lime,75,237,202,130,
2020-09,3rse-fbp6,lime,76,1,2,0,
2020-09,3rse-fbp6,lime,77,1578,1664,953,
2020-09,3rse-fbp6,spin,,2,30,0,
2020-09,3rse-fbp6,spin,1,1246,1267,1063,
2020-09,3rse-fbp6,spin,2,381,427,285,
2020-09,3rse-fbp6,spin,3,3858,3798,2710,
2020-09,3rse-fbp6,spin,4,2137,2064,1472,
2020-09,3rse-fbp6,spin,5,1841,1825,1157,
2020-09,3rse-fbp6,spin,6,15591,15183,12871,
2020-09,3rse-fbp6,spin,7,6464,6606,4718,
2020-09,3rse-fbp6,spin,8,2710,2717,1931,
2020-09,3rse-fbp6,spin,9,6,7,4,
2020-09,3rse-fbp6,spin,10,13,17,9,
2020-09,3rse-fbp6,spin,11,17,25,11,
2020-09,3rse-fbp6,spin,12,61,66,52,
2020-09,3rse-fbp6,spin,13,323,316,241,
2020-09,3rse-fbp6,spin,14,571,608,369,
2020-09,3rse-fbp6,spin,15,409,390,322,
2020-09,3rse-fbp6,spin,16,460,487,291,
2020-09,3rse-fbp6,spin,17,117,139,100,
2020-09,3rse-fbp6,spin,18,231,222,185,
2020-09,3rse-fbp6,spin,19,552,557,445,
2020-09,3rse-fbp6,spin,20,140,125,84,
2020-09,3rse-fbp6,spin,21,495,519,299,
2020-09,3rse-fbp6,spin,22,1656,1734,1167,
2020-09,3rse-fbp6,spin,23,507,512,381,
2020-09,3rse-fbp6,spin,24,3704,3838,2958,
2020-09,3rse-fbp6,spin,25,523,533,464,
2020-09,3rse-fbp6,spin,26,194,197,158,
2020-09,3rse-fbp6,spin,27,233,230,170,
2020-09,3rse-fbp6,spin,28,2887,2865,2389,
2020-09,3rse-fbp6,spin,29,345,352,295,
2020-09,3rse-fbp6,spin,30,464,466,410,
2020-09,3rse-fbp6,spin,31,841,787,647,
2020-09,3rse-fbp6,spin,32,2,13,0,
2020-09,3rse-fbp6,spin,33,361,355,289,
2020-09,3rse-fbp6,spin,34,139,144,110,
2020-09,3rse-fbp6,spin,35,36,41,26,
2020-09,3rse-fbp6,spin,36,15,23,10,
2020-09,3rse-fbp6,spin,37,27,35,13,
2020-09,3rse-fbp6,spin,38,126,159,98,
2020-09,3rse-fbp6,spin,39,140,133,96,
2020-09,3rse-fbp6,spin,40,376,336,295,
2020-09,3rse-fbp6,spin,41,834,820,744,
2020-09,3rse-fbp6,spin,42,111,154,67,
2020-09,3rse-fbp6,spin,43,223,251,159,
2020-09,3rse-fbp6,spin,44,391,390,316,
2020-09,3rse-fbp6,spin,45,102,90,61,
2020-09,3rse-fbp6,spin,46,427,394,342,
2020-09,3rse-fbp6,spin,47,16,14,8,
2020-09,3rse-fbp6,spin,48,183,182,143,
2020-09,3rse-fbp6,spin,49,647,619,531,
2020-09,3rse-fbp6,spin,50,69,81,55,
2020-09,3rse-fbp6,spin,51,174,187,153,
2020-09,3rse-fbp6,spin,52,399,392,377,
2020-09,3rse-fbp6,spin,53,368,352,317,
2020-09,3rse-fbp6,spin,54,19,31,18,
2020-09,3rse-fbp6,spin,55,9,20,6,
2020-09,3rse-fbp6,spin,56,116,128,102,
2020-09,3rse-fbp6,spin,57,328,320,268,
2020-09,3rse-fbp6,spin,58,606,576,517,
2020-09,3rse-fbp6,spin,59,138,147,112,
2020-09,3rse-fbp6,spin,60,72,76,43,
2020-09,3rse-fbp6,spin,61,391,414,344,
2020-09,3rse-fbp6,spin,62,325,339,245,
2020-09,3rse-fbp6,spin,63,670,659,540,
2020-09,3rse-fbp6,spin,64,14,14,9,
2020-09,3rse-fbp6,spin,65,318,303,267,
2020-09,3rse-fbp6,spin,66,470,479,382,
2020-09,3rse-fbp6,spin,67,472,489,403,
2020-09,3rse-fbp6,spin,68,491,455,396,
2020-09,3rse-fbp6,spin,69,227,243,176,
2020-09,3rse-fbp6,spin,70,42,72,38,
2020-09,3rse-fbp6,spin,71,723,668,599,
2020-09,3rse-fbp6,spin,72,24,32,11,
2020-09,3rse-fbp6,spin,73,183,190,148,
2020-09,3rse-fbp6,spin,74,0,1,0,
2020-09,3rse-fbp6,spin,75,57,53,36,
2020-09,3rse-fbp6,spin,77,2098,2155,1551,
2020-10,3rse-fbp6,bird,,3,14,0,
2020-10,3rse-fbp6,bird,1,203,219,142,
2020-10,3rse-fbp6,bird,2,46,86,27,
2020-10,3rse-fbp6,bird,3,1416,1312,777,
2020-10,3rse-fbp6,bird,4,228,288,100,
2020-10,3rse-fbp6,bird,5,366,368,160,
2020-10,3rse-fbp6,bird,6,3241,3652,2138,
2020-10,3rse-fbp6,bird,7,6766,6289,4710,
2020-10,3rse-fbp6,bird,8,2458,2382,1362,
2020-10,3rse-fbp6,bird,9,10,8,6,
2020-10,3rse-fbp6,bird,10,20,23,16,
2020-10,3rse-fbp6,bird,11,30,32,11,
2020-10,3rse-fbp6,bird,12,4,6,0,
2020-10,3rse-fbp6,bird,13,10,16,9,
2020-10,3rse-fbp6,bird,14,31,34,11,
2020-10,3rse-fbp6,bird,15,1051,956,736,
2020-10,3rse-fbp6,bird,16,410,413,210,
2020-10,3rse-fbp6,bird,17,148,215,102,
2020-10,3rse-fbp6,bird,18,74,69,35,
2020-10,3rse-fbp6,bird,19,652,652,452,
2020-10,3rse-fbp6,bird,20,260,262,102,
2020-10,3rse-fbp6,bird,21,437,523,198,
2020-10,3rse-fbp6,bird,22,2745,2676,1672,
2020-10,3rse-fbp6,bird,23,440,520,232,
2020-10,3rse-fbp6,bird,24,4717,4727,3447,
2020-10,3rse-fbp6,bird,25,331,358,246,
2020-10,3rse-fbp6,bird,26,95,111,64,
2020-10,3rse-fbp6,bird,27,280,270,168,
2020-10,3rse-fbp6,bird,28,2400,2491,1911,
2020-10,3rse-fbp6,bird,29,520,472,403,
2020-10,3rse-fbp6,bird,30,298,287,224,
2020-10,3rse-fbp6,bird,31,403,377,274,
2020-10,3rse-fbp6,bird,32,8,6,0,
2020-10,3rse-fbp6,bird,33,114,139,81,
2020-10,3rse-fbp6,bird,34,94,85,54,
2020-10,3rse-fbp6,bird,35,137,112,79,
2020-10,3rse-fbp6,bird,36,20,30,7,
2020-10,3rse-fbp6,bird,37,52,49,13,
2020-10,3rse-fbp6,bird,38,296,319,186,
2020-10,3rse-fbp6,bird,39,248,311,96,
2020-10,3rse-fbp6,bird,40,163,164,83,
2020-10,3rse-fbp6,bird,41,1938,1839,1580,
2020-10,3rse-fbp6,bird,42,338,357,191,
2020-10,3rse-fbp6,bird,43,200,199,140,
2020-10,3rse-fbp6,bird,44,542,532,408,
2020-10,3rse-fbp6,bird,45,44,40,19,
2020-10,3rse-fbp6,bird,46,71,89,48,
2020-10,3rse-fbp6,bird,47,26,39,12,
2020-10,3rse-fbp6,bird,48,74,62,41,
2020-10,3rse-fbp6,bird,49,313,294,210,
2020-10,3rse-fbp6,bird,50,131,129,92,
2020-10,3rse-fbp6,bird,51,31,36,15,
2020-10,3rse-fbp6,bird,52,0,3,0,
2020-10,3rse-fbp6,bird,53,33,37,23,
2020-10,3rse-fbp6,bird,55,142,139,139,
2020-10,3rse-fbp6,bird,56,28,30,10,
2020-10,3rse-fbp6,bird,57,48,58,26,
2020-10,3rse-fbp6,bird,58,71,98,32,
2020-10,3rse-fbp6,bird,59,281,276,240,
2020-10,3rse-fbp6,bird,60,115,107,75,
2020-10,3rse-fbp6,bird,61,89,100,53,
2020-10,3rse-fbp6,bird,62,106,105,51,
2020-10,3rse-fbp6,bird,63,173,163,100,
2020-10,3rse-fbp6,bird,64,10,10,2,
2020-10,3rse-fbp6,bird,65,315,286,220,
2020-10,3rse-fbp6,bird,66,325,334,236,
2020-10,3rse-fbp6,bird,67,96,121,78,
2020-10,3rse-fbp6,bird,68,85,75,45,
2020-10,3rse-fbp6,bird,69,290,274,191,
2020-10,3rse-fbp6,bird,70,213,226,197,
2020-10,3rse-fbp6,bird,71,233,236,181,
2020-10,3rse-fbp6,bird,72,229,233,170,
2020-10,3rse-fbp6,bird,73,77,84,42,
2020-10,3rse-fbp6,bird,74,477,469,462,
2020-10,3rse-fbp6,bird,75,127,123,80,
2020-10,3rse-fbp6,bird,77,816,786,485,
2020-10,3rse-fbp6,lime,,64,62,0,
2020-10,3rse-fbp6,lime,1,1000,976,745,
2020-10,3rse-fbp6,lime,2,264,336,185,
2020-10,3rse-fbp6,lime,3,1946,2042,989,
2020-10,3rse-fbp6,lime,4,463,538,208,
2020-10,3rse-fbp6,lime,5,787,915,351,
2020-10,3rse-fbp6,lime,6,13017,12337,9261,
2020-10,3rse-fbp6,lime,7,9698,9837,6465,
2020-10,3rse-fbp6,lime,8,3371,3423,1943,
2020-10,3rse-fbp6,lime,9,1,2,0,
2020-10,3rse-fbp6,lime,10,95,108,77,
2020-10,3rse-fbp6,lime,11,37,50,20,
2020-10,3rse-fbp6,lime,12,11,17,9,
2020-10,3rse-fbp6,lime,13,47,62,22,
2020-10,3rse-fbp6,lime,14,207,225,89,
2020-10,3rse-fbp6,lime,15,742,723,468,
2020-10,3rse-fbp6,lime,16,534,500,232,
2020-10,3rse-fbp6,lime,17,292,313,167,
2020-10,3rse-fbp6,lime,18,339,340,214,
2020-10,3rse-fbp6,lime,19,1392,1340,974,
2020-10,3rse-fbp6,lime,20,370,370,171,
2020-10,3rse-fbp6,lime,21,502,586,211,
2020-10,3rse-fbp6,lime,22,2625,2901,1454,
2020-10,3rse-fbp6,lime,23,1004,1027,603,
2020-10,3rse-fbp6,lime,24,7149,7002,5118,
2020-10,3rse-fbp6,lime,25,957,961,733,
2020-10,3rse-fbp6,lime,26,235,212,132,
2020-10,3rse-fbp6,lime,27,397,370,194,
2020-10,3rse-fbp6,lime,28,3523,3536,2584,
2020-10,3rse-fbp6,lime,29,332,360,232,
2020-10,3rse-fbp6,lime,30,795,794,612,
2020-10,3rse-fbp6,lime,31,716,682,431,
2020-10,3rse-fbp6,lime,32,30,27,7,
2020-10,3rse-fbp6,lime,33,818,851,625,
2020-10,3rse-fbp6,lime,34,607,560,394,
2020-10,3rse-fbp6,lime,35,488,474,333,
2020-10,3rse-fbp6,lime,36,82,100,43,
2020-10,3rse-fbp6,lime,37,48,63,8,
2020-10,3rse-fbp6,lime,38,317,354,175,
2020-10,3rse-fbp6,lime,39,465,490,197,
2020-10,3rse-fbp6,lime,40,522,484,311,
2020-10,3rse-fbp6,lime,41,2661,2562,2144,
2020-10,3rse-fbp6,lime,42,326,375,159,
2020-10,3rse-fbp6,lime,43,657,653,469,
2020-10,3rse-fbp6,lime,44,924,863,593,
2020-10,3rse-fbp6,lime,45,318,303,181,
2020-10,3rse-fbp6,lime,46,435,479,330,
2020-10,3rse-fbp6,lime,47,7,19,4,
2020-10,3rse-fbp6,lime,48,292,272,184,
2020-10,3rse-fbp6,lime,49,772,731,577,
2020-10,3rse-fbp6,lime,50,110,129,81,
2020-10,3rse-fbp6,lime,51,216,225,157,
2020-10,3rse-fbp6,lime,52,56,55,48,
2020-10,3rse-fbp6,lime,53,335,342,267,
2020-10,3rse-fbp6,lime,54,27,34,25,
2020-10,3rse-fbp6,lime,55,6,6,4,
2020-10,3rse-fbp6,lime,56,106,137,58,
2020-10,3rse-fbp6,lime,57,386,362,216,
2020-10,3rse-fbp6,lime,58,799,803,545,
2020-10,3rse-fbp6,lime,59,424,394,292,
2020-10,3rse-fbp6,lime,60,259,306,163,
2020-10,3rse-fbp6,lime,61,770,765,585,
2020-10,3rse-fbp6,lime,62,512,482,279,
2020-10,3rse-fbp6,lime,63,871,866,570,
2020-10,3rse-fbp6,lime,64,50,62,32,
2020-10,3rse-fbp6,lime,65,390,397,254,
2020-10,3rse-fbp6,lime,66,1102,1097,833,
2020-10,3rse-fbp6,lime,67,555,545,406,
2020-10,3rse-fbp6,lime,68,584,603,417,
2020-10,3rse-fbp6,lime,69,458,477,249,
2020-10,3rse-fbp6,lime,70,203,213,144,
2020-10,3rse-fbp6,lime,71,897,862,631,
2020-10,3rse-fbp6,lime,72,125,155,86,
2020-10,3rse-fbp6,lime,73,604,575,415,
2020-10,3rse-fbp6,lime,74,0,2,0,
2020-10,3rse-fbp6,lime,75,133,162,79,
2020-10,3rse-fbp6,lime,76,1,1,0,
2020-10,3rse-fbp6,lime,77,976,972,529,
2020-10,3rse-fbp6,spin,,1,13,0,
2020-10,3rse-fbp6,spin,1,1007,982,864,
2020-10,3rse-fbp6,spin,2,230,252,178,
2020-10,3rse-fbp6,spin,3,3468,3304,2627,
2020-10,3rse-fbp6,spin,4,1585,1534,1212,
2020-10,3rse-fbp6,spin,5,1299,1264,936,
2020-10,3rse-fbp6,spin,6,10933,10782,9475,
2020-10,3rse-fbp6,spin,7,4084,4172,3186,
2020-10,3rse-fbp6,spin,8,1701,1760,1360,
2020-10,3rse-fbp6,spin,10,3,3,3,
2020-10,3rse-fbp6,spin,11,22,29,17,
2020-10,3rse-fbp6,spin,12,4,6,1,
2020-10,3rse-fbp6,spin,13,143,153,120,
2020-10,3rse-fbp6,spin,14,304,308,236,
2020-10,3rse-fbp6,spin,15,136,140,106,
2020-10,3rse-fbp6,spin,16,216,235,171,
2020-10,3rse-fbp6,spin,17,61,64,55,
2020-10,3rse-fbp6,spin,18,70,82,55,
2020-10,3rse-fbp6,spin,19,337,316,276,
2020-10,3rse-fbp6,spin,20,91,81,59,
2020-10,3rse-fbp6,spin,21,216,239,154,
2020-10,3rse-fbp6,spin,22,938,957,737,
2020-10,3rse-fbp6,spin,23,202,200,167,
2020-10,3rse-fbp6,spin,24,1817,1865,1531,
2020-10,3rse-fbp6,spin,25,170,170,152,
2020-10,3rse-fbp6,spin,26,70,70,60,
2020-10,3rse-fbp6,spin,27,87,83,70,
2020-10,3rse-fbp6,spin,28,1318,1343,1164,
2020-10,3rse-fbp6,spin,29,139,138,119,
2020-10,3rse-fbp6,spin,30,127,135,116,
2020-10,3rse-fbp6,spin,31,152,151,117,
2020-10,3rse-fbp6,spin,32,1,4,1,
2020-10,3rse-fbp6,spin,33,153,161,141,
2020-10,3rse-fbp6,spin,34,51,37,33,
2020-10,3rse-fbp6,spin,35,4,8,4,
2020-10,3rse-fbp6,spin,36,2,3,2,
2020-10,3rse-fbp6,spin,37,18,16,7,
2020-10,3rse-fbp6,spin,38,21,17,12,
2020-10,3rse-fbp6,spin,39,38,42,29,
2020-10,3rse-fbp6,spin,40,147,146,129,
2020-10,3rse-fbp6,spin,41,200,198,181,
2020-10,3rse-fbp6,spin,42,30,38,25,
2020-10,3rse-fbp6,spin,43,72,85,64,
2020-10,3rse-fbp6,spin,44,216,216,183,
2020-10,3rse-fbp6,spin,45,50,51,37,
2020-10,3rse-fbp6,spin,46,108,97,86,
2020-10,3rse-fbp6,spin,47,13,15,11,
2020-10,3rse-fbp6,spin,48,51,56,40,
2020-10,3rse-fbp6,spin,49,202,211,185,
2020-10,3rse-fbp6,spin,50,38,33,30,
2020-10,3rse-fbp6,spin,51,92,91,87,
2020-10,3rse-fbp6,spin,52,126,127,123,
2020-10,3rse-fbp6,spin,53,97,90,84,
2020-10,3rse-fbp6,spin,54,2,3,1,
2020-10,3rse-fbp6,spin,55,1,1,0,
2020-10,3rse-fbp6,spin,56,60,60,52,
2020-10,3rse-fbp6,spin,57,174,150,137,
2020-10,3rse-fbp6,spin,58,271,276,243,
2020-10,3rse-fbp6,spin,59,125,113,102,
2020-10,3rse-fbp6,spin,60,8,12,7,
2020-10,3rse-fbp6,spin,61,174,190,156,
2020-10,3rse-fbp6,spin,62,78,89,64,
2020-10,3rse-fbp6,spin,63,379,347,323,
2020-10,3rse-fbp6,spin,64,6,9,5,
2020-10,3rse-fbp6,spin,65,17,24,15,
2020-10,3rse-fbp6,spin,66,122,130,104,
2020-10,3rse-fbp6,spin,67,192,198,154,
2020-10,3rse-fbp6,spin,68,151,147,115,
2020-10,3rse-fbp6,spin,69,86,79,62,
2020-10,3rse-fbp6,spin,70,6,11,5,
2020-10,3rse-fbp6,spin,71,160,153,130,
2020-10,3rse-fbp6,spin,72,2,3,0,
2020-10,3rse-fbp6,spin,73,53,48,36,
2020-10,3rse-fbp6,spin,75,17,17,15,
2020-10,3rse-fbp6,spin,77,1544,1656,1247,
2020-11,3rse-fbp6,bird,,0,14,0,
2020-11,3rse-fbp6,bird,1,92,84,64,
2020-11,3rse-fbp6,bird,2,23,37,11,
2020-11,3rse-fbp6,bird,3,900,776,510,
2020-11,3rse-fbp6,bird,4,141,178,65,
2020-11,3rse-fbp6,bird,5,204,216,92,
2020-11,3rse-fbp6,bird,6,1624,1824,1125,
2020-11,3rse-fbp6,bird,7,3117,2887,2202,
2020-11,3rse-fbp6,bird,8,1007,1010,526,
2020-11,3rse-fbp6,bird,10,2,3,0,
2020-11,3rse-fbp6,bird,11,17,25,10,
2020-11,3rse-fbp6,bird,13,4,9,1,
2020-11,3rse-fbp6,bird,14,25,51,9,
2020-11,3rse-fbp6,bird,15,721,661,530,
2020-11,3rse-fbp6,bird,16,240,224,107,
2020-11,3rse-fbp6,bird,17,46,81,24,
2020-11,3rse-fbp6,bird,18,39,45,25,
2020-11,3rse-fbp6,bird,19,491,467,342,
2020-11,3rse-fbp6,bird,20,153,151,64,
2020-11,3rse-fbp6,bird,21,230,273,95,
2020-11,3rse-fbp6,bird,22,1137,1127,669,
2020-11,3rse-fbp6,bird,23,278,312,153,
2020-11,3rse-fbp6,bird,24,1918,1974,1356,
2020-11,3rse-fbp6,bird,25,325,342,284,
2020-11,3rse-fbp6,bird,26,20,33,12,
2020-11,3rse-fbp6,bird,27,83,72,44,
2020-11,3rse-fbp6,bird,28,1474,1412,1190,
2020-11,3rse-fbp6,bird,29,239,214,173,
2020-11,3rse-fbp6,bird,30,185,183,144,
2020-11,3rse-fbp6,bird,31,44,72,30,
2020-11,3rse-fbp6,bird,32,4,6,0,
2020-11,3rse-fbp6,bird,33,58,61,45,
2020-11,3rse-fbp6,bird,34,25,28,12,
2020-11,3rse-fbp6,bird,35,85,75,57,
2020-11,3rse-fbp6,bird,36,12,19,5,
2020-11,3rse-fbp6,bird,37,16,14,3,
2020-11,3rse-fbp6,bird,38,116,118,47,
2020-11,3rse-fbp6,bird,39,193,232,87,
2020-11,3rse-fbp6,bird,40,90,97,51,
2020-11,3rse-fbp6,bird,41,1313,1247,1087,
2020-11,3rse-fbp6,bird,42,187,201,93,
2020-11,3rse-fbp6,bird,43,175,171,119,
2020-11,3rse-fbp6,bird,44,284,256,186,
2020-11,3rse-fbp6,bird,45,15,13,4,
2020-11,3rse-fbp6,bird,46,96,113,66,
2020-11,3rse-fbp6,bird,47,7,10,1,
2020-11,3rse-fbp6,bird,48,52,41,29,
2020-11,3rse-fbp6,bird,49,232,220,156,
2020-11,3rse-fbp6,bird,50,92,97,65,
2020-11,3rse-fbp6,bird,51,4,6,2,
2020-11,3rse-fbp6,bird,52,0,1,0,
2020-11,3rse-fbp6,bird,53,37,38,21,
2020-11,3rse-fbp6,bird,55,120,120,120,
2020-11,3rse-fbp6,bird,56,21,30,6,
2020-11,3rse-fbp6,bird,57,49,62,32,
2020-11,3rse-fbp6,bird,58,62,78,34,
2020-11,3rse-fbp6,bird,59,160,162,127,
2020-11,3rse-fbp6,bird,60,14,15,5,
2020-11,3rse-fbp6,bird,61,220,192,159,
2020-11,3rse-fbp6,bird,62,69,69,32,
2020-11,3rse-fbp6,bird,63,108,100,59,
2020-11,3rse-fbp6,bird,64,12,18,6,
2020-11,3rse-fbp6,bird,65,133,103,62,
2020-11,3rse-fbp6,bird,66,210,209,152,
2020-11,3rse-fbp6,bird,67,68,78,46,
2020-11,3rse-fbp6,bird,68,38,47,8,
2020-11,3rse-fbp6,bird,69,170,170,94,
2020-11,3rse-fbp6,bird,70,44,51,38,
2020-11,3rse-fbp6,bird,71,153,161,109,
2020-11,3rse-fbp6,bird,72,80,81,65,
2020-11,3rse-fbp6,bird,73,39,49,19,
2020-11,3rse-fbp6,bird,74,151,149,146,
2020-11,3rse-fbp6,bird,75,29,27,11,
2020-11,3rse-fbp6,bird,77,382,412,253,
2020-11,3rse-fbp6,lime,,42,28,0,
2020-11,3rse-fbp6,lime,1,407,395,274,
2020-11,3rse-fbp6,lime,2,68,94,33,
2020-11,3rse-fbp6,lime,3,1421,1463,778,
2020-11,3rse-fbp6,lime,4,253,293,110,
2020-11,3rse-fbp6,lime,5,546,642,258,
2020-11,3rse-fbp6,lime,6,7530,7348,5364,
2020-11,3rse-fbp6,lime,7,5986,5915,3872,
2020-11,3rse-fbp6,lime,8,2323,2318,1409,
2020-11,3rse-fbp6,lime,9,0,1,0,
2020-11,3rse-fbp6,lime,10,8,13,1,
2020-11,3rse-fbp6,lime,11,18,21,6,
2020-11,3rse-fbp6,lime,12,6,12,4,
2020-11,3rse-fbp6,lime,13,33,52,17,
2020-11,3rse-fbp6,lime,14,100,121,53,
2020-11,3rse-fbp6,lime,15,404,415,242,
2020-11,3rse-fbp6,lime,16,325,333,140,
2020-11,3rse-fbp6,lime,17,233,244,156,
2020-11,3rse-fbp6,lime,18,235,219,152,
2020-11,3rse-fbp6,lime,19,895,872,602,
2020-11,3rse-fbp6,lime,20,241,259,110,
2020-11,3rse-fbp6,lime,21,356,372,155,
2020-11,3rse-fbp6,lime,22,1985,2041,1088,
2020-11,3rse-fbp6,lime,23,700,707,408,
2020-11,3rse-fbp6,lime,24,5017,4976,3651,
2020-11,3rse-fbp6,lime,25,622,649,465,
2020-11,3rse-fbp6,lime,26,147,157,99,
2020-11,3rse-fbp6,lime,27,234,221,103,
2020-11,3rse-fbp6,lime,28,1934,1894,1380,
2020-11,3rse-fbp6,lime,29,224,230,144,
2020-11,3rse-fbp6,lime,30,538,526,405,
2020-11,3rse-fbp6,lime,31,432,440,288,
2020-11,3rse-fbp6,lime,32,12,18,3,
2020-11,3rse-fbp6,lime,33,552,510,453,
2020-11,3rse-fbp6,lime,34,214,219,141,
2020-11,3rse-fbp6,lime,35,140,149,101,
2020-11,3rse-fbp6,lime,36,26,29,10,
2020-11,3rse-fbp6,lime,37,40,40,6,
2020-11,3rse-fbp6,lime,38,139,162,80,
2020-11,3rse-fbp6,lime,39,212,236,92,
2020-11,3rse-fbp6,lime,40,279,235,148,
2020-11,3rse-fbp6,lime,41,1305,1282,1086,
2020-11,3rse-fbp6,lime,42,210,215,111,
2020-11,3rse-fbp6,lime,43,482,474,371,
2020-11,3rse-fbp6,lime,44,574,532,383,
2020-11,3rse-fbp6,lime,45,212,211,153,
2020-11,3rse-fbp6,lime,46,204,227,140,
2020-11,3rse-fbp6,lime,47,4,7,1,
2020-11,3rse-fbp6,lime,48,139,124,79,
2020-11,3rse-fbp6,lime,49,365,354,250,
2020-11,3rse-fbp6,lime,50,56,57,43,
2020-11,3rse-fbp6,lime,51,112,109,71,
2020-11,3rse-fbp6,lime,52,25,28,18,
2020-11,3rse-fbp6,lime,53,158,167,122,
2020-11,3rse-fbp6,lime,54,69,72,65,
2020-11,3rse-fbp6,lime,56,80,98,56,
2020-11,3rse-fbp6,lime,57,292,284,173,
2020-11,3rse-fbp6,lime,58,486,475,314,
2020-11,3rse-fbp6,lime,59,274,276,178,
2020-11,3rse-fbp6,lime,60,76,101,44,
2020-11,3rse-fbp6,lime,61,392,399,294,
2020-11,3rse-fbp6,lime,62,369,347,211,
2020-11,3rse-fbp6,lime,63,577,567,368,
2020-11,3rse-fbp6,lime,64,16,15,3,
2020-11,3rse-fbp6,lime,65,179,197,123,
2020-11,3rse-fbp6,lime,66,601,616,450,
2020-11,3rse-fbp6,lime,67,304,287,210,
2020-11,3rse-fbp6,lime,68,346,380,244,
2020-11,3rse-fbp6,lime,69,312,316,176,
2020-11,3rse-fbp6,lime,70,105,115,79,
2020-11,3rse-fbp6,lime,71,518,486,348,
2020-11,3rse-fbp6,lime,72,60,72,44,
2020-11,3rse-fbp6,lime,73,249,269,158,
2020-11,3rse-fbp6,lime,74,2,4,1,
2020-11,3rse-fbp6,lime,75,59,61,32,
2020-11,3rse-fbp6,lime,76,2,3,0,
2020-11,3rse-fbp6,lime,77,622,617,339,
2020-11,3rse-fbp6,spin,,0,3,0,
2020-11,3rse-fbp6,spin,1,727,714,622,
2020-11,3rse-fbp6,spin,2,82,89,57,
2020-11,3rse-fbp6,spin,3,2130,2135,1657,
2020-11,3rse-fbp6,spin,4,945,918,680,
2020-11,3rse-fbp6,spin,5,775,789,560,
2020-11,3rse-fbp6,spin,6,6504,6357,5610,
2020-11,3rse-fbp6,spin,7,2127,2221,1640,
2020-11,3rse-fbp6,spin,8,865,847,673,
2020-11,3rse-fbp6,spin,9,1,1,0,
2020-11,3rse-fbp6,spin,10,5,5,0,
2020-11,3rse-fbp6,spin,11,6,12,6,
2020-11,3rse-fbp6,spin,12,5,10,2,
2020-11,3rse-fbp6,spin,13,114,122,95,
2020-11,3rse-fbp6,spin,14,232,233,176,
2020-11,3rse-fbp6,spin,15,48,49,41,
2020-11,3rse-fbp6,spin,16,98,109,70,
2020-11,3rse-fbp6,spin,17,23,22,21,
2020-11,3rse-fbp6,spin,18,23,21,17,
2020-11,3rse-fbp6,spin,19,189,196,168,
2020-11,3rse-fbp6,spin,20,78,67,60,
2020-11,3rse-fbp6,spin,21,77,77,46,
2020-11,3rse-fbp6,spin,22,376,373,283,
2020-11,3rse-fbp6,spin,23,141,148,111,
2020-11,3rse-fbp6,spin,24,913,956,776,
2020-11,3rse-fbp6,spin,25,111,114,105,
2020-11,3rse-fbp6,spin,26,26,22,16,
2020-11,3rse-fbp6,spin,27,15,18,11,
2020-11,3rse-fbp6,spin,28,689,682,606,
2020-11,3rse-fbp6,spin,29,78,76,67,
2020-11,3rse-fbp6,spin,30,108,100,95,
2020-11,3rse-fbp6,spin,31,41,49,38,
2020-11,3rse-fbp6,spin,32,0,2,0,
2020-11,3rse-fbp6,spin,33,29,33,27,
2020-11,3rse-fbp6,spin,34,10,9,5,
2020-11,3rse-fbp6,spin,35,3,3,2,
2020-11,3rse-fbp6,spin,37,3,2,2,
2020-11,3rse-fbp6,spin,38,4,6,3,
2020-11,3rse-fbp6,spin,39,1,3,0,
2020-11,3rse-fbp6,spin,40,47,33,33,
2020-11,3rse-fbp6,spin,41,12,22,10,
2020-11,3rse-fbp6,spin,42,5,7,3,
2020-11,3rse-fbp6,spin,43,48,49,40,
2020-11,3rse-fbp6,spin,44,51,46,35,
2020-11,3rse-fbp6,spin,45,20,23,16,
2020-11,3rse-fbp6,spin,46,48,42,39,
2020-11,3rse-fbp6,spin,47,1,4,0,
2020-11,3rse-fbp6,spin,48,42,37,35,
2020-11,3rse-fbp6,spin,49,81,83,73,
2020-11,3rse-fbp6,spin,50,15,15,15,
2020-11,3rse-fbp6,spin,51,3,4,2,
2020-11,3rse-fbp6,spin,52,0,4,0,
2020-11,3rse-fbp6,spin,53,60,59,53,
2020-11,3rse-fbp6,spin,56,26,24,19,
2020-11,3rse-fbp6,spin,57,124,117,104,
2020-11,3rse-fbp6,spin,58,145,144,126,
2020-11,3rse-fbp6,spin,59,56,59,52,
2020-11,3rse-fbp6,spin,60,18,18,15,
2020-11,3rse-fbp6,spin,61,52,54,45,
2020-11,3rse-fbp6,spin,62,50,53,35,
2020-11,3rse-fbp6,spin,63,172,163,142,
2020-11,3rse-fbp6,spin,64,5,9,4,
2020-11,3rse-fbp6,spin,65,24,28,17,
2020-11,3rse-fbp6,spin,66,64,64,52,
2020-11,3rse-fbp6,spin,67,74,70,64,
2020-11,3rse-fbp6,spin,68,42,51,39,
2020-11,3rse-fbp6,spin,69,46,46,34,
2020-11,3rse-fbp6,spin,70,2,6,2,
2020-11,3rse-fbp6,spin,71,71,65,59,
2020-11,3rse-fbp6,spin,73,36,37,32,
2020-11,3rse-fbp6,spin,75,8,7,4,
2020-11,3rse-fbp6,spin,77,1135,1149,870,
2020-12,3rse-fbp6,bird,1,0,1,0,
2020-12,3rse-fbp6,bird,2,2,2,0,
2020-12,3rse-fbp6,bird,3,180,154,115,
2020-12,3rse-fbp6,bird,4,10,20,2,
2020-12,3rse-fbp6,bird,5,19,17,8,
2020-12,3rse-fbp6,bird,6,288,311,194,
2020-12,3rse-fbp6,bird,7,565,531,386,
2020-12,3rse-fbp6,bird,8,219,197,98,
2020-12,3rse-fbp6,bird,11,4,7,0,
2020-12,3rse-fbp6,bird,13,1,1,0,
2020-12,3rse-fbp6,bird,14,2,6,1,
2020-12,3rse-fbp6,bird,15,190,170,143,
2020-12,3rse-fbp6,bird,16,43,37,18,
2020-12,3rse-fbp6,bird,17,11,12,3,
2020-12,3rse-fbp6,bird,18,3,5,1,
2020-12,3rse-fbp6,bird,19,110,110,82,
2020-12,3rse-fbp6,bird,20,42,43,24,
2020-12,3rse-fbp6,bird,21,59,65,40,
2020-12,3rse-fbp6,bird,22,198,203,129,
2020-12,3rse-fbp6,bird,23,77,79,40,
2020-12,3rse-fbp6,bird,24,186,237,125,
2020-12,3rse-fbp6,bird,25,69,66,50,
2020-12,3rse-fbp6,bird,26,10,9,2,
2020-12,3rse-fbp6,bird,27,23,24,16,
2020-12,3rse-fbp6,bird,28,329,313,281,
2020-12,3rse-fbp6,bird,29,51,60,46,
2020-12,3rse-fbp6,bird,30,44,37,28,
2020-12,3rse-fbp6,bird,31,11,13,4,
2020-12,3rse-fbp6,bird,32,0,3,0,
2020-12,3rse-fbp6,bird,33,0,1,0,
2020-12,3rse-fbp6,bird,34,1,1,0,
2020-12,3rse-fbp6,bird,35,2,2,1,
2020-12,3rse-fbp6,bird,36,6,7,4,
2020-12,3rse-fbp6,bird,38,18,14,3,
2020-12,3rse-fbp6,bird,39,13,18,8,
2020-12,3rse-fbp6,bird,40,8,7,3,
2020-12,3rse-fbp6,bird,41,93,85,76,
2020-12,3rse-fbp6,bird,42,20,23,15,
2020-12,3rse-fbp6,bird,43,22,27,19,
2020-12,3rse-fbp6,bird,44,50,49,37,
2020-12,3rse-fbp6,bird,45,7,5,1,
2020-12,3rse-fbp6,bird,46,9,10,7,
2020-12,3rse-fbp6,bird,47,0,1,0,
2020-12,3rse-fbp6,bird,48,31,29,25,
2020-12,3rse-fbp6,bird,49,53,43,35,
2020-12,3rse-fbp6,bird,50,10,17,7,
2020-12,3rse-fbp6,bird,51,2,1,0,
2020-12,3rse-fbp6,bird,52,1,1,0,
2020-12,3rse-fbp6,bird,53,15,14,11,
2020-12,3rse-fbp6,bird,55,5,5,5,
2020-12,3rse-fbp6,bird,56,5,8,4,
2020-12,3rse-fbp6,bird,57,5,11,2,
2020-12,3rse-fbp6,bird,58,3,3,2,
2020-12,3rse-fbp6,bird,59,8,10,6,
2020-12,3rse-fbp6,bird,60,0,1,0,
2020-12,3rse-fbp6,bird,61,25,25,22,
2020-12,3rse-fbp6,bird,62,9,11,3,
2020-12,3rse-fbp6,bird,63,21,22,12,
2020-12,3rse-fbp6,bird,64,4,6,2,
2020-12,3rse-fbp6,bird,65,48,34,22,
2020-12,3rse-fbp6,bird,66,51,45,36,
2020-12,3rse-fbp6,bird,67,5,5,4,
2020-12,3rse-fbp6,bird,68,6,8,2,
2020-12,3rse-fbp6,bird,69,22,16,10,
2020-12,3rse-fbp6,bird,70,0,4,0,
2020-12,3rse-fbp6,bird,71,17,21,10,
2020-12,3rse-fbp6,bird,72,14,14,12,
2020-12,3rse-fbp6,bird,73,5,9,2,
2020-12,3rse-fbp6,bird,74,9,8,8,
2020-12,3rse-fbp6,bird,75,0,2,0,
2020-12,3rse-fbp6,bird,76,0,1,0,
2020-12,3rse-fbp6,bird,77,42,54,27,
2020-12,3rse-fbp6,lime,,9,10,0,
2020-12,3rse-fbp6,lime,1,220,198,156,
2020-12,3rse-fbp6,lime,2,26,41,14,
2020-12,3rse-fbp6,lime,3,283,308,175,
2020-12,3rse-fbp6,lime,4,74,77,34,
2020-12,3rse-fbp6,lime,5,76,105,42,
2020-12,3rse-fbp6,lime,6,1503,1482,1121,
2020-12,3rse-fbp6,lime,7,1221,1218,855,
2020-12,3rse-fbp6,lime,8,466,478,337,
2020-12,3rse-fbp6,lime,11,4,5,3,
2020-12,3rse-fbp6,lime,13,7,9,5,
2020-12,3rse-fbp6,lime,14,19,16,6,
2020-12,3rse-fbp6,lime,15,42,46,22,
2020-12,3rse-fbp6,lime,16,71,69,42,
2020-12,3rse-fbp6,lime,17,38,40,21,
2020-12,3rse-fbp6,lime,18,60,62,40,
2020-12,3rse-fbp6,lime,19,177,175,127,
2020-12,3rse-fbp6,lime,20,42,33,13,
2020-12,3rse-fbp6,lime,21,73,86,39,
2020-12,3rse-fbp6,lime,22,488,493,293,
2020-12,3rse-fbp6,lime,23,123,144,84,
2020-12,3rse-fbp6,lime,24,1157,1121,871,
2020-12,3rse-fbp6,lime,25,170,167,119,
2020-12,3rse-fbp6,lime,26,29,23,9,
2020-12,3rse-fbp6,lime,27,74,68,36,
2020-12,3rse-fbp6,lime,28,541,536,414,
2020-12,3rse-fbp6,lime,29,32,34,19,
2020-12,3rse-fbp6,lime,30,118,122,87,
2020-12,3rse-fbp6,lime,31,99,97,54,
2020-12,3rse-fbp6,lime,32,0,3,0,
2020-12,3rse-fbp6,lime,33,87,73,61,
2020-12,3rse-fbp6,lime,34,62,64,45,
2020-12,3rse-fbp6,lime,35,26,24,15,
2020-12,3rse-fbp6,lime,36,7,10,4,
2020-12,3rse-fbp6,lime,37,10,10,1,
2020-12,3rse-fbp6,lime,38,51,53,28,
2020-12,3rse-fbp6,lime,39,40,38,8,
2020-12,3rse-fbp6,lime,40,45,43,18,
2020-12,3rse-fbp6,lime,41,258,259,221,
2020-12,3rse-fbp6,lime,42,33,36,21,
2020-12,3rse-fbp6,lime,43,71,75,54,
2020-12,3rse-fbp6,lime,44,121,127,81,
2020-12,3rse-fbp6,lime,45,41,39,23,
2020-12,3rse-fbp6,lime,46,108,105,87,
2020-12,3rse-fbp6,lime,47,5,3,2,
2020-12,3rse-fbp6,lime,48,25,27,13,
2020-12,3rse-fbp6,lime,49,73,61,45,
2020-12,3rse-fbp6,lime,50,2,3,2,
2020-12,3rse-fbp6,lime,51,22,18,9,
2020-12,3rse-fbp6,lime,52,2,3,1,
2020-12,3rse-fbp6,lime,53,50,56,37,
2020-12,3rse-fbp6,lime,56,7,8,5,
2020-12,3rse-fbp6,lime,57,40,42,20,
2020-12,3rse-fbp6,lime,58,123,132,87,
2020-12,3rse-fbp6,lime,59,60,55,38,
2020-12,3rse-fbp6,lime,60,27,29,13,
2020-12,3rse-fbp6,lime,61,106,107,85,
2020-12,3rse-fbp6,lime,62,92,84,56,
2020-12,3rse-fbp6,lime,63,150,141,104,
2020-12,3rse-fbp6,lime,64,5,5,3,
2020-12,3rse-fbp6,lime,65,19,21,8,
2020-12,3rse-fbp6,lime,66,70,78,51,
2020-12,3rse-fbp6,lime,67,44,38,25,
2020-12,3rse-fbp6,lime,68,71,73,42,
2020-12,3rse-fbp6,lime,69,72,69,33,
2020-12,3rse-fbp6,lime,70,10,10,10,
2020-12,3rse-fbp6,lime,71,127,111,78,
2020-12,3rse-fbp6,lime,72,3,3,2,
2020-12,3rse-fbp6,lime,73,29,37,15,
2020-12,3rse-fbp6,lime,75,6,12,2,
2020-12,3rse-fbp6,lime,77,187,181,102,
2020-12,3rse-fbp6,spin,1,30,36,20,
2020-12,3rse-fbp6,spin,2,6,8,1,
2020-12,3rse-fbp6,spin,3,612,605,457,
2020-12,3rse-fbp6,spin,4,134,137,87,
2020-12,3rse-fbp6,spin,5,181,177,134,
2020-12,3rse-fbp6,spin,6,1916,1848,1633,
2020-12,3rse-fbp6,spin,7,498,545,375,
2020-12,3rse-fbp6,spin,8,151,149,111,
2020-12,3rse-fbp6,spin,11,2,3,2,
2020-12,3rse-fbp6,spin,13,19,20,10,
2020-12,3rse-fbp6,spin,14,33,33,26,
2020-12,3rse-fbp6,spin,15,12,10,8,
2020-12,3rse-fbp6,spin,16,9,12,4,
2020-12,3rse-fbp6,spin,17,9,9,9,
2020-12,3rse-fbp6,spin,18,12,9,9,
2020-12,3rse-fbp6,spin,19,21,22,16,
2020-12,3rse-fbp6,spin,20,3,4,3,
2020-12,3rse-fbp6,spin,21,3,4,0,
2020-12,3rse-fbp6,spin,22,41,43,25,
2020-12,3rse-fbp6,spin,23,33,30,26,
2020-12,3rse-fbp6,spin,24,124,122,104,
2020-12,3rse-fbp6,spin,25,20,23,18,
2020-12,3rse-fbp6,spin,26,1,3,1,
2020-12,3rse-fbp6,spin,27,4,5,4,
2020-12,3rse-fbp6,spin,28,77,79,72,
2020-12,3rse-fbp6,spin,29,6,5,4,
2020-12,3rse-fbp6,spin,30,10,8,8,
2020-12,3rse-fbp6,spin,31,9,9,9,
2020-12,3rse-fbp6,spin,37,7,5,1,
2020-12,3rse-fbp6,spin,38,0,1,0,
2020-12,3rse-fbp6,spin,40,20,20,16,
2020-12,3rse-fbp6,spin,42,30,30,25,
2020-12,3rse-fbp6,spin,43,0,3,0,
2020-12,3rse-fbp6,spin,44,20,21,16,
2020-12,3rse-fbp6,spin,45,3,2,2,
2020-12,3rse-fbp6,spin,46,10,8,8,
2020-12,3rse-fbp6,spin,48,2,2,2,
2020-12,3rse-fbp6,spin,49,11,9,9,
2020-12,3rse-fbp6,spin,50,1,1,1,
2020-12,3rse-fbp6,spin,53,6,6,6,
2020-12,3rse-fbp6,spin,56,10,10,10,
2020-12,3rse-fbp6,spin,57,12,13,12,
2020-12,3rse-fbp6,spin,58,19,16,16,
2020-12,3rse-fbp6,spin,59,22,24,21,
2020-12,3rse-fbp6,spin,61,10,7,6,
2020-12,3rse-fbp6,spin,62,7,5,5,
2020-12,3rse-fbp6,spin,63,26,26,24,
2020-12,3rse-fbp6,spin,65,1,2,1,
2020-12,3rse-fbp6,spin,66,7,8,6,
2020-12,3rse-fbp6,spin,67,16,17,15,
2020-12,3rse-fbp6,spin,68,10,16,7,
2020-12,3rse-fbp6,spin,69,14,16,9,
2020-12,3rse-fbp6,spin,70,2,2,2,
2020-12,3rse-fbp6,spin,71,25,20,15,
2020-12,3rse-fbp6,spin,73,1,2,1,
2020-12,3rse-fbp6,spin,75,1,1,1,
2020-12,3rse-fbp6,spin,77,149,167,97,
2022-05,2i5w-ykuw,Link,,0,1,0,
2022-05,2i5w-ykuw,Link,8,2,1,1,
2022-05,2i5w-ykuw,Link,24,1,1,1,
2022-05,2i5w-ykuw,Link,57,7,7,7,
2022-05,2i5w-ykuw,Lyft,,1,4,0,
2022-05,2i5w-ykuw,Lyft,7,3781,4255,2461,
2022-05,2i5w-ykuw,Lyft,8,12677,12489,8011,
2022-05,2i5w-ykuw,Lyft,16,0,1,0,
2022-05,2i5w-ykuw,Lyft,22,470,538,182,
2022-05,2i5w-ykuw,Lyft,24,2910,3306,1591,
2022-05,2i5w-ykuw,Lyft,26,0,2,0,
2022-05,2i5w-ykuw,Lyft,28,7394,6950,4358,
2022-05,2i5w-ykuw,Lyft,31,532,562,227,
2022-05,2i5w-ykuw,Lyft,32,11327,10908,7292,
2022-05,2i5w-ykuw,Lyft,33,1562,1574,732,
2022-05,2i5w-ykuw,Lyft,34,316,317,112,
2022-05,2i5w-ykuw,Lyft,35,417,453,322,
2022-05,2i5w-ykuw,Lyft,36,13,10,4,
2022-05,2i5w-ykuw,Lyft,37,0,3,0,
2022-05,2i5w-ykuw,Lyft,38,2,15,0,
2022-05,2i5w-ykuw,Lyft,43,0,1,0,
2022-05,2i5w-ykuw,Lyft,44,0,3,0,
2022-05,2i5w-ykuw,Lyft,59,34,48,15,
2022-05,2i5w-ykuw,Lyft,60,211,206,99,
2022-05,2i5w-ykuw,Lyft,61,1,3,0,
2022-06,2i5w-ykuw,Lime,,36,73,0,
2022-06,2i5w-ykuw,Lime,1,210,231,151,
2022-06,2i5w-ykuw,Lime,2,136,153,81,
2022-06,2i5w-ykuw,Lime,3,780,779,390,
2022-06,2i5w-ykuw,Lime,4,340,352,152,
2022-06,2i5w-ykuw,Lime,5,508,519,211,
2022-06,2i5w-ykuw,Lime,6,2459,2437,1407,
2022-06,2i5w-ykuw,Lime,7,2769,2740,1919,
2022-06,2i5w-ykuw,Lime,8,123,155,31,
2022-06,2i5w-ykuw,Lime,10,4,7,3,
2022-06,2i5w-ykuw,Lime,11,11,16,5,
2022-06,2i5w-ykuw,Lime,12,0,1,0,
2022-06,2i5w-ykuw,Lime,13,43,52,22,
2022-06,2i5w-ykuw,Lime,14,218,237,119,
2022-06,2i5w-ykuw,Lime,15,201,207,107,
2022-06,2i5w-ykuw,Lime,16,287,287,143,
2022-06,2i5w-ykuw,Lime,17,194,195,136,
2022-06,2i5w-ykuw,Lime,18,90,87,49,
2022-06,2i5w-ykuw,Lime,19,743,761,534,
2022-06,2i5w-ykuw,Lime,20,174,183,66,
2022-06,2i5w-ykuw,Lime,21,310,329,121,
2022-06,2i5w-ykuw,Lime,22,1646,1620,865,
2022-06,2i5w-ykuw,Lime,23,1056,1039,684,
2022-06,2i5w-ykuw,Lime,24,3953,3760,2946,
2022-06,2i5w-ykuw,Lime,25,891,908,723,
2022-06,2i5w-ykuw,Lime,26,356,377,260,
2022-06,2i5w-ykuw,Lime,27,450,439,243,
2022-06,2i5w-ykuw,Lime,28,1080,1076,757,
2022-06,2i5w-ykuw,Lime,29,976,1008,716,
2022-06,2i5w-ykuw,Lime,30,652,631,457,
2022-06,2i5w-ykuw,Lime,31,312,325,184,
2022-06,2i5w-ykuw,Lime,32,13,27,10,
2022-06,2i5w-ykuw,Lime,33,65,75,30,
2022-06,2i5w-ykuw,Lime,34,39,44,16,
2022-06,2i5w-ykuw,Lime,35,185,186,97,
2022-06,2i5w-ykuw,Lime,36,76,73,38,
2022-06,2i5w-ykuw,Lime,37,61,61,20,
2022-06,2i5w-ykuw,Lime,38,275,266,154,
2022-06,2i5w-ykuw,Lime,39,299,294,163,
2022-06,2i5w-ykuw,Lime,40,242,226,131,
2022-06,2i5w-ykuw,Lime,41,483,482,320,
2022-06,2i5w-ykuw,Lime,42,231,231,140,
2022-06,2i5w-ykuw,Lime,43,258,269,166,
2022-06,2i5w-ykuw,Lime,44,346,362,207,
2022-06,2i5w-ykuw,Lime,45,86,76,42,
2022-06,2i5w-ykuw,Lime,46,147,150,104,
2022-06,2i5w-ykuw,Lime,47,28,29,18,
2022-06,2i5w-ykuw,Lime,48,76,74,45,
2022-06,2i5w-ykuw,Lime,49,403,370,253,
2022-06,2i5w-ykuw,Lime,50,51,56,21,
2022-06,2i5w-ykuw,Lime,51,79,79,63,
2022-06,2i5w-ykuw,Lime,52,599,605,520,
2022-06,2i5w-ykuw,Lime,53,385,415,304,
2022-06,2i5w-ykuw,Lime,54,19,24,19,
2022-06,2i5w-ykuw,Lime,55,203,203,129,
2022-06,2i5w-ykuw,Lime,56,78,87,39,
2022-06,2i5w-ykuw,Lime,57,251,248,162,
2022-06,2i5w-ykuw,Lime,58,486,495,325,
2022-06,2i5w-ykuw,Lime,59,233,222,137,
2022-06,2i5w-ykuw,Lime,60,164,157,100,
2022-06,2i5w-ykuw,Lime,61,1275,1300,1092,
2022-06,2i5w-ykuw,Lime,62,401,385,218,
2022-06,2i5w-ykuw,Lime,63,770,743,521,
2022-06,2i5w-ykuw,Lime,64,46,53,18,
2022-06,2i5w-ykuw,Lime,65,829,815,558,
2022-06,2i5w-ykuw,Lime,66,1399,1413,1073,
2022-06,2i5w-ykuw,Lime,67,466,475,302,
2022-06,2i5w-ykuw,Lime,68,311,314,175,
2022-06,2i5w-ykuw,Lime,69,315,303,178,
2022-06,2i5w-ykuw,Lime,70,545,539,465,
2022-06,2i5w-ykuw,Lime,71,637,640,480,
2022-06,2i5w-ykuw,Lime,72,63,68,41,
2022-06,2i5w-ykuw,Lime,73,233,211,146,
2022-06,2i5w-ykuw,Lime,74,16,21,8,
2022-06,2i5w-ykuw,Lime,75,245,246,189,
2022-06,2i5w-ykuw,Lime,77,417,441,221,
2022-06,2i5w-ykuw,Link,,2,5,0,
2022-06,2i5w-ykuw,Link,3,17,20,8,
2022-06,2i5w-ykuw,Link,4,5,2,0,
2022-06,2i5w-ykuw,Link,5,20,19,5,
2022-06,2i5w-ykuw,Link,6,106,108,69,
2022-06,2i5w-ykuw,Link,7,137,124,95,
2022-06,2i5w-ykuw,Link,8,3,5,1,
2022-06,2i5w-ykuw,Link,10,0,1,0,
2022-06,2i5w-ykuw,Link,12,0,1,0,
2022-06,2i5w-ykuw,Link,14,0,2,0,
2022-06,2i5w-ykuw,Link,15,11,13,6,
2022-06,2i5w-ykuw,Link,16,4,3,0,
2022-06,2i5w-ykuw,Link,17,13,19,10,
2022-06,2i5w-ykuw,Link,18,9,14,2,
2022-06,2i5w-ykuw,Link,19,160,144,127,
2022-06,2i5w-ykuw,Link,20,26,23,9,
2022-06,2i5w-ykuw,Link,21,28,35,23,
2022-06,2i5w-ykuw,Link,22,105,100,64,
2022-06,2i5w-ykuw,Link,23,48,49,36,
2022-06,2i5w-ykuw,Link,24,52,50,29,
2022-06,2i5w-ykuw,Link,25,86,90,77,
2022-06,2i5w-ykuw,Link,26,33,33,27,
2022-06,2i5w-ykuw,Link,27,19,21,15,
2022-06,2i5w-ykuw,Link,28,10,14,8,
2022-06,2i5w-ykuw,Link,29,15,15,7,
2022-06,2i5w-ykuw,Link,30,135,130,116,
2022-06,2i5w-ykuw,Link,31,28,25,22,
2022-06,2i5w-ykuw,Link,32,3,3,3,
2022-06,2i5w-ykuw,Link,34,1,1,1,
2022-06,2i5w-ykuw,Link,35,8,11,7,
2022-06,2i5w-ykuw,Link,36,0,1,0,
2022-06,2i5w-ykuw,Link,37,3,3,2,
2022-06,2i5w-ykuw,Link,38,0,2,0,
2022-06,2i5w-ykuw,Link,39,0,1,0,
2022-06,2i5w-ykuw,Link,40,0,1,0,
2022-06,2i5w-ykuw,Link,41,5,7,2,
2022-06,2i5w-ykuw,Link,42,5,4,2,
2022-06,2i5w-ykuw,Link,43,13,14,11,
2022-06,2i5w-ykuw,Link,44,50,44,32,
2022-06,2i5w-ykuw,Link,45,3,3,1,
2022-06,2i5w-ykuw,Link,46,14,14,9,
2022-06,2i5w-ykuw,Link,47,3,6,1,
2022-06,2i5w-ykuw,Link,48,2,2,2,
2022-06,2i5w-ykuw,Link,49,10,14,7,
2022-06,2i5w-ykuw,Link,50,11,10,9,
2022-06,2i5w-ykuw,Link,51,0,1,0,
2022-06,2i5w-ykuw,Link,53,25,25,24,
2022-06,2i5w-ykuw,Link,55,32,32,32,
2022-06,2i5w-ykuw,Link,57,60,55,48,
2022-06,2i5w-ykuw,Link,58,44,39,29,
2022-06,2i5w-ykuw,Link,59,23,20,16,
2022-06,2i5w-ykuw,Link,60,3,4,3,
2022-06,2i5w-ykuw,Link,61,7,10,3,
2022-06,2i5w-ykuw,Link,62,10,11,6,
2022-06,2i5w-ykuw,Link,63,16,22,13,
2022-06,2i5w-ykuw,Link,64,2,2,0,
2022-06,2i5w-ykuw,Link,65,12,15,10,
2022-06,2i5w-ykuw,Link,66,21,23,17,
2022-06,2i5w-ykuw,Link,67,66,61,47,
2022-06,2i5w-ykuw,Link,68,110,100,70,
2022-06,2i5w-ykuw,Link,69,19,26,4,
2022-06,2i5w-ykuw,Link,70,8,11,6,
2022-06,2i5w-ykuw,Link,71,160,155,133,
2022-06,2i5w-ykuw,Link,72,19,21,15,
2022-06,2i5w-ykuw,Link,73,32,28,23,
2022-06,2i5w-ykuw,Link,74,0,1,0,
2022-06,2i5w-ykuw,Link,75,21,21,18,
2022-06,2i5w-ykuw,Link,77,0,4,0,
2022-06,2i5w-ykuw,Lyft,,1,3,0,
2022-06,2i5w-ykuw,Lyft,6,0,2,0,
2022-06,2i5w-ykuw,Lyft,7,10723,11657,6618,
2022-06,2i5w-ykuw,Lyft,8,38076,37697,24475,
2022-06,2i5w-ykuw,Lyft,22,1248,1368,422,
2022-06,2i5w-ykuw,Lyft,24,9417,10321,4963,
2022-06,2i5w-ykuw,Lyft,28,24332,22994,14243,
2022-06,2i5w-ykuw,Lyft,30,0,2,0,
2022-06,2i5w-ykuw,Lyft,31,1768,1790,878,
2022-06,2i5w-ykuw,Lyft,32,30286,29914,19517,
2022-06,2i5w-ykuw,Lyft,33,4131,4137,2085,
2022-06,2i5w-ykuw,Lyft,34,964,957,417,
2022-06,2i5w-ykuw,Lyft,35,1117,1117,754,
2022-06,2i5w-ykuw,Lyft,36,32,27,7,
2022-06,2i5w-ykuw,Lyft,37,0,2,0,
2022-06,2i5w-ykuw,Lyft,38,9,57,1,
2022-06,2i5w-ykuw,Lyft,44,0,2,0,
2022-06,2i5w-ykuw,Lyft,49,0,1,0,
2022-06,2i5w-ykuw,Lyft,59,206,247,132,
2022-06,2i5w-ykuw,Lyft,60,785,780,399,
2022-06,2i5w-ykuw,Lyft,61,4,22,2,
2022-06,2i5w-ykuw,Lyft,68,0,1,0,
2022-06,2i5w-ykuw,Lyft,69,0,1,0,
2022-06,2i5w-ykuw,Spin,,0,8,0,
2022-06,2i5w-ykuw,Spin,1,67,71,40,
2022-06,2i5w-ykuw,Spin,2,14,26,9,
2022-06,2i5w-ykuw,Spin,3,457,472,204,
2022-06,2i5w-ykuw,Spin,4,208,211,102,
2022-06,2i5w-ykuw,Spin,5,277,274,105,
2022-06,2i5w-ykuw,Spin,6,2043,1775,1299,
2022-06,2i5w-ykuw,Spin,7,537,644,279,
2022-06,2i5w-ykuw,Spin,8,7,17,2,
2022-06,2i5w-ykuw,Spin,11,3,8,2,
2022-06,2i5w-ykuw,Spin,13,5,6,0,
2022-06,2i5w-ykuw,Spin,14,38,55,20,
2022-06,2i5w-ykuw,Spin,15,34,48,18,
2022-06,2i5w-ykuw,Spin,16,30,47,9,
2022-06,2i5w-ykuw,Spin,17,15,15,9,
2022-06,2i5w-ykuw,Spin,18,52,47,32,
2022-06,2i5w-ykuw,Spin,19,172,171,116,
2022-06,2i5w-ykuw,Spin,20,62,58,32,
2022-06,2i5w-ykuw,Spin,21,47,57,18,
2022-06,2i5w-ykuw,Spin,22,235,235,128,
2022-06,2i5w-ykuw,Spin,23,86,92,47,
2022-06,2i5w-ykuw,Spin,24,224,260,141,
2022-06,2i5w-ykuw,Spin,25,327,340,294,
2022-06,2i5w-ykuw,Spin,26,39,31,20,
2022-06,2i5w-ykuw,Spin,27,47,38,21,
2022-06,2i5w-ykuw,Spin,28,40,48,17,
2022-06,2i5w-ykuw,Spin,29,76,82,46,
2022-06,2i5w-ykuw,Spin,30,76,78,56,
2022-06,2i5w-ykuw,Spin,31,18,20,10,
2022-06,2i5w-ykuw,Spin,33,0,1,0,
2022-06,2i5w-ykuw,Spin,35,5,5,0,
2022-06,2i5w-ykuw,Spin,36,0,2,0,
2022-06,2i5w-ykuw,Spin,37,20,25,11,
2022-06,2i5w-ykuw,Spin,38,52,38,20,
2022-06,2i5w-ykuw,Spin,39,6,7,1,
2022-06,2i5w-ykuw,Spin,40,79,67,45,
2022-06,2i5w-ykuw,Spin,41,29,42,19,
2022-06,2i5w-ykuw,Spin,42,14,21,10,
2022-06,2i5w-ykuw,Spin,43,74,83,44,
2022-06,2i5w-ykuw,Spin,44,53,52,36,
2022-06,2i5w-ykuw,Spin,45,25,14,7,
2022-06,2i5w-ykuw,Spin,46,246,241,206,
2022-06,2i5w-ykuw,Spin,47,2,1,0,
2022-06,2i5w-ykuw,Spin,48,32,39,18,
2022-06,2i5w-ykuw,Spin,49,167,145,124,
2022-06,2i5w-ykuw,Spin,50,9,16,2,
2022-06,2i5w-ykuw,Spin,51,10,11,5,
2022-06,2i5w-ykuw,Spin,52,2,3,1,
2022-06,2i5w-ykuw,Spin,53,41,54,30,
2022-06,2i5w-ykuw,Spin,55,1,1,0,
2022-06,2i5w-ykuw,Spin,56,8,10,3,
2022-06,2i5w-ykuw,Spin,57,4,7,2,
2022-06,2i5w-ykuw,Spin,58,96,82,64,
2022-06,2i5w-ykuw,Spin,59,18,21,6,
2022-06,2i5w-ykuw,Spin,60,1,1,0,
2022-06,2i5w-ykuw,Spin,61,515,525,485,
2022-06,2i5w-ykuw,Spin,62,18,19,10,
2022-06,2i5w-ykuw,Spin,63,65,62,41,
2022-06,2i5w-ykuw,Spin,64,10,13,10,
2022-06,2i5w-ykuw,Spin,65,60,53,40,
2022-06,2i5w-ykuw,Spin,66,136,134,106,
2022-06,2i5w-ykuw,Spin,67,23,28,14,
2022-06,2i5w-ykuw,Spin,68,53,41,21,
2022-06,2i5w-ykuw,Spin,69,8,12,5,
2022-06,2i5w-ykuw,Spin,70,3,6,2,
2022-06,2i5w-ykuw,Spin,71,7,8,1,
2022-06,2i5w-ykuw,Spin,72,2,3,1,
2022-06,2i5w-ykuw,Spin,73,42,38,26,
2022-06,2i5w-ykuw,Spin,75,25,24,18,
2022-06,2i5w-ykuw,Spin,77,180,188,92,
2022-07,2i5w-ykuw,Lime,,156,228,0,
2022-07,2i5w-ykuw,Lime,1,1538,1547,1023,
2022-07,2i5w-ykuw,Lime,2,1136,1200,730,
2022-07,2i5w-ykuw,Lime,3,2948,2890,1432,
2022-07,2i5w-ykuw,Lime,4,1500,1475,720,
2022-07,2i5w-ykuw,Lime,5,1784,1760,689,
2022-07,2i5w-ykuw,Lime,6,7768,7819,4627,
2022-07,2i5w-ykuw,Lime,7,7989,7765,5307,
2022-07,2i5w-ykuw,Lime,8,375,507,123,
2022-07,2i5w-ykuw,Lime,9,9,15,5,
2022-07,2i5w-ykuw,Lime,10,88,107,50,
2022-07,2i5w-ykuw,Lime,11,118,135,41,
2022-07,2i5w-ykuw,Lime,12,91,101,40,
2022-07,2i5w-ykuw,Lime,13,305,336,145,
2022-07,2i5w-ykuw,Lime,14,887,918,439,
2022-07,2i5w-ykuw,Lime,15,1125,1184,601,
2022-07,2i5w-ykuw,Lime,16,1299,1331,546,
2022-07,2i5w-ykuw,Lime,17,373,396,213,
2022-07,2i5w-ykuw,Lime,18,183,206,78,
2022-07,2i5w-ykuw,Lime,19,2904,2933,2007,
2022-07,2i5w-ykuw,Lime,20,1279,1258,596,
2022-07,2i5w-ykuw,Lime,21,1617,1657,687,
2022-07,2i5w-ykuw,Lime,22,5821,5697,2980,
2022-07,2i5w-ykuw,Lime,23,3762,3786,2321,
2022-07,2i5w-ykuw,Lime,24,9005,8589,6016,
2022-07,2i5w-ykuw,Lime,25,3401,3484,2725,
2022-07,2i5w-ykuw,Lime,26,1055,1019,671,
2022-07,2i5w-ykuw,Lime,27,1449,1511,842,
2022-07,2i5w-ykuw,Lime,28,1754,1783,1075,
2022-07,2i5w-ykuw,Lime,29,1782,1837,1307,
2022-07,2i5w-ykuw,Lime,30,1178,1175,827,
2022-07,2i5w-ykuw,Lime,31,421,457,219,
2022-07,2i5w-ykuw,Lime,32,31,52,18,
2022-07,2i5w-ykuw,Lime,33,108,120,55,
2022-07,2i5w-ykuw,Lime,34,89,110,27,
2022-07,2i5w-ykuw,Lime,35,379,378,175,
2022-07,2i5w-ykuw,Lime,36,130,155,54,
2022-07,2i5w-ykuw,Lime,37,132,134,33,
2022-07,2i5w-ykuw,Lime,38,723,732,357,
2022-07,2i5w-ykuw,Lime,39,704,673,337,
2022-07,2i5w-ykuw,Lime,40,513,507,224,
2022-07,2i5w-ykuw,Lime,41,1361,1310,852,
2022-07,2i5w-ykuw,Lime,42,619,652,286,
2022-07,2i5w-ykuw,Lime,43,1651,1672,1213,
2022-07,2i5w-ykuw,Lime,44,1350,1362,848,
2022-07,2i5w-ykuw,Lime,45,295,270,156,
2022-07,2i5w-ykuw,Lime,46,562,546,339,
2022-07,2i5w-ykuw,Lime,47,132,124,73,
2022-07,2i5w-ykuw,Lime,48,219,217,95,
2022-07,2i5w-ykuw,Lime,49,1108,1050,695,
2022-07,2i5w-ykuw,Lime,50,214,207,97,
2022-07,2i5w-ykuw,Lime,51,355,358,271,
2022-07,2i5w-ykuw,Lime,52,1284,1280,1123,
2022-07,2i5w-ykuw,Lime,53,557,586,429,
2022-07,2i5w-ykuw,Lime,54,270,291,262,
2022-07,2i5w-ykuw,Lime,55,417,423,303,
2022-07,2i5w-ykuw,Lime,56,339,365,212,
2022-07,2i5w-ykuw,Lime,57,726,733,411,
2022-07,2i5w-ykuw,Lime,58,995,987,516,
2022-07,2i5w-ykuw,Lime,59,410,416,209,
2022-07,2i5w-ykuw,Lime,60,240,276,141,
2022-07,2i5w-ykuw,Lime,61,2809,2804,2277,
2022-07,2i5w-ykuw,Lime,62,854,799,451,
2022-07,2i5w-ykuw,Lime,63,1612,1609,979,
2022-07,2i5w-ykuw,Lime,64,198,232,110,
2022-07,2i5w-ykuw,Lime,65,1427,1386,906,
2022-07,2i5w-ykuw,Lime,66,2582,2548,1812,
2022-07,2i5w-ykuw,Lime,67,1141,1178,725,
2022-07,2i5w-ykuw,Lime,68,923,935,458,
2022-07,2i5w-ykuw,Lime,69,1703,1698,1123,
2022-07,2i5w-ykuw,Lime,70,805,837,589,
2022-07,2i5w-ykuw,Lime,71,1524,1516,1035,
2022-07,2i5w-ykuw,Lime,72,182,195,94,
2022-07,2i5w-ykuw,Lime,73,723,692,469,
2022-07,2i5w-ykuw,Lime,74,17,26,10,
2022-07,2i5w-ykuw,Lime,75,686,706,541,
2022-07,2i5w-ykuw,Lime,76,18,25,16,
2022-07,2i5w-ykuw,Lime,77,2342,2281,1276,
2022-07,2i5w-ykuw,Link,,22,59,0,
2022-07,2i5w-ykuw,Link,1,54,58,49,
2022-07,2i5w-ykuw,Link,2,18,21,6,
2022-07,2i5w-ykuw,Link,3,85,106,35,
2022-07,2i5w-ykuw,Link,4,369,280,198,
2022-07,2i5w-ykuw,Link,5,164,184,104,
2022-07,2i5w-ykuw,Link,6,275,311,197,
2022-07,2i5w-ykuw,Link,7,232,226,155,
2022-07,2i5w-ykuw,Link,8,3,8,1,
2022-07,2i5w-ykuw,Link,9,1,3,1,
2022-07,2i5w-ykuw,Link,10,38,40,27,
2022-07,2i5w-ykuw,Link,11,96,76,54,
2022-07,2i5w-ykuw,Link,12,48,48,40,
2022-07,2i5w-ykuw,Link,13,24,32,13,
2022-07,2i5w-ykuw,Link,14,57,69,21,
2022-07,2i5w-ykuw,Link,15,412,390,282,
2022-07,2i5w-ykuw,Link,16,100,122,60,
2022-07,2i5w-ykuw,Link,17,47,51,26,
2022-07,2i5w-ykuw,Link,18,38,43,14,
2022-07,2i5w-ykuw,Link,19,899,866,718,
2022-07,2i5w-ykuw,Link,20,152,127,66,
2022-07,2i5w-ykuw,Link,21,104,131,60,
2022-07,2i5w-ykuw,Link,22,518,464,325,
2022-07,2i5w-ykuw,Link,23,280,313,224,
2022-07,2i5w-ykuw,Link,24,378,387,275,
2022-07,2i5w-ykuw,Link,25,227,271,184,
2022-07,2i5w-ykuw,Link,26,93,97,66,
2022-07,2i5w-ykuw,Link,27,148,120,87,
2022-07,2i5w-ykuw,Link,28,129,142,89,
2022-07,2i5w-ykuw,Link,29,221,225,123,
2022-07,2i5w-ykuw,Link,30,1077,1014,920,
2022-07,2i5w-ykuw,Link,31,58,69,30,
2022-07,2i5w-ykuw,Link,32,1,3,0,
2022-07,2i5w-ykuw,Link,33,6,9,1,
2022-07,2i5w-ykuw,Link,34,89,78,53,
2022-07,2i5w-ykuw,Link,35,182,217,141,
2022-07,2i5w-ykuw,Link,36,19,27,9,
2022-07,2i5w-ykuw,Link,37,30,35,9,
2022-07,2i5w-ykuw,Link,38,281,252,191,
2022-07,2i5w-ykuw,Link,39,36,45,17,
2022-07,2i5w-ykuw,Link,40,136,103,65,
2022-07,2i5w-ykuw,Link,41,94,109,48,
2022-07,2i5w-ykuw,Link,42,140,136,78,
2022-07,2i5w-ykuw,Link,43,230,239,166,
2022-07,2i5w-ykuw,Link,44,242,240,146,
2022-07,2i5w-ykuw,Link,45,64,65,42,
2022-07,2i5w-ykuw,Link,46,77,73,43,
2022-07,2i5w-ykuw,Link,47,35,47,15,
2022-07,2i5w-ykuw,Link,48,67,63,41,
2022-07,2i5w-ykuw,Link,49,336,308,232,
2022-07,2i5w-ykuw,Link,50,66,67,28,
2022-07,2i5w-ykuw,Link,51,53,55,40,
2022-07,2i5w-ykuw,Link,52,97,111,77,
2022-07,2i5w-ykuw,Link,53,185,188,136,
2022-07,2i5w-ykuw,Link,54,15,17,15,
2022-07,2i5w-ykuw,Link,55,505,491,469,
2022-07,2i5w-ykuw,Link,56,50,64,42,
2022-07,2i5w-ykuw,Link,57,282,237,175,
2022-07,2i5w-ykuw,Link,58,342,325,227,
2022-07,2i5w-ykuw,Link,59,153,148,113,
2022-07,2i5w-ykuw,Link,60,126,134,101,
2022-07,2i5w-ykuw,Link,61,248,227,165,
2022-07,2i5w-ykuw,Link,62,139,151,95,
2022-07,2i5w-ykuw,Link,63,170,201,111,
2022-07,2i5w-ykuw,Link,64,21,30,13,
2022-07,2i5w-ykuw,Link,65,173,184,131,
2022-07,2i5w-ykuw,Link,66,263,292,195,
2022-07,2i5w-ykuw,Link,67,397,386,269,
2022-07,2i5w-ykuw,Link,68,530,489,356,
2022-07,2i5w-ykuw,Link,69,130,154,61,
2022-07,2i5w-ykuw,Link,70,74,97,67,
2022-07,2i5w-ykuw,Link,71,572,557,405,
2022-07,2i5w-ykuw,Link,72,66,74,46,
2022-07,2i5w-ykuw,Link,73,83,99,45,
2022-07,2i5w-ykuw,Link,75,102,96,63,
2022-07,2i5w-ykuw,Link,77,67,65,38,
2022-07,2i5w-ykuw,Lyft,,1,0,0,
2022-07,2i5w-ykuw,Lyft,3,1,1,1,
2022-07,2i5w-ykuw,Lyft,7,9206,9981,5108,
2022-07,2i5w-ykuw,Lyft,8,39105,38663,24016,
2022-07,2i5w-ykuw,Lyft,22,949,1089,273,
2022-07,2i5w-ykuw,Lyft,24,9734,10724,5006,
2022-07,2i5w-ykuw,Lyft,25,0,1,0,
2022-07,2i5w-ykuw,Lyft,26,0,1,0,
2022-07,2i5w-ykuw,Lyft,28,25295,23875,14167,
2022-07,2i5w-ykuw,Lyft,29,0,1,0,
2022-07,2i5w-ykuw,Lyft,31,2171,2215,1056,
2022-07,2i5w-ykuw,Lyft,32,30326,30128,17836,
2022-07,2i5w-ykuw,Lyft,33,4446,4438,1996,
2022-07,2i5w-ykuw,Lyft,34,1490,1482,614,
2022-07,2i5w-ykuw,Lyft,35,1181,1191,727,
2022-07,2i5w-ykuw,Lyft,36,50,43,15,
2022-07,2i5w-ykuw,Lyft,37,1,4,0,
2022-07,2i5w-ykuw,Lyft,38,1,64,0,
2022-07,2i5w-ykuw,Lyft,44,0,1,0,
2022-07,2i5w-ykuw,Lyft,49,0,1,0,
2022-07,2i5w-ykuw,Lyft,59,206,256,117,
2022-07,2i5w-ykuw,Lyft,60,1044,1028,523,
2022-07,2i5w-ykuw,Lyft,61,4,23,1,
2022-07,2i5w-ykuw,Lyft,69,0,1,0,
2022-07,2i5w-ykuw,Spin,,0,21,0,
2022-07,2i5w-ykuw,Spin,1,490,502,344,
2022-07,2i5w-ykuw,Spin,2,156,180,89,
2022-07,2i5w-ykuw,Spin,3,1523,1547,809,
2022-07,2i5w-ykuw,Spin,4,616,642,292,
2022-07,2i5w-ykuw,Spin,5,800,761,274,
2022-07,2i5w-ykuw,Spin,6,4794,4463,3142,
2022-07,2i5w-ykuw,Spin,7,1686,1841,969,
2022-07,2i5w-ykuw,Spin,8,11,37,1,
2022-07,2i5w-ykuw,Spin,9,2,5,1,
2022-07,2i5w-ykuw,Spin,10,31,35,12,
2022-07,2i5w-ykuw,Spin,11,34,42,19,
2022-07,2i5w-ykuw,Spin,12,12,20,3,
2022-07,2i5w-ykuw,Spin,13,46,55,15,
2022-07,2i5w-ykuw,Spin,14,152,151,43,
2022-07,2i5w-ykuw,Spin,15,219,227,135,
2022-07,2i5w-ykuw,Spin,16,380,408,191,
2022-07,2i5w-ykuw,Spin,17,116,126,85,
2022-07,2i5w-ykuw,Spin,18,48,53,21,
2022-07,2i5w-ykuw,Spin,19,577,537,367,
2022-07,2i5w-ykuw,Spin,20,151,146,58,
2022-07,2i5w-ykuw,Spin,21,285,281,119,
2022-07,2i5w-ykuw,Spin,22,674,681,340,
2022-07,2i5w-ykuw,Spin,23,345,346,219,
2022-07,2i5w-ykuw,Spin,24,659,700,369,
2022-07,2i5w-ykuw,Spin,25,1041,1061,865,
2022-07,2i5w-ykuw,Spin,26,230,235,170,
2022-07,2i5w-ykuw,Spin,27,258,246,168,
2022-07,2i5w-ykuw,Spin,28,127,146,63,
2022-07,2i5w-ykuw,Spin,29,360,360,276,
2022-07,2i5w-ykuw,Spin,30,257,263,198,
2022-07,2i5w-ykuw,Spin,31,36,42,17,
2022-07,2i5w-ykuw,Spin,32,0,1,0,
2022-07,2i5w-ykuw,Spin,33,13,17,8,
2022-07,2i5w-ykuw,Spin,34,164,174,133,
2022-07,2i5w-ykuw,Spin,35,42,45,9,
2022-07,2i5w-ykuw,Spin,36,12,15,6,
2022-07,2i5w-ykuw,Spin,37,29,30,6,
2022-07,2i5w-ykuw,Spin,38,141,121,41,
2022-07,2i5w-ykuw,Spin,39,58,67,28,
2022-07,2i5w-ykuw,Spin,40,267,255,161,
2022-07,2i5w-ykuw,Spin,41,197,203,111,
2022-07,2i5w-ykuw,Spin,42,96,91,30,
2022-07,2i5w-ykuw,Spin,43,575,594,396,
2022-07,2i5w-ykuw,Spin,44,363,356,214,
2022-07,2i5w-ykuw,Spin,45,67,69,22,
2022-07,2i5w-ykuw,Spin,46,642,627,465,
2022-07,2i5w-ykuw,Spin,47,27,27,9,
2022-07,2i5w-ykuw,Spin,48,89,76,29,
2022-07,2i5w-ykuw,Spin,49,623,607,492,
2022-07,2i5w-ykuw,Spin,50,91,94,28,
2022-07,2i5w-ykuw,Spin,51,70,74,23,
2022-07,2i5w-ykuw,Spin,52,443,445,414,
2022-07,2i5w-ykuw,Spin,53,191,206,135,
2022-07,2i5w-ykuw,Spin,54,3,3,0,
2022-07,2i5w-ykuw,Spin,55,23,26,5,
2022-07,2i5w-ykuw,Spin,56,61,66,41,
2022-07,2i5w-ykuw,Spin,57,145,139,97,
2022-07,2i5w-ykuw,Spin,58,342,319,235,
2022-07,2i5w-ykuw,Spin,59,68,71,45,
2022-07,2i5w-ykuw,Spin,60,22,25,6,
2022-07,2i5w-ykuw,Spin,61,803,813,684,
2022-07,2i5w-ykuw,Spin,62,118,121,66,
2022-07,2i5w-ykuw,Spin,63,285,284,185,
2022-07,2i5w-ykuw,Spin,64,39,37,20,
2022-07,2i5w-ykuw,Spin,65,162,161,91,
2022-07,2i5w-ykuw,Spin,66,582,573,434,
2022-07,2i5w-ykuw,Spin,67,194,200,118,
2022-07,2i5w-ykuw,Spin,68,259,249,169,
2022-07,2i5w-ykuw,Spin,69,283,293,202,
2022-07,2i5w-ykuw,Spin,70,73,87,52,
2022-07,2i5w-ykuw,Spin,71,153,148,85,
2022-07,2i5w-ykuw,Spin,72,4,8,1,
2022-07,2i5w-ykuw,Spin,73,153,144,83,
2022-07,2i5w-ykuw,Spin,75,61,56,40,
2022-07,2i5w-ykuw,Spin,76,16,18,14,
2022-07,2i5w-ykuw,Spin,77,816,786,441,
2022-08,2i5w-ykuw,Lime,,197,247,0,
2022-08,2i5w-ykuw,Lime,1,1511,1518,1073,
2022-08,2i5w-ykuw,Lime,2,1083,1115,642,
2022-08,2i5w-ykuw,Lime,3,2371,2376,1117,
2022-08,2i5w-ykuw,Lime,4,1600,1617,803,
2022-08,2i5w-ykuw,Lime,5,1647,1636,585,
2022-08,2i5w-ykuw,Lime,6,5991,5990,3330,
2022-08,2i5w-ykuw,Lime,7,5711,5593,3554,
2022-08,2i5w-ykuw,Lime,8,397,455,141,
2022-08,2i5w-ykuw,Lime,9,77,84,52,
2022-08,2i5w-ykuw,Lime,10,216,236,156,
2022-08,2i5w-ykuw,Lime,11,273,283,115,
2022-08,2i5w-ykuw,Lime,12,83,91,42,
2022-08,2i5w-ykuw,Lime,13,340,358,120,
2022-08,2i5w-ykuw,Lime,14,1428,1429,760,
2022-08,2i5w-ykuw,Lime,15,1478,1509,837,
2022-08,2i5w-ykuw,Lime,16,1587,1656,742,
2022-08,2i5w-ykuw,Lime,17,571,614,323,
2022-08,2i5w-ykuw,Lime,18,251,257,110,
2022-08,2i5w-ykuw,Lime,19,3252,3272,2096,
2022-08,2i5w-ykuw,Lime,20,1225,1212,427,
2022-08,2i5w-ykuw,Lime,21,1555,1582,613,
2022-08,2i5w-ykuw,Lime,22,5122,5117,2525,
2022-08,2i5w-ykuw,Lime,23,4115,4131,2522,
2022-08,2i5w-ykuw,Lime,24,7761,7265,4985,
2022-08,2i5w-ykuw,Lime,25,4211,4257,3248,
2022-08,2i5w-ykuw,Lime,26,1628,1617,1086,
2022-08,2i5w-ykuw,Lime,27,2011,2034,1231,
2022-08,2i5w-ykuw,Lime,28,1907,1913,1156,
2022-08,2i5w-ykuw,Lime,29,2029,2100,1418,
2022-08,2i5w-ykuw,Lime,30,1287,1298,938,
2022-08,2i5w-ykuw,Lime,31,455,488,223,
2022-08,2i5w-ykuw,Lime,32,100,131,69,
2022-08,2i5w-ykuw,Lime,33,143,161,85,
2022-08,2i5w-ykuw,Lime,34,206,213,119,
2022-08,2i5w-ykuw,Lime,35,348,352,162,
2022-08,2i5w-ykuw,Lime,36,112,114,40,
2022-08,2i5w-ykuw,Lime,37,160,160,46,
2022-08,2i5w-ykuw,Lime,38,920,926,530,
2022-08,2i5w-ykuw,Lime,39,548,526,236,
2022-08,2i5w-ykuw,Lime,40,540,548,241,
2022-08,2i5w-ykuw,Lime,41,1100,1098,690,
2022-08,2i5w-ykuw,Lime,42,606,616,234,
2022-08,2i5w-ykuw,Lime,43,2151,2170,1565,
2022-08,2i5w-ykuw,Lime,44,1547,1496,892,
2022-08,2i5w-ykuw,Lime,45,336,348,154,
2022-08,2i5w-ykuw,Lime,46,567,552,347,
2022-08,2i5w-ykuw,Lime,47,59,68,17,
2022-08,2i5w-ykuw,Lime,48,299,294,144,
2022-08,2i5w-ykuw,Lime,49,1354,1301,852,
2022-08,2i5w-ykuw,Lime,50,366,371,207,
2022-08,2i5w-ykuw,Lime,51,538,555,441,
2022-08,2i5w-ykuw,Lime,52,1234,1235,1073,
2022-08,2i5w-ykuw,Lime,53,540,556,361,
2022-08,2i5w-ykuw,Lime,54,629,633,614,
2022-08,2i5w-ykuw,Lime,55,432,429,314,
2022-08,2i5w-ykuw,Lime,56,495,516,302,
2022-08,2i5w-ykuw,Lime,57,826,805,445,
2022-08,2i5w-ykuw,Lime,58,1275,1271,715,
2022-08,2i5w-ykuw,Lime,59,478,469,244,
2022-08,2i5w-ykuw,Lime,60,354,377,198,
2022-08,2i5w-ykuw,Lime,61,1934,1900,1454,
2022-08,2i5w-ykuw,Lime,62,780,722,358,
2022-08,2i5w-ykuw,Lime,63,1522,1455,796,
2022-08,2i5w-ykuw,Lime,64,259,300,144,
2022-08,2i5w-ykuw,Lime,65,1695,1676,1053,
2022-08,2i5w-ykuw,Lime,66,2652,2680,1811,
2022-08,2i5w-ykuw,Lime,67,1354,1354,833,
2022-08,2i5w-ykuw,Lime,68,1236,1265,700,
2022-08,2i5w-ykuw,Lime,69,1725,1769,1068,
2022-08,2i5w-ykuw,Lime,70,946,987,706,
2022-08,2i5w-ykuw,Lime,71,1532,1508,945,
2022-08,2i5w-ykuw,Lime,72,113,119,49,
2022-08,2i5w-ykuw,Lime,73,833,825,560,
2022-08,2i5w-ykuw,Lime,74,68,75,59,
2022-08,2i5w-ykuw,Lime,75,454,447,349,
2022-08,2i5w-ykuw,Lime,76,67,72,60,
2022-08,2i5w-ykuw,Lime,77,1637,1645,857,
2022-08,2i5w-ykuw,Link,,48,99,0,
2022-08,2i5w-ykuw,Link,1,320,301,247,
2022-08,2i5w-ykuw,Link,2,145,160,94,
2022-08,2i5w-ykuw,Link,3,229,257,128,
2022-08,2i5w-ykuw,Link,4,454,411,275,
2022-08,2i5w-ykuw,Link,5,183,169,67,
2022-08,2i5w-ykuw,Link,6,699,696,499,
2022-08,2i5w-ykuw,Link,7,416,437,301,
2022-08,2i5w-ykuw,Link,8,1,2,0,
2022-08,2i5w-ykuw,Link,9,14,18,6,
2022-08,2i5w-ykuw,Link,10,91,81,52,
2022-08,2i5w-ykuw,Link,11,133,115,66,
2022-08,2i5w-ykuw,Link,12,22,25,8,
2022-08,2i5w-ykuw,Link,13,43,52,12,
2022-08,2i5w-ykuw,Link,14,154,180,61,
2022-08,2i5w-ykuw,Link,15,378,364,222,
2022-08,2i5w-ykuw,Link,16,234,235,109,
2022-08,2i5w-ykuw,Link,17,78,94,45,
2022-08,2i5w-ykuw,Link,18,47,69,21,
2022-08,2i5w-ykuw,Link,19,1002,987,744,
2022-08,2i5w-ykuw,Link,20,212,193,82,
2022-08,2i5w-ykuw,Link,21,242,232,117,
2022-08,2i5w-ykuw,Link,22,712,636,411,
2022-08,2i5w-ykuw,Link,23,652,699,536,
2022-08,2i5w-ykuw,Link,24,383,408,271,
2022-08,2i5w-ykuw,Link,25,424,460,306,
2022-08,2i5w-ykuw,Link,26,196,204,125,
2022-08,2i5w-ykuw,Link,27,281,277,191,
2022-08,2i5w-ykuw,Link,28,232,243,157,
2022-08,2i5w-ykuw,Link,29,490,445,302,
2022-08,2i5w-ykuw,Link,30,1141,1123,937,
2022-08,2i5w-ykuw,Link,31,96,124,51,
2022-08,2i5w-ykuw,Link,32,2,3,2,
2022-08,2i5w-ykuw,Link,33,0,1,0,
2022-08,2i5w-ykuw,Link,34,50,49,19,
2022-08,2i5w-ykuw,Link,35,80,106,41,
2022-08,2i5w-ykuw,Link,36,20,26,7,
2022-08,2i5w-ykuw,Link,37,88,84,34,
2022-08,2i5w-ykuw,Link,38,413,423,266,
2022-08,2i5w-ykuw,Link,39,53,62,19,
2022-08,2i5w-ykuw,Link,40,300,257,154,
2022-08,2i5w-ykuw,Link,41,240,268,136,
2022-08,2i5w-ykuw,Link,42,461,447,247,
2022-08,2i5w-ykuw,Link,43,561,549,389,
2022-08,2i5w-ykuw,Link,44,618,579,344,
2022-08,2i5w-ykuw,Link,45,108,103,57,
2022-08,2i5w-ykuw,Link,46,194,199,110,
2022-08,2i5w-ykuw,Link,47,41,46,15,
2022-08,2i5w-ykuw,Link,48,79,91,46,
2022-08,2i5w-ykuw,Link,49,746,708,510,
2022-08,2i5w-ykuw,Link,50,145,153,69,
2022-08,2i5w-ykuw,Link,51,127,124,86,
2022-08,2i5w-ykuw,Link,52,215,242,172,
2022-08,2i5w-ykuw,Link,53,372,356,274,
2022-08,2i5w-ykuw,Link,54,22,25,20,
2022-08,2i5w-ykuw,Link,55,602,577,541,
2022-08,2i5w-ykuw,Link,56,49,74,23,
2022-08,2i5w-ykuw,Link,57,323,268,185,
2022-08,2i5w-ykuw,Link,58,587,551,405,
2022-08,2i5w-ykuw,Link,59,96,100,48,
2022-08,2i5w-ykuw,Link,60,91,89,52,
2022-08,2i5w-ykuw,Link,61,458,454,282,
2022-08,2i5w-ykuw,Link,62,247,251,143,
2022-08,2i5w-ykuw,Link,63,320,344,205,
2022-08,2i5w-ykuw,Link,64,38,48,16,
2022-08,2i5w-ykuw,Link,65,424,398,275,
2022-08,2i5w-ykuw,Link,66,622,657,434,
2022-08,2i5w-ykuw,Link,67,495,498,287,
2022-08,2i5w-ykuw,Link,68,973,898,603,
2022-08,2i5w-ykuw,Link,69,390,449,222,
2022-08,2i5w-ykuw,Link,70,150,172,99,
2022-08,2i5w-ykuw,Link,71,718,705,504,
2022-08,2i5w-ykuw,Link,72,55,76,29,
2022-08,2i5w-ykuw,Link,73,156,159,82,
2022-08,2i5w-ykuw,Link,74,115,113,107,
2022-08,2i5w-ykuw,Link,75,129,149,95,
2022-08,2i5w-ykuw,Link,76,2,2,1,
2022-08,2i5w-ykuw,Link,77,167,165,87,
2022-08,2i5w-ykuw,Lyft,,1,5,0,
2022-08,2i5w-ykuw,Lyft,6,0,2,0,
2022-08,2i5w-ykuw,Lyft,7,9404,10298,4916,
2022-08,2i5w-ykuw,Lyft,8,42638,42066,25535,
2022-08,2i5w-ykuw,Lyft,22,1123,1259,292,
2022-08,2i5w-ykuw,Lyft,24,10610,11719,5073,
2022-08,2i5w-ykuw,Lyft,28,29199,27715,16023,
2022-08,2i5w-ykuw,Lyft,31,2232,2287,932,
2022-08,2i5w-ykuw,Lyft,32,29965,29706,16247,
2022-08,2i5w-ykuw,Lyft,33,4297,4330,1669,
2022-08,2i5w-ykuw,Lyft,34,1523,1520,583,
2022-08,2i5w-ykuw,Lyft,35,1632,1639,1048,
2022-08,2i5w-ykuw,Lyft,36,27,24,5,
2022-08,2i5w-ykuw,Lyft,37,2,2,1,
2022-08,2i5w-ykuw,Lyft,38,3,57,1,
2022-08,2i5w-ykuw,Lyft,40,0,1,0,
2022-08,2i5w-ykuw,Lyft,42,0,1,0,
2022-08,2i5w-ykuw,Lyft,44,0,1,0,
2022-08,2i5w-ykuw,Lyft,59,177,189,86,
2022-08,2i5w-ykuw,Lyft,60,1169,1159,513,
2022-08,2i5w-ykuw,Lyft,61,2,22,1,
2022-08,2i5w-ykuw,Lyft,68,0,2,0,
2022-08,2i5w-ykuw,Spin,,2,26,0,
2022-08,2i5w-ykuw,Spin,1,739,751,493,
2022-08,2i5w-ykuw,Spin,2,358,398,202,
2022-08,2i5w-ykuw,Spin,3,1602,1624,732,
2022-08,2i5w-ykuw,Spin,4,640,667,249,
2022-08,2i5w-ykuw,Spin,5,775,827,255,
2022-08,2i5w-ykuw,Spin,6,5323,4873,3301,
2022-08,2i5w-ykuw,Spin,7,2307,2444,1330,
2022-08,2i5w-ykuw,Spin,8,12,32,1,
2022-08,2i5w-ykuw,Spin,9,13,13,10,
2022-08,2i5w-ykuw,Spin,10,32,34,11,
2022-08,2i5w-ykuw,Spin,11,83,91,31,
2022-08,2i5w-ykuw,Spin,12,15,20,7,
2022-08,2i5w-ykuw,Spin,13,101,116,40,
2022-08,2i5w-ykuw,Spin,14,248,256,91,
2022-08,2i5w-ykuw,Spin,15,289,298,164,
2022-08,2i5w-ykuw,Spin,16,336,375,130,
2022-08,2i5w-ykuw,Spin,17,140,151,97,
2022-08,2i5w-ykuw,Spin,18,54,56,25,
2022-08,2i5w-ykuw,Spin,19,652,625,444,
2022-08,2i5w-ykuw,Spin,20,179,168,45,
2022-08,2i5w-ykuw,Spin,21,331,342,123,
2022-08,2i5w-ykuw,Spin,22,926,945,499,
2022-08,2i5w-ykuw,Spin,23,516,551,337,
2022-08,2i5w-ykuw,Spin,24,703,717,372,
2022-08,2i5w-ykuw,Spin,25,866,883,682,
2022-08,2i5w-ykuw,Spin,26,445,422,312,
2022-08,2i5w-ykuw,Spin,27,473,483,328,
2022-08,2i5w-ykuw,Spin,28,158,180,94,
2022-08,2i5w-ykuw,Spin,29,603,581,445,
2022-08,2i5w-ykuw,Spin,30,212,224,139,
2022-08,2i5w-ykuw,Spin,31,22,25,8,
2022-08,2i5w-ykuw,Spin,32,0,2,0,
2022-08,2i5w-ykuw,Spin,33,13,14,3,
2022-08,2i5w-ykuw,Spin,34,239,247,212,
2022-08,2i5w-ykuw,Spin,35,67,68,16,
2022-08,2i5w-ykuw,Spin,36,45,49,24,
2022-08,2i5w-ykuw,Spin,37,30,26,2,
2022-08,2i5w-ykuw,Spin,38,291,265,156,
2022-08,2i5w-ykuw,Spin,39,118,136,54,
2022-08,2i5w-ykuw,Spin,40,230,220,113,
2022-08,2i5w-ykuw,Spin,41,139,138,76,
2022-08,2i5w-ykuw,Spin,42,109,111,41,
2022-08,2i5w-ykuw,Spin,43,550,549,389,
2022-08,2i5w-ykuw,Spin,44,389,364,223,
2022-08,2i5w-ykuw,Spin,45,128,122,56,
2022-08,2i5w-ykuw,Spin,46,452,449,366,
2022-08,2i5w-ykuw,Spin,47,18,17,2,
2022-08,2i5w-ykuw,Spin,48,52,55,9,
2022-08,2i5w-ykuw,Spin,49,803,781,643,
2022-08,2i5w-ykuw,Spin,50,135,140,63,
2022-08,2i5w-ykuw,Spin,51,37,43,19,
2022-08,2i5w-ykuw,Spin,52,301,296,279,
2022-08,2i5w-ykuw,Spin,53,166,172,111,
2022-08,2i5w-ykuw,Spin,54,20,25,20,
2022-08,2i5w-ykuw,Spin,55,20,21,8,
2022-08,2i5w-ykuw,Spin,56,40,44,17,
2022-08,2i5w-ykuw,Spin,57,204,200,147,
2022-08,2i5w-ykuw,Spin,58,335,324,241,
2022-08,2i5w-ykuw,Spin,59,57,54,32,
2022-08,2i5w-ykuw,Spin,60,27,35,7,
2022-08,2i5w-ykuw,Spin,61,816,829,662,
2022-08,2i5w-ykuw,Spin,62,88,85,33,
2022-08,2i5w-ykuw,Spin,63,211,218,113,
2022-08,2i5w-ykuw,Spin,64,16,18,7,
2022-08,2i5w-ykuw,Spin,65,176,164,84,
2022-08,2i5w-ykuw,Spin,66,462,457,325,
2022-08,2i5w-ykuw,Spin,67,290,311,192,
2022-08,2i5w-ykuw,Spin,68,424,432,278,
2022-08,2i5w-ykuw,Spin,69,523,543,373,
2022-08,2i5w-ykuw,Spin,70,146,150,101,
2022-08,2i5w-ykuw,Spin,71,375,368,247,
2022-08,2i5w-ykuw,Spin,72,21,24,4,
2022-08,2i5w-ykuw,Spin,73,151,145,81,
2022-08,2i5w-ykuw,Spin,74,1,2,0,
2022-08,2i5w-ykuw,Spin,75,89,79,50,
2022-08,2i5w-ykuw,Spin,76,3,3,0,
2022-08,2i5w-ykuw,Spin,77,1082,1051,573,
2022-09,2i5w-ykuw,Lime,,172,219,0,
2022-09,2i5w-ykuw,Lime,1,2732,2726,1979,
2022-09,2i5w-ykuw,Lime,2,1576,1673,904,
2022-09,2i5w-ykuw,Lime,3,3496,3451,1695,
2022-09,2i5w-ykuw,Lime,4,2054,2097,937,
2022-09,2i5w-ykuw,Lime,5,2291,2356,873,
2022-09,2i5w-ykuw,Lime,6,10504,10367,6259,
2022-09,2i5w-ykuw,Lime,7,9534,8805,5624,
2022-09,2i5w-ykuw,Lime,8,4361,4952,2329,
2022-09,2i5w-ykuw,Lime,9,71,77,39,
2022-09,2i5w-ykuw,Lime,10,241,267,120,
2022-09,2i5w-ykuw,Lime,11,323,342,113,
2022-09,2i5w-ykuw,Lime,12,100,125,26,
2022-09,2i5w-ykuw,Lime,13,615,640,259,
2022-09,2i5w-ykuw,Lime,14,1868,1900,978,
2022-09,2i5w-ykuw,Lime,15,1964,2006,1072,
2022-09,2i5w-ykuw,Lime,16,2298,2359,1010,
2022-09,2i5w-ykuw,Lime,17,545,576,260,
2022-09,2i5w-ykuw,Lime,18,290,299,121,
2022-09,2i5w-ykuw,Lime,19,4109,4163,2607,
2022-09,2i5w-ykuw,Lime,20,1675,1673,625,
2022-09,2i5w-ykuw,Lime,21,2250,2300,829,
2022-09,2i5w-ykuw,Lime,22,9439,9394,5229,
2022-09,2i5w-ykuw,Lime,23,4306,4376,2304,
2022-09,2i5w-ykuw,Lime,24,13758,12558,8838,
2022-09,2i5w-ykuw,Lime,25,4907,5064,3742,
2022-09,2i5w-ykuw,Lime,26,1616,1625,1062,
2022-09,2i5w-ykuw,Lime,27,1544,1532,781,
2022-09,2i5w-ykuw,Lime,28,4140,4368,2243,
2022-09,2i5w-ykuw,Lime,29,2390,2444,1502,
2022-09,2i5w-ykuw,Lime,30,1509,1574,1068,
2022-09,2i5w-ykuw,Lime,31,995,1030,555,
2022-09,2i5w-ykuw,Lime,32,2468,2869,1421,
2022-09,2i5w-ykuw,Lime,33,451,464,195,
2022-09,2i5w-ykuw,Lime,34,287,284,87,
2022-09,2i5w-ykuw,Lime,35,366,372,146,
2022-09,2i5w-ykuw,Lime,36,123,126,51,
2022-09,2i5w-ykuw,Lime,37,204,205,72,
2022-09,2i5w-ykuw,Lime,38,777,764,329,
2022-09,2i5w-ykuw,Lime,39,508,503,199,
2022-09,2i5w-ykuw,Lime,40,728,718,379,
2022-09,2i5w-ykuw,Lime,41,1421,1371,957,
2022-09,2i5w-ykuw,Lime,42,811,856,395,
2022-09,2i5w-ykuw,Lime,43,2096,2054,1474,
2022-09,2i5w-ykuw,Lime,44,1903,1861,1162,
2022-09,2i5w-ykuw,Lime,45,341,355,140,
2022-09,2i5w-ykuw,Lime,46,931,937,634,
2022-09,2i5w-ykuw,Lime,47,84,86,38,
2022-09,2i5w-ykuw,Lime,48,262,255,114,
2022-09,2i5w-ykuw,Lime,49,1244,1219,756,
2022-09,2i5w-ykuw,Lime,50,342,349,159,
2022-09,2i5w-ykuw,Lime,51,343,357,225,
2022-09,2i5w-ykuw,Lime,52,1194,1185,1026,
2022-09,2i5w-ykuw,Lime,53,804,820,621,
2022-09,2i5w-ykuw,Lime,54,242,245,233,
2022-09,2i5w-ykuw,Lime,55,281,281,166,
2022-09,2i5w-ykuw,Lime,56,344,441,154,
2022-09,2i5w-ykuw,Lime,57,904,871,422,
2022-09,2i5w-ykuw,Lime,58,2100,2074,1222,
2022-09,2i5w-ykuw,Lime,59,424,447,167,
2022-09,2i5w-ykuw,Lime,60,541,552,269,
2022-09,2i5w-ykuw,Lime,61,2018,2006,1349,
2022-09,2i5w-ykuw,Lime,62,1254,1193,598,
2022-09,2i5w-ykuw,Lime,63,3109,3029,1886,
2022-09,2i5w-ykuw,Lime,64,149,244,58,
2022-09,2i5w-ykuw,Lime,65,1932,1873,1074,
2022-09,2i5w-ykuw,Lime,66,3056,2984,1827,
2022-09,2i5w-ykuw,Lime,67,1045,1036,592,
2022-09,2i5w-ykuw,Lime,68,1237,1239,754,
2022-09,2i5w-ykuw,Lime,69,1591,1600,930,
2022-09,2i5w-ykuw,Lime,70,447,569,283,
2022-09,2i5w-ykuw,Lime,71,1311,1294,753,
2022-09,2i5w-ykuw,Lime,72,79,119,17,
2022-09,2i5w-ykuw,Lime,73,1053,1014,729,
2022-09,2i5w-ykuw,Lime,74,3,9,2,
2022-09,2i5w-ykuw,Lime,75,131,147,50,
2022-09,2i5w-ykuw,Lime,76,26,29,18,
2022-09,2i5w-ykuw,Lime,77,2841,2835,1575,
2022-09,2i5w-ykuw,Link,,60,105,0,
2022-09,2i5w-ykuw,Link,1,43,57,30,
2022-09,2i5w-ykuw,Link,2,43,49,21,
2022-09,2i5w-ykuw,Link,3,138,148,64,
2022-09,2i5w-ykuw,Link,4,139,125,57,
2022-09,2i5w-ykuw,Link,5,136,123,64,
2022-09,2i5w-ykuw,Link,6,455,443,292,
2022-09,2i5w-ykuw,Link,7,256,274,168,
2022-09,2i5w-ykuw,Link,8,0,3,0,
2022-09,2i5w-ykuw,Link,9,3,6,0,
2022-09,2i5w-ykuw,Link,10,93,79,52,
2022-09,2i5w-ykuw,Link,11,122,114,56,
2022-09,2i5w-ykuw,Link,12,26,26,7,
2022-09,2i5w-ykuw,Link,13,20,25,6,
2022-09,2i5w-ykuw,Link,14,114,139,54,
2022-09,2i5w-ykuw,Link,15,312,308,185,
2022-09,2i5w-ykuw,Link,16,172,194,81,
2022-09,2i5w-ykuw,Link,17,69,81,37,
2022-09,2i5w-ykuw,Link,18,44,58,15,
2022-09,2i5w-ykuw,Link,19,939,892,657,
2022-09,2i5w-ykuw,Link,20,185,165,85,
2022-09,2i5w-ykuw,Link,21,210,216,80,
2022-09,2i5w-ykuw,Link,22,649,667,420,
2022-09,2i5w-ykuw,Link,23,288,327,180,
2022-09,2i5w-ykuw,Link,24,376,369,243,
2022-09,2i5w-ykuw,Link,25,737,760,537,
2022-09,2i5w-ykuw,Link,26,170,170,70,
2022-09,2i5w-ykuw,Link,27,330,272,154,
2022-09,2i5w-ykuw,Link,28,190,218,114,
2022-09,2i5w-ykuw,Link,29,586,518,298,
2022-09,2i5w-ykuw,Link,30,892,874,657,
2022-09,2i5w-ykuw,Link,31,96,108,38,
2022-09,2i5w-ykuw,Link,32,2,4,1,
2022-09,2i5w-ykuw,Link,33,3,1,1,
2022-09,2i5w-ykuw,Link,34,36,35,17,
2022-09,2i5w-ykuw,Link,35,73,89,41,
2022-09,2i5w-ykuw,Link,36,13,19,5,
2022-09,2i5w-ykuw,Link,37,39,48,8,
2022-09,2i5w-ykuw,Link,38,348,321,200,
2022-09,2i5w-ykuw,Link,39,62,82,22,
2022-09,2i5w-ykuw,Link,40,201,170,91,
2022-09,2i5w-ykuw,Link,41,199,228,96,
2022-09,2i5w-ykuw,Link,42,359,371,164,
2022-09,2i5w-ykuw,Link,43,394,396,234,
2022-09,2i5w-ykuw,Link,44,650,578,308,
2022-09,2i5w-ykuw,Link,45,165,171,86,
2022-09,2i5w-ykuw,Link,46,195,189,112,
2022-09,2i5w-ykuw,Link,47,29,34,9,
2022-09,2i5w-ykuw,Link,48,108,111,50,
2022-09,2i5w-ykuw,Link,49,746,697,461,
2022-09,2i5w-ykuw,Link,50,155,157,57,
2022-09,2i5w-ykuw,Link,51,91,95,55,
2022-09,2i5w-ykuw,Link,52,99,118,75,
2022-09,2i5w-ykuw,Link,53,277,263,201,
2022-09,2i5w-ykuw,Link,54,2,4,1,
2022-09,2i5w-ykuw,Link,55,409,396,371,
2022-09,2i5w-ykuw,Link,56,146,181,78,
2022-09,2i5w-ykuw,Link,57,402,350,242,
2022-09,2i5w-ykuw,Link,58,435,415,266,
2022-09,2i5w-ykuw,Link,59,64,75,31,
2022-09,2i5w-ykuw,Link,60,40,47,24,
2022-09,2i5w-ykuw,Link,61,336,348,235,
2022-09,2i5w-ykuw,Link,62,320,316,169,
2022-09,2i5w-ykuw,Link,63,293,311,174,
2022-09,2i5w-ykuw,Link,64,56,69,15,
2022-09,2i5w-ykuw,Link,65,449,404,249,
2022-09,2i5w-ykuw,Link,66,477,496,309,
2022-09,2i5w-ykuw,Link,67,350,357,198,
2022-09,2i5w-ykuw,Link,68,713,675,463,
2022-09,2i5w-ykuw,Link,69,331,349,147,
2022-09,2i5w-ykuw,Link,70,140,167,84,
2022-09,2i5w-ykuw,Link,71,365,406,210,
2022-09,2i5w-ykuw,Link,72,47,60,23,
2022-09,2i5w-ykuw,Link,73,251,250,163,
2022-09,2i5w-ykuw,Link,74,171,170,160,
2022-09,2i5w-ykuw,Link,75,116,120,65,
2022-09,2i5w-ykuw,Link,77,109,103,57,
2022-09,2i5w-ykuw,Lyft,7,8218,9030,4140,
2022-09,2i5w-ykuw,Lyft,8,39814,39255,23350,
2022-09,2i5w-ykuw,Lyft,21,0,1,0,
2022-09,2i5w-ykuw,Lyft,22,1011,1111,255,
2022-09,2i5w-ykuw,Lyft,24,10287,11489,4604,
2022-09,2i5w-ykuw,Lyft,27,0,1,0,
2022-09,2i5w-ykuw,Lyft,28,34277,32997,20506,
2022-09,2i5w-ykuw,Lyft,29,0,4,0,
2022-09,2i5w-ykuw,Lyft,31,2693,2691,1132,
2022-09,2i5w-ykuw,Lyft,32,28353,28117,14730,
2022-09,2i5w-ykuw,Lyft,33,4657,4592,1921,
2022-09,2i5w-ykuw,Lyft,34,1524,1500,510,
2022-09,2i5w-ykuw,Lyft,35,2359,2357,1650,
2022-09,2i5w-ykuw,Lyft,36,32,32,13,
2022-09,2i5w-ykuw,Lyft,38,10,58,1,
2022-09,2i5w-ykuw,Lyft,59,151,164,55,
2022-09,2i5w-ykuw,Lyft,60,1382,1356,550,
2022-09,2i5w-ykuw,Lyft,61,7,20,1,
2022-09,2i5w-ykuw,Spin,,1,20,0,
2022-09,2i5w-ykuw,Spin,1,454,471,286,
2022-09,2i5w-ykuw,Spin,2,143,183,64,
2022-09,2i5w-ykuw,Spin,3,1440,1412,674,
2022-09,2i5w-ykuw,Spin,4,549,563,253,
2022-09,2i5w-ykuw,Spin,5,551,588,166,
2022-09,2i5w-ykuw,Spin,6,5934,5574,4007,
2022-09,2i5w-ykuw,Spin,7,2248,2271,1193,
2022-09,2i5w-ykuw,Spin,8,296,347,127,
2022-09,2i5w-ykuw,Spin,9,3,4,0,
2022-09,2i5w-ykuw,Spin,10,21,25,9,
2022-09,2i5w-ykuw,Spin,11,26,28,4,
2022-09,2i5w-ykuw,Spin,12,15,17,8,
2022-09,2i5w-ykuw,Spin,13,59,73,16,
2022-09,2i5w-ykuw,Spin,14,138,158,53,
2022-09,2i5w-ykuw,Spin,15,169,167,86,
2022-09,2i5w-ykuw,Spin,16,179,209,65,
2022-09,2i5w-ykuw,Spin,17,46,55,27,
2022-09,2i5w-ykuw,Spin,18,68,67,34,
2022-09,2i5w-ykuw,Spin,19,396,371,241,
2022-09,2i5w-ykuw,Spin,20,109,93,36,
2022-09,2i5w-ykuw,Spin,21,166,201,56,
2022-09,2i5w-ykuw,Spin,22,597,642,294,
2022-09,2i5w-ykuw,Spin,23,385,409,240,
2022-09,2i5w-ykuw,Spin,24,521,526,233,
2022-09,2i5w-ykuw,Spin,25,469,502,365,
2022-09,2i5w-ykuw,Spin,26,276,241,167,
2022-09,2i5w-ykuw,Spin,27,165,150,73,
2022-09,2i5w-ykuw,Spin,28,182,208,94,
2022-09,2i5w-ykuw,Spin,29,251,246,157,
2022-09,2i5w-ykuw,Spin,30,65,75,35,
2022-09,2i5w-ykuw,Spin,31,23,29,10,
2022-09,2i5w-ykuw,Spin,32,111,148,56,
2022-09,2i5w-ykuw,Spin,33,24,26,8,
2022-09,2i5w-ykuw,Spin,34,13,17,7,
2022-09,2i5w-ykuw,Spin,35,8,11,3,
2022-09,2i5w-ykuw,Spin,36,0,1,0,
2022-09,2i5w-ykuw,Spin,37,19,24,3,
2022-09,2i5w-ykuw,Spin,38,107,91,57,
2022-09,2i5w-ykuw,Spin,39,12,16,7,
2022-09,2i5w-ykuw,Spin,40,101,97,49,
2022-09,2i5w-ykuw,Spin,41,32,42,15,
2022-09,2i5w-ykuw,Spin,42,85,84,44,
2022-09,2i5w-ykuw,Spin,43,173,187,118,
2022-09,2i5w-ykuw,Spin,44,246,239,120,
2022-09,2i5w-ykuw,Spin,45,47,37,15,
2022-09,2i5w-ykuw,Spin,46,285,263,225,
2022-09,2i5w-ykuw,Spin,47,27,34,18,
2022-09,2i5w-ykuw,Spin,48,25,31,9,
2022-09,2i5w-ykuw,Spin,49,490,479,407,
2022-09,2i5w-ykuw,Spin,50,64,62,29,
2022-09,2i5w-ykuw,Spin,51,24,28,6,
2022-09,2i5w-ykuw,Spin,52,143,147,119,
2022-09,2i5w-ykuw,Spin,53,46,58,30,
2022-09,2i5w-ykuw,Spin,54,3,5,1,
2022-09,2i5w-ykuw,Spin,55,22,28,15,
2022-09,2i5w-ykuw,Spin,56,21,24,11,
2022-09,2i5w-ykuw,Spin,57,74,77,45,
2022-09,2i5w-ykuw,Spin,58,184,184,116,
2022-09,2i5w-ykuw,Spin,59,37,37,11,
2022-09,2i5w-ykuw,Spin,60,13,13,7,
2022-09,2i5w-ykuw,Spin,61,255,247,171,
2022-09,2i5w-ykuw,Spin,62,71,65,22,
2022-09,2i5w-ykuw,Spin,63,299,300,198,
2022-09,2i5w-ykuw,Spin,64,7,9,2,
2022-09,2i5w-ykuw,Spin,65,147,132,92,
2022-09,2i5w-ykuw,Spin,66,209,215,134,
2022-09,2i5w-ykuw,Spin,67,142,149,95,
2022-09,2i5w-ykuw,Spin,68,180,175,109,
2022-09,2i5w-ykuw,Spin,69,226,222,135,
2022-09,2i5w-ykuw,Spin,70,29,36,18,
2022-09,2i5w-ykuw,Spin,71,191,194,115,
2022-09,2i5w-ykuw,Spin,72,6,8,0,
2022-09,2i5w-ykuw,Spin,73,77,72,48,
2022-09,2i5w-ykuw,Spin,75,35,34,22,
2022-09,2i5w-ykuw,Spin,76,0,1,0,
2022-09,2i5w-ykuw,Spin,77,827,808,425,
2022-10,2i5w-ykuw,Lime,,150,157,0,
2022-10,2i5w-ykuw,Lime,1,3327,3300,2386,
2022-10,2i5w-ykuw,Lime,2,1833,1960,1090,
2022-10,2i5w-ykuw,Lime,3,3610,3571,1814,
2022-10,2i5w-ykuw,Lime,4,1935,1958,949,
2022-10,2i5w-ykuw,Lime,5,2278,2299,956,
2022-10,2i5w-ykuw,Lime,6,9433,9358,5830,
2022-10,2i5w-ykuw,Lime,7,8479,8016,5176,
2022-10,2i5w-ykuw,Lime,8,3017,3441,1529,
2022-10,2i5w-ykuw,Lime,9,60,68,35,
2022-10,2i5w-ykuw,Lime,10,256,276,152,
2022-10,2i5w-ykuw,Lime,11,413,431,215,
2022-10,2i5w-ykuw,Lime,12,78,102,29,
2022-10,2i5w-ykuw,Lime,13,678,694,314,
2022-10,2i5w-ykuw,Lime,14,1450,1462,771,
2022-10,2i5w-ykuw,Lime,15,1699,1763,928,
2022-10,2i5w-ykuw,Lime,16,1872,1896,820,
2022-10,2i5w-ykuw,Lime,17,581,626,340,
2022-10,2i5w-ykuw,Lime,18,320,341,114,
2022-10,2i5w-ykuw,Lime,19,4325,4384,2866,
2022-10,2i5w-ykuw,Lime,20,1390,1397,466,
2022-10,2i5w-ykuw,Lime,21,1941,1994,762,
2022-10,2i5w-ykuw,Lime,22,7368,7266,4149,
2022-10,2i5w-ykuw,Lime,23,3358,3435,1685,
2022-10,2i5w-ykuw,Lime,24,10420,9428,6720,
2022-10,2i5w-ykuw,Lime,25,3513,3618,2625,
2022-10,2i5w-ykuw,Lime,26,1430,1434,1105,
2022-10,2i5w-ykuw,Lime,27,880,912,454,
2022-10,2i5w-ykuw,Lime,28,2853,2942,1559,
2022-10,2i5w-ykuw,Lime,29,1549,1566,1073,
2022-10,2i5w-ykuw,Lime,30,1327,1386,962,
2022-10,2i5w-ykuw,Lime,31,773,776,402,
2022-10,2i5w-ykuw,Lime,32,1293,1639,674,
2022-10,2i5w-ykuw,Lime,33,282,295,121,
2022-10,2i5w-ykuw,Lime,34,221,233,79,
2022-10,2i5w-ykuw,Lime,35,239,233,97,
2022-10,2i5w-ykuw,Lime,36,66,71,31,
2022-10,2i5w-ykuw,Lime,37,149,157,49,
2022-10,2i5w-ykuw,Lime,38,516,532,224,
2022-10,2i5w-ykuw,Lime,39,400,393,149,
2022-10,2i5w-ykuw,Lime,40,412,401,196,
2022-10,2i5w-ykuw,Lime,41,1270,1229,887,
2022-10,2i5w-ykuw,Lime,42,590,568,276,
2022-10,2i5w-ykuw,Lime,43,1451,1463,1041,
2022-10,2i5w-ykuw,Lime,44,1657,1518,998,
2022-10,2i5w-ykuw,Lime,45,197,210,62,
2022-10,2i5w-ykuw,Lime,46,530,550,332,
2022-10,2i5w-ykuw,Lime,47,68,69,29,
2022-10,2i5w-ykuw,Lime,48,249,246,135,
2022-10,2i5w-ykuw,Lime,49,1236,1236,830,
2022-10,2i5w-ykuw,Lime,50,239,244,85,
2022-10,2i5w-ykuw,Lime,51,248,262,146,
2022-10,2i5w-ykuw,Lime,52,698,685,588,
2022-10,2i5w-ykuw,Lime,53,551,552,409,
2022-10,2i5w-ykuw,Lime,54,65,67,62,
2022-10,2i5w-ykuw,Lime,55,185,188,122,
2022-10,2i5w-ykuw,Lime,56,307,390,120,
2022-10,2i5w-ykuw,Lime,57,849,846,375,
2022-10,2i5w-ykuw,Lime,58,2081,2074,1234,
2022-10,2i5w-ykuw,Lime,59,462,469,259,
2022-10,2i5w-ykuw,Lime,60,526,527,295,
2022-10,2i5w-ykuw,Lime,61,1752,1729,1243,
2022-10,2i5w-ykuw,Lime,62,1286,1209,609,
2022-10,2i5w-ykuw,Lime,63,2901,2893,1651,
2022-10,2i5w-ykuw,Lime,64,140,230,61,
2022-10,2i5w-ykuw,Lime,65,2000,1937,1107,
2022-10,2i5w-ykuw,Lime,66,3492,3377,2121,
2022-10,2i5w-ykuw,Lime,67,732,748,389,
2022-10,2i5w-ykuw,Lime,68,879,905,566,
2022-10,2i5w-ykuw,Lime,69,1200,1268,709,
2022-10,2i5w-ykuw,Lime,70,418,522,257,
2022-10,2i5w-ykuw,Lime,71,982,973,557,
2022-10,2i5w-ykuw,Lime,72,41,90,12,
2022-10,2i5w-ykuw,Lime,73,625,597,404,
2022-10,2i5w-ykuw,Lime,74,3,5,0,
2022-10,2i5w-ykuw,Lime,75,93,97,25,
2022-10,2i5w-ykuw,Lime,76,11,14,9,
2022-10,2i5w-ykuw,Lime,77,3331,3321,1906,
2022-10,2i5w-ykuw,Link,,23,57,0,
2022-10,2i5w-ykuw,Link,1,34,42,23,
2022-10,2i5w-ykuw,Link,2,8,13,3,
2022-10,2i5w-ykuw,Link,3,99,99,53,
2022-10,2i5w-ykuw,Link,4,65,55,26,
2022-10,2i5w-ykuw,Link,5,97,94,46,
2022-10,2i5w-ykuw,Link,6,200,198,117,
2022-10,2i5w-ykuw,Link,7,167,159,117,
2022-10,2i5w-ykuw,Link,10,23,24,15,
2022-10,2i5w-ykuw,Link,11,29,34,8,
2022-10,2i5w-ykuw,Link,12,6,7,5,
2022-10,2i5w-ykuw,Link,13,7,8,2,
2022-10,2i5w-ykuw,Link,14,20,32,6,
2022-10,2i5w-ykuw,Link,15,99,97,54,
2022-10,2i5w-ykuw,Link,16,96,107,45,
2022-10,2i5w-ykuw,Link,17,41,56,27,
2022-10,2i5w-ykuw,Link,18,43,53,22,
2022-10,2i5w-ykuw,Link,19,727,671,530,
2022-10,2i5w-ykuw,Link,20,143,152,70,
2022-10,2i5w-ykuw,Link,21,59,56,14,
2022-10,2i5w-ykuw,Link,22,274,268,154,
2022-10,2i5w-ykuw,Link,23,99,120,52,
2022-10,2i5w-ykuw,Link,24,72,102,47,
2022-10,2i5w-ykuw,Link,25,335,348,247,
2022-10,2i5w-ykuw,Link,26,88,96,53,
2022-10,2i5w-ykuw,Link,27,130,112,70,
2022-10,2i5w-ykuw,Link,28,130,134,89,
2022-10,2i5w-ykuw,Link,29,264,265,148,
2022-10,2i5w-ykuw,Link,30,685,609,486,
2022-10,2i5w-ykuw,Link,31,56,79,16,
2022-10,2i5w-ykuw,Link,32,2,3,1,
2022-10,2i5w-ykuw,Link,33,0,2,0,
2022-10,2i5w-ykuw,Link,34,4,5,0,
2022-10,2i5w-ykuw,Link,35,27,38,10,
2022-10,2i5w-ykuw,Link,36,36,38,21,
2022-10,2i5w-ykuw,Link,37,57,55,14,
2022-10,2i5w-ykuw,Link,38,269,256,156,
2022-10,2i5w-ykuw,Link,39,57,68,23,
2022-10,2i5w-ykuw,Link,40,171,136,71,
2022-10,2i5w-ykuw,Link,41,135,162,73,
2022-10,2i5w-ykuw,Link,42,304,316,180,
2022-10,2i5w-ykuw,Link,43,244,246,147,
2022-10,2i5w-ykuw,Link,44,451,422,221,
2022-10,2i5w-ykuw,Link,45,109,114,51,
2022-10,2i5w-ykuw,Link,46,149,134,71,
2022-10,2i5w-ykuw,Link,47,19,26,6,
2022-10,2i5w-ykuw,Link,48,86,76,36,
2022-10,2i5w-ykuw,Link,49,472,466,283,
2022-10,2i5w-ykuw,Link,50,106,90,50,
2022-10,2i5w-ykuw,Link,51,61,69,28,
2022-10,2i5w-ykuw,Link,52,128,135,108,
2022-10,2i5w-ykuw,Link,53,212,204,151,
2022-10,2i5w-ykuw,Link,54,3,6,1,
2022-10,2i5w-ykuw,Link,55,152,148,131,
2022-10,2i5w-ykuw,Link,56,55,71,23,
2022-10,2i5w-ykuw,Link,57,241,199,119,
2022-10,2i5w-ykuw,Link,58,315,280,166,
2022-10,2i5w-ykuw,Link,59,57,59,31,
2022-10,2i5w-ykuw,Link,60,8,17,5,
2022-10,2i5w-ykuw,Link,61,170,167,94,
2022-10,2i5w-ykuw,Link,62,273,277,147,
2022-10,2i5w-ykuw,Link,63,244,268,129,
2022-10,2i5w-ykuw,Link,64,24,37,11,
2022-10,2i5w-ykuw,Link,65,370,346,224,
2022-10,2i5w-ykuw,Link,66,404,416,267,
2022-10,2i5w-ykuw,Link,67,260,277,123,
2022-10,2i5w-ykuw,Link,68,509,452,290,
2022-10,2i5w-ykuw,Link,69,241,262,117,
2022-10,2i5w-ykuw,Link,70,55,77,32,
2022-10,2i5w-ykuw,Link,71,252,288,132,
2022-10,2i5w-ykuw,Link,72,39,47,18,
2022-10,2i5w-ykuw,Link,73,130,135,86,
2022-10,2i5w-ykuw,Link,74,123,119,114,
2022-10,2i5w-ykuw,Link,75,106,106,61,
2022-10,2i5w-ykuw,Link,76,2,2,0,
2022-10,2i5w-ykuw,Link,77,71,58,34,
2022-10,2i5w-ykuw,Lyft,,0,1,0,
2022-10,2i5w-ykuw,Lyft,7,4672,5064,2190,
2022-10,2i5w-ykuw,Lyft,8,27137,26721,16231,
2022-10,2i5w-ykuw,Lyft,22,579,648,155,
2022-10,2i5w-ykuw,Lyft,24,6594,7383,2952,
2022-10,2i5w-ykuw,Lyft,27,0,1,0,
2022-10,2i5w-ykuw,Lyft,28,25026,24438,15575,
2022-10,2i5w-ykuw,Lyft,29,0,1,0,
2022-10,2i5w-ykuw,Lyft,31,1992,1951,750,
2022-10,2i5w-ykuw,Lyft,32,20182,19986,10484,
2022-10,2i5w-ykuw,Lyft,33,3470,3466,1380,
2022-10,2i5w-ykuw,Lyft,34,1200,1196,406,
2022-10,2i5w-ykuw,Lyft,35,2046,2037,1540,
2022-10,2i5w-ykuw,Lyft,36,15,12,1,
2022-10,2i5w-ykuw,Lyft,37,0,1,0,
2022-10,2i5w-ykuw,Lyft,38,3,24,1,
2022-10,2i5w-ykuw,Lyft,59,118,132,43,
2022-10,2i5w-ykuw,Lyft,60,1121,1080,488,
2022-10,2i5w-ykuw,Lyft,61,5,18,3,
2022-10,2i5w-ykuw,Spin,,0,9,0,
2022-10,2i5w-ykuw,Spin,1,228,252,165,
2022-10,2i5w-ykuw,Spin,2,55,84,30,
2022-10,2i5w-ykuw,Spin,3,1235,1193,609,
2022-10,2i5w-ykuw,Spin,4,382,416,156,
2022-10,2i5w-ykuw,Spin,5,448,453,149,
2022-10,2i5w-ykuw,Spin,6,4703,4395,3177,
2022-10,2i5w-ykuw,Spin,7,1945,1989,1084,
2022-10,2i5w-ykuw,Spin,8,263,347,110,
2022-10,2i5w-ykuw,Spin,10,2,4,2,
2022-10,2i5w-ykuw,Spin,11,3,4,0,
2022-10,2i5w-ykuw,Spin,12,2,4,0,
2022-10,2i5w-ykuw,Spin,13,13,17,4,
2022-10,2i5w-ykuw,Spin,14,39,61,14,
2022-10,2i5w-ykuw,Spin,15,50,51,9,
2022-10,2i5w-ykuw,Spin,16,91,118,31,
2022-10,2i5w-ykuw,Spin,17,21,28,14,
2022-10,2i5w-ykuw,Spin,18,26,26,11,
2022-10,2i5w-ykuw,Spin,19,323,295,222,
2022-10,2i5w-ykuw,Spin,20,68,64,22,
2022-10,2i5w-ykuw,Spin,21,82,109,29,
2022-10,2i5w-ykuw,Spin,22,390,401,227,
2022-10,2i5w-ykuw,Spin,23,189,175,109,
2022-10,2i5w-ykuw,Spin,24,309,329,160,
2022-10,2i5w-ykuw,Spin,25,292,316,249,
2022-10,2i5w-ykuw,Spin,26,91,67,51,
2022-10,2i5w-ykuw,Spin,27,66,60,29,
2022-10,2i5w-ykuw,Spin,28,97,117,38,
2022-10,2i5w-ykuw,Spin,29,58,56,28,
2022-10,2i5w-ykuw,Spin,30,50,52,41,
2022-10,2i5w-ykuw,Spin,31,9,15,4,
2022-10,2i5w-ykuw,Spin,32,50,75,25,
2022-10,2i5w-ykuw,Spin,33,18,21,9,
2022-10,2i5w-ykuw,Spin,34,5,7,3,
2022-10,2i5w-ykuw,Spin,35,4,5,1,
2022-10,2i5w-ykuw,Spin,36,0,1,0,
2022-10,2i5w-ykuw,Spin,37,9,8,3,
2022-10,2i5w-ykuw,Spin,38,31,22,12,
2022-10,2i5w-ykuw,Spin,39,3,6,1,
2022-10,2i5w-ykuw,Spin,40,72,54,44,
2022-10,2i5w-ykuw,Spin,41,26,34,14,
2022-10,2i5w-ykuw,Spin,42,16,18,3,
2022-10,2i5w-ykuw,Spin,43,78,89,59,
2022-10,2i5w-ykuw,Spin,44,150,134,98,
2022-10,2i5w-ykuw,Spin,45,16,19,3,
2022-10,2i5w-ykuw,Spin,46,133,126,98,
2022-10,2i5w-ykuw,Spin,47,9,7,2,
2022-10,2i5w-ykuw,Spin,48,13,15,5,
2022-10,2i5w-ykuw,Spin,49,142,138,105,
2022-10,2i5w-ykuw,Spin,50,46,47,26,
2022-10,2i5w-ykuw,Spin,51,42,42,31,
2022-10,2i5w-ykuw,Spin,52,85,92,74,
2022-10,2i5w-ykuw,Spin,53,21,29,20,
2022-10,2i5w-ykuw,Spin,54,1,1,0,
2022-10,2i5w-ykuw,Spin,55,19,16,8,
2022-10,2i5w-ykuw,Spin,56,10,12,3,
2022-10,2i5w-ykuw,Spin,57,56,55,32,
2022-10,2i5w-ykuw,Spin,58,112,116,66,
2022-10,2i5w-ykuw,Spin,59,42,36,14,
2022-10,2i5w-ykuw,Spin,60,4,8,3,
2022-10,2i5w-ykuw,Spin,61,93,104,54,
2022-10,2i5w-ykuw,Spin,62,52,46,29,
2022-10,2i5w-ykuw,Spin,63,131,129,76,
2022-10,2i5w-ykuw,Spin,64,10,12,5,
2022-10,2i5w-ykuw,Spin,65,59,59,38,
2022-10,2i5w-ykuw,Spin,66,105,113,72,
2022-10,2i5w-ykuw,Spin,67,77,84,45,
2022-10,2i5w-ykuw,Spin,68,119,105,75,
2022-10,2i5w-ykuw,Spin,69,143,143,95,
2022-10,2i5w-ykuw,Spin,70,9,14,4,
2022-10,2i5w-ykuw,Spin,71,42,39,16,
2022-10,2i5w-ykuw,Spin,72,16,23,7,
2022-10,2i5w-ykuw,Spin,73,48,46,32,
2022-10,2i5w-ykuw,Spin,74,1,1,1,
2022-10,2i5w-ykuw,Spin,75,9,9,6,
2022-10,2i5w-ykuw,Spin,77,508,498,244,
2022-11,2i5w-ykuw,Lime,,75,68,0,
2022-11,2i5w-ykuw,Lime,1,2340,2262,1717,
2022-11,2i5w-ykuw,Lime,2,915,1014,550,
2022-11,2i5w-ykuw,Lime,3,2582,2488,1420,
2022-11,2i5w-ykuw,Lime,4,1042,1068,509,
2022-11,2i5w-ykuw,Lime,5,1106,1188,409,
2022-11,2i5w-ykuw,Lime,6,6448,6256,4298,
2022-11,2i5w-ykuw,Lime,7,5130,4868,3227,
2022-11,2i5w-ykuw,Lime,8,1591,1926,946,
2022-11,2i5w-ykuw,Lime,9,41,49,30,
2022-11,2i5w-ykuw,Lime,10,172,190,121,
2022-11,2i5w-ykuw,Lime,11,155,165,61,
2022-11,2i5w-ykuw,Lime,12,26,45,8,
2022-11,2i5w-ykuw,Lime,13,222,242,93,
2022-11,2i5w-ykuw,Lime,14,515,540,228,
2022-11,2i5w-ykuw,Lime,15,860,913,474,
2022-11,2i5w-ykuw,Lime,16,1145,1199,522,
2022-11,2i5w-ykuw,Lime,17,304,341,171,
2022-11,2i5w-ykuw,Lime,18,185,191,63,
2022-11,2i5w-ykuw,Lime,19,2420,2446,1617,
2022-11,2i5w-ykuw,Lime,20,890,855,343,
2022-11,2i5w-ykuw,Lime,21,1178,1258,534,
2022-11,2i5w-ykuw,Lime,22,4434,4373,2556,
2022-11,2i5w-ykuw,Lime,23,2063,2096,1099,
2022-11,2i5w-ykuw,Lime,24,6255,5692,4174,
2022-11,2i5w-ykuw,Lime,25,1439,1481,1027,
2022-11,2i5w-ykuw,Lime,26,492,475,327,
2022-11,2i5w-ykuw,Lime,27,394,413,187,
2022-11,2i5w-ykuw,Lime,28,1535,1636,857,
2022-11,2i5w-ykuw,Lime,29,584,591,368,
2022-11,2i5w-ykuw,Lime,30,745,746,541,
2022-11,2i5w-ykuw,Lime,31,332,354,174,
2022-11,2i5w-ykuw,Lime,32,358,476,188,
2022-11,2i5w-ykuw,Lime,33,90,103,36,
2022-11,2i5w-ykuw,Lime,34,71,72,19,
2022-11,2i5w-ykuw,Lime,35,77,80,27,
2022-11,2i5w-ykuw,Lime,36,25,26,11,
2022-11,2i5w-ykuw,Lime,37,98,94,14,
2022-11,2i5w-ykuw,Lime,38,289,288,148,
2022-11,2i5w-ykuw,Lime,39,179,175,85,
2022-11,2i5w-ykuw,Lime,40,228,215,105,
2022-11,2i5w-ykuw,Lime,41,554,546,387,
2022-11,2i5w-ykuw,Lime,42,319,338,153,
2022-11,2i5w-ykuw,Lime,43,814,837,640,
2022-11,2i5w-ykuw,Lime,44,913,859,528,
2022-11,2i5w-ykuw,Lime,45,127,133,53,
2022-11,2i5w-ykuw,Lime,46,203,206,109,
2022-11,2i5w-ykuw,Lime,47,38,33,12,
2022-11,2i5w-ykuw,Lime,48,95,95,42,
2022-11,2i5w-ykuw,Lime,49,839,818,507,
2022-11,2i5w-ykuw,Lime,50,173,185,76,
2022-11,2i5w-ykuw,Lime,51,80,94,44,
2022-11,2i5w-ykuw,Lime,52,386,380,331,
2022-11,2i5w-ykuw,Lime,53,268,278,184,
2022-11,2i5w-ykuw,Lime,54,13,17,12,
2022-11,2i5w-ykuw,Lime,55,107,104,72,
2022-11,2i5w-ykuw,Lime,56,211,293,101,
2022-11,2i5w-ykuw,Lime,57,599,583,308,
2022-11,2i5w-ykuw,Lime,58,1240,1181,747,
2022-11,2i5w-ykuw,Lime,59,178,182,81,
2022-11,2i5w-ykuw,Lime,60,287,293,194,
2022-11,2i5w-ykuw,Lime,61,1064,1044,780,
2022-11,2i5w-ykuw,Lime,62,838,834,397,
2022-11,2i5w-ykuw,Lime,63,1697,1697,984,
2022-11,2i5w-ykuw,Lime,64,86,139,32,
2022-11,2i5w-ykuw,Lime,65,978,944,459,
2022-11,2i5w-ykuw,Lime,66,1609,1598,941,
2022-11,2i5w-ykuw,Lime,67,345,351,188,
2022-11,2i5w-ykuw,Lime,68,513,478,319,
2022-11,2i5w-ykuw,Lime,69,762,784,477,
2022-11,2i5w-ykuw,Lime,70,122,165,63,
2022-11,2i5w-ykuw,Lime,71,570,577,307,
2022-11,2i5w-ykuw,Lime,72,22,34,8,
2022-11,2i5w-ykuw,Lime,73,324,322,198,
2022-11,2i5w-ykuw,Lime,74,2,6,1,
2022-11,2i5w-ykuw,Lime,75,52,45,11,
2022-11,2i5w-ykuw,Lime,76,1,2,0,
2022-11,2i5w-ykuw,Lime,77,2106,2132,1187,
2022-11,2i5w-ykuw,Link,,6,9,0,
2022-11,2i5w-ykuw,Link,2,1,2,0,
2022-11,2i5w-ykuw,Link,3,7,5,2,
2022-11,2i5w-ykuw,Link,4,13,11,9,
2022-11,2i5w-ykuw,Link,5,3,3,0,
2022-11,2i5w-ykuw,Link,6,43,44,35,
2022-11,2i5w-ykuw,Link,7,16,15,8,
2022-11,2i5w-ykuw,Link,11,1,2,0,
2022-11,2i5w-ykuw,Link,14,2,2,1,
2022-11,2i5w-ykuw,Link,15,4,4,2,
2022-11,2i5w-ykuw,Link,16,1,1,1,
2022-11,2i5w-ykuw,Link,17,5,4,1,
2022-11,2i5w-ykuw,Link,18,2,6,0,
2022-11,2i5w-ykuw,Link,19,35,31,22,
2022-11,2i5w-ykuw,Link,20,3,3,0,
2022-11,2i5w-ykuw,Link,21,3,6,2,
2022-11,2i5w-ykuw,Link,22,10,7,3,
2022-11,2i5w-ykuw,Link,23,5,4,1,
2022-11,2i5w-ykuw,Link,25,21,22,10,
2022-11,2i5w-ykuw,Link,26,6,9,1,
2022-11,2i5w-ykuw,Link,27,9,5,5,
2022-11,2i5w-ykuw,Link,28,5,9,4,
2022-11,2i5w-ykuw,Link,29,18,18,6,
2022-11,2i5w-ykuw,Link,30,83,74,55,
2022-11,2i5w-ykuw,Link,31,10,13,3,
2022-11,2i5w-ykuw,Link,32,0,1,0,
2022-11,2i5w-ykuw,Link,34,0,1,0,
2022-11,2i5w-ykuw,Link,35,1,4,0,
2022-11,2i5w-ykuw,Link,36,1,1,0,
2022-11,2i5w-ykuw,Link,37,5,10,0,
2022-11,2i5w-ykuw,Link,38,25,16,10,
2022-11,2i5w-ykuw,Link,39,5,8,3,
2022-11,2i5w-ykuw,Link,40,15,11,3,
2022-11,2i5w-ykuw,Link,41,8,9,1,
2022-11,2i5w-ykuw,Link,42,68,65,45,
2022-11,2i5w-ykuw,Link,43,36,31,20,
2022-11,2i5w-ykuw,Link,44,73,76,40,
2022-11,2i5w-ykuw,Link,45,20,23,11,
2022-11,2i5w-ykuw,Link,46,14,15,6,
2022-11,2i5w-ykuw,Link,47,6,6,0,
2022-11,2i5w-ykuw,Link,48,9,7,0,
2022-11,2i5w-ykuw,Link,49,65,61,33,
2022-11,2i5w-ykuw,Link,50,9,10,0,
2022-11,2i5w-ykuw,Link,51,11,9,4,
2022-11,2i5w-ykuw,Link,52,6,10,6,
2022-11,2i5w-ykuw,Link,53,33,35,22,
2022-11,2i5w-ykuw,Link,55,4,2,2,
2022-11,2i5w-ykuw,Link,56,4,7,2,
2022-11,2i5w-ykuw,Link,57,25,18,6,
2022-11,2i5w-ykuw,Link,58,46,53,24,
2022-11,2i5w-ykuw,Link,59,14,13,4,
2022-11,2i5w-ykuw,Link,60,2,0,0,
2022-11,2i5w-ykuw,Link,61,30,27,13,
2022-11,2i5w-ykuw,Link,62,32,29,13,
2022-11,2i5w-ykuw,Link,63,25,28,12,
2022-11,2i5w-ykuw,Link,64,7,7,4,
2022-11,2i5w-ykuw,Link,65,35,36,23,
2022-11,2i5w-ykuw,Link,66,30,32,15,
2022-11,2i5w-ykuw,Link,67,38,40,17,
2022-11,2i5w-ykuw,Link,68,65,64,42,
2022-11,2i5w-ykuw,Link,69,32,36,17,
2022-11,2i5w-ykuw,Link,70,7,8,1,
2022-11,2i5w-ykuw,Link,71,25,23,12,
2022-11,2i5w-ykuw,Link,72,6,11,3,
2022-11,2i5w-ykuw,Link,73,14,12,5,
2022-11,2i5w-ykuw,Link,75,14,12,6,
2022-11,2i5w-ykuw,Link,77,0,1,0,
2022-11,2i5w-ykuw,Lyft,7,2151,2334,923,
2022-11,2i5w-ykuw,Lyft,8,15403,15292,9251,
2022-11,2i5w-ykuw,Lyft,22,256,271,53,
2022-11,2i5w-ykuw,Lyft,24,4004,4398,1724,
2022-11,2i5w-ykuw,Lyft,28,16423,16111,10461,
2022-11,2i5w-ykuw,Lyft,30,0,1,0,
2022-11,2i5w-ykuw,Lyft,31,1326,1240,551,
2022-11,2i5w-ykuw,Lyft,32,11175,11146,5542,
2022-11,2i5w-ykuw,Lyft,33,1797,1721,587,
2022-11,2i5w-ykuw,Lyft,34,912,922,381,
2022-11,2i5w-ykuw,Lyft,35,1938,1906,1567,
2022-11,2i5w-ykuw,Lyft,36,9,12,0,
2022-11,2i5w-ykuw,Lyft,38,1,19,0,
2022-11,2i5w-ykuw,Lyft,59,47,78,23,
2022-11,2i5w-ykuw,Lyft,60,828,815,342,
2022-11,2i5w-ykuw,Lyft,61,1,5,0,
2022-11,2i5w-ykuw,Spin,,0,6,0,
2022-11,2i5w-ykuw,Spin,1,64,68,36,
2022-11,2i5w-ykuw,Spin,2,21,29,18,
2022-11,2i5w-ykuw,Spin,3,504,497,253,
2022-11,2i5w-ykuw,Spin,4,189,189,91,
2022-11,2i5w-ykuw,Spin,5,308,319,120,
2022-11,2i5w-ykuw,Spin,6,2910,2727,2135,
2022-11,2i5w-ykuw,Spin,7,1083,1116,612,
2022-11,2i5w-ykuw,Spin,8,149,179,71,
2022-11,2i5w-ykuw,Spin,10,1,2,0,
2022-11,2i5w-ykuw,Spin,11,7,13,3,
2022-11,2i5w-ykuw,Spin,12,1,1,0,
2022-11,2i5w-ykuw,Spin,13,4,5,0,
2022-11,2i5w-ykuw,Spin,14,19,28,6,
2022-11,2i5w-ykuw,Spin,15,34,36,17,
2022-11,2i5w-ykuw,Spin,16,40,52,9,
2022-11,2i5w-ykuw,Spin,17,8,12,5,
2022-11,2i5w-ykuw,Spin,18,20,19,5,
2022-11,2i5w-ykuw,Spin,19,196,180,101,
2022-11,2i5w-ykuw,Spin,20,43,40,15,
2022-11,2i5w-ykuw,Spin,21,42,62,14,
2022-11,2i5w-ykuw,Spin,22,127,148,59,
2022-11,2i5w-ykuw,Spin,23,68,65,22,
2022-11,2i5w-ykuw,Spin,24,148,170,93,
2022-11,2i5w-ykuw,Spin,25,259,273,216,
2022-11,2i5w-ykuw,Spin,26,38,33,21,
2022-11,2i5w-ykuw,Spin,27,52,34,27,
2022-11,2i5w-ykuw,Spin,28,44,55,21,
2022-11,2i5w-ykuw,Spin,29,38,46,21,
2022-11,2i5w-ykuw,Spin,30,22,22,10,
2022-11,2i5w-ykuw,Spin,31,15,21,8,
2022-11,2i5w-ykuw,Spin,32,9,12,4,
2022-11,2i5w-ykuw,Spin,33,12,14,8,
2022-11,2i5w-ykuw,Spin,34,1,2,0,
2022-11,2i5w-ykuw,Spin,35,6,9,4,
2022-11,2i5w-ykuw,Spin,36,3,3,0,
2022-11,2i5w-ykuw,Spin,37,13,7,2,
2022-11,2i5w-ykuw,Spin,38,24,22,13,
2022-11,2i5w-ykuw,Spin,39,4,5,2,
2022-11,2i5w-ykuw,Spin,40,48,53,29,
2022-11,2i5w-ykuw,Spin,41,9,10,3,
2022-11,2i5w-ykuw,Spin,42,20,20,6,
2022-11,2i5w-ykuw,Spin,43,79,85,63,
2022-11,2i5w-ykuw,Spin,44,163,141,78,
2022-11,2i5w-ykuw,Spin,45,18,24,9,
2022-11,2i5w-ykuw,Spin,46,97,92,67,
2022-11,2i5w-ykuw,Spin,47,45,50,4,
2022-11,2i5w-ykuw,Spin,48,12,12,2,
2022-11,2i5w-ykuw,Spin,49,147,145,111,
2022-11,2i5w-ykuw,Spin,50,69,70,53,
2022-11,2i5w-ykuw,Spin,51,21,24,11,
2022-11,2i5w-ykuw,Spin,52,3,5,1,
2022-11,2i5w-ykuw,Spin,53,11,12,3,
2022-11,2i5w-ykuw,Spin,56,6,8,1,
2022-11,2i5w-ykuw,Spin,57,55,58,32,
2022-11,2i5w-ykuw,Spin,58,114,102,78,
2022-11,2i5w-ykuw,Spin,59,17,15,6,
2022-11,2i5w-ykuw,Spin,60,3,4,1,
2022-11,2i5w-ykuw,Spin,61,46,53,30,
2022-11,2i5w-ykuw,Spin,62,42,37,14,
2022-11,2i5w-ykuw,Spin,63,68,75,35,
2022-11,2i5w-ykuw,Spin,64,7,8,1,
2022-11,2i5w-ykuw,Spin,65,55,46,27,
2022-11,2i5w-ykuw,Spin,66,61,61,35,
2022-11,2i5w-ykuw,Spin,67,50,53,30,
2022-11,2i5w-ykuw,Spin,68,92,74,54,
2022-11,2i5w-ykuw,Spin,69,79,82,52,
2022-11,2i5w-ykuw,Spin,70,6,13,4,
2022-11,2i5w-ykuw,Spin,71,28,32,15,
2022-11,2i5w-ykuw,Spin,72,10,10,9,
2022-11,2i5w-ykuw,Spin,73,24,30,13,
2022-11,2i5w-ykuw,Spin,74,3,3,3,
2022-11,2i5w-ykuw,Spin,75,5,6,2,
2022-11,2i5w-ykuw,Spin,76,1,1,0,
2022-11,2i5w-ykuw,Spin,77,214,219,115,
2022-12,2i5w-ykuw,Lime,,5,4,0,
2022-12,2i5w-ykuw,Lime,1,352,343,223,
2022-12,2i5w-ykuw,Lime,2,119,152,58,
2022-12,2i5w-ykuw,Lime,3,738,722,420,
2022-12,2i5w-ykuw,Lime,4,229,251,96,
2022-12,2i5w-ykuw,Lime,5,228,265,72,
2022-12,2i5w-ykuw,Lime,6,2112,2022,1429,
2022-12,2i5w-ykuw,Lime,7,1686,1558,1072,
2022-12,2i5w-ykuw,Lime,8,348,469,196,
2022-12,2i5w-ykuw,Lime,9,1,0,0,
2022-12,2i5w-ykuw,Lime,10,11,15,5,
2022-12,2i5w-ykuw,Lime,11,30,38,11,
2022-12,2i5w-ykuw,Lime,12,8,13,4,
2022-12,2i5w-ykuw,Lime,13,29,40,12,
2022-12,2i5w-ykuw,Lime,14,82,93,32,
2022-12,2i5w-ykuw,Lime,15,183,195,93,
2022-12,2i5w-ykuw,Lime,16,211,224,80,
2022-12,2i5w-ykuw,Lime,17,59,70,28,
2022-12,2i5w-ykuw,Lime,18,61,63,25,
2022-12,2i5w-ykuw,Lime,19,726,716,493,
2022-12,2i5w-ykuw,Lime,20,255,259,98,
2022-12,2i5w-ykuw,Lime,21,254,303,119,
2022-12,2i5w-ykuw,Lime,22,1183,1159,693,
2022-12,2i5w-ykuw,Lime,23,509,500,255,
2022-12,2i5w-ykuw,Lime,24,1850,1712,1287,
2022-12,2i5w-ykuw,Lime,25,318,330,216,
2022-12,2i5w-ykuw,Lime,26,62,61,33,
2022-12,2i5w-ykuw,Lime,27,83,80,43,
2022-12,2i5w-ykuw,Lime,28,281,334,148,
2022-12,2i5w-ykuw,Lime,29,85,89,57,
2022-12,2i5w-ykuw,Lime,30,91,96,74,
2022-12,2i5w-ykuw,Lime,31,33,39,14,
2022-12,2i5w-ykuw,Lime,32,41,51,20,
2022-12,2i5w-ykuw,Lime,33,5,7,3,
2022-12,2i5w-ykuw,Lime,34,7,8,2,
2022-12,2i5w-ykuw,Lime,35,4,4,1,
2022-12,2i5w-ykuw,Lime,36,0,1,0,
2022-12,2i5w-ykuw,Lime,37,6,6,0,
2022-12,2i5w-ykuw,Lime,38,39,37,20,
2022-12,2i5w-ykuw,Lime,39,8,10,3,
2022-12,2i5w-ykuw,Lime,40,27,25,11,
2022-12,2i5w-ykuw,Lime,41,30,29,17,
2022-12,2i5w-ykuw,Lime,42,49,51,26,
2022-12,2i5w-ykuw,Lime,43,218,215,155,
2022-12,2i5w-ykuw,Lime,44,209,188,106,
2022-12,2i5w-ykuw,Lime,45,32,33,7,
2022-12,2i5w-ykuw,Lime,46,42,43,19,
2022-12,2i5w-ykuw,Lime,47,24,26,15,
2022-12,2i5w-ykuw,Lime,48,29,26,18,
2022-12,2i5w-ykuw,Lime,49,147,132,74,
2022-12,2i5w-ykuw,Lime,50,33,38,10,
2022-12,2i5w-ykuw,Lime,51,17,18,9,
2022-12,2i5w-ykuw,Lime,52,67,73,63,
2022-12,2i5w-ykuw,Lime,53,74,88,56,
2022-12,2i5w-ykuw,Lime,54,1,0,0,
2022-12,2i5w-ykuw,Lime,55,19,12,10,
2022-12,2i5w-ykuw,Lime,56,53,60,14,
2022-12,2i5w-ykuw,Lime,57,100,101,42,
2022-12,2i5w-ykuw,Lime,58,169,165,88,
2022-12,2i5w-ykuw,Lime,59,21,21,8,
2022-12,2i5w-ykuw,Lime,60,20,24,9,
2022-12,2i5w-ykuw,Lime,61,138,146,99,
2022-12,2i5w-ykuw,Lime,62,179,160,70,
2022-12,2i5w-ykuw,Lime,63,366,365,212,
2022-12,2i5w-ykuw,Lime,64,19,22,6,
2022-12,2i5w-ykuw,Lime,65,153,142,55,
2022-12,2i5w-ykuw,Lime,66,241,242,123,
2022-12,2i5w-ykuw,Lime,67,59,61,27,
2022-12,2i5w-ykuw,Lime,68,83,82,42,
2022-12,2i5w-ykuw,Lime,69,135,147,70,
2022-12,2i5w-ykuw,Lime,70,26,32,11,
2022-12,2i5w-ykuw,Lime,71,173,177,100,
2022-12,2i5w-ykuw,Lime,72,18,22,13,
2022-12,2i5w-ykuw,Lime,73,48,50,30,
2022-12,2i5w-ykuw,Lime,75,12,11,2,
2022-12,2i5w-ykuw,Lime,76,3,3,1,
2022-12,2i5w-ykuw,Lime,77,416,413,218,
2022-12,2i5w-ykuw,Lyft,7,955,1016,449,
2022-12,2i5w-ykuw,Lyft,8,7876,7865,4857,
2022-12,2i5w-ykuw,Lyft,22,118,118,21,
2022-12,2i5w-ykuw,Lyft,24,1819,2014,787,
2022-12,2i5w-ykuw,Lyft,27,0,1,0,
2022-12,2i5w-ykuw,Lyft,28,8041,7840,5092,
2022-12,2i5w-ykuw,Lyft,31,649,613,278,
2022-12,2i5w-ykuw,Lyft,32,5759,5769,2920,
2022-12,2i5w-ykuw,Lyft,33,884,878,307,
2022-12,2i5w-ykuw,Lyft,34,479,461,177,
2022-12,2i5w-ykuw,Lyft,35,898,891,742,
2022-12,2i5w-ykuw,Lyft,36,2,4,0,
2022-12,2i5w-ykuw,Lyft,37,0,1,0,
2022-12,2i5w-ykuw,Lyft,38,0,2,0,
2022-12,2i5w-ykuw,Lyft,59,27,38,14,
2022-12,2i5w-ykuw,Lyft,60,488,481,236,
2022-12,2i5w-ykuw,Lyft,61,0,3,0,
2022-12,2i5w-ykuw,Spin,1,5,5,1,
2022-12,2i5w-ykuw,Spin,2,4,9,4,
2022-12,2i5w-ykuw,Spin,3,80,86,39,
2022-12,2i5w-ykuw,Spin,4,39,41,21,
2022-12,2i5w-ykuw,Spin,5,70,60,15,
2022-12,2i5w-ykuw,Spin,6,568,524,400,
2022-12,2i5w-ykuw,Spin,7,195,205,97,
2022-12,2i5w-ykuw,Spin,8,28,31,10,
2022-12,2i5w-ykuw,Spin,14,4,6,4,
2022-12,2i5w-ykuw,Spin,15,6,8,3,
2022-12,2i5w-ykuw,Spin,16,2,3,0,
2022-12,2i5w-ykuw,Spin,19,33,38,21,
2022-12,2i5w-ykuw,Spin,20,33,22,10,
2022-12,2i5w-ykuw,Spin,21,4,8,2,
2022-12,2i5w-ykuw,Spin,22,43,40,22,
2022-12,2i5w-ykuw,Spin,23,20,23,11,
2022-12,2i5w-ykuw,Spin,24,27,41,21,
2022-12,2i5w-ykuw,Spin,25,37,41,33,
2022-12,2i5w-ykuw,Spin,26,6,6,3,
2022-12,2i5w-ykuw,Spin,27,4,2,2,
2022-12,2i5w-ykuw,Spin,28,2,7,0,
2022-12,2i5w-ykuw,Spin,29,5,7,3,
2022-12,2i5w-ykuw,Spin,30,4,5,4,
2022-12,2i5w-ykuw,Spin,31,1,2,0,
2022-12,2i5w-ykuw,Spin,32,1,1,0,
2022-12,2i5w-ykuw,Spin,37,1,0,0,
2022-12,2i5w-ykuw,Spin,38,1,0,0,
2022-12,2i5w-ykuw,Spin,39,0,1,0,
2022-12,2i5w-ykuw,Spin,40,8,8,6,
2022-12,2i5w-ykuw,Spin,41,6,6,4,
2022-12,2i5w-ykuw,Spin,42,4,7,3,
2022-12,2i5w-ykuw,Spin,43,16,12,11,
2022-12,2i5w-ykuw,Spin,44,26,29,14,
2022-12,2i5w-ykuw,Spin,45,5,7,2,
2022-12,2i5w-ykuw,Spin,46,19,21,15,
2022-12,2i5w-ykuw,Spin,47,5,5,0,
2022-12,2i5w-ykuw,Spin,48,4,2,2,
2022-12,2i5w-ykuw,Spin,49,37,33,25,
2022-12,2i5w-ykuw,Spin,50,32,35,28,
2022-12,2i5w-ykuw,Spin,51,4,4,0,
2022-12,2i5w-ykuw,Spin,53,1,1,0,
2022-12,2i5w-ykuw,Spin,56,0,1,0,
2022-12,2i5w-ykuw,Spin,57,4,6,1,
2022-12,2i5w-ykuw,Spin,58,24,22,12,
2022-12,2i5w-ykuw,Spin,59,3,3,0,
2022-12,2i5w-ykuw,Spin,60,2,3,1,
2022-12,2i5w-ykuw,Spin,61,5,8,3,
2022-12,2i5w-ykuw,Spin,62,7,5,0,
2022-12,2i5w-ykuw,Spin,63,36,31,15,
2022-12,2i5w-ykuw,Spin,64,1,1,1,
2022-12,2i5w-ykuw,Spin,65,17,22,8,
2022-12,2i5w-ykuw,Spin,66,22,17,7,
2022-12,2i5w-ykuw,Spin,67,21,22,9,
2022-12,2i5w-ykuw,Spin,68,36,38,29,
2022-12,2i5w-ykuw,Spin,69,12,13,9,
2022-12,2i5w-ykuw,Spin,70,1,0,0,
2022-12,2i5w-ykuw,Spin,71,31,32,26,
2022-12,2i5w-ykuw,Spin,72,2,2,2,
2022-12,2i5w-ykuw,Spin,73,12,6,2,
2022-12,2i5w-ykuw,Spin,75,2,4,2,
2022-12,2i5w-ykuw,Spin,77,23,23,6,
2023-01,2i5w-ykuw,Lyft,7,571,609,265,
2023-01,2i5w-ykuw,Lyft,8,5599,5578,3568,
2023-01,2i5w-ykuw,Lyft,22,50,62,14,
2023-01,2i5w-ykuw,Lyft,24,1337,1523,620,
2023-01,2i5w-ykuw,Lyft,28,5874,5667,3728,
2023-01,2i5w-ykuw,Lyft,31,367,321,140,
2023-01,2i5w-ykuw,Lyft,32,3920,3949,2081,
2023-01,2i5w-ykuw,Lyft,33,593,613,231,
2023-01,2i5w-ykuw,Lyft,34,268,262,97,
2023-01,2i5w-ykuw,Lyft,35,634,640,546,
2023-01,2i5w-ykuw,Lyft,36,4,1,0,
2023-01,2i5w-ykuw,Lyft,38,0,1,0,
2023-01,2i5w-ykuw,Lyft,59,8,15,2,
2023-01,2i5w-ykuw,Lyft,60,299,283,163,
2023-02,2i5w-ykuw,Lyft,7,645,681,287,
2023-02,2i5w-ykuw,Lyft,8,5248,5263,3286,
2023-02,2i5w-ykuw,Lyft,22,119,140,40,
2023-02,2i5w-ykuw,Lyft,24,1588,1749,754,
2023-02,2i5w-ykuw,Lyft,28,6102,5900,3955,
2023-02,2i5w-ykuw,Lyft,31,440,415,181,
2023-02,2i5w-ykuw,Lyft,32,3738,3749,1917,
2023-02,2i5w-ykuw,Lyft,33,604,610,239,
2023-02,2i5w-ykuw,Lyft,34,369,365,144,
2023-02,2i5w-ykuw,Lyft,35,782,776,650,
2023-02,2i5w-ykuw,Lyft,36,0,1,0,
2023-02,2i5w-ykuw,Lyft,37,0,1,0,
2023-02,2i5w-ykuw,Lyft,38,1,2,0,
2023-02,2i5w-ykuw,Lyft,59,11,17,6,
2023-02,2i5w-ykuw,Lyft,60,332,310,168,
2023-02,2i5w-ykuw,Spin,21,0,1,0,
2023-02,2i5w-ykuw,Spin,22,1,0,0,
2023-02,2i5w-ykuw,Spin,24,0,1,0,
2023-02,2i5w-ykuw,Spin,25,1,1,1,
2023-02,2i5w-ykuw,Spin,26,2,4,2,
2023-02,2i5w-ykuw,Spin,27,2,0,0,
2023-02,2i5w-ykuw,Spin,29,1,2,1,
2023-02,2i5w-ykuw,Spin,30,1,0,0,
2023-02,2i5w-ykuw,Spin,34,0,2,0,
2023-02,2i5w-ykuw,Spin,37,4,1,1,
2023-02,2i5w-ykuw,Spin,38,1,0,0,
2023-02,2i5w-ykuw,Spin,40,0,1,0,
2023-02,2i5w-ykuw,Spin,43,1,2,1,
2023-02,2i5w-ykuw,Spin,46,9,5,5,
2023-02,2i5w-ykuw,Spin,49,3,4,3,
2023-02,2i5w-ykuw,Spin,51,0,3,0,
2023-02,2i5w-ykuw,Spin,56,0,2,0,
2023-02,2i5w-ykuw,Spin,58,2,1,1,
2023-02,2i5w-ykuw,Spin,61,2,3,2,
2023-02,2i5w-ykuw,Spin,62,1,1,0,
2023-02,2i5w-ykuw,Spin,63,6,3,1,
2023-02,2i5w-ykuw,Spin,66,0,1,0,
2023-02,2i5w-ykuw,Spin,68,3,3,3,
2023-02,2i5w-ykuw,Spin,71,1,1,1,
2023-02,2i5w-ykuw,Spin,73,1,0,0,
2023-03,2i5w-ykuw,Lime,,26,47,0,
2023-03,2i5w-ykuw,Lime,1,996,996,737,
2023-03,2i5w-ykuw,Lime,2,367,400,202,
2023-03,2i5w-ykuw,Lime,3,1055,1057,620,
2023-03,2i5w-ykuw,Lime,4,413,439,206,
2023-03,2i5w-ykuw,Lime,5,518,531,252,
2023-03,2i5w-ykuw,Lime,6,2966,2903,2047,
2023-03,2i5w-ykuw,Lime,7,3019,2854,2093,
2023-03,2i5w-ykuw,Lime,8,1281,1356,767,
2023-03,2i5w-ykuw,Lime,9,1,2,1,
2023-03,2i5w-ykuw,Lime,10,62,70,38,
2023-03,2i5w-ykuw,Lime,11,109,119,54,
2023-03,2i5w-ykuw,Lime,12,26,28,9,
2023-03,2i5w-ykuw,Lime,13,89,96,41,
2023-03,2i5w-ykuw,Lime,14,339,346,213,
2023-03,2i5w-ykuw,Lime,15,448,458,281,
2023-03,2i5w-ykuw,Lime,16,523,531,273,
2023-03,2i5w-ykuw,Lime,17,80,86,41,
2023-03,2i5w-ykuw,Lime,18,33,37,10,
2023-03,2i5w-ykuw,Lime,19,1087,1132,803,
2023-03,2i5w-ykuw,Lime,20,476,446,232,
2023-03,2i5w-ykuw,Lime,21,653,694,324,
2023-03,2i5w-ykuw,Lime,22,2390,2391,1563,
2023-03,2i5w-ykuw,Lime,23,1218,1297,748,
2023-03,2i5w-ykuw,Lime,24,4149,3867,2982,
2023-03,2i5w-ykuw,Lime,25,764,801,615,
2023-03,2i5w-ykuw,Lime,26,580,597,481,
2023-03,2i5w-ykuw,Lime,27,497,491,304,
2023-03,2i5w-ykuw,Lime,28,1403,1362,880,
2023-03,2i5w-ykuw,Lime,29,466,488,327,
2023-03,2i5w-ykuw,Lime,30,584,567,424,
2023-03,2i5w-ykuw,Lime,31,324,348,204,
2023-03,2i5w-ykuw,Lime,32,354,473,207,
2023-03,2i5w-ykuw,Lime,33,50,53,14,
2023-03,2i5w-ykuw,Lime,34,54,64,23,
2023-03,2i5w-ykuw,Lime,35,62,59,26,
2023-03,2i5w-ykuw,Lime,36,24,26,11,
2023-03,2i5w-ykuw,Lime,37,48,47,11,
2023-03,2i5w-ykuw,Lime,38,204,208,118,
2023-03,2i5w-ykuw,Lime,39,158,161,78,
2023-03,2i5w-ykuw,Lime,40,259,242,182,
2023-03,2i5w-ykuw,Lime,41,294,279,186,
2023-03,2i5w-ykuw,Lime,42,141,151,74,
2023-03,2i5w-ykuw,Lime,43,469,460,374,
2023-03,2i5w-ykuw,Lime,44,466,478,298,
2023-03,2i5w-ykuw,Lime,45,58,63,15,
2023-03,2i5w-ykuw,Lime,46,152,137,95,
2023-03,2i5w-ykuw,Lime,47,6,6,0,
2023-03,2i5w-ykuw,Lime,48,26,31,11,
2023-03,2i5w-ykuw,Lime,49,229,229,128,
2023-03,2i5w-ykuw,Lime,50,27,31,11,
2023-03,2i5w-ykuw,Lime,51,25,35,17,
2023-03,2i5w-ykuw,Lime,52,235,235,209,
2023-03,2i5w-ykuw,Lime,53,99,113,80,
2023-03,2i5w-ykuw,Lime,54,30,30,28,
2023-03,2i5w-ykuw,Lime,55,72,71,59,
2023-03,2i5w-ykuw,Lime,56,122,116,37,
2023-03,2i5w-ykuw,Lime,57,466,452,252,
2023-03,2i5w-ykuw,Lime,58,1066,1022,750,
2023-03,2i5w-ykuw,Lime,59,133,135,73,
2023-03,2i5w-ykuw,Lime,60,140,158,91,
2023-03,2i5w-ykuw,Lime,61,1001,975,832,
2023-03,2i5w-ykuw,Lime,62,705,705,383,
2023-03,2i5w-ykuw,Lime,63,1522,1528,1007,
2023-03,2i5w-ykuw,Lime,64,97,120,40,
2023-03,2i5w-ykuw,Lime,65,753,760,460,
2023-03,2i5w-ykuw,Lime,66,1201,1191,809,
2023-03,2i5w-ykuw,Lime,67,274,271,178,
2023-03,2i5w-ykuw,Lime,68,273,277,177,
2023-03,2i5w-ykuw,Lime,69,325,351,193,
2023-03,2i5w-ykuw,Lime,70,104,119,82,
2023-03,2i5w-ykuw,Lime,71,341,320,225,
2023-03,2i5w-ykuw,Lime,72,9,13,1,
2023-03,2i5w-ykuw,Lime,73,153,130,87,
2023-03,2i5w-ykuw,Lime,74,1,4,1,
2023-03,2i5w-ykuw,Lime,75,65,63,38,
2023-03,2i5w-ykuw,Lime,77,1160,1166,755,
2023-03,2i5w-ykuw,Link,,3,9,0,
2023-03,2i5w-ykuw,Link,1,38,31,28,
2023-03,2i5w-ykuw,Link,2,7,12,3,
2023-03,2i5w-ykuw,Link,3,18,30,9,
2023-03,2i5w-ykuw,Link,4,58,52,40,
2023-03,2i5w-ykuw,Link,5,26,21,11,
2023-03,2i5w-ykuw,Link,6,134,120,102,
2023-03,2i5w-ykuw,Link,7,30,39,19,
2023-03,2i5w-ykuw,Link,9,2,3,0,
2023-03,2i5w-ykuw,Link,10,13,13,8,
2023-03,2i5w-ykuw,Link,11,12,11,6,
2023-03,2i5w-ykuw,Link,12,1,1,0,
2023-03,2i5w-ykuw,Link,13,31,33,18,
2023-03,2i5w-ykuw,Link,14,41,45,15,
2023-03,2i5w-ykuw,Link,15,50,56,38,
2023-03,2i5w-ykuw,Link,16,85,73,49,
2023-03,2i5w-ykuw,Link,17,0,2,0,
2023-03,2i5w-ykuw,Link,18,0,2,0,
2023-03,2i5w-ykuw,Link,19,86,76,62,
2023-03,2i5w-ykuw,Link,20,19,16,4,
2023-03,2i5w-ykuw,Link,21,36,40,28,
2023-03,2i5w-ykuw,Link,22,58,61,39,
2023-03,2i5w-ykuw,Link,23,8,22,3,
2023-03,2i5w-ykuw,Link,24,53,44,35,
2023-03,2i5w-ykuw,Link,25,27,35,22,
2023-03,2i5w-ykuw,Link,26,8,6,2,
2023-03,2i5w-ykuw,Link,27,18,13,9,
2023-03,2i5w-ykuw,Link,28,6,7,1,
2023-03,2i5w-ykuw,Link,29,41,30,23,
2023-03,2i5w-ykuw,Link,30,66,70,49,
2023-03,2i5w-ykuw,Link,31,20,19,11,
2023-03,2i5w-ykuw,Link,32,1,0,0,
2023-03,2i5w-ykuw,Link,33,0,1,0,
2023-03,2i5w-ykuw,Link,34,5,3,1,
2023-03,2i5w-ykuw,Link,35,10,8,6,
2023-03,2i5w-ykuw,Link,36,1,2,0,
2023-03,2i5w-ykuw,Link,37,12,11,5,
2023-03,2i5w-ykuw,Link,38,25,22,13,
2023-03,2i5w-ykuw,Link,39,0,3,0,
2023-03,2i5w-ykuw,Link,40,18,14,7,
2023-03,2i5w-ykuw,Link,41,0,4,0,
2023-03,2i5w-ykuw,Link,42,21,21,14,
2023-03,2i5w-ykuw,Link,43,7,10,7,
2023-03,2i5w-ykuw,Link,44,20,19,8,
2023-03,2i5w-ykuw,Link,45,6,4,1,
2023-03,2i5w-ykuw,Link,47,1,1,0,
2023-03,2i5w-ykuw,Link,48,6,5,1,
2023-03,2i5w-ykuw,Link,49,29,28,21,
2023-03,2i5w-ykuw,Link,50,5,4,3,
2023-03,2i5w-ykuw,Link,51,1,4,0,
2023-03,2i5w-ykuw,Link,53,3,4,1,
2023-03,2i5w-ykuw,Link,55,9,9,9,
2023-03,2i5w-ykuw,Link,56,11,8,3,
2023-03,2i5w-ykuw,Link,57,30,34,15,
2023-03,2i5w-ykuw,Link,58,30,21,11,
2023-03,2i5w-ykuw,Link,59,19,12,10,
2023-03,2i5w-ykuw,Link,60,9,15,6,
2023-03,2i5w-ykuw,Link,61,11,9,4,
2023-03,2i5w-ykuw,Link,62,40,39,20,
2023-03,2i5w-ykuw,Link,63,13,22,6,
2023-03,2i5w-ykuw,Link,64,3,4,2,
2023-03,2i5w-ykuw,Link,65,14,22,10,
2023-03,2i5w-ykuw,Link,66,31,31,18,
2023-03,2i5w-ykuw,Link,67,8,11,2,
2023-03,2i5w-ykuw,Link,68,21,18,6,
2023-03,2i5w-ykuw,Link,69,13,12,4,
2023-03,2i5w-ykuw,Link,71,24,23,15,
2023-03,2i5w-ykuw,Link,73,5,5,1,
2023-03,2i5w-ykuw,Link,75,2,2,2,
2023-03,2i5w-ykuw,Link,77,11,13,5,
2023-03,2i5w-ykuw,Lyft,,0,2,0,
2023-03,2i5w-ykuw,Lyft,7,968,1037,448,
2023-03,2i5w-ykuw,Lyft,8,7478,7492,4661,
2023-03,2i5w-ykuw,Lyft,22,130,147,25,
2023-03,2i5w-ykuw,Lyft,24,2024,2252,950,
2023-03,2i5w-ykuw,Lyft,28,9024,8759,6046,
2023-03,2i5w-ykuw,Lyft,31,644,601,259,
2023-03,2i5w-ykuw,Lyft,32,5508,5490,2787,
2023-03,2i5w-ykuw,Lyft,33,765,766,269,
2023-03,2i5w-ykuw,Lyft,34,475,477,215,
2023-03,2i5w-ykuw,Lyft,35,955,961,788,
2023-03,2i5w-ykuw,Lyft,36,4,3,1,
2023-03,2i5w-ykuw,Lyft,38,0,4,0,
2023-03,2i5w-ykuw,Lyft,59,27,35,15,
2023-03,2i5w-ykuw,Lyft,60,464,435,217,
2023-03,2i5w-ykuw,Lyft,61,0,5,0,
2023-03,2i5w-ykuw,Spin,,0,5,0,
2023-03,2i5w-ykuw,Spin,1,112,111,73,
2023-03,2i5w-ykuw,Spin,2,26,43,17,
2023-03,2i5w-ykuw,Spin,3,658,650,378,
2023-03,2i5w-ykuw,Spin,4,221,206,96,
2023-03,2i5w-ykuw,Spin,5,248,249,96,
2023-03,2i5w-ykuw,Spin,6,1784,1662,1264,
2023-03,2i5w-ykuw,Spin,7,551,607,312,
2023-03,2i5w-ykuw,Spin,8,63,74,29,
2023-03,2i5w-ykuw,Spin,11,2,2,0,
2023-03,2i5w-ykuw,Spin,13,4,7,0,
2023-03,2i5w-ykuw,Spin,14,31,43,14,
2023-03,2i5w-ykuw,Spin,15,22,27,13,
2023-03,2i5w-ykuw,Spin,16,38,50,14,
2023-03,2i5w-ykuw,Spin,17,1,1,1,
2023-03,2i5w-ykuw,Spin,18,1,2,0,
2023-03,2i5w-ykuw,Spin,19,136,133,105,
2023-03,2i5w-ykuw,Spin,20,54,41,16,
2023-03,2i5w-ykuw,Spin,21,48,69,25,
2023-03,2i5w-ykuw,Spin,22,231,230,143,
2023-03,2i5w-ykuw,Spin,23,139,137,92,
2023-03,2i5w-ykuw,Spin,24,143,154,89,
2023-03,2i5w-ykuw,Spin,25,133,135,106,
2023-03,2i5w-ykuw,Spin,26,43,42,29,
2023-03,2i5w-ykuw,Spin,27,55,55,36,
2023-03,2i5w-ykuw,Spin,28,5,19,2,
2023-03,2i5w-ykuw,Spin,29,60,60,43,
2023-03,2i5w-ykuw,Spin,30,12,12,3,
2023-03,2i5w-ykuw,Spin,31,12,14,3,
2023-03,2i5w-ykuw,Spin,32,0,2,0,
2023-03,2i5w-ykuw,Spin,33,2,5,0,
2023-03,2i5w-ykuw,Spin,34,16,18,14,
2023-03,2i5w-ykuw,Spin,35,16,18,4,
2023-03,2i5w-ykuw,Spin,36,3,8,1,
2023-03,2i5w-ykuw,Spin,37,2,5,0,
2023-03,2i5w-ykuw,Spin,38,53,39,17,
2023-03,2i5w-ykuw,Spin,39,14,24,8,
2023-03,2i5w-ykuw,Spin,40,36,28,16,
2023-03,2i5w-ykuw,Spin,41,32,43,18,
2023-03,2i5w-ykuw,Spin,42,30,28,14,
2023-03,2i5w-ykuw,Spin,43,191,190,157,
2023-03,2i5w-ykuw,Spin,44,178,163,111,
2023-03,2i5w-ykuw,Spin,45,24,26,8,
2023-03,2i5w-ykuw,Spin,46,115,114,97,
2023-03,2i5w-ykuw,Spin,47,29,32,10,
2023-03,2i5w-ykuw,Spin,48,18,15,5,
2023-03,2i5w-ykuw,Spin,49,108,96,79,
2023-03,2i5w-ykuw,Spin,50,9,11,7,
2023-03,2i5w-ykuw,Spin,51,8,7,3,
2023-03,2i5w-ykuw,Spin,52,0,5,0,
2023-03,2i5w-ykuw,Spin,53,15,20,10,
2023-03,2i5w-ykuw,Spin,56,12,14,7,
2023-03,2i5w-ykuw,Spin,57,21,24,14,
2023-03,2i5w-ykuw,Spin,58,68,53,32,
2023-03,2i5w-ykuw,Spin,59,17,17,4,
2023-03,2i5w-ykuw,Spin,60,4,5,1,
2023-03,2i5w-ykuw,Spin,61,49,51,39,
2023-03,2i5w-ykuw,Spin,62,28,35,17,
2023-03,2i5w-ykuw,Spin,63,43,46,21,
2023-03,2i5w-ykuw,Spin,64,2,3,0,
2023-03,2i5w-ykuw,Spin,65,21,19,12,
2023-03,2i5w-ykuw,Spin,66,105,91,71,
2023-03,2i5w-ykuw,Spin,67,55,70,37,
2023-03,2i5w-ykuw,Spin,68,86,74,59,
2023-03,2i5w-ykuw,Spin,69,63,65,43,
2023-03,2i5w-ykuw,Spin,70,3,5,0,
2023-03,2i5w-ykuw,Spin,71,49,48,34,
2023-03,2i5w-ykuw,Spin,72,4,11,1,
2023-03,2i5w-ykuw,Spin,73,23,24,9,
2023-03,2i5w-ykuw,Spin,75,15,14,13,
2023-03,2i5w-ykuw,Spin,77,332,326,197,
2023-04,2i5w-ykuw,Lime,,106,190,0,
2023-04,2i5w-ykuw,Lime,1,2817,2788,2113,
2023-04,2i5w-ykuw,Lime,2,1465,1534,939,
2023-04,2i5w-ykuw,Lime,3,2451,2474,1302,
2023-04,2i5w-ykuw,Lime,4,1266,1269,589,
2023-04,2i5w-ykuw,Lime,5,1518,1509,633,
2023-04,2i5w-ykuw,Lime,6,6939,6920,4450,
2023-04,2i5w-ykuw,Lime,7,6729,6234,4291,
2023-04,2i5w-ykuw,Lime,8,3014,3403,1683,
2023-04,2i5w-ykuw,Lime,9,61,65,48,
2023-04,2i5w-ykuw,Lime,10,131,147,84,
2023-04,2i5w-ykuw,Lime,11,163,171,79,
2023-04,2i5w-ykuw,Lime,12,118,134,67,
2023-04,2i5w-ykuw,Lime,13,232,253,85,
2023-04,2i5w-ykuw,Lime,14,1018,1044,564,
2023-04,2i5w-ykuw,Lime,15,1329,1355,789,
2023-04,2i5w-ykuw,Lime,16,1486,1518,700,
2023-04,2i5w-ykuw,Lime,17,321,358,172,
2023-04,2i5w-ykuw,Lime,18,328,331,172,
2023-04,2i5w-ykuw,Lime,19,3536,3521,2531,
2023-04,2i5w-ykuw,Lime,20,1080,1105,503,
2023-04,2i5w-ykuw,Lime,21,1986,2015,950,
2023-04,2i5w-ykuw,Lime,22,5849,5814,3401,
2023-04,2i5w-ykuw,Lime,23,3824,3838,2413,
2023-04,2i5w-ykuw,Lime,24,9662,9057,6621,
2023-04,2i5w-ykuw,Lime,25,3847,3948,3143,
2023-04,2i5w-ykuw,Lime,26,1083,1110,647,
2023-04,2i5w-ykuw,Lime,27,1529,1524,865,
2023-04,2i5w-ykuw,Lime,28,3184,3193,1794,
2023-04,2i5w-ykuw,Lime,29,2480,2511,1912,
2023-04,2i5w-ykuw,Lime,30,1381,1394,1041,
2023-04,2i5w-ykuw,Lime,31,650,683,362,
2023-04,2i5w-ykuw,Lime,32,1574,1835,952,
2023-04,2i5w-ykuw,Lime,33,243,257,89,
2023-04,2i5w-ykuw,Lime,34,278,290,122,
2023-04,2i5w-ykuw,Lime,35,203,196,100,
2023-04,2i5w-ykuw,Lime,36,111,115,52,
2023-04,2i5w-ykuw,Lime,37,107,110,26,
2023-04,2i5w-ykuw,Lime,38,426,432,220,
2023-04,2i5w-ykuw,Lime,39,270,254,119,
2023-04,2i5w-ykuw,Lime,40,516,508,356,
2023-04,2i5w-ykuw,Lime,41,581,599,396,
2023-04,2i5w-ykuw,Lime,42,478,506,286,
2023-04,2i5w-ykuw,Lime,43,1522,1527,1212,
2023-04,2i5w-ykuw,Lime,44,1226,1171,762,
2023-04,2i5w-ykuw,Lime,45,239,250,119,
2023-04,2i5w-ykuw,Lime,46,522,504,342,
2023-04,2i5w-ykuw,Lime,47,47,50,28,
2023-04,2i5w-ykuw,Lime,48,206,210,109,
2023-04,2i5w-ykuw,Lime,49,824,827,567,
2023-04,2i5w-ykuw,Lime,50,195,195,99,
2023-04,2i5w-ykuw,Lime,51,176,182,110,
2023-04,2i5w-ykuw,Lime,52,1026,1013,913,
2023-04,2i5w-ykuw,Lime,53,400,380,274,
2023-04,2i5w-ykuw,Lime,54,253,263,248,
2023-04,2i5w-ykuw,Lime,55,383,394,326,
2023-04,2i5w-ykuw,Lime,56,314,331,169,
2023-04,2i5w-ykuw,Lime,57,694,671,401,
2023-04,2i5w-ykuw,Lime,58,1880,1877,1320,
2023-04,2i5w-ykuw,Lime,59,411,405,201,
2023-04,2i5w-ykuw,Lime,60,431,445,296,
2023-04,2i5w-ykuw,Lime,61,1690,1604,1245,
2023-04,2i5w-ykuw,Lime,62,1006,988,513,
2023-04,2i5w-ykuw,Lime,63,2369,2391,1589,
2023-04,2i5w-ykuw,Lime,64,224,222,106,
2023-04,2i5w-ykuw,Lime,65,1260,1252,728,
2023-04,2i5w-ykuw,Lime,66,2631,2568,1896,
2023-04,2i5w-ykuw,Lime,67,1037,1079,714,
2023-04,2i5w-ykuw,Lime,68,905,926,542,
2023-04,2i5w-ykuw,Lime,69,1101,1098,720,
2023-04,2i5w-ykuw,Lime,70,442,465,345,
2023-04,2i5w-ykuw,Lime,71,1098,1109,738,
2023-04,2i5w-ykuw,Lime,72,61,78,24,
2023-04,2i5w-ykuw,Lime,73,440,428,280,
2023-04,2i5w-ykuw,Lime,74,18,19,15,
2023-04,2i5w-ykuw,Lime,75,209,204,144,
2023-04,2i5w-ykuw,Lime,76,48,49,46,
2023-04,2i5w-ykuw,Lime,77,2413,2384,1365,
2023-04,2i5w-ykuw,Link,,6,11,0,
2023-04,2i5w-ykuw,Link,1,85,86,74,
2023-04,2i5w-ykuw,Link,2,11,18,6,
2023-04,2i5w-ykuw,Link,3,106,104,63,
2023-04,2i5w-ykuw,Link,4,119,110,68,
2023-04,2i5w-ykuw,Link,5,113,109,49,
2023-04,2i5w-ykuw,Link,6,389,353,267,
2023-04,2i5w-ykuw,Link,7,92,131,67,
2023-04,2i5w-ykuw,Link,9,10,12,9,
2023-04,2i5w-ykuw,Link,10,38,36,32,
2023-04,2i5w-ykuw,Link,11,39,33,16,
2023-04,2i5w-ykuw,Link,12,11,17,9,
2023-04,2i5w-ykuw,Link,13,48,37,26,
2023-04,2i5w-ykuw,Link,14,82,83,41,
2023-04,2i5w-ykuw,Link,15,207,211,163,
2023-04,2i5w-ykuw,Link,16,145,138,81,
2023-04,2i5w-ykuw,Link,17,8,14,4,
2023-04,2i5w-ykuw,Link,18,15,22,11,
2023-04,2i5w-ykuw,Link,19,366,359,282,
2023-04,2i5w-ykuw,Link,20,56,48,22,
2023-04,2i5w-ykuw,Link,21,100,110,57,
2023-04,2i5w-ykuw,Link,22,243,225,136,
2023-04,2i5w-ykuw,Link,23,75,136,50,
2023-04,2i5w-ykuw,Link,24,285,272,213,
2023-04,2i5w-ykuw,Link,25,192,185,138,
2023-04,2i5w-ykuw,Link,26,62,62,30,
2023-04,2i5w-ykuw,Link,27,134,110,73,
2023-04,2i5w-ykuw,Link,28,114,119,70,
2023-04,2i5w-ykuw,Link,29,253,225,160,
2023-04,2i5w-ykuw,Link,30,292,310,216,
2023-04,2i5w-ykuw,Link,31,137,137,100,
2023-04,2i5w-ykuw,Link,34,16,15,4,
2023-04,2i5w-ykuw,Link,35,56,52,30,
2023-04,2i5w-ykuw,Link,36,13,16,3,
2023-04,2i5w-ykuw,Link,37,24,23,13,
2023-04,2i5w-ykuw,Link,38,69,63,44,
2023-04,2i5w-ykuw,Link,39,4,8,0,
2023-04,2i5w-ykuw,Link,40,55,50,34,
2023-04,2i5w-ykuw,Link,41,17,26,13,
2023-04,2i5w-ykuw,Link,42,44,42,21,
2023-04,2i5w-ykuw,Link,43,10,15,10,
2023-04,2i5w-ykuw,Link,44,145,129,78,
2023-04,2i5w-ykuw,Link,45,31,26,16,
2023-04,2i5w-ykuw,Link,46,2,4,1,
2023-04,2i5w-ykuw,Link,47,5,8,1,
2023-04,2i5w-ykuw,Link,48,20,21,10,
2023-04,2i5w-ykuw,Link,49,204,165,132,
2023-04,2i5w-ykuw,Link,50,17,19,11,
2023-04,2i5w-ykuw,Link,51,0,3,0,
2023-04,2i5w-ykuw,Link,52,2,2,0,
2023-04,2i5w-ykuw,Link,53,97,102,89,
2023-04,2i5w-ykuw,Link,54,0,2,0,
2023-04,2i5w-ykuw,Link,55,122,122,120,
2023-04,2i5w-ykuw,Link,56,72,75,33,
2023-04,2i5w-ykuw,Link,57,173,141,113,
2023-04,2i5w-ykuw,Link,58,148,149,78,
2023-04,2i5w-ykuw,Link,59,114,95,68,
2023-04,2i5w-ykuw,Link,60,15,23,6,
2023-04,2i5w-ykuw,Link,61,124,118,74,
2023-04,2i5w-ykuw,Link,62,195,193,140,
2023-04,2i5w-ykuw,Link,63,87,106,58,
2023-04,2i5w-ykuw,Link,64,5,8,0,
2023-04,2i5w-ykuw,Link,65,84,99,58,
2023-04,2i5w-ykuw,Link,66,119,122,89,
2023-04,2i5w-ykuw,Link,67,39,47,22,
2023-04,2i5w-ykuw,Link,68,122,129,77,
2023-04,2i5w-ykuw,Link,69,84,78,45,
2023-04,2i5w-ykuw,Link,70,4,5,1,
2023-04,2i5w-ykuw,Link,71,55,78,38,
2023-04,2i5w-ykuw,Link,72,2,6,1,
2023-04,2i5w-ykuw,Link,73,33,41,26,
2023-04,2i5w-ykuw,Link,75,24,26,17,
2023-04,2i5w-ykuw,Link,77,34,44,17,
2023-04,2i5w-ykuw,Lyft,7,2242,2448,1131,
2023-04,2i5w-ykuw,Lyft,8,12357,12383,7549,
2023-04,2i5w-ykuw,Lyft,22,253,295,72,
2023-04,2i5w-ykuw,Lyft,24,3408,3728,1681,
2023-04,2i5w-ykuw,Lyft,25,0,1,0,
2023-04,2i5w-ykuw,Lyft,28,13023,12738,8503,
2023-04,2i5w-ykuw,Lyft,31,867,877,336,
2023-04,2i5w-ykuw,Lyft,32,11004,10608,6336,
2023-04,2i5w-ykuw,Lyft,33,1619,1636,719,
2023-04,2i5w-ykuw,Lyft,34,664,668,311,
2023-04,2i5w-ykuw,Lyft,35,1064,1076,844,
2023-04,2i5w-ykuw,Lyft,36,13,13,5,
2023-04,2i5w-ykuw,Lyft,37,0,1,0,
2023-04,2i5w-ykuw,Lyft,38,0,25,0,
2023-04,2i5w-ykuw,Lyft,59,45,50,20,
2023-04,2i5w-ykuw,Lyft,60,448,455,175,
2023-04,2i5w-ykuw,Lyft,61,1,6,0,
2023-04,2i5w-ykuw,Spin,,0,4,0,
2023-04,2i5w-ykuw,Spin,1,96,112,64,
2023-04,2i5w-ykuw,Spin,2,28,39,9,
2023-04,2i5w-ykuw,Spin,3,1008,966,484,
2023-04,2i5w-ykuw,Spin,4,325,343,145,
2023-04,2i5w-ykuw,Spin,5,407,416,156,
2023-04,2i5w-ykuw,Spin,6,3132,2946,2099,
2023-04,2i5w-ykuw,Spin,7,1233,1233,672,
2023-04,2i5w-ykuw,Spin,8,270,318,138,
2023-04,2i5w-ykuw,Spin,10,2,2,1,
2023-04,2i5w-ykuw,Spin,11,12,15,5,
2023-04,2i5w-ykuw,Spin,12,1,1,0,
2023-04,2i5w-ykuw,Spin,13,24,31,9,
2023-04,2i5w-ykuw,Spin,14,40,50,21,
2023-04,2i5w-ykuw,Spin,15,42,50,24,
2023-04,2i5w-ykuw,Spin,16,86,108,49,
2023-04,2i5w-ykuw,Spin,17,1,8,0,
2023-04,2i5w-ykuw,Spin,18,12,15,4,
2023-04,2i5w-ykuw,Spin,19,201,196,141,
2023-04,2i5w-ykuw,Spin,20,101,66,36,
2023-04,2i5w-ykuw,Spin,21,90,103,25,
2023-04,2i5w-ykuw,Spin,22,265,315,153,
2023-04,2i5w-ykuw,Spin,23,139,137,72,
2023-04,2i5w-ykuw,Spin,24,310,343,179,
2023-04,2i5w-ykuw,Spin,25,422,406,331,
2023-04,2i5w-ykuw,Spin,26,237,248,170,
2023-04,2i5w-ykuw,Spin,27,222,196,147,
2023-04,2i5w-ykuw,Spin,28,124,155,65,
2023-04,2i5w-ykuw,Spin,29,189,189,137,
2023-04,2i5w-ykuw,Spin,30,7,8,3,
2023-04,2i5w-ykuw,Spin,31,13,18,7,
2023-04,2i5w-ykuw,Spin,32,60,75,37,
2023-04,2i5w-ykuw,Spin,33,24,31,13,
2023-04,2i5w-ykuw,Spin,34,2,1,0,
2023-04,2i5w-ykuw,Spin,35,30,36,8,
2023-04,2i5w-ykuw,Spin,36,7,9,3,
2023-04,2i5w-ykuw,Spin,37,11,15,5,
2023-04,2i5w-ykuw,Spin,38,60,56,23,
2023-04,2i5w-ykuw,Spin,39,55,55,22,
2023-04,2i5w-ykuw,Spin,40,98,87,57,
2023-04,2i5w-ykuw,Spin,41,22,29,8,
2023-04,2i5w-ykuw,Spin,42,39,37,21,
2023-04,2i5w-ykuw,Spin,43,282,284,238,
2023-04,2i5w-ykuw,Spin,44,264,250,174,
2023-04,2i5w-ykuw,Spin,45,51,52,25,
2023-04,2i5w-ykuw,Spin,46,301,292,249,
2023-04,2i5w-ykuw,Spin,47,30,36,3,
2023-04,2i5w-ykuw,Spin,48,45,47,19,
2023-04,2i5w-ykuw,Spin,49,294,260,205,
2023-04,2i5w-ykuw,Spin,50,71,78,51,
2023-04,2i5w-ykuw,Spin,51,21,25,10,
2023-04,2i5w-ykuw,Spin,52,1,8,0,
2023-04,2i5w-ykuw,Spin,53,55,62,35,
2023-04,2i5w-ykuw,Spin,54,19,23,17,
2023-04,2i5w-ykuw,Spin,55,1,2,0,
2023-04,2i5w-ykuw,Spin,56,4,6,3,
2023-04,2i5w-ykuw,Spin,57,8,10,4,
2023-04,2i5w-ykuw,Spin,58,123,114,65,
2023-04,2i5w-ykuw,Spin,59,71,71,44,
2023-04,2i5w-ykuw,Spin,60,5,9,0,
2023-04,2i5w-ykuw,Spin,61,218,212,169,
2023-04,2i5w-ykuw,Spin,62,6,8,4,
2023-04,2i5w-ykuw,Spin,63,94,85,40,
2023-04,2i5w-ykuw,Spin,64,3,5,0,
2023-04,2i5w-ykuw,Spin,65,19,22,12,
2023-04,2i5w-ykuw,Spin,66,131,118,92,
2023-04,2i5w-ykuw,Spin,67,107,125,68,
2023-04,2i5w-ykuw,Spin,68,132,129,75,
2023-04,2i5w-ykuw,Spin,69,102,109,69,
2023-04,2i5w-ykuw,Spin,70,10,18,7,
2023-04,2i5w-ykuw,Spin,71,68,66,39,
2023-04,2i5w-ykuw,Spin,72,11,9,6,
2023-04,2i5w-ykuw,Spin,73,45,44,32,
2023-04,2i5w-ykuw,Spin,74,4,4,4,
2023-04,2i5w-ykuw,Spin,75,45,48,42,
2023-04,2i5w-ykuw,Spin,76,0,1,0,
2023-04,2i5w-ykuw,Spin,77,462,450,237,
2023-05,2i5w-ykuw,Lime,,156,244,0,
2023-05,2i5w-ykuw,Lime,1,4350,4226,3180,
2023-05,2i5w-ykuw,Lime,2,2197,2413,1336,
2023-05,2i5w-ykuw,Lime,3,4757,4683,2420,
2023-05,2i5w-ykuw,Lime,4,2455,2481,1154,
2023-05,2i5w-ykuw,Lime,5,2708,2761,1060,
2023-05,2i5w-ykuw,Lime,6,11783,11728,7152,
2023-05,2i5w-ykuw,Lime,7,11469,10486,6962,
2023-05,2i5w-ykuw,Lime,8,5214,5938,2729,
2023-05,2i5w-ykuw,Lime,9,65,72,39,
2023-05,2i5w-ykuw,Lime,10,295,316,178,
2023-05,2i5w-ykuw,Lime,11,336,354,151,
2023-05,2i5w-ykuw,Lime,12,217,249,121,
2023-05,2i5w-ykuw,Lime,13,641,686,288,
2023-05,2i5w-ykuw,Lime,14,1822,1859,1025,
2023-05,2i5w-ykuw,Lime,15,2206,2249,1150,
2023-05,2i5w-ykuw,Lime,16,2701,2762,1223,
2023-05,2i5w-ykuw,Lime,17,698,810,423,
2023-05,2i5w-ykuw,Lime,18,754,779,396,
2023-05,2i5w-ykuw,Lime,19,5525,5504,3712,
2023-05,2i5w-ykuw,Lime,20,1544,1576,613,
2023-05,2i5w-ykuw,Lime,21,2912,2977,1345,
2023-05,2i5w-ykuw,Lime,22,7740,7772,4098,
2023-05,2i5w-ykuw,Lime,23,5243,5222,2944,
2023-05,2i5w-ykuw,Lime,24,12273,11252,7737,
2023-05,2i5w-ykuw,Lime,25,6571,6699,5178,
2023-05,2i5w-ykuw,Lime,26,2273,2301,1587,
2023-05,2i5w-ykuw,Lime,27,2108,2094,1159,
2023-05,2i5w-ykuw,Lime,28,4366,4433,2351,
2023-05,2i5w-ykuw,Lime,29,3150,3177,2324,
2023-05,2i5w-ykuw,Lime,30,2005,2029,1491,
2023-05,2i5w-ykuw,Lime,31,716,773,371,
2023-05,2i5w-ykuw,Lime,32,2896,3270,1663,
2023-05,2i5w-ykuw,Lime,33,347,384,119,
2023-05,2i5w-ykuw,Lime,34,249,262,77,
2023-05,2i5w-ykuw,Lime,35,207,221,82,
2023-05,2i5w-ykuw,Lime,36,147,142,46,
2023-05,2i5w-ykuw,Lime,37,220,220,96,
2023-05,2i5w-ykuw,Lime,38,495,485,233,
2023-05,2i5w-ykuw,Lime,39,369,353,159,
2023-05,2i5w-ykuw,Lime,40,440,425,232,
2023-05,2i5w-ykuw,Lime,41,692,709,466,
2023-05,2i5w-ykuw,Lime,42,728,677,377,
2023-05,2i5w-ykuw,Lime,43,2382,2425,1944,
2023-05,2i5w-ykuw,Lime,44,1841,1792,1141,
2023-05,2i5w-ykuw,Lime,45,245,261,97,
2023-05,2i5w-ykuw,Lime,46,797,793,506,
2023-05,2i5w-ykuw,Lime,47,33,38,10,
2023-05,2i5w-ykuw,Lime,48,301,304,175,
2023-05,2i5w-ykuw,Lime,49,1174,1173,797,
2023-05,2i5w-ykuw,Lime,50,323,322,194,
2023-05,2i5w-ykuw,Lime,51,216,221,144,
2023-05,2i5w-ykuw,Lime,52,1265,1259,1150,
2023-05,2i5w-ykuw,Lime,53,817,826,648,
2023-05,2i5w-ykuw,Lime,54,279,290,262,
2023-05,2i5w-ykuw,Lime,55,256,270,195,
2023-05,2i5w-ykuw,Lime,56,475,514,242,
2023-05,2i5w-ykuw,Lime,57,1018,989,554,
2023-05,2i5w-ykuw,Lime,58,2434,2338,1625,
2023-05,2i5w-ykuw,Lime,59,552,551,268,
2023-05,2i5w-ykuw,Lime,60,438,462,290,
2023-05,2i5w-ykuw,Lime,61,1897,1889,1376,
2023-05,2i5w-ykuw,Lime,62,1404,1407,693,
2023-05,2i5w-ykuw,Lime,63,2649,2682,1627,
2023-05,2i5w-ykuw,Lime,64,368,387,187,
2023-05,2i5w-ykuw,Lime,65,1611,1590,816,
2023-05,2i5w-ykuw,Lime,66,3134,3066,2026,
2023-05,2i5w-ykuw,Lime,67,1296,1317,806,
2023-05,2i5w-ykuw,Lime,68,1366,1396,871,
2023-05,2i5w-ykuw,Lime,69,1822,1874,1158,
2023-05,2i5w-ykuw,Lime,70,643,681,512,
2023-05,2i5w-ykuw,Lime,71,1367,1350,907,
2023-05,2i5w-ykuw,Lime,72,121,131,45,
2023-05,2i5w-ykuw,Lime,73,655,622,384,
2023-05,2i5w-ykuw,Lime,74,24,34,20,
2023-05,2i5w-ykuw,Lime,75,233,224,131,
2023-05,2i5w-ykuw,Lime,76,52,54,37,
2023-05,2i5w-ykuw,Lime,77,4341,4284,2392,
2023-05,2i5w-ykuw,Link,,12,40,0,
2023-05,2i5w-ykuw,Link,1,170,153,121,
2023-05,2i5w-ykuw,Link,2,52,86,30,
2023-05,2i5w-ykuw,Link,3,212,224,108,
2023-05,2i5w-ykuw,Link,4,376,316,205,
2023-05,2i5w-ykuw,Link,5,210,218,86,
2023-05,2i5w-ykuw,Link,6,536,515,325,
2023-05,2i5w-ykuw,Link,7,155,214,92,
2023-05,2i5w-ykuw,Link,8,2,5,1,
2023-05,2i5w-ykuw,Link,9,14,19,8,
2023-05,2i5w-ykuw,Link,10,60,58,44,
2023-05,2i5w-ykuw,Link,11,80,83,32,
2023-05,2i5w-ykuw,Link,12,25,37,7,
2023-05,2i5w-ykuw,Link,13,208,178,127,
2023-05,2i5w-ykuw,Link,14,338,314,185,
2023-05,2i5w-ykuw,Link,15,436,450,313,
2023-05,2i5w-ykuw,Link,16,384,365,182,
2023-05,2i5w-ykuw,Link,17,33,44,27,
2023-05,2i5w-ykuw,Link,18,10,13,3,
2023-05,2i5w-ykuw,Link,19,576,588,409,
2023-05,2i5w-ykuw,Link,20,193,169,83,
2023-05,2i5w-ykuw,Link,21,258,260,113,
2023-05,2i5w-ykuw,Link,22,844,765,512,
2023-05,2i5w-ykuw,Link,23,199,236,89,
2023-05,2i5w-ykuw,Link,24,635,676,443,
2023-05,2i5w-ykuw,Link,25,445,460,337,
2023-05,2i5w-ykuw,Link,26,146,165,82,
2023-05,2i5w-ykuw,Link,27,336,322,192,
2023-05,2i5w-ykuw,Link,28,331,335,191,
2023-05,2i5w-ykuw,Link,29,596,525,361,
2023-05,2i5w-ykuw,Link,30,658,679,521,
2023-05,2i5w-ykuw,Link,31,211,210,141,
2023-05,2i5w-ykuw,Link,32,4,6,4,
2023-05,2i5w-ykuw,Link,33,2,4,1,
2023-05,2i5w-ykuw,Link,34,20,18,5,
2023-05,2i5w-ykuw,Link,35,59,53,30,
2023-05,2i5w-ykuw,Link,36,11,16,4,
2023-05,2i5w-ykuw,Link,37,34,32,2,
2023-05,2i5w-ykuw,Link,38,126,108,63,
2023-05,2i5w-ykuw,Link,39,18,27,4,
2023-05,2i5w-ykuw,Link,40,148,131,86,
2023-05,2i5w-ykuw,Link,41,25,35,13,
2023-05,2i5w-ykuw,Link,42,86,80,39,
2023-05,2i5w-ykuw,Link,43,58,74,34,
2023-05,2i5w-ykuw,Link,44,217,191,115,
2023-05,2i5w-ykuw,Link,45,65,68,35,
2023-05,2i5w-ykuw,Link,46,28,26,16,
2023-05,2i5w-ykuw,Link,47,5,9,1,
2023-05,2i5w-ykuw,Link,48,58,56,45,
2023-05,2i5w-ykuw,Link,49,191,163,119,
2023-05,2i5w-ykuw,Link,50,22,22,14,
2023-05,2i5w-ykuw,Link,51,36,35,23,
2023-05,2i5w-ykuw,Link,52,9,13,4,
2023-05,2i5w-ykuw,Link,53,75,76,62,
2023-05,2i5w-ykuw,Link,54,1,3,0,
2023-05,2i5w-ykuw,Link,55,123,120,109,
2023-05,2i5w-ykuw,Link,56,70,58,27,
2023-05,2i5w-ykuw,Link,57,196,162,107,
2023-05,2i5w-ykuw,Link,58,295,285,153,
2023-05,2i5w-ykuw,Link,59,174,153,99,
2023-05,2i5w-ykuw,Link,60,29,39,17,
2023-05,2i5w-ykuw,Link,61,121,109,54,
2023-05,2i5w-ykuw,Link,62,182,168,101,
2023-05,2i5w-ykuw,Link,63,172,205,100,
2023-05,2i5w-ykuw,Link,64,26,33,12,
2023-05,2i5w-ykuw,Link,65,135,160,90,
2023-05,2i5w-ykuw,Link,66,180,199,129,
2023-05,2i5w-ykuw,Link,67,99,118,64,
2023-05,2i5w-ykuw,Link,68,346,320,227,
2023-05,2i5w-ykuw,Link,69,103,117,49,
2023-05,2i5w-ykuw,Link,70,38,46,28,
2023-05,2i5w-ykuw,Link,71,139,160,100,
2023-05,2i5w-ykuw,Link,72,12,21,10,
2023-05,2i5w-ykuw,Link,73,41,52,26,
2023-05,2i5w-ykuw,Link,74,0,1,0,
2023-05,2i5w-ykuw,Link,75,23,22,14,
2023-05,2i5w-ykuw,Link,77,95,122,48,
2023-05,2i5w-ykuw,Lyft,,0,1,0,
2023-05,2i5w-ykuw,Lyft,3,0,3,0,
2023-05,2i5w-ykuw,Lyft,7,4657,5037,2562,
2023-05,2i5w-ykuw,Lyft,8,21849,21808,13195,
2023-05,2i5w-ykuw,Lyft,22,571,642,160,
2023-05,2i5w-ykuw,Lyft,24,6149,6705,3134,
2023-05,2i5w-ykuw,Lyft,27,0,1,0,
2023-05,2i5w-ykuw,Lyft,28,18532,17968,10914,
2023-05,2i5w-ykuw,Lyft,30,0,1,0,
2023-05,2i5w-ykuw,Lyft,31,1374,1402,569,
2023-05,2i5w-ykuw,Lyft,32,20829,20282,12626,
2023-05,2i5w-ykuw,Lyft,33,2825,2823,1172,
2023-05,2i5w-ykuw,Lyft,34,957,968,455,
2023-05,2i5w-ykuw,Lyft,35,1392,1411,1035,
2023-05,2i5w-ykuw,Lyft,36,13,14,3,
2023-05,2i5w-ykuw,Lyft,37,0,1,0,
2023-05,2i5w-ykuw,Lyft,38,3,33,1,
2023-05,2i5w-ykuw,Lyft,44,0,2,0,
2023-05,2i5w-ykuw,Lyft,49,0,7,0,
2023-05,2i5w-ykuw,Lyft,59,59,80,27,
2023-05,2i5w-ykuw,Lyft,60,759,769,374,
2023-05,2i5w-ykuw,Lyft,61,3,13,2,
2023-05,2i5w-ykuw,Lyft,68,0,1,0,
2023-05,2i5w-ykuw,Spin,,3,12,0,
2023-05,2i5w-ykuw,Spin,1,150,174,84,
2023-05,2i5w-ykuw,Spin,2,124,141,72,
2023-05,2i5w-ykuw,Spin,3,1357,1268,682,
2023-05,2i5w-ykuw,Spin,4,507,527,213,
2023-05,2i5w-ykuw,Spin,5,620,622,199,
2023-05,2i5w-ykuw,Spin,6,3972,3845,2517,
2023-05,2i5w-ykuw,Spin,7,2205,2158,1209,
2023-05,2i5w-ykuw,Spin,8,926,982,500,
2023-05,2i5w-ykuw,Spin,10,3,4,0,
2023-05,2i5w-ykuw,Spin,11,17,15,7,
2023-05,2i5w-ykuw,Spin,12,3,3,0,
2023-05,2i5w-ykuw,Spin,13,56,60,30,
2023-05,2i5w-ykuw,Spin,14,67,74,25,
2023-05,2i5w-ykuw,Spin,15,106,126,49,
2023-05,2i5w-ykuw,Spin,16,335,366,191,
2023-05,2i5w-ykuw,Spin,17,29,36,11,
2023-05,2i5w-ykuw,Spin,18,27,30,17,
2023-05,2i5w-ykuw,Spin,19,422,402,275,
2023-05,2i5w-ykuw,Spin,20,199,166,73,
2023-05,2i5w-ykuw,Spin,21,240,252,112,
2023-05,2i5w-ykuw,Spin,22,1001,993,557,
2023-05,2i5w-ykuw,Spin,23,266,291,147,
2023-05,2i5w-ykuw,Spin,24,1090,1075,592,
2023-05,2i5w-ykuw,Spin,25,594,606,452,
2023-05,2i5w-ykuw,Spin,26,272,275,167,
2023-05,2i5w-ykuw,Spin,27,335,321,207,
2023-05,2i5w-ykuw,Spin,28,516,563,264,
2023-05,2i5w-ykuw,Spin,29,340,345,248,
2023-05,2i5w-ykuw,Spin,30,77,92,55,
2023-05,2i5w-ykuw,Spin,31,75,87,35,
2023-05,2i5w-ykuw,Spin,32,184,219,93,
2023-05,2i5w-ykuw,Spin,33,93,103,48,
2023-05,2i5w-ykuw,Spin,34,22,23,8,
2023-05,2i5w-ykuw,Spin,35,54,53,27,
2023-05,2i5w-ykuw,Spin,36,15,18,5,
2023-05,2i5w-ykuw,Spin,37,42,43,10,
2023-05,2i5w-ykuw,Spin,38,130,107,63,
2023-05,2i5w-ykuw,Spin,39,84,90,35,
2023-05,2i5w-ykuw,Spin,40,216,213,123,
2023-05,2i5w-ykuw,Spin,41,117,125,64,
2023-05,2i5w-ykuw,Spin,42,138,140,62,
2023-05,2i5w-ykuw,Spin,43,482,466,385,
2023-05,2i5w-ykuw,Spin,44,331,315,231,
2023-05,2i5w-ykuw,Spin,45,55,52,30,
2023-05,2i5w-ykuw,Spin,46,435,401,349,
2023-05,2i5w-ykuw,Spin,47,20,18,5,
2023-05,2i5w-ykuw,Spin,48,71,80,46,
2023-05,2i5w-ykuw,Spin,49,565,527,445,
2023-05,2i5w-ykuw,Spin,50,146,154,106,
2023-05,2i5w-ykuw,Spin,51,38,54,30,
2023-05,2i5w-ykuw,Spin,52,28,31,23,
2023-05,2i5w-ykuw,Spin,53,52,57,27,
2023-05,2i5w-ykuw,Spin,54,10,16,9,
2023-05,2i5w-ykuw,Spin,55,13,14,11,
2023-05,2i5w-ykuw,Spin,56,9,10,1,
2023-05,2i5w-ykuw,Spin,57,53,53,32,
2023-05,2i5w-ykuw,Spin,58,388,363,255,
2023-05,2i5w-ykuw,Spin,59,139,144,80,
2023-05,2i5w-ykuw,Spin,60,25,27,15,
2023-05,2i5w-ykuw,Spin,61,251,248,163,
2023-05,2i5w-ykuw,Spin,62,41,44,18,
2023-05,2i5w-ykuw,Spin,63,207,208,111,
2023-05,2i5w-ykuw,Spin,64,11,11,2,
2023-05,2i5w-ykuw,Spin,65,97,110,61,
2023-05,2i5w-ykuw,Spin,66,402,375,293,
2023-05,2i5w-ykuw,Spin,67,227,245,155,
2023-05,2i5w-ykuw,Spin,68,281,260,159,
2023-05,2i5w-ykuw,Spin,69,286,306,201,
2023-05,2i5w-ykuw,Spin,70,17,22,5,
2023-05,2i5w-ykuw,Spin,71,203,221,144,
2023-05,2i5w-ykuw,Spin,72,3,8,0,
2023-05,2i5w-ykuw,Spin,73,63,82,49,
2023-05,2i5w-ykuw,Spin,75,75,77,62,
2023-05,2i5w-ykuw,Spin,77,661,670,318,
2023-06,2i5w-ykuw,Lime,,312,370,0,
2023-06,2i5w-ykuw,Lime,1,5699,5528,4045,
2023-06,2i5w-ykuw,Lime,2,3390,3553,2048,
2023-06,2i5w-ykuw,Lime,3,6872,6857,3330,
2023-06,2i5w-ykuw,Lime,4,3153,3224,1399,
2023-06,2i5w-ykuw,Lime,5,3968,3994,1689,
2023-06,2i5w-ykuw,Lime,6,16767,16666,9668,
2023-06,2i5w-ykuw,Lime,7,15525,14142,8829,
2023-06,2i5w-ykuw,Lime,8,8930,10203,4883,
2023-06,2i5w-ykuw,Lime,9,160,177,128,
2023-06,2i5w-ykuw,Lime,10,312,341,177,
2023-06,2i5w-ykuw,Lime,11,485,509,204,
2023-06,2i5w-ykuw,Lime,12,203,238,102,
2023-06,2i5w-ykuw,Lime,13,920,992,431,
2023-06,2i5w-ykuw,Lime,14,2420,2452,1284,
2023-06,2i5w-ykuw,Lime,15,2826,2863,1573,
2023-06,2i5w-ykuw,Lime,16,3403,3520,1608,
2023-06,2i5w-ykuw,Lime,17,854,940,475,
2023-06,2i5w-ykuw,Lime,18,988,1004,461,
2023-06,2i5w-ykuw,Lime,19,7018,6999,4656,
2023-06,2i5w-ykuw,Lime,20,2057,2045,855,
2023-06,2i5w-ykuw,Lime,21,3228,3337,1324,
2023-06,2i5w-ykuw,Lime,22,10996,11012,5777,
2023-06,2i5w-ykuw,Lime,23,6386,6319,3606,
2023-06,2i5w-ykuw,Lime,24,18698,17048,11930,
2023-06,2i5w-ykuw,Lime,25,9287,9378,7384,
2023-06,2i5w-ykuw,Lime,26,2757,2743,1822,
2023-06,2i5w-ykuw,Lime,27,2189,2161,1117,
2023-06,2i5w-ykuw,Lime,28,6324,6751,3337,
2023-06,2i5w-ykuw,Lime,29,4716,4751,3528,
2023-06,2i5w-ykuw,Lime,30,2946,2940,2183,
2023-06,2i5w-ykuw,Lime,31,1139,1257,590,
2023-06,2i5w-ykuw,Lime,32,5222,5793,3079,
2023-06,2i5w-ykuw,Lime,33,654,726,253,
2023-06,2i5w-ykuw,Lime,34,566,602,235,
2023-06,2i5w-ykuw,Lime,35,251,266,93,
2023-06,2i5w-ykuw,Lime,36,160,171,75,
2023-06,2i5w-ykuw,Lime,37,236,208,48,
2023-06,2i5w-ykuw,Lime,38,712,741,347,
2023-06,2i5w-ykuw,Lime,39,421,439,152,
2023-06,2i5w-ykuw,Lime,40,616,616,296,
2023-06,2i5w-ykuw,Lime,41,847,868,510,
2023-06,2i5w-ykuw,Lime,42,1138,1081,577,
2023-06,2i5w-ykuw,Lime,43,2649,2692,2020,
2023-06,2i5w-ykuw,Lime,44,2798,2654,1760,
2023-06,2i5w-ykuw,Lime,45,373,374,149,
2023-06,2i5w-ykuw,Lime,46,1103,1070,758,
2023-06,2i5w-ykuw,Lime,47,96,97,37,
2023-06,2i5w-ykuw,Lime,48,458,489,291,
2023-06,2i5w-ykuw,Lime,49,1467,1482,980,
2023-06,2i5w-ykuw,Lime,50,291,287,150,
2023-06,2i5w-ykuw,Lime,51,430,438,291,
2023-06,2i5w-ykuw,Lime,52,1491,1478,1290,
2023-06,2i5w-ykuw,Lime,53,1168,1159,919,
2023-06,2i5w-ykuw,Lime,54,382,389,364,
2023-06,2i5w-ykuw,Lime,55,431,452,316,
2023-06,2i5w-ykuw,Lime,56,699,762,386,
2023-06,2i5w-ykuw,Lime,57,1450,1405,851,
2023-06,2i5w-ykuw,Lime,58,2690,2613,1688,
2023-06,2i5w-ykuw,Lime,59,728,709,342,
2023-06,2i5w-ykuw,Lime,60,688,714,378,
2023-06,2i5w-ykuw,Lime,61,1898,1852,1167,
2023-06,2i5w-ykuw,Lime,62,1895,1886,1042,
2023-06,2i5w-ykuw,Lime,63,3716,3764,2334,
2023-06,2i5w-ykuw,Lime,64,438,482,223,
2023-06,2i5w-ykuw,Lime,65,1914,1867,989,
2023-06,2i5w-ykuw,Lime,66,3426,3351,2154,
2023-06,2i5w-ykuw,Lime,67,1920,1971,1273,
2023-06,2i5w-ykuw,Lime,68,1218,1249,671,
2023-06,2i5w-ykuw,Lime,69,2156,2158,1224,
2023-06,2i5w-ykuw,Lime,70,917,988,706,
2023-06,2i5w-ykuw,Lime,71,1710,1748,1120,
2023-06,2i5w-ykuw,Lime,72,188,206,90,
2023-06,2i5w-ykuw,Lime,73,884,852,548,
2023-06,2i5w-ykuw,Lime,74,27,39,25,
2023-06,2i5w-ykuw,Lime,75,308,294,181,
2023-06,2i5w-ykuw,Lime,76,27,39,15,
2023-06,2i5w-ykuw,Lime,77,5775,5725,3197,
2023-06,2i5w-ykuw,Link,,24,74,0,
2023-06,2i5w-ykuw,Link,1,169,166,141,
2023-06,2i5w-ykuw,Link,2,69,84,54,
2023-06,2i5w-ykuw,Link,3,289,320,164,
2023-06,2i5w-ykuw,Link,4,298,267,160,
2023-06,2i5w-ykuw,Link,5,283,235,96,
2023-06,2i5w-ykuw,Link,6,882,882,573,
2023-06,2i5w-ykuw,Link,7,437,460,275,
2023-06,2i5w-ykuw,Link,8,146,178,93,
2023-06,2i5w-ykuw,Link,9,23,24,14,
2023-06,2i5w-ykuw,Link,10,106,102,76,
2023-06,2i5w-ykuw,Link,11,144,111,63,
2023-06,2i5w-ykuw,Link,12,17,24,10,
2023-06,2i5w-ykuw,Link,13,136,110,70,
2023-06,2i5w-ykuw,Link,14,221,224,116,
2023-06,2i5w-ykuw,Link,15,462,475,330,
2023-06,2i5w-ykuw,Link,16,450,447,216,
2023-06,2i5w-ykuw,Link,17,75,78,51,
2023-06,2i5w-ykuw,Link,18,26,32,16,
2023-06,2i5w-ykuw,Link,19,469,479,337,
2023-06,2i5w-ykuw,Link,20,181,173,80,
2023-06,2i5w-ykuw,Link,21,304,325,121,
2023-06,2i5w-ykuw,Link,22,821,771,463,
2023-06,2i5w-ykuw,Link,23,201,241,78,
2023-06,2i5w-ykuw,Link,24,844,816,550,
2023-06,2i5w-ykuw,Link,25,400,430,307,
2023-06,2i5w-ykuw,Link,26,183,182,106,
2023-06,2i5w-ykuw,Link,27,342,312,183,
2023-06,2i5w-ykuw,Link,28,428,450,265,
2023-06,2i5w-ykuw,Link,29,465,410,273,
2023-06,2i5w-ykuw,Link,30,670,699,530,
2023-06,2i5w-ykuw,Link,31,273,235,158,
2023-06,2i5w-ykuw,Link,32,122,137,80,
2023-06,2i5w-ykuw,Link,33,23,27,13,
2023-06,2i5w-ykuw,Link,34,70,58,31,
2023-06,2i5w-ykuw,Link,35,105,97,57,
2023-06,2i5w-ykuw,Link,36,3,7,0,
2023-06,2i5w-ykuw,Link,37,84,57,10,
2023-06,2i5w-ykuw,Link,38,248,216,130,
2023-06,2i5w-ykuw,Link,39,61,77,18,
2023-06,2i5w-ykuw,Link,40,137,141,60,
2023-06,2i5w-ykuw,Link,41,55,81,31,
2023-06,2i5w-ykuw,Link,42,83,100,32,
2023-06,2i5w-ykuw,Link,43,123,151,74,
2023-06,2i5w-ykuw,Link,44,324,284,192,
2023-06,2i5w-ykuw,Link,45,45,52,14,
2023-06,2i5w-ykuw,Link,46,63,52,32,
2023-06,2i5w-ykuw,Link,47,2,3,0,
2023-06,2i5w-ykuw,Link,48,83,65,45,
2023-06,2i5w-ykuw,Link,49,302,270,219,
2023-06,2i5w-ykuw,Link,50,17,21,7,
2023-06,2i5w-ykuw,Link,51,54,56,38,
2023-06,2i5w-ykuw,Link,52,16,21,11,
2023-06,2i5w-ykuw,Link,53,46,47,27,
2023-06,2i5w-ykuw,Link,55,159,153,149,
2023-06,2i5w-ykuw,Link,56,104,105,46,
2023-06,2i5w-ykuw,Link,57,183,157,111,
2023-06,2i5w-ykuw,Link,58,302,300,164,
2023-06,2i5w-ykuw,Link,59,175,155,102,
2023-06,2i5w-ykuw,Link,60,159,169,107,
2023-06,2i5w-ykuw,Link,61,172,158,75,
2023-06,2i5w-ykuw,Link,62,215,215,118,
2023-06,2i5w-ykuw,Link,63,359,382,238,
2023-06,2i5w-ykuw,Link,64,31,40,13,
2023-06,2i5w-ykuw,Link,65,171,197,91,
2023-06,2i5w-ykuw,Link,66,247,261,183,
2023-06,2i5w-ykuw,Link,67,73,80,39,
2023-06,2i5w-ykuw,Link,68,213,225,135,
2023-06,2i5w-ykuw,Link,69,117,108,45,
2023-06,2i5w-ykuw,Link,70,46,48,26,
2023-06,2i5w-ykuw,Link,71,149,163,100,
2023-06,2i5w-ykuw,Link,72,18,25,4,
2023-06,2i5w-ykuw,Link,73,44,52,25,
2023-06,2i5w-ykuw,Link,74,2,2,0,
2023-06,2i5w-ykuw,Link,75,14,17,5,
2023-06,2i5w-ykuw,Link,77,107,116,49,
2023-06,2i5w-ykuw,Lyft,,0,5,0,
2023-06,2i5w-ykuw,Lyft,3,0,3,0,
2023-06,2i5w-ykuw,Lyft,4,0,2,0,
2023-06,2i5w-ykuw,Lyft,5,0,2,0,
2023-06,2i5w-ykuw,Lyft,6,5,26,3,
2023-06,2i5w-ykuw,Lyft,7,4778,5327,2518,
2023-06,2i5w-ykuw,Lyft,8,22307,21955,13191,
2023-06,2i5w-ykuw,Lyft,17,0,1,0,
2023-06,2i5w-ykuw,Lyft,22,522,637,130,
2023-06,2i5w-ykuw,Lyft,23,0,1,0,
2023-06,2i5w-ykuw,Lyft,24,6097,6674,2962,
2023-06,2i5w-ykuw,Lyft,27,0,1,0,
2023-06,2i5w-ykuw,Lyft,28,18131,17437,10397,
2023-06,2i5w-ykuw,Lyft,29,0,3,0,
2023-06,2i5w-ykuw,Lyft,30,0,1,0,
2023-06,2i5w-ykuw,Lyft,31,1525,1526,709,
2023-06,2i5w-ykuw,Lyft,32,18811,18486,10812,
2023-06,2i5w-ykuw,Lyft,33,3233,3159,1395,
2023-06,2i5w-ykuw,Lyft,34,782,803,333,
2023-06,2i5w-ykuw,Lyft,35,1265,1302,940,
2023-06,2i5w-ykuw,Lyft,36,23,19,9,
2023-06,2i5w-ykuw,Lyft,37,0,1,0,
2023-06,2i5w-ykuw,Lyft,38,2,40,0,
2023-06,2i5w-ykuw,Lyft,39,0,3,0,
2023-06,2i5w-ykuw,Lyft,40,0,1,0,
2023-06,2i5w-ykuw,Lyft,41,0,2,0,
2023-06,2i5w-ykuw,Lyft,59,85,120,37,
2023-06,2i5w-ykuw,Lyft,60,769,783,416,
2023-06,2i5w-ykuw,Lyft,61,5,17,0,
2023-06,2i5w-ykuw,Lyft,68,0,1,0,
2023-06,2i5w-ykuw,Lyft,69,0,1,0,
2023-06,2i5w-ykuw,Lyft,77,1,2,1,
2023-06,2i5w-ykuw,Spin,,6,22,0,
2023-06,2i5w-ykuw,Spin,1,190,196,116,
2023-06,2i5w-ykuw,Spin,2,140,151,75,
2023-06,2i5w-ykuw,Spin,3,1825,1783,894,
2023-06,2i5w-ykuw,Spin,4,721,725,322,
2023-06,2i5w-ykuw,Spin,5,867,890,297,
2023-06,2i5w-ykuw,Spin,6,4972,4818,3099,
2023-06,2i5w-ykuw,Spin,7,2914,2853,1656,
2023-06,2i5w-ykuw,Spin,8,1317,1402,683,
2023-06,2i5w-ykuw,Spin,10,1,0,0,
2023-06,2i5w-ykuw,Spin,11,0,1,0,
2023-06,2i5w-ykuw,Spin,13,18,24,3,
2023-06,2i5w-ykuw,Spin,14,81,86,32,
2023-06,2i5w-ykuw,Spin,15,83,95,33,
2023-06,2i5w-ykuw,Spin,16,331,357,165,
2023-06,2i5w-ykuw,Spin,17,21,25,7,
2023-06,2i5w-ykuw,Spin,18,45,45,19,
2023-06,2i5w-ykuw,Spin,19,425,397,272,
2023-06,2i5w-ykuw,Spin,20,151,144,53,
2023-06,2i5w-ykuw,Spin,21,310,322,123,
2023-06,2i5w-ykuw,Spin,22,1290,1317,744,
2023-06,2i5w-ykuw,Spin,23,421,436,237,
2023-06,2i5w-ykuw,Spin,24,1760,1681,1015,
2023-06,2i5w-ykuw,Spin,25,770,785,654,
2023-06,2i5w-ykuw,Spin,26,225,228,147,
2023-06,2i5w-ykuw,Spin,27,380,349,245,
2023-06,2i5w-ykuw,Spin,28,959,998,547,
2023-06,2i5w-ykuw,Spin,29,335,345,233,
2023-06,2i5w-ykuw,Spin,30,97,92,61,
2023-06,2i5w-ykuw,Spin,31,106,119,42,
2023-06,2i5w-ykuw,Spin,32,434,453,206,
2023-06,2i5w-ykuw,Spin,33,142,150,63,
2023-06,2i5w-ykuw,Spin,34,29,30,11,
2023-06,2i5w-ykuw,Spin,35,60,63,24,
2023-06,2i5w-ykuw,Spin,36,23,23,8,
2023-06,2i5w-ykuw,Spin,37,28,32,4,
2023-06,2i5w-ykuw,Spin,38,185,173,85,
2023-06,2i5w-ykuw,Spin,39,95,95,37,
2023-06,2i5w-ykuw,Spin,40,134,124,67,
2023-06,2i5w-ykuw,Spin,41,140,144,79,
2023-06,2i5w-ykuw,Spin,42,110,105,44,
2023-06,2i5w-ykuw,Spin,43,733,721,628,
2023-06,2i5w-ykuw,Spin,44,273,263,163,
2023-06,2i5w-ykuw,Spin,45,67,70,30,
2023-06,2i5w-ykuw,Spin,46,376,371,318,
2023-06,2i5w-ykuw,Spin,47,10,9,2,
2023-06,2i5w-ykuw,Spin,48,42,48,21,
2023-06,2i5w-ykuw,Spin,49,541,499,410,
2023-06,2i5w-ykuw,Spin,50,91,102,51,
2023-06,2i5w-ykuw,Spin,51,20,27,10,
2023-06,2i5w-ykuw,Spin,53,27,58,19,
2023-06,2i5w-ykuw,Spin,54,0,1,0,
2023-06,2i5w-ykuw,Spin,56,5,8,0,
2023-06,2i5w-ykuw,Spin,57,76,75,54,
2023-06,2i5w-ykuw,Spin,58,251,239,147,
2023-06,2i5w-ykuw,Spin,59,124,115,65,
2023-06,2i5w-ykuw,Spin,60,48,62,27,
2023-06,2i5w-ykuw,Spin,61,193,198,131,
2023-06,2i5w-ykuw,Spin,62,71,78,33,
2023-06,2i5w-ykuw,Spin,63,180,176,108,
2023-06,2i5w-ykuw,Spin,64,12,16,5,
2023-06,2i5w-ykuw,Spin,65,128,130,84,
2023-06,2i5w-ykuw,Spin,66,270,262,205,
2023-06,2i5w-ykuw,Spin,67,192,210,141,
2023-06,2i5w-ykuw,Spin,68,208,219,144,
2023-06,2i5w-ykuw,Spin,69,226,230,157,
2023-06,2i5w-ykuw,Spin,70,4,7,1,
2023-06,2i5w-ykuw,Spin,71,298,294,208,
2023-06,2i5w-ykuw,Spin,72,6,12,3,
2023-06,2i5w-ykuw,Spin,73,65,75,33,
2023-06,2i5w-ykuw,Spin,75,21,22,11,
2023-06,2i5w-ykuw,Spin,76,1,0,0,
2023-06,2i5w-ykuw,Spin,77,872,897,445,
2023-07,2i5w-ykuw,Lime,,385,416,0,
2023-07,2i5w-ykuw,Lime,1,7356,7176,5260,
2023-07,2i5w-ykuw,Lime,2,3762,4068,2280,
2023-07,2i5w-ykuw,Lime,3,8495,8387,4055,
2023-07,2i5w-ykuw,Lime,4,3209,3371,1324,
2023-07,2i5w-ykuw,Lime,5,4610,4826,1821,
2023-07,2i5w-ykuw,Lime,6,24098,23759,14534,
2023-07,2i5w-ykuw,Lime,7,22656,20602,13066,
2023-07,2i5w-ykuw,Lime,8,11268,13057,6362,
2023-07,2i5w-ykuw,Lime,9,103,110,69,
2023-07,2i5w-ykuw,Lime,10,396,430,244,
2023-07,2i5w-ykuw,Lime,11,567,604,244,
2023-07,2i5w-ykuw,Lime,12,154,199,57,
2023-07,2i5w-ykuw,Lime,13,773,853,337,
2023-07,2i5w-ykuw,Lime,14,2275,2364,1077,
2023-07,2i5w-ykuw,Lime,15,2960,3061,1507,
2023-07,2i5w-ykuw,Lime,16,3400,3545,1413,
2023-07,2i5w-ykuw,Lime,17,1061,1128,547,
2023-07,2i5w-ykuw,Lime,18,999,1039,437,
2023-07,2i5w-ykuw,Lime,19,9702,9589,6590,
2023-07,2i5w-ykuw,Lime,20,2638,2631,1056,
2023-07,2i5w-ykuw,Lime,21,4178,4360,1653,
2023-07,2i5w-ykuw,Lime,22,15893,15850,8520,
2023-07,2i5w-ykuw,Lime,23,9599,9441,5429,
2023-07,2i5w-ykuw,Lime,24,26683,24845,17362,
2023-07,2i5w-ykuw,Lime,25,12637,12824,9893,
2023-07,2i5w-ykuw,Lime,26,4141,4057,2598,
2023-07,2i5w-ykuw,Lime,27,3787,3738,2032,
2023-07,2i5w-ykuw,Lime,28,7834,8685,4151,
2023-07,2i5w-ykuw,Lime,29,7271,7196,5461,
2023-07,2i5w-ykuw,Lime,30,4439,4476,3403,
2023-07,2i5w-ykuw,Lime,31,1312,1426,660,
2023-07,2i5w-ykuw,Lime,32,5782,6284,3460,
2023-07,2i5w-ykuw,Lime,33,829,934,437,
2023-07,2i5w-ykuw,Lime,34,513,545,213,
2023-07,2i5w-ykuw,Lime,35,351,392,169,
2023-07,2i5w-ykuw,Lime,36,181,194,71,
2023-07,2i5w-ykuw,Lime,37,276,273,50,
2023-07,2i5w-ykuw,Lime,38,825,811,387,
2023-07,2i5w-ykuw,Lime,39,515,541,222,
2023-07,2i5w-ykuw,Lime,40,945,958,538,
2023-07,2i5w-ykuw,Lime,41,867,910,504,
2023-07,2i5w-ykuw,Lime,42,1395,1401,732,
2023-07,2i5w-ykuw,Lime,43,3807,3826,2824,
2023-07,2i5w-ykuw,Lime,44,3434,3242,2124,
2023-07,2i5w-ykuw,Lime,45,521,543,210,
2023-07,2i5w-ykuw,Lime,46,1783,1757,1279,
2023-07,2i5w-ykuw,Lime,47,93,90,35,
2023-07,2i5w-ykuw,Lime,48,544,567,332,
2023-07,2i5w-ykuw,Lime,49,1766,1794,1173,
2023-07,2i5w-ykuw,Lime,50,532,543,333,
2023-07,2i5w-ykuw,Lime,51,516,530,348,
2023-07,2i5w-ykuw,Lime,52,1481,1475,1285,
2023-07,2i5w-ykuw,Lime,53,1190,1135,945,
2023-07,2i5w-ykuw,Lime,54,218,227,205,
2023-07,2i5w-ykuw,Lime,55,402,426,284,
2023-07,2i5w-ykuw,Lime,56,601,640,307,
2023-07,2i5w-ykuw,Lime,57,1302,1299,757,
2023-07,2i5w-ykuw,Lime,58,3312,3251,2186,
2023-07,2i5w-ykuw,Lime,59,794,794,355,
2023-07,2i5w-ykuw,Lime,60,701,744,398,
2023-07,2i5w-ykuw,Lime,61,2288,2286,1458,
2023-07,2i5w-ykuw,Lime,62,1416,1397,673,
2023-07,2i5w-ykuw,Lime,63,3387,3399,2045,
2023-07,2i5w-ykuw,Lime,64,428,463,256,
2023-07,2i5w-ykuw,Lime,65,1643,1619,876,
2023-07,2i5w-ykuw,Lime,66,3846,3773,2517,
2023-07,2i5w-ykuw,Lime,67,2185,2162,1373,
2023-07,2i5w-ykuw,Lime,68,1779,1799,1034,
2023-07,2i5w-ykuw,Lime,69,3013,2955,1761,
2023-07,2i5w-ykuw,Lime,70,876,956,662,
2023-07,2i5w-ykuw,Lime,71,2336,2327,1579,
2023-07,2i5w-ykuw,Lime,72,280,346,175,
2023-07,2i5w-ykuw,Lime,73,1226,1204,775,
2023-07,2i5w-ykuw,Lime,74,16,25,12,
2023-07,2i5w-ykuw,Lime,75,297,320,190,
2023-07,2i5w-ykuw,Lime,76,49,54,39,
2023-07,2i5w-ykuw,Lime,77,7586,7444,4127,
2023-07,2i5w-ykuw,Link,,24,55,0,
2023-07,2i5w-ykuw,Link,1,263,238,195,
2023-07,2i5w-ykuw,Link,2,95,107,54,
2023-07,2i5w-ykuw,Link,3,268,270,123,
2023-07,2i5w-ykuw,Link,4,383,358,219,
2023-07,2i5w-ykuw,Link,5,240,226,82,
2023-07,2i5w-ykuw,Link,6,818,812,502,
2023-07,2i5w-ykuw,Link,7,523,473,321,
2023-07,2i5w-ykuw,Link,8,350,385,220,
2023-07,2i5w-ykuw,Link,9,11,13,6,
2023-07,2i5w-ykuw,Link,10,103,110,65,
2023-07,2i5w-ykuw,Link,11,244,210,114,
2023-07,2i5w-ykuw,Link,12,39,44,26,
2023-07,2i5w-ykuw,Link,13,60,65,25,
2023-07,2i5w-ykuw,Link,14,223,221,104,
2023-07,2i5w-ykuw,Link,15,388,395,260,
2023-07,2i5w-ykuw,Link,16,409,396,205,
2023-07,2i5w-ykuw,Link,17,70,76,41,
2023-07,2i5w-ykuw,Link,18,33,54,13,
2023-07,2i5w-ykuw,Link,19,525,515,395,
2023-07,2i5w-ykuw,Link,20,181,176,104,
2023-07,2i5w-ykuw,Link,21,235,245,89,
2023-07,2i5w-ykuw,Link,22,490,455,244,
2023-07,2i5w-ykuw,Link,23,110,128,54,
2023-07,2i5w-ykuw,Link,24,500,519,307,
2023-07,2i5w-ykuw,Link,25,406,406,316,
2023-07,2i5w-ykuw,Link,26,78,90,35,
2023-07,2i5w-ykuw,Link,27,105,104,60,
2023-07,2i5w-ykuw,Link,28,488,468,283,
2023-07,2i5w-ykuw,Link,29,346,311,203,
2023-07,2i5w-ykuw,Link,30,484,552,395,
2023-07,2i5w-ykuw,Link,31,359,331,244,
2023-07,2i5w-ykuw,Link,32,222,259,119,
2023-07,2i5w-ykuw,Link,33,35,44,13,
2023-07,2i5w-ykuw,Link,34,86,87,29,
2023-07,2i5w-ykuw,Link,35,57,60,25,
2023-07,2i5w-ykuw,Link,36,7,12,1,
2023-07,2i5w-ykuw,Link,37,40,16,3,
2023-07,2i5w-ykuw,Link,38,201,171,109,
2023-07,2i5w-ykuw,Link,39,48,64,12,
2023-07,2i5w-ykuw,Link,40,95,84,43,
2023-07,2i5w-ykuw,Link,41,29,37,10,
2023-07,2i5w-ykuw,Link,42,88,99,40,
2023-07,2i5w-ykuw,Link,43,102,100,53,
2023-07,2i5w-ykuw,Link,44,217,177,124,
2023-07,2i5w-ykuw,Link,45,27,43,13,
2023-07,2i5w-ykuw,Link,46,59,62,35,
2023-07,2i5w-ykuw,Link,47,1,3,0,
2023-07,2i5w-ykuw,Link,48,51,48,25,
2023-07,2i5w-ykuw,Link,49,199,183,134,
2023-07,2i5w-ykuw,Link,50,20,23,3,
2023-07,2i5w-ykuw,Link,51,40,44,23,
2023-07,2i5w-ykuw,Link,52,34,34,26,
2023-07,2i5w-ykuw,Link,53,46,49,35,
2023-07,2i5w-ykuw,Link,54,1,1,0,
2023-07,2i5w-ykuw,Link,55,49,50,38,
2023-07,2i5w-ykuw,Link,56,93,94,45,
2023-07,2i5w-ykuw,Link,57,188,148,104,
2023-07,2i5w-ykuw,Link,58,289,273,142,
2023-07,2i5w-ykuw,Link,59,216,185,106,
2023-07,2i5w-ykuw,Link,60,291,271,173,
2023-07,2i5w-ykuw,Link,61,203,215,134,
2023-07,2i5w-ykuw,Link,62,176,174,84,
2023-07,2i5w-ykuw,Link,63,241,286,154,
2023-07,2i5w-ykuw,Link,64,44,50,28,
2023-07,2i5w-ykuw,Link,65,174,206,116,
2023-07,2i5w-ykuw,Link,66,270,266,190,
2023-07,2i5w-ykuw,Link,67,79,91,50,
2023-07,2i5w-ykuw,Link,68,131,126,88,
2023-07,2i5w-ykuw,Link,69,64,71,32,
2023-07,2i5w-ykuw,Link,70,45,39,31,
2023-07,2i5w-ykuw,Link,71,101,110,69,
2023-07,2i5w-ykuw,Link,72,14,16,4,
2023-07,2i5w-ykuw,Link,73,27,44,20,
2023-07,2i5w-ykuw,Link,74,0,2,0,
2023-07,2i5w-ykuw,Link,75,27,21,13,
2023-07,2i5w-ykuw,Link,77,193,225,101,
2023-07,2i5w-ykuw,Lyft,,0,5,0,
2023-07,2i5w-ykuw,Lyft,3,1,6,0,
2023-07,2i5w-ykuw,Lyft,4,0,1,0,
2023-07,2i5w-ykuw,Lyft,5,0,5,0,
2023-07,2i5w-ykuw,Lyft,6,32,83,26,
2023-07,2i5w-ykuw,Lyft,7,7424,8311,3980,
2023-07,2i5w-ykuw,Lyft,8,35367,34958,21554,
2023-07,2i5w-ykuw,Lyft,21,0,1,0,
2023-07,2i5w-ykuw,Lyft,22,894,1057,295,
2023-07,2i5w-ykuw,Lyft,23,0,1,0,
2023-07,2i5w-ykuw,Lyft,24,9945,10733,5035,
2023-07,2i5w-ykuw,Lyft,25,3,3,3,
2023-07,2i5w-ykuw,Lyft,27,0,2,0,
2023-07,2i5w-ykuw,Lyft,28,27781,26337,15887,
2023-07,2i5w-ykuw,Lyft,29,0,1,0,
2023-07,2i5w-ykuw,Lyft,30,0,2,0,
2023-07,2i5w-ykuw,Lyft,31,2409,2358,1083,
2023-07,2i5w-ykuw,Lyft,32,27904,27742,16053,
2023-07,2i5w-ykuw,Lyft,33,4843,4863,2191,
2023-07,2i5w-ykuw,Lyft,34,1481,1487,613,
2023-07,2i5w-ykuw,Lyft,35,2115,2110,1536,
2023-07,2i5w-ykuw,Lyft,36,35,35,11,
2023-07,2i5w-ykuw,Lyft,37,1,5,0,
2023-07,2i5w-ykuw,Lyft,38,23,84,15,
2023-07,2i5w-ykuw,Lyft,39,0,2,0,
2023-07,2i5w-ykuw,Lyft,49,1,3,1,
2023-07,2i5w-ykuw,Lyft,58,1,2,0,
2023-07,2i5w-ykuw,Lyft,59,161,188,79,
2023-07,2i5w-ykuw,Lyft,60,1065,1084,542,
2023-07,2i5w-ykuw,Lyft,61,3,19,0,
2023-07,2i5w-ykuw,Lyft,63,0,1,0,
2023-07,2i5w-ykuw,Spin,,6,9,0,
2023-07,2i5w-ykuw,Spin,1,227,264,151,
2023-07,2i5w-ykuw,Spin,2,168,195,94,
2023-07,2i5w-ykuw,Spin,3,1941,1834,1079,
2023-07,2i5w-ykuw,Spin,4,595,601,286,
2023-07,2i5w-ykuw,Spin,5,682,687,223,
2023-07,2i5w-ykuw,Spin,6,4388,4223,2830,
2023-07,2i5w-ykuw,Spin,7,2420,2330,1379,
2023-07,2i5w-ykuw,Spin,8,729,893,375,
2023-07,2i5w-ykuw,Spin,11,0,1,0,
2023-07,2i5w-ykuw,Spin,12,1,1,1,
2023-07,2i5w-ykuw,Spin,13,15,20,6,
2023-07,2i5w-ykuw,Spin,14,81,85,39,
2023-07,2i5w-ykuw,Spin,15,63,79,31,
2023-07,2i5w-ykuw,Spin,16,136,146,53,
2023-07,2i5w-ykuw,Spin,17,22,26,11,
2023-07,2i5w-ykuw,Spin,18,29,31,14,
2023-07,2i5w-ykuw,Spin,19,287,273,188,
2023-07,2i5w-ykuw,Spin,20,114,101,40,
2023-07,2i5w-ykuw,Spin,21,245,273,119,
2023-07,2i5w-ykuw,Spin,22,1172,1143,689,
2023-07,2i5w-ykuw,Spin,23,253,273,120,
2023-07,2i5w-ykuw,Spin,24,1276,1278,793,
2023-07,2i5w-ykuw,Spin,25,570,593,489,
2023-07,2i5w-ykuw,Spin,26,165,147,86,
2023-07,2i5w-ykuw,Spin,27,286,260,189,
2023-07,2i5w-ykuw,Spin,28,533,571,317,
2023-07,2i5w-ykuw,Spin,29,195,204,133,
2023-07,2i5w-ykuw,Spin,30,61,72,32,
2023-07,2i5w-ykuw,Spin,31,135,147,86,
2023-07,2i5w-ykuw,Spin,32,109,141,46,
2023-07,2i5w-ykuw,Spin,33,75,80,48,
2023-07,2i5w-ykuw,Spin,34,15,15,4,
2023-07,2i5w-ykuw,Spin,35,48,47,28,
2023-07,2i5w-ykuw,Spin,36,18,19,10,
2023-07,2i5w-ykuw,Spin,37,24,25,6,
2023-07,2i5w-ykuw,Spin,38,115,98,64,
2023-07,2i5w-ykuw,Spin,39,57,56,24,
2023-07,2i5w-ykuw,Spin,40,58,54,19,
2023-07,2i5w-ykuw,Spin,41,56,55,27,
2023-07,2i5w-ykuw,Spin,42,104,104,53,
2023-07,2i5w-ykuw,Spin,43,542,528,442,
2023-07,2i5w-ykuw,Spin,44,217,211,129,
2023-07,2i5w-ykuw,Spin,45,58,63,23,
2023-07,2i5w-ykuw,Spin,46,518,502,433,
2023-07,2i5w-ykuw,Spin,47,10,14,5,
2023-07,2i5w-ykuw,Spin,48,45,47,22,
2023-07,2i5w-ykuw,Spin,49,458,439,377,
2023-07,2i5w-ykuw,Spin,50,35,43,22,
2023-07,2i5w-ykuw,Spin,51,11,19,8,
2023-07,2i5w-ykuw,Spin,53,6,16,3,
2023-07,2i5w-ykuw,Spin,56,9,15,2,
2023-07,2i5w-ykuw,Spin,57,90,84,69,
2023-07,2i5w-ykuw,Spin,58,292,292,207,
2023-07,2i5w-ykuw,Spin,59,111,102,59,
2023-07,2i5w-ykuw,Spin,60,39,42,23,
2023-07,2i5w-ykuw,Spin,61,168,167,122,
2023-07,2i5w-ykuw,Spin,62,20,22,4,
2023-07,2i5w-ykuw,Spin,63,168,163,93,
2023-07,2i5w-ykuw,Spin,64,7,10,4,
2023-07,2i5w-ykuw,Spin,65,41,41,18,
2023-07,2i5w-ykuw,Spin,66,242,222,174,
2023-07,2i5w-ykuw,Spin,67,217,221,171,
2023-07,2i5w-ykuw,Spin,68,114,112,66,
2023-07,2i5w-ykuw,Spin,69,145,164,82,
2023-07,2i5w-ykuw,Spin,70,6,9,2,
2023-07,2i5w-ykuw,Spin,71,156,163,98,
2023-07,2i5w-ykuw,Spin,72,23,28,15,
2023-07,2i5w-ykuw,Spin,73,70,79,36,
2023-07,2i5w-ykuw,Spin,75,7,7,2,
2023-07,2i5w-ykuw,Spin,76,5,0,0,
2023-07,2i5w-ykuw,Spin,77,843,868,443,
2023-08,2i5w-ykuw,Lime,,370,473,0,
2023-08,2i5w-ykuw,Lime,1,7427,7432,5201,
2023-08,2i5w-ykuw,Lime,2,5230,5380,3235,
2023-08,2i5w-ykuw,Lime,3,10022,9933,4815,
2023-08,2i5w-ykuw,Lime,4,4546,4642,2002,
2023-08,2i5w-ykuw,Lime,5,6638,6777,2654,
2023-08,2i5w-ykuw,Lime,6,30932,30168,18366,
2023-08,2i5w-ykuw,Lime,7,24436,22694,14016,
2023-08,2i5w-ykuw,Lime,8,7546,9226,4217,
2023-08,2i5w-ykuw,Lime,9,181,196,144,
2023-08,2i5w-ykuw,Lime,10,484,529,301,
2023-08,2i5w-ykuw,Lime,11,707,750,311,
2023-08,2i5w-ykuw,Lime,12,208,254,94,
2023-08,2i5w-ykuw,Lime,13,1136,1198,488,
2023-08,2i5w-ykuw,Lime,14,3661,3753,1883,
2023-08,2i5w-ykuw,Lime,15,3549,3672,1752,
2023-08,2i5w-ykuw,Lime,16,4786,4885,2015,
2023-08,2i5w-ykuw,Lime,17,1443,1576,855,
2023-08,2i5w-ykuw,Lime,18,1243,1283,554,
2023-08,2i5w-ykuw,Lime,19,12186,12065,8119,
2023-08,2i5w-ykuw,Lime,20,3962,3839,1519,
2023-08,2i5w-ykuw,Lime,21,5672,5765,2184,
2023-08,2i5w-ykuw,Lime,22,18808,18448,9996,
2023-08,2i5w-ykuw,Lime,23,12069,11812,6689,
2023-08,2i5w-ykuw,Lime,24,21340,20710,13281,
2023-08,2i5w-ykuw,Lime,25,15751,16089,12162,
2023-08,2i5w-ykuw,Lime,26,4766,4747,3014,
2023-08,2i5w-ykuw,Lime,27,4168,4078,2098,
2023-08,2i5w-ykuw,Lime,28,7663,8373,4549,
2023-08,2i5w-ykuw,Lime,29,7500,7465,5348,
2023-08,2i5w-ykuw,Lime,30,4254,4280,3047,
2023-08,2i5w-ykuw,Lime,31,1335,1427,601,
2023-08,2i5w-ykuw,Lime,32,778,884,660,
2023-08,2i5w-ykuw,Lime,33,499,554,258,
2023-08,2i5w-ykuw,Lime,34,308,335,105,
2023-08,2i5w-ykuw,Lime,35,343,370,165,
2023-08,2i5w-ykuw,Lime,36,127,136,42,
2023-08,2i5w-ykuw,Lime,37,250,237,40,
2023-08,2i5w-ykuw,Lime,38,895,874,479,
2023-08,2i5w-ykuw,Lime,39,415,435,166,
2023-08,2i5w-ykuw,Lime,40,716,713,388,
2023-08,2i5w-ykuw,Lime,41,771,779,428,
2023-08,2i5w-ykuw,Lime,42,1447,1451,737,
2023-08,2i5w-ykuw,Lime,43,3917,3898,2902,
2023-08,2i5w-ykuw,Lime,44,3743,3594,2276,
2023-08,2i5w-ykuw,Lime,45,527,575,211,
2023-08,2i5w-ykuw,Lime,46,1459,1472,1017,
2023-08,2i5w-ykuw,Lime,47,205,203,119,
2023-08,2i5w-ykuw,Lime,48,500,495,252,
2023-08,2i5w-ykuw,Lime,49,2218,2164,1391,
2023-08,2i5w-ykuw,Lime,50,700,721,417,
2023-08,2i5w-ykuw,Lime,51,564,552,385,
2023-08,2i5w-ykuw,Lime,52,1312,1309,1104,
2023-08,2i5w-ykuw,Lime,53,949,944,694,
2023-08,2i5w-ykuw,Lime,54,358,386,343,
2023-08,2i5w-ykuw,Lime,55,308,332,185,
2023-08,2i5w-ykuw,Lime,56,703,764,310,
2023-08,2i5w-ykuw,Lime,57,1905,1838,977,
2023-08,2i5w-ykuw,Lime,58,4255,4126,2661,
2023-08,2i5w-ykuw,Lime,59,881,903,384,
2023-08,2i5w-ykuw,Lime,60,668,710,385,
2023-08,2i5w-ykuw,Lime,61,2273,2230,1363,
2023-08,2i5w-ykuw,Lime,62,1968,1966,909,
2023-08,2i5w-ykuw,Lime,63,4979,4944,3009,
2023-08,2i5w-ykuw,Lime,64,502,581,252,
2023-08,2i5w-ykuw,Lime,65,2174,2132,1059,
2023-08,2i5w-ykuw,Lime,66,5599,5540,3694,
2023-08,2i5w-ykuw,Lime,67,2907,2886,1849,
2023-08,2i5w-ykuw,Lime,68,1987,2077,1113,
2023-08,2i5w-ykuw,Lime,69,3421,3357,2039,
2023-08,2i5w-ykuw,Lime,70,844,943,610,
2023-08,2i5w-ykuw,Lime,71,2831,2833,1796,
2023-08,2i5w-ykuw,Lime,72,394,435,227,
2023-08,2i5w-ykuw,Lime,73,1384,1402,848,
2023-08,2i5w-ykuw,Lime,74,5,9,2,
2023-08,2i5w-ykuw,Lime,75,267,306,122,
2023-08,2i5w-ykuw,Lime,76,53,62,46,
2023-08,2i5w-ykuw,Lime,77,8131,8083,4365,
2023-08,2i5w-ykuw,Link,,9,30,0,
2023-08,2i5w-ykuw,Link,1,97,87,75,
2023-08,2i5w-ykuw,Link,2,17,30,10,
2023-08,2i5w-ykuw,Link,3,242,226,123,
2023-08,2i5w-ykuw,Link,4,199,187,101,
2023-08,2i5w-ykuw,Link,5,224,224,92,
2023-08,2i5w-ykuw,Link,6,763,719,471,
2023-08,2i5w-ykuw,Link,7,331,339,197,
2023-08,2i5w-ykuw,Link,8,77,105,36,
2023-08,2i5w-ykuw,Link,9,7,10,5,
2023-08,2i5w-ykuw,Link,10,30,39,15,
2023-08,2i5w-ykuw,Link,11,205,198,130,
2023-08,2i5w-ykuw,Link,12,8,13,1,
2023-08,2i5w-ykuw,Link,13,16,22,6,
2023-08,2i5w-ykuw,Link,14,103,114,47,
2023-08,2i5w-ykuw,Link,15,377,393,257,
2023-08,2i5w-ykuw,Link,16,357,327,182,
2023-08,2i5w-ykuw,Link,17,24,37,9,
2023-08,2i5w-ykuw,Link,18,13,17,5,
2023-08,2i5w-ykuw,Link,19,294,315,203,
2023-08,2i5w-ykuw,Link,20,78,80,41,
2023-08,2i5w-ykuw,Link,21,212,194,71,
2023-08,2i5w-ykuw,Link,22,426,387,230,
2023-08,2i5w-ykuw,Link,23,110,126,46,
2023-08,2i5w-ykuw,Link,24,321,326,171,
2023-08,2i5w-ykuw,Link,25,347,354,250,
2023-08,2i5w-ykuw,Link,26,96,93,33,
2023-08,2i5w-ykuw,Link,27,135,125,60,
2023-08,2i5w-ykuw,Link,28,255,266,130,
2023-08,2i5w-ykuw,Link,29,266,242,141,
2023-08,2i5w-ykuw,Link,30,406,435,287,
2023-08,2i5w-ykuw,Link,31,449,410,323,
2023-08,2i5w-ykuw,Link,32,5,14,3,
2023-08,2i5w-ykuw,Link,33,48,67,33,
2023-08,2i5w-ykuw,Link,34,60,54,18,
2023-08,2i5w-ykuw,Link,35,76,76,49,
2023-08,2i5w-ykuw,Link,36,2,3,0,
2023-08,2i5w-ykuw,Link,37,60,42,12,
2023-08,2i5w-ykuw,Link,38,149,125,81,
2023-08,2i5w-ykuw,Link,39,46,59,12,
2023-08,2i5w-ykuw,Link,40,101,104,58,
2023-08,2i5w-ykuw,Link,41,14,19,5,
2023-08,2i5w-ykuw,Link,42,39,52,9,
2023-08,2i5w-ykuw,Link,43,72,74,40,
2023-08,2i5w-ykuw,Link,44,247,193,136,
2023-08,2i5w-ykuw,Link,45,7,10,0,
2023-08,2i5w-ykuw,Link,46,73,74,55,
2023-08,2i5w-ykuw,Link,47,7,10,1,
2023-08,2i5w-ykuw,Link,48,35,34,20,
2023-08,2i5w-ykuw,Link,49,262,236,179,
2023-08,2i5w-ykuw,Link,50,27,34,8,
2023-08,2i5w-ykuw,Link,51,19,24,15,
2023-08,2i5w-ykuw,Link,52,7,10,5,
2023-08,2i5w-ykuw,Link,53,39,39,26,
2023-08,2i5w-ykuw,Link,54,0,2,0,
2023-08,2i5w-ykuw,Link,55,124,119,116,
2023-08,2i5w-ykuw,Link,56,40,36,17,
2023-08,2i5w-ykuw,Link,57,100,75,48,
2023-08,2i5w-ykuw,Link,58,200,214,106,
2023-08,2i5w-ykuw,Link,59,134,107,72,
2023-08,2i5w-ykuw,Link,60,187,181,140,
2023-08,2i5w-ykuw,Link,61,145,138,67,
2023-08,2i5w-ykuw,Link,62,60,68,28,
2023-08,2i5w-ykuw,Link,63,124,165,59,
2023-08,2i5w-ykuw,Link,64,15,21,7,
2023-08,2i5w-ykuw,Link,65,68,78,30,
2023-08,2i5w-ykuw,Link,66,158,158,106,
2023-08,2i5w-ykuw,Link,67,79,83,42,
2023-08,2i5w-ykuw,Link,68,145,143,78,
2023-08,2i5w-ykuw,Link,69,91,103,54,
2023-08,2i5w-ykuw,Link,70,48,54,31,
2023-08,2i5w-ykuw,Link,71,142,157,97,
2023-08,2i5w-ykuw,Link,72,13,19,6,
2023-08,2i5w-ykuw,Link,73,19,30,6,
2023-08,2i5w-ykuw,Link,74,2,3,2,
2023-08,2i5w-ykuw,Link,75,18,19,8,
2023-08,2i5w-ykuw,Link,77,93,98,44,
2023-08,2i5w-ykuw,Lyft,,1,4,0,
2023-08,2i5w-ykuw,Lyft,3,7,9,4,
2023-08,2i5w-ykuw,Lyft,4,2,3,1,
2023-08,2i5w-ykuw,Lyft,5,1,7,1,
2023-08,2i5w-ykuw,Lyft,6,18,97,11,
2023-08,2i5w-ykuw,Lyft,7,10461,11571,5511,
2023-08,2i5w-ykuw,Lyft,8,46188,45811,26539,
2023-08,2i5w-ykuw,Lyft,15,0,1,0,
2023-08,2i5w-ykuw,Lyft,21,0,4,0,
2023-08,2i5w-ykuw,Lyft,22,1365,1590,441,
2023-08,2i5w-ykuw,Lyft,23,0,2,0,
2023-08,2i5w-ykuw,Lyft,24,13935,14888,6678,
2023-08,2i5w-ykuw,Lyft,25,2,2,2,
2023-08,2i5w-ykuw,Lyft,27,0,3,0,
2023-08,2i5w-ykuw,Lyft,28,41397,39750,24101,
2023-08,2i5w-ykuw,Lyft,29,0,3,0,
2023-08,2i5w-ykuw,Lyft,30,1,4,0,
2023-08,2i5w-ykuw,Lyft,31,2788,2856,1199,
2023-08,2i5w-ykuw,Lyft,32,39574,38975,21632,
2023-08,2i5w-ykuw,Lyft,33,5797,5798,2399,
2023-08,2i5w-ykuw,Lyft,34,1702,1685,698,
2023-08,2i5w-ykuw,Lyft,35,3659,3683,2861,
2023-08,2i5w-ykuw,Lyft,36,60,76,21,
2023-08,2i5w-ykuw,Lyft,37,0,3,0,
2023-08,2i5w-ykuw,Lyft,38,42,126,26,
2023-08,2i5w-ykuw,Lyft,41,0,2,0,
2023-08,2i5w-ykuw,Lyft,49,1,3,1,
2023-08,2i5w-ykuw,Lyft,58,0,1,0,
2023-08,2i5w-ykuw,Lyft,59,149,174,66,
2023-08,2i5w-ykuw,Lyft,60,1322,1323,599,
2023-08,2i5w-ykuw,Lyft,61,5,21,3,
2023-08,2i5w-ykuw,Lyft,69,0,1,0,
2023-08,2i5w-ykuw,Lyft,77,2,3,1,
2023-08,2i5w-ykuw,Spin,,4,6,0,
2023-08,2i5w-ykuw,Spin,1,319,332,245,
2023-08,2i5w-ykuw,Spin,2,111,127,58,
2023-08,2i5w-ykuw,Spin,3,1790,1682,937,
2023-08,2i5w-ykuw,Spin,4,535,556,252,
2023-08,2i5w-ykuw,Spin,5,574,619,184,
2023-08,2i5w-ykuw,Spin,6,4598,4484,3081,
2023-08,2i5w-ykuw,Spin,7,2213,2128,1326,
2023-08,2i5w-ykuw,Spin,8,366,493,198,
2023-08,2i5w-ykuw,Spin,13,17,22,9,
2023-08,2i5w-ykuw,Spin,14,56,57,23,
2023-08,2i5w-ykuw,Spin,15,45,53,26,
2023-08,2i5w-ykuw,Spin,16,131,161,64,
2023-08,2i5w-ykuw,Spin,17,13,14,7,
2023-08,2i5w-ykuw,Spin,18,8,12,4,
2023-08,2i5w-ykuw,Spin,19,254,244,170,
2023-08,2i5w-ykuw,Spin,20,99,92,38,
2023-08,2i5w-ykuw,Spin,21,230,253,89,
2023-08,2i5w-ykuw,Spin,22,1051,1041,616,
2023-08,2i5w-ykuw,Spin,23,284,302,158,
2023-08,2i5w-ykuw,Spin,24,1272,1239,857,
2023-08,2i5w-ykuw,Spin,25,798,812,690,
2023-08,2i5w-ykuw,Spin,26,243,219,141,
2023-08,2i5w-ykuw,Spin,27,253,224,140,
2023-08,2i5w-ykuw,Spin,28,297,338,179,
2023-08,2i5w-ykuw,Spin,29,256,283,206,
2023-08,2i5w-ykuw,Spin,30,89,102,73,
2023-08,2i5w-ykuw,Spin,31,62,68,34,
2023-08,2i5w-ykuw,Spin,32,25,26,21,
2023-08,2i5w-ykuw,Spin,33,10,17,5,
2023-08,2i5w-ykuw,Spin,34,22,28,10,
2023-08,2i5w-ykuw,Spin,35,47,54,27,
2023-08,2i5w-ykuw,Spin,36,19,17,5,
2023-08,2i5w-ykuw,Spin,37,13,12,1,
2023-08,2i5w-ykuw,Spin,38,231,204,118,
2023-08,2i5w-ykuw,Spin,39,85,95,42,
2023-08,2i5w-ykuw,Spin,40,143,116,66,
2023-08,2i5w-ykuw,Spin,41,92,93,33,
2023-08,2i5w-ykuw,Spin,42,90,98,43,
2023-08,2i5w-ykuw,Spin,43,393,401,312,
2023-08,2i5w-ykuw,Spin,44,293,291,179,
2023-08,2i5w-ykuw,Spin,45,26,27,5,
2023-08,2i5w-ykuw,Spin,46,333,329,296,
2023-08,2i5w-ykuw,Spin,47,7,9,5,
2023-08,2i5w-ykuw,Spin,48,26,30,9,
2023-08,2i5w-ykuw,Spin,49,400,366,320,
2023-08,2i5w-ykuw,Spin,50,26,27,14,
2023-08,2i5w-ykuw,Spin,51,0,3,0,
2023-08,2i5w-ykuw,Spin,52,0,1,0,
2023-08,2i5w-ykuw,Spin,53,15,27,9,
2023-08,2i5w-ykuw,Spin,56,13,14,4,
2023-08,2i5w-ykuw,Spin,57,36,39,24,
2023-08,2i5w-ykuw,Spin,58,288,268,179,
2023-08,2i5w-ykuw,Spin,59,50,48,18,
2023-08,2i5w-ykuw,Spin,60,41,40,24,
2023-08,2i5w-ykuw,Spin,61,195,178,127,
2023-08,2i5w-ykuw,Spin,62,53,54,19,
2023-08,2i5w-ykuw,Spin,63,144,154,73,
2023-08,2i5w-ykuw,Spin,64,8,7,2,
2023-08,2i5w-ykuw,Spin,65,55,63,32,
2023-08,2i5w-ykuw,Spin,66,287,265,222,
2023-08,2i5w-ykuw,Spin,67,302,320,221,
2023-08,2i5w-ykuw,Spin,68,158,160,73,
2023-08,2i5w-ykuw,Spin,69,215,225,125,
2023-08,2i5w-ykuw,Spin,70,6,10,4,
2023-08,2i5w-ykuw,Spin,71,137,142,77,
2023-08,2i5w-ykuw,Spin,72,7,8,0,
2023-08,2i5w-ykuw,Spin,73,22,29,5,
2023-08,2i5w-ykuw,Spin,75,4,4,1,
2023-08,2i5w-ykuw,Spin,76,5,0,0,
2023-08,2i5w-ykuw,Spin,77,728,756,418,
2023-09,2i5w-ykuw,Lime,,407,458,0,
2023-09,2i5w-ykuw,Lime,1,6914,6862,4564,
2023-09,2i5w-ykuw,Lime,2,5710,5923,3568,
2023-09,2i5w-ykuw,Lime,3,9027,9005,4276,
2023-09,2i5w-ykuw,Lime,4,5254,5315,2365,
2023-09,2i5w-ykuw,Lime,5,6562,6643,2609,
2023-09,2i5w-ykuw,Lime,6,30410,29658,18350,
2023-09,2i5w-ykuw,Lime,7,24822,23502,14801,
2023-09,2i5w-ykuw,Lime,8,5982,7013,2796,
2023-09,2i5w-ykuw,Lime,9,118,131,72,
2023-09,2i5w-ykuw,Lime,10,538,595,307,
2023-09,2i5w-ykuw,Lime,11,875,895,371,
2023-09,2i5w-ykuw,Lime,12,223,258,93,
2023-09,2i5w-ykuw,Lime,13,1564,1608,673,
2023-09,2i5w-ykuw,Lime,14,4083,4173,2060,
2023-09,2i5w-ykuw,Lime,15,4170,4234,2014,
2023-09,2i5w-ykuw,Lime,16,5413,5489,2345,
2023-09,2i5w-ykuw,Lime,17,1811,1922,988,
2023-09,2i5w-ykuw,Lime,18,1426,1433,611,
2023-09,2i5w-ykuw,Lime,19,12635,12629,8237,
2023-09,2i5w-ykuw,Lime,20,3909,3873,1393,
2023-09,2i5w-ykuw,Lime,21,5027,5139,1849,
2023-09,2i5w-ykuw,Lime,22,14985,14827,7463,
2023-09,2i5w-ykuw,Lime,23,9698,9322,4944,
2023-09,2i5w-ykuw,Lime,24,16939,16891,10118,
2023-09,2i5w-ykuw,Lime,25,13650,13965,10352,
2023-09,2i5w-ykuw,Lime,26,3506,3531,2010,
2023-09,2i5w-ykuw,Lime,27,3165,3064,1447,
2023-09,2i5w-ykuw,Lime,28,7020,7395,3949,
2023-09,2i5w-ykuw,Lime,29,6314,6280,4052,
2023-09,2i5w-ykuw,Lime,30,5524,5534,4110,
2023-09,2i5w-ykuw,Lime,31,1649,1706,838,
2023-09,2i5w-ykuw,Lime,32,168,184,88,
2023-09,2i5w-ykuw,Lime,33,769,852,461,
2023-09,2i5w-ykuw,Lime,34,453,476,145,
2023-09,2i5w-ykuw,Lime,35,653,684,370,
2023-09,2i5w-ykuw,Lime,36,173,186,68,
2023-09,2i5w-ykuw,Lime,37,341,349,55,
2023-09,2i5w-ykuw,Lime,38,1088,1081,566,
2023-09,2i5w-ykuw,Lime,39,712,723,293,
2023-09,2i5w-ykuw,Lime,40,938,901,497,
2023-09,2i5w-ykuw,Lime,41,1260,1293,732,
2023-09,2i5w-ykuw,Lime,42,1551,1583,822,
2023-09,2i5w-ykuw,Lime,43,4097,4158,3039,
2023-09,2i5w-ykuw,Lime,44,4907,4672,3163,
2023-09,2i5w-ykuw,Lime,45,617,654,230,
2023-09,2i5w-ykuw,Lime,46,1370,1417,857,
2023-09,2i5w-ykuw,Lime,47,176,186,63,
2023-09,2i5w-ykuw,Lime,48,563,532,279,
2023-09,2i5w-ykuw,Lime,49,2682,2686,1784,
2023-09,2i5w-ykuw,Lime,50,646,700,333,
2023-09,2i5w-ykuw,Lime,51,399,394,250,
2023-09,2i5w-ykuw,Lime,52,1103,1097,910,
2023-09,2i5w-ykuw,Lime,53,1070,1077,749,
2023-09,2i5w-ykuw,Lime,54,182,197,171,
2023-09,2i5w-ykuw,Lime,55,281,296,175,
2023-09,2i5w-ykuw,Lime,56,988,1011,456,
2023-09,2i5w-ykuw,Lime,57,1886,1782,850,
2023-09,2i5w-ykuw,Lime,58,5655,5404,3501,
2023-09,2i5w-ykuw,Lime,59,1095,1082,470,
2023-09,2i5w-ykuw,Lime,60,899,918,506,
2023-09,2i5w-ykuw,Lime,61,2745,2700,1599,
2023-09,2i5w-ykuw,Lime,62,2050,2093,920,
2023-09,2i5w-ykuw,Lime,63,6056,6014,3606,
2023-09,2i5w-ykuw,Lime,64,600,701,291,
2023-09,2i5w-ykuw,Lime,65,2947,2921,1454,
2023-09,2i5w-ykuw,Lime,66,7124,7022,4794,
2023-09,2i5w-ykuw,Lime,67,2857,2898,1719,
2023-09,2i5w-ykuw,Lime,68,2739,2809,1656,
2023-09,2i5w-ykuw,Lime,69,3705,3623,2165,
2023-09,2i5w-ykuw,Lime,70,1040,1139,706,
2023-09,2i5w-ykuw,Lime,71,3589,3643,2398,
2023-09,2i5w-ykuw,Lime,72,353,393,189,
2023-09,2i5w-ykuw,Lime,73,1409,1405,830,
2023-09,2i5w-ykuw,Lime,74,21,28,16,
2023-09,2i5w-ykuw,Lime,75,382,422,208,
2023-09,2i5w-ykuw,Lime,76,106,123,74,
2023-09,2i5w-ykuw,Lime,77,8698,8691,4780,
2023-09,2i5w-ykuw,Link,11,0,1,0,
2023-09,2i5w-ykuw,Link,14,1,0,0,
2023-09,2i5w-ykuw,Link,22,8,8,8,
2023-09,2i5w-ykuw,Link,49,4,3,3,
2023-09,2i5w-ykuw,Link,50,2,3,2,
2023-09,2i5w-ykuw,Link,53,4,4,4,
2023-09,2i5w-ykuw,Link,55,2,2,2,
2023-09,2i5w-ykuw,Lyft,,0,3,0,
2023-09,2i5w-ykuw,Lyft,3,1,2,1,
2023-09,2i5w-ykuw,Lyft,6,4,35,4,
2023-09,2i5w-ykuw,Lyft,7,8506,9267,4420,
2023-09,2i5w-ykuw,Lyft,8,40801,40581,23787,
2023-09,2i5w-ykuw,Lyft,14,1,2,1,
2023-09,2i5w-ykuw,Lyft,21,0,2,0,
2023-09,2i5w-ykuw,Lyft,22,1213,1330,348,
2023-09,2i5w-ykuw,Lyft,23,0,3,0,
2023-09,2i5w-ykuw,Lyft,24,12605,13428,6029,
2023-09,2i5w-ykuw,Lyft,27,0,1,0,
2023-09,2i5w-ykuw,Lyft,28,41943,40527,26163,
2023-09,2i5w-ykuw,Lyft,29,0,4,0,
2023-09,2i5w-ykuw,Lyft,31,2802,2837,1165,
2023-09,2i5w-ykuw,Lyft,32,31941,31723,17084,
2023-09,2i5w-ykuw,Lyft,33,5288,5192,2223,
2023-09,2i5w-ykuw,Lyft,34,1678,1711,703,
2023-09,2i5w-ykuw,Lyft,35,4938,4910,4061,
2023-09,2i5w-ykuw,Lyft,36,58,70,40,
2023-09,2i5w-ykuw,Lyft,37,1,3,0,
2023-09,2i5w-ykuw,Lyft,38,45,94,23,
2023-09,2i5w-ykuw,Lyft,39,1,4,0,
2023-09,2i5w-ykuw,Lyft,41,2,6,0,
2023-09,2i5w-ykuw,Lyft,42,0,2,0,
2023-09,2i5w-ykuw,Lyft,44,0,1,0,
2023-09,2i5w-ykuw,Lyft,49,0,1,0,
2023-09,2i5w-ykuw,Lyft,59,157,184,61,
2023-09,2i5w-ykuw,Lyft,60,1351,1378,580,
2023-09,2i5w-ykuw,Lyft,61,9,41,3,
2023-09,2i5w-ykuw,Lyft,68,0,1,0,
2023-09,2i5w-ykuw,Lyft,69,0,1,0,
2023-09,2i5w-ykuw,Lyft,77,0,1,0,
2023-09,2i5w-ykuw,Spin,,8,12,0,
2023-09,2i5w-ykuw,Spin,1,297,302,221,
2023-09,2i5w-ykuw,Spin,2,203,215,118,
2023-09,2i5w-ykuw,Spin,3,1697,1534,916,
2023-09,2i5w-ykuw,Spin,4,553,574,267,
2023-09,2i5w-ykuw,Spin,5,504,545,188,
2023-09,2i5w-ykuw,Spin,6,3756,3643,2490,
2023-09,2i5w-ykuw,Spin,7,1622,1653,938,
2023-09,2i5w-ykuw,Spin,8,342,457,175,
2023-09,2i5w-ykuw,Spin,13,54,67,27,
2023-09,2i5w-ykuw,Spin,14,109,118,52,
2023-09,2i5w-ykuw,Spin,15,54,56,27,
2023-09,2i5w-ykuw,Spin,16,122,145,58,
2023-09,2i5w-ykuw,Spin,17,5,7,3,
2023-09,2i5w-ykuw,Spin,18,5,7,0,
2023-09,2i5w-ykuw,Spin,19,155,155,93,
2023-09,2i5w-ykuw,Spin,20,77,79,14,
2023-09,2i5w-ykuw,Spin,21,205,207,80,
2023-09,2i5w-ykuw,Spin,22,820,815,454,
2023-09,2i5w-ykuw,Spin,23,230,219,108,
2023-09,2i5w-ykuw,Spin,24,821,784,490,
2023-09,2i5w-ykuw,Spin,25,556,568,502,
2023-09,2i5w-ykuw,Spin,26,230,220,163,
2023-09,2i5w-ykuw,Spin,27,201,190,140,
2023-09,2i5w-ykuw,Spin,28,274,318,166,
2023-09,2i5w-ykuw,Spin,29,105,120,69,
2023-09,2i5w-ykuw,Spin,30,101,100,78,
2023-09,2i5w-ykuw,Spin,31,92,98,63,
2023-09,2i5w-ykuw,Spin,32,18,21,13,
2023-09,2i5w-ykuw,Spin,33,27,33,14,
2023-09,2i5w-ykuw,Spin,34,15,19,9,
2023-09,2i5w-ykuw,Spin,35,59,55,32,
2023-09,2i5w-ykuw,Spin,36,5,4,1,
2023-09,2i5w-ykuw,Spin,37,17,18,4,
2023-09,2i5w-ykuw,Spin,38,103,111,51,
2023-09,2i5w-ykuw,Spin,39,87,89,51,
2023-09,2i5w-ykuw,Spin,40,70,62,27,
2023-09,2i5w-ykuw,Spin,41,49,55,16,
2023-09,2i5w-ykuw,Spin,42,74,77,31,
2023-09,2i5w-ykuw,Spin,43,399,404,348,
2023-09,2i5w-ykuw,Spin,44,151,129,86,
2023-09,2i5w-ykuw,Spin,45,17,21,8,
2023-09,2i5w-ykuw,Spin,46,218,206,197,
2023-09,2i5w-ykuw,Spin,48,20,23,11,
2023-09,2i5w-ykuw,Spin,49,282,258,229,
2023-09,2i5w-ykuw,Spin,50,11,18,5,
2023-09,2i5w-ykuw,Spin,51,4,7,2,
2023-09,2i5w-ykuw,Spin,52,0,1,0,
2023-09,2i5w-ykuw,Spin,53,3,10,2,
2023-09,2i5w-ykuw,Spin,54,2,0,0,
2023-09,2i5w-ykuw,Spin,56,7,7,1,
2023-09,2i5w-ykuw,Spin,57,43,48,22,
2023-09,2i5w-ykuw,Spin,58,285,273,153,
2023-09,2i5w-ykuw,Spin,59,80,75,34,
2023-09,2i5w-ykuw,Spin,60,15,16,5,
2023-09,2i5w-ykuw,Spin,61,125,114,68,
2023-09,2i5w-ykuw,Spin,62,58,64,28,
2023-09,2i5w-ykuw,Spin,63,153,152,66,
2023-09,2i5w-ykuw,Spin,64,9,9,3,
2023-09,2i5w-ykuw,Spin,65,74,75,43,
2023-09,2i5w-ykuw,Spin,66,256,240,173,
2023-09,2i5w-ykuw,Spin,67,180,184,120,
2023-09,2i5w-ykuw,Spin,68,151,145,74,
2023-09,2i5w-ykuw,Spin,69,157,160,98,
2023-09,2i5w-ykuw,Spin,70,8,11,2,
2023-09,2i5w-ykuw,Spin,71,77,88,46,
2023-09,2i5w-ykuw,Spin,72,5,6,0,
2023-09,2i5w-ykuw,Spin,73,21,32,16,
2023-09,2i5w-ykuw,Spin,75,5,6,2,
2023-09,2i5w-ykuw,Spin,77,840,844,504,
2024-01,2i5w-ykuw,Lime,,27,32,0,
2024-01,2i5w-ykuw,Lime,1,469,472,309,
2024-01,2i5w-ykuw,Lime,2,420,418,236,
2024-01,2i5w-ykuw,Lime,3,679,707,374,
2024-01,2i5w-ykuw,Lime,4,414,424,244,
2024-01,2i5w-ykuw,Lime,5,361,363,158,
2024-01,2i5w-ykuw,Lime,6,2313,2230,1617,
2024-01,2i5w-ykuw,Lime,7,1559,1489,963,
2024-01,2i5w-ykuw,Lime,8,290,336,147,
2024-01,2i5w-ykuw,Lime,9,2,2,1,
2024-01,2i5w-ykuw,Lime,10,12,11,7,
2024-01,2i5w-ykuw,Lime,11,57,53,33,
2024-01,2i5w-ykuw,Lime,12,12,9,5,
2024-01,2i5w-ykuw,Lime,13,55,62,22,
2024-01,2i5w-ykuw,Lime,14,292,303,179,
2024-01,2i5w-ykuw,Lime,15,276,278,148,
2024-01,2i5w-ykuw,Lime,16,278,247,86,
2024-01,2i5w-ykuw,Lime,17,98,103,55,
2024-01,2i5w-ykuw,Lime,18,141,143,57,
2024-01,2i5w-ykuw,Lime,19,1004,1003,713,
2024-01,2i5w-ykuw,Lime,20,238,234,71,
2024-01,2i5w-ykuw,Lime,21,299,318,109,
2024-01,2i5w-ykuw,Lime,22,1008,980,533,
2024-01,2i5w-ykuw,Lime,23,476,475,239,
2024-01,2i5w-ykuw,Lime,24,799,851,514,
2024-01,2i5w-ykuw,Lime,25,665,675,519,
2024-01,2i5w-ykuw,Lime,26,93,102,36,
2024-01,2i5w-ykuw,Lime,27,167,161,82,
2024-01,2i5w-ykuw,Lime,28,355,359,205,
2024-01,2i5w-ykuw,Lime,29,387,392,270,
2024-01,2i5w-ykuw,Lime,30,534,527,398,
2024-01,2i5w-ykuw,Lime,31,134,143,75,
2024-01,2i5w-ykuw,Lime,32,1,3,0,
2024-01,2i5w-ykuw,Lime,33,6,11,2,
2024-01,2i5w-ykuw,Lime,34,9,10,1,
2024-01,2i5w-ykuw,Lime,35,11,13,1,
2024-01,2i5w-ykuw,Lime,36,15,14,8,
2024-01,2i5w-ykuw,Lime,37,29,29,2,
2024-01,2i5w-ykuw,Lime,38,92,93,47,
2024-01,2i5w-ykuw,Lime,39,38,37,11,
2024-01,2i5w-ykuw,Lime,40,119,127,75,
2024-01,2i5w-ykuw,Lime,41,147,150,100,
2024-01,2i5w-ykuw,Lime,42,187,187,100,
2024-01,2i5w-ykuw,Lime,43,485,479,358,
2024-01,2i5w-ykuw,Lime,44,208,220,129,
2024-01,2i5w-ykuw,Lime,45,79,78,25,
2024-01,2i5w-ykuw,Lime,46,161,160,99,
2024-01,2i5w-ykuw,Lime,47,3,3,0,
2024-01,2i5w-ykuw,Lime,48,43,39,26,
2024-01,2i5w-ykuw,Lime,49,247,248,173,
2024-01,2i5w-ykuw,Lime,50,58,64,38,
2024-01,2i5w-ykuw,Lime,51,10,15,3,
2024-01,2i5w-ykuw,Lime,52,90,88,76,
2024-01,2i5w-ykuw,Lime,53,61,60,45,
2024-01,2i5w-ykuw,Lime,54,4,5,4,
2024-01,2i5w-ykuw,Lime,55,16,15,6,
2024-01,2i5w-ykuw,Lime,56,102,103,50,
2024-01,2i5w-ykuw,Lime,57,111,108,58,
2024-01,2i5w-ykuw,Lime,58,452,445,303,
2024-01,2i5w-ykuw,Lime,59,101,103,51,
2024-01,2i5w-ykuw,Lime,60,54,51,24,
2024-01,2i5w-ykuw,Lime,61,340,329,232,
2024-01,2i5w-ykuw,Lime,62,133,147,62,
2024-01,2i5w-ykuw,Lime,63,275,283,142,
2024-01,2i5w-ykuw,Lime,64,35,33,11,
2024-01,2i5w-ykuw,Lime,65,200,195,102,
2024-01,2i5w-ykuw,Lime,66,361,350,240,
2024-01,2i5w-ykuw,Lime,67,184,175,99,
2024-01,2i5w-ykuw,Lime,68,208,210,136,
2024-01,2i5w-ykuw,Lime,69,265,258,184,
2024-01,2i5w-ykuw,Lime,70,66,76,42,
2024-01,2i5w-ykuw,Lime,71,193,186,131,
2024-01,2i5w-ykuw,Lime,72,21,20,10,
2024-01,2i5w-ykuw,Lime,73,86,88,49,
2024-01,2i5w-ykuw,Lime,74,0,1,0,
2024-01,2i5w-ykuw,Lime,75,34,36,22,
2024-01,2i5w-ykuw,Lime,77,534,541,333,
2024-01,2i5w-ykuw,Lyft,7,561,603,256,
2024-01,2i5w-ykuw,Lyft,8,5427,5470,3313,
2024-01,2i5w-ykuw,Lyft,22,86,83,22,
2024-01,2i5w-ykuw,Lyft,24,1543,1688,768,
2024-01,2i5w-ykuw,Lyft,28,8185,7943,5662,
2024-01,2i5w-ykuw,Lyft,31,450,458,159,
2024-01,2i5w-ykuw,Lyft,32,4416,4394,2356,
2024-01,2i5w-ykuw,Lyft,33,571,580,229,
2024-01,2i5w-ykuw,Lyft,34,310,319,139,
2024-01,2i5w-ykuw,Lyft,35,1058,1034,915,
2024-01,2i5w-ykuw,Lyft,36,0,1,0,
2024-01,2i5w-ykuw,Lyft,38,1,4,0,
2024-01,2i5w-ykuw,Lyft,59,23,27,12,
2024-01,2i5w-ykuw,Lyft,60,291,318,150,
2024-01,2i5w-ykuw,Spin,22,2,2,2,
2024-02,2i5w-ykuw,Lime,,49,58,0,
2024-02,2i5w-ykuw,Lime,1,500,528,336,
2024-02,2i5w-ykuw,Lime,2,494,526,282,
2024-02,2i5w-ykuw,Lime,3,1163,1192,535,
2024-02,2i5w-ykuw,Lime,4,631,642,295,
2024-02,2i5w-ykuw,Lime,5,969,1024,406,
2024-02,2i5w-ykuw,Lime,6,6567,6238,4527,
2024-02,2i5w-ykuw,Lime,7,5040,4931,3318,
2024-02,2i5w-ykuw,Lime,8,1042,1183,474,
2024-02,2i5w-ykuw,Lime,10,32,39,14,
2024-02,2i5w-ykuw,Lime,11,92,94,28,
2024-02,2i5w-ykuw,Lime,12,13,17,1,
2024-02,2i5w-ykuw,Lime,13,107,121,52,
2024-02,2i5w-ykuw,Lime,14,552,579,336,
2024-02,2i5w-ykuw,Lime,15,518,567,249,
2024-02,2i5w-ykuw,Lime,16,698,711,260,
2024-02,2i5w-ykuw,Lime,17,188,187,77,
2024-02,2i5w-ykuw,Lime,18,196,221,86,
2024-02,2i5w-ykuw,Lime,19,2215,2256,1484,
2024-02,2i5w-ykuw,Lime,20,831,826,302,
2024-02,2i5w-ykuw,Lime,21,874,904,378,
2024-02,2i5w-ykuw,Lime,22,3347,3212,1889,
2024-02,2i5w-ykuw,Lime,23,1761,1845,985,
2024-02,2i5w-ykuw,Lime,24,4455,4262,3077,
2024-02,2i5w-ykuw,Lime,25,1952,2010,1514,
2024-02,2i5w-ykuw,Lime,26,527,545,284,
2024-02,2i5w-ykuw,Lime,27,510,516,214,
2024-02,2i5w-ykuw,Lime,28,1462,1505,841,
2024-02,2i5w-ykuw,Lime,29,1213,1219,799,
2024-02,2i5w-ykuw,Lime,30,2025,1994,1631,
2024-02,2i5w-ykuw,Lime,31,489,517,273,
2024-02,2i5w-ykuw,Lime,32,11,12,6,
2024-02,2i5w-ykuw,Lime,33,99,111,65,
2024-02,2i5w-ykuw,Lime,34,66,73,27,
2024-02,2i5w-ykuw,Lime,35,45,49,20,
2024-02,2i5w-ykuw,Lime,36,23,29,8,
2024-02,2i5w-ykuw,Lime,37,41,43,5,
2024-02,2i5w-ykuw,Lime,38,142,153,73,
2024-02,2i5w-ykuw,Lime,39,104,99,46,
2024-02,2i5w-ykuw,Lime,40,169,180,93,
2024-02,2i5w-ykuw,Lime,41,181,191,121,
2024-02,2i5w-ykuw,Lime,42,262,271,151,
2024-02,2i5w-ykuw,Lime,43,850,871,617,
2024-02,2i5w-ykuw,Lime,44,1011,921,649,
2024-02,2i5w-ykuw,Lime,45,147,157,47,
2024-02,2i5w-ykuw,Lime,46,539,542,396,
2024-02,2i5w-ykuw,Lime,47,19,20,9,
2024-02,2i5w-ykuw,Lime,48,80,77,40,
2024-02,2i5w-ykuw,Lime,49,560,572,391,
2024-02,2i5w-ykuw,Lime,50,104,124,55,
2024-02,2i5w-ykuw,Lime,51,75,90,47,
2024-02,2i5w-ykuw,Lime,52,229,228,194,
2024-02,2i5w-ykuw,Lime,53,248,255,165,
2024-02,2i5w-ykuw,Lime,54,4,7,2,
2024-02,2i5w-ykuw,Lime,55,20,20,9,
2024-02,2i5w-ykuw,Lime,56,208,218,85,
2024-02,2i5w-ykuw,Lime,57,463,444,199,
2024-02,2i5w-ykuw,Lime,58,1827,1628,1070,
2024-02,2i5w-ykuw,Lime,59,237,231,83,
2024-02,2i5w-ykuw,Lime,60,118,136,54,
2024-02,2i5w-ykuw,Lime,61,1049,1014,748,
2024-02,2i5w-ykuw,Lime,62,636,634,261,
2024-02,2i5w-ykuw,Lime,63,1582,1645,893,
2024-02,2i5w-ykuw,Lime,64,126,132,60,
2024-02,2i5w-ykuw,Lime,65,723,750,397,
2024-02,2i5w-ykuw,Lime,66,1257,1308,792,
2024-02,2i5w-ykuw,Lime,67,415,437,214,
2024-02,2i5w-ykuw,Lime,68,538,545,337,
2024-02,2i5w-ykuw,Lime,69,625,609,346,
2024-02,2i5w-ykuw,Lime,70,156,190,99,
2024-02,2i5w-ykuw,Lime,71,488,496,304,
2024-02,2i5w-ykuw,Lime,72,57,64,26,
2024-02,2i5w-ykuw,Lime,73,269,263,163,
2024-02,2i5w-ykuw,Lime,74,1,2,0,
2024-02,2i5w-ykuw,Lime,75,81,56,27,
2024-02,2i5w-ykuw,Lime,76,1,3,0,
2024-02,2i5w-ykuw,Lime,77,635,664,334,
2024-02,2i5w-ykuw,Lyft,7,1133,1206,394,
2024-02,2i5w-ykuw,Lyft,8,9067,9040,5017,
2024-02,2i5w-ykuw,Lyft,22,189,208,48,
2024-02,2i5w-ykuw,Lyft,24,2934,3234,1290,
2024-02,2i5w-ykuw,Lyft,27,1,2,1,
2024-02,2i5w-ykuw,Lyft,28,14025,13658,9343,
2024-02,2i5w-ykuw,Lyft,31,799,849,293,
2024-02,2i5w-ykuw,Lyft,32,7932,7915,3976,
2024-02,2i5w-ykuw,Lyft,33,1147,1101,435,
2024-02,2i5w-ykuw,Lyft,34,598,592,252,
2024-02,2i5w-ykuw,Lyft,35,1708,1713,1457,
2024-02,2i5w-ykuw,Lyft,36,7,7,3,
2024-02,2i5w-ykuw,Lyft,38,2,12,2,
2024-02,2i5w-ykuw,Lyft,59,56,68,18,
2024-02,2i5w-ykuw,Lyft,60,545,535,235,
2024-02,2i5w-ykuw,Lyft,61,2,5,0,
2024-02,2i5w-ykuw,Spin,21,2,2,0,
2024-02,2i5w-ykuw,Spin,22,7,7,5,
2024-03,2i5w-ykuw,Lime,,117,200,0,
2024-03,2i5w-ykuw,Lime,1,3343,3337,2449,
2024-03,2i5w-ykuw,Lime,2,2374,2488,1465,
2024-03,2i5w-ykuw,Lime,3,5447,5522,2925,
2024-03,2i5w-ykuw,Lime,4,3111,3084,1605,
2024-03,2i5w-ykuw,Lime,5,3263,3351,1409,
2024-03,2i5w-ykuw,Lime,6,19330,18558,13534,
2024-03,2i5w-ykuw,Lime,7,11142,11006,6933,
2024-03,2i5w-ykuw,Lime,8,2704,3075,1345,
2024-03,2i5w-ykuw,Lime,9,36,43,31,
2024-03,2i5w-ykuw,Lime,10,134,143,79,
2024-03,2i5w-ykuw,Lime,11,332,352,149,
2024-03,2i5w-ykuw,Lime,12,41,63,9,
2024-03,2i5w-ykuw,Lime,13,500,506,199,
2024-03,2i5w-ykuw,Lime,14,1958,2041,1137,
2024-03,2i5w-ykuw,Lime,15,2204,2306,1195,
2024-03,2i5w-ykuw,Lime,16,2586,2612,1083,
2024-03,2i5w-ykuw,Lime,17,724,754,395,
2024-03,2i5w-ykuw,Lime,18,865,895,400,
2024-03,2i5w-ykuw,Lime,19,6992,6930,4823,
2024-03,2i5w-ykuw,Lime,20,2046,2043,741,
2024-03,2i5w-ykuw,Lime,21,2730,2691,1147,
2024-03,2i5w-ykuw,Lime,22,9001,8869,5155,
2024-03,2i5w-ykuw,Lime,23,5183,5094,2929,
2024-03,2i5w-ykuw,Lime,24,10075,9809,6707,
2024-03,2i5w-ykuw,Lime,25,6320,6484,5011,
2024-03,2i5w-ykuw,Lime,26,1450,1471,808,
2024-03,2i5w-ykuw,Lime,27,1620,1614,754,
2024-03,2i5w-ykuw,Lime,28,4232,4328,2677,
2024-03,2i5w-ykuw,Lime,29,3466,3518,2421,
2024-03,2i5w-ykuw,Lime,30,3955,3909,3115,
2024-03,2i5w-ykuw,Lime,31,1126,1151,600,
2024-03,2i5w-ykuw,Lime,32,143,182,89,
2024-03,2i5w-ykuw,Lime,33,172,211,104,
2024-03,2i5w-ykuw,Lime,34,205,213,70,
2024-03,2i5w-ykuw,Lime,35,245,256,119,
2024-03,2i5w-ykuw,Lime,36,159,165,65,
2024-03,2i5w-ykuw,Lime,37,190,171,33,
2024-03,2i5w-ykuw,Lime,38,985,914,623,
2024-03,2i5w-ykuw,Lime,39,363,375,139,
2024-03,2i5w-ykuw,Lime,40,473,484,231,
2024-03,2i5w-ykuw,Lime,41,800,832,547,
2024-03,2i5w-ykuw,Lime,42,1088,1113,685,
2024-03,2i5w-ykuw,Lime,43,2372,2384,1815,
2024-03,2i5w-ykuw,Lime,44,1795,1708,1096,
2024-03,2i5w-ykuw,Lime,45,486,493,223,
2024-03,2i5w-ykuw,Lime,46,1490,1443,1083,
2024-03,2i5w-ykuw,Lime,47,74,93,30,
2024-03,2i5w-ykuw,Lime,48,300,324,181,
2024-03,2i5w-ykuw,Lime,49,2112,2100,1550,
2024-03,2i5w-ykuw,Lime,50,498,553,301,
2024-03,2i5w-ykuw,Lime,51,404,422,291,
2024-03,2i5w-ykuw,Lime,52,712,703,591,
2024-03,2i5w-ykuw,Lime,53,603,589,407,
2024-03,2i5w-ykuw,Lime,54,115,122,110,
2024-03,2i5w-ykuw,Lime,55,192,197,136,
2024-03,2i5w-ykuw,Lime,56,466,505,197,
2024-03,2i5w-ykuw,Lime,57,984,972,482,
2024-03,2i5w-ykuw,Lime,58,3474,3102,2105,
2024-03,2i5w-ykuw,Lime,59,669,680,333,
2024-03,2i5w-ykuw,Lime,60,655,677,402,
2024-03,2i5w-ykuw,Lime,61,2393,2357,1644,
2024-03,2i5w-ykuw,Lime,62,1098,1150,400,
2024-03,2i5w-ykuw,Lime,63,3416,3513,1981,
2024-03,2i5w-ykuw,Lime,64,278,308,155,
2024-03,2i5w-ykuw,Lime,65,1718,1737,906,
2024-03,2i5w-ykuw,Lime,66,3217,3214,2103,
2024-03,2i5w-ykuw,Lime,67,1430,1450,927,
2024-03,2i5w-ykuw,Lime,68,1415,1450,845,
2024-03,2i5w-ykuw,Lime,69,1491,1510,907,
2024-03,2i5w-ykuw,Lime,70,470,514,320,
2024-03,2i5w-ykuw,Lime,71,1365,1414,918,
2024-03,2i5w-ykuw,Lime,72,140,154,76,
2024-03,2i5w-ykuw,Lime,73,769,739,474,
2024-03,2i5w-ykuw,Lime,74,15,17,11,
2024-03,2i5w-ykuw,Lime,75,264,240,143,
2024-03,2i5w-ykuw,Lime,76,5,6,0,
2024-03,2i5w-ykuw,Lime,77,3455,3567,1989,
2024-03,2i5w-ykuw,Lyft,7,944,1035,394,
2024-03,2i5w-ykuw,Lyft,8,7549,7658,4298,
2024-03,2i5w-ykuw,Lyft,22,147,173,32,
2024-03,2i5w-ykuw,Lyft,24,2499,2695,1157,
2024-03,2i5w-ykuw,Lyft,28,10752,10290,7043,
2024-03,2i5w-ykuw,Lyft,31,618,631,240,
2024-03,2i5w-ykuw,Lyft,32,7073,7076,3776,
2024-03,2i5w-ykuw,Lyft,33,930,918,334,
2024-03,2i5w-ykuw,Lyft,34,568,579,273,
2024-03,2i5w-ykuw,Lyft,35,1260,1262,1045,
2024-03,2i5w-ykuw,Lyft,36,4,6,3,
2024-03,2i5w-ykuw,Lyft,38,2,10,1,
2024-03,2i5w-ykuw,Lyft,59,39,47,20,
2024-03,2i5w-ykuw,Lyft,60,431,434,217,
2024-03,2i5w-ykuw,Lyft,61,0,2,0,
2024-04,2i5w-ykuw,Lime,,149,267,0,
2024-04,2i5w-ykuw,Lime,1,4144,4149,2945,
2024-04,2i5w-ykuw,Lime,2,3196,3304,1876,
2024-04,2i5w-ykuw,Lime,3,7106,7198,3675,
2024-04,2i5w-ykuw,Lime,4,4028,3994,1998,
2024-04,2i5w-ykuw,Lime,5,4523,4743,1879,
2024-04,2i5w-ykuw,Lime,6,26098,25144,17701,
2024-04,2i5w-ykuw,Lime,7,16155,15723,9886,
2024-04,2i5w-ykuw,Lime,8,4441,5045,2222,
2024-04,2i5w-ykuw,Lime,9,32,37,22,
2024-04,2i5w-ykuw,Lime,10,172,194,94,
2024-04,2i5w-ykuw,Lime,11,457,470,229,
2024-04,2i5w-ykuw,Lime,12,107,128,44,
2024-04,2i5w-ykuw,Lime,13,743,795,317,
2024-04,2i5w-ykuw,Lime,14,2547,2674,1453,
2024-04,2i5w-ykuw,Lime,15,2872,3019,1491,
2024-04,2i5w-ykuw,Lime,16,3754,3827,1622,
2024-04,2i5w-ykuw,Lime,17,939,961,516,
2024-04,2i5w-ykuw,Lime,18,1064,1113,473,
2024-04,2i5w-ykuw,Lime,19,9106,8928,5959,
2024-04,2i5w-ykuw,Lime,20,2757,2717,884,
2024-04,2i5w-ykuw,Lime,21,3970,3872,1642,
2024-04,2i5w-ykuw,Lime,22,12399,12243,7234,
2024-04,2i5w-ykuw,Lime,23,6525,6500,3591,
2024-04,2i5w-ykuw,Lime,24,12011,11753,7720,
2024-04,2i5w-ykuw,Lime,25,9016,9128,6987,
2024-04,2i5w-ykuw,Lime,26,2682,2686,1730,
2024-04,2i5w-ykuw,Lime,27,2154,2213,1054,
2024-04,2i5w-ykuw,Lime,28,5481,5478,3198,
2024-04,2i5w-ykuw,Lime,29,5048,5128,3517,
2024-04,2i5w-ykuw,Lime,30,5418,5347,4217,
2024-04,2i5w-ykuw,Lime,31,1466,1507,789,
2024-04,2i5w-ykuw,Lime,32,1230,1501,780,
2024-04,2i5w-ykuw,Lime,33,305,331,146,
2024-04,2i5w-ykuw,Lime,34,318,325,99,
2024-04,2i5w-ykuw,Lime,35,412,417,197,
2024-04,2i5w-ykuw,Lime,36,204,222,81,
2024-04,2i5w-ykuw,Lime,37,275,286,66,
2024-04,2i5w-ykuw,Lime,38,1268,1239,793,
2024-04,2i5w-ykuw,Lime,39,544,560,201,
2024-04,2i5w-ykuw,Lime,40,855,874,427,
2024-04,2i5w-ykuw,Lime,41,2024,1976,1409,
2024-04,2i5w-ykuw,Lime,42,1839,1862,1098,
2024-04,2i5w-ykuw,Lime,43,2945,2944,2199,
2024-04,2i5w-ykuw,Lime,44,2845,2750,1787,
2024-04,2i5w-ykuw,Lime,45,508,526,242,
2024-04,2i5w-ykuw,Lime,46,1491,1466,1037,
2024-04,2i5w-ykuw,Lime,47,90,100,26,
2024-04,2i5w-ykuw,Lime,48,439,452,282,
2024-04,2i5w-ykuw,Lime,49,2097,2048,1361,
2024-04,2i5w-ykuw,Lime,50,630,636,330,
2024-04,2i5w-ykuw,Lime,51,448,467,305,
2024-04,2i5w-ykuw,Lime,52,1111,1098,951,
2024-04,2i5w-ykuw,Lime,53,656,669,456,
2024-04,2i5w-ykuw,Lime,54,164,171,153,
2024-04,2i5w-ykuw,Lime,55,240,254,174,
2024-04,2i5w-ykuw,Lime,56,778,859,338,
2024-04,2i5w-ykuw,Lime,57,1240,1217,618,
2024-04,2i5w-ykuw,Lime,58,4314,4103,2749,
2024-04,2i5w-ykuw,Lime,59,788,808,374,
2024-04,2i5w-ykuw,Lime,60,699,738,405,
2024-04,2i5w-ykuw,Lime,61,3644,3531,2596,
2024-04,2i5w-ykuw,Lime,62,1471,1474,614,
2024-04,2i5w-ykuw,Lime,63,3900,3888,2173,
2024-04,2i5w-ykuw,Lime,64,438,501,251,
2024-04,2i5w-ykuw,Lime,65,2167,2157,1120,
2024-04,2i5w-ykuw,Lime,66,4256,4258,2778,
2024-04,2i5w-ykuw,Lime,67,1899,1955,1175,
2024-04,2i5w-ykuw,Lime,68,2037,2017,1140,
2024-04,2i5w-ykuw,Lime,69,2342,2356,1378,
2024-04,2i5w-ykuw,Lime,70,757,829,558,
2024-04,2i5w-ykuw,Lime,71,2197,2216,1532,
2024-04,2i5w-ykuw,Lime,72,195,205,75,
2024-04,2i5w-ykuw,Lime,73,880,880,514,
2024-04,2i5w-ykuw,Lime,74,11,12,8,
2024-04,2i5w-ykuw,Lime,75,416,427,261,
2024-04,2i5w-ykuw,Lime,76,8,12,3,
2024-04,2i5w-ykuw,Lime,77,4772,4805,2723,
2024-04,2i5w-ykuw,Lyft,5,0,1,0,
2024-04,2i5w-ykuw,Lyft,6,1,3,1,
2024-04,2i5w-ykuw,Lyft,7,1944,2206,931,
2024-04,2i5w-ykuw,Lyft,8,13116,13078,7578,
2024-04,2i5w-ykuw,Lyft,22,337,372,105,
2024-04,2i5w-ykuw,Lyft,23,0,1,0,
2024-04,2i5w-ykuw,Lyft,24,4392,4665,2079,
2024-04,2i5w-ykuw,Lyft,27,0,1,0,
2024-04,2i5w-ykuw,Lyft,28,17110,16492,11368,
2024-04,2i5w-ykuw,Lyft,31,796,797,284,
2024-04,2i5w-ykuw,Lyft,32,11474,11485,6255,
2024-04,2i5w-ykuw,Lyft,33,1574,1608,617,
2024-04,2i5w-ykuw,Lyft,34,786,781,294,
2024-04,2i5w-ykuw,Lyft,35,1896,1897,1610,
2024-04,2i5w-ykuw,Lyft,36,9,9,2,
2024-04,2i5w-ykuw,Lyft,37,0,1,0,
2024-04,2i5w-ykuw,Lyft,38,5,22,2,
2024-04,2i5w-ykuw,Lyft,44,0,1,0,
2024-04,2i5w-ykuw,Lyft,49,0,1,0,
2024-04,2i5w-ykuw,Lyft,56,0,1,0,
2024-04,2i5w-ykuw,Lyft,59,57,69,28,
2024-04,2i5w-ykuw,Lyft,60,561,563,255,
2024-04,2i5w-ykuw,Lyft,61,1,4,0,
2024-04,2i5w-ykuw,Lyft,77,0,1,0,
2024-04,2i5w-ykuw,Spin,1,0,2,0,
2024-04,2i5w-ykuw,Spin,2,0,2,0,
2024-04,2i5w-ykuw,Spin,3,4,6,0,
2024-04,2i5w-ykuw,Spin,4,10,8,6,
2024-04,2i5w-ykuw,Spin,5,7,13,2,
2024-04,2i5w-ykuw,Spin,6,91,76,65,
2024-04,2i5w-ykuw,Spin,7,43,49,29,
2024-04,2i5w-ykuw,Spin,8,8,9,4,
2024-04,2i5w-ykuw,Spin,15,8,8,5,
2024-04,2i5w-ykuw,Spin,16,1,1,0,
2024-04,2i5w-ykuw,Spin,17,1,2,1,
2024-04,2i5w-ykuw,Spin,19,16,12,10,
2024-04,2i5w-ykuw,Spin,20,1,3,0,
2024-04,2i5w-ykuw,Spin,21,5,5,4,
2024-04,2i5w-ykuw,Spin,22,20,22,10,
2024-04,2i5w-ykuw,Spin,23,11,9,6,
2024-04,2i5w-ykuw,Spin,24,131,118,111,
2024-04,2i5w-ykuw,Spin,25,30,34,25,
2024-04,2i5w-ykuw,Spin,26,26,23,19,
2024-04,2i5w-ykuw,Spin,27,5,6,2,
2024-04,2i5w-ykuw,Spin,28,18,22,12,
2024-04,2i5w-ykuw,Spin,29,6,7,3,
2024-04,2i5w-ykuw,Spin,30,12,13,12,
2024-04,2i5w-ykuw,Spin,31,16,17,15,
2024-04,2i5w-ykuw,Spin,32,8,13,6,
2024-04,2i5w-ykuw,Spin,35,0,1,0,
2024-04,2i5w-ykuw,Spin,36,0,1,0,
2024-04,2i5w-ykuw,Spin,38,2,1,0,
2024-04,2i5w-ykuw,Spin,40,4,4,3,
2024-04,2i5w-ykuw,Spin,41,1,1,0,
2024-04,2i5w-ykuw,Spin,42,24,21,16,
2024-04,2i5w-ykuw,Spin,43,31,31,24,
2024-04,2i5w-ykuw,Spin,44,6,5,2,
2024-04,2i5w-ykuw,Spin,45,8,5,2,
2024-04,2i5w-ykuw,Spin,46,2,2,2,
2024-04,2i5w-ykuw,Spin,48,5,7,2,
2024-04,2i5w-ykuw,Spin,49,22,23,22,
2024-04,2i5w-ykuw,Spin,50,1,1,0,
2024-04,2i5w-ykuw,Spin,51,2,2,0,
2024-04,2i5w-ykuw,Spin,58,15,19,10,
2024-04,2i5w-ykuw,Spin,61,2,5,0,
2024-04,2i5w-ykuw,Spin,63,18,12,8,
2024-04,2i5w-ykuw,Spin,65,0,1,0,
2024-04,2i5w-ykuw,Spin,66,79,76,70,
2024-04,2i5w-ykuw,Spin,67,14,23,8,
2024-04,2i5w-ykuw,Spin,68,32,23,18,
2024-04,2i5w-ykuw,Spin,69,7,10,5,
2024-04,2i5w-ykuw,Spin,71,1,2,1,
2024-04,2i5w-ykuw,Spin,77,4,2,0,
2024-05,2i5w-ykuw,Lime,,470,638,0,
2024-05,2i5w-ykuw,Lime,1,6433,6458,4442,
2024-05,2i5w-ykuw,Lime,2,5447,5654,3283,
2024-05,2i5w-ykuw,Lime,3,12532,12602,6386,
2024-05,2i5w-ykuw,Lime,4,7001,6904,3298,
2024-05,2i5w-ykuw,Lime,5,7778,7981,2952,
2024-05,2i5w-ykuw,Lime,6,43819,42184,28183,
2024-05,2i5w-ykuw,Lime,7,29999,29183,18131,
2024-05,2i5w-ykuw,Lime,8,10362,11563,5435,
2024-05,2i5w-ykuw,Lime,9,250,249,198,
2024-05,2i5w-ykuw,Lime,10,516,563,325,
2024-05,2i5w-ykuw,Lime,11,1030,1055,509,
2024-05,2i5w-ykuw,Lime,12,287,337,140,
2024-05,2i5w-ykuw,Lime,13,1409,1488,574,
2024-05,2i5w-ykuw,Lime,14,4253,4404,2344,
2024-05,2i5w-ykuw,Lime,15,5103,5338,2649,
2024-05,2i5w-ykuw,Lime,16,6240,6368,2642,
2024-05,2i5w-ykuw,Lime,17,1774,1886,990,
2024-05,2i5w-ykuw,Lime,18,1946,2043,915,
2024-05,2i5w-ykuw,Lime,19,15529,15327,10307,
2024-05,2i5w-ykuw,Lime,20,4576,4541,1705,
2024-05,2i5w-ykuw,Lime,21,6686,6568,2678,
2024-05,2i5w-ykuw,Lime,22,20339,20138,11114,
2024-05,2i5w-ykuw,Lime,23,11819,11663,6643,
2024-05,2i5w-ykuw,Lime,24,21454,20829,12859,
2024-05,2i5w-ykuw,Lime,25,17416,17588,13686,
2024-05,2i5w-ykuw,Lime,26,4620,4668,2912,
2024-05,2i5w-ykuw,Lime,27,3862,3838,1892,
2024-05,2i5w-ykuw,Lime,28,10047,10350,5511,
2024-05,2i5w-ykuw,Lime,29,8469,8363,5863,
2024-05,2i5w-ykuw,Lime,30,9724,9697,7744,
2024-05,2i5w-ykuw,Lime,31,2288,2304,1125,
2024-05,2i5w-ykuw,Lime,32,4060,4735,2539,
2024-05,2i5w-ykuw,Lime,33,764,776,293,
2024-05,2i5w-ykuw,Lime,34,709,711,250,
2024-05,2i5w-ykuw,Lime,35,721,749,351,
2024-05,2i5w-ykuw,Lime,36,309,336,137,
2024-05,2i5w-ykuw,Lime,37,435,433,129,
2024-05,2i5w-ykuw,Lime,38,1417,1367,777,
2024-05,2i5w-ykuw,Lime,39,851,866,348,
2024-05,2i5w-ykuw,Lime,40,1470,1477,840,
2024-05,2i5w-ykuw,Lime,41,2611,2596,1810,
2024-05,2i5w-ykuw,Lime,42,2505,2562,1365,
2024-05,2i5w-ykuw,Lime,43,4830,4877,3562,
2024-05,2i5w-ykuw,Lime,44,5191,4793,3101,
2024-05,2i5w-ykuw,Lime,45,859,868,419,
2024-05,2i5w-ykuw,Lime,46,2150,2167,1517,
2024-05,2i5w-ykuw,Lime,47,196,218,80,
2024-05,2i5w-ykuw,Lime,48,730,752,412,
2024-05,2i5w-ykuw,Lime,49,3631,3590,2453,
2024-05,2i5w-ykuw,Lime,50,953,982,513,
2024-05,2i5w-ykuw,Lime,51,930,967,646,
2024-05,2i5w-ykuw,Lime,52,1591,1583,1379,
2024-05,2i5w-ykuw,Lime,53,1459,1471,1084,
2024-05,2i5w-ykuw,Lime,54,322,332,298,
2024-05,2i5w-ykuw,Lime,55,540,551,434,
2024-05,2i5w-ykuw,Lime,56,1043,1079,496,
2024-05,2i5w-ykuw,Lime,57,2266,2177,1255,
2024-05,2i5w-ykuw,Lime,58,5532,5272,3473,
2024-05,2i5w-ykuw,Lime,59,1024,1017,424,
2024-05,2i5w-ykuw,Lime,60,1257,1348,731,
2024-05,2i5w-ykuw,Lime,61,4718,4580,3169,
2024-05,2i5w-ykuw,Lime,62,1918,1970,806,
2024-05,2i5w-ykuw,Lime,63,5039,5003,2706,
2024-05,2i5w-ykuw,Lime,64,730,795,439,
2024-05,2i5w-ykuw,Lime,65,3033,3095,1641,
2024-05,2i5w-ykuw,Lime,66,6224,6246,4006,
2024-05,2i5w-ykuw,Lime,67,3026,3095,1886,
2024-05,2i5w-ykuw,Lime,68,3267,3307,1922,
2024-05,2i5w-ykuw,Lime,69,4128,4119,2396,
2024-05,2i5w-ykuw,Lime,70,1211,1354,891,
2024-05,2i5w-ykuw,Lime,71,3374,3439,2280,
2024-05,2i5w-ykuw,Lime,72,361,385,176,
2024-05,2i5w-ykuw,Lime,73,1634,1639,991,
2024-05,2i5w-ykuw,Lime,74,24,30,15,
2024-05,2i5w-ykuw,Lime,75,621,599,356,
2024-05,2i5w-ykuw,Lime,76,147,158,134,
2024-05,2i5w-ykuw,Lime,77,8529,8580,4749,
2024-05,2i5w-ykuw,Lyft,,1,9,0,
2024-05,2i5w-ykuw,Lyft,1,23,26,16,
2024-05,2i5w-ykuw,Lyft,2,13,18,8,
2024-05,2i5w-ykuw,Lyft,3,238,266,128,
2024-05,2i5w-ykuw,Lyft,4,65,81,26,
2024-05,2i5w-ykuw,Lyft,5,126,140,33,
2024-05,2i5w-ykuw,Lyft,6,1330,1407,767,
2024-05,2i5w-ykuw,Lyft,7,6748,7159,3568,
2024-05,2i5w-ykuw,Lyft,8,26233,26026,14750,
2024-05,2i5w-ykuw,Lyft,12,0,1,0,
2024-05,2i5w-ykuw,Lyft,13,4,5,1,
2024-05,2i5w-ykuw,Lyft,14,9,14,5,
2024-05,2i5w-ykuw,Lyft,15,1,1,0,
2024-05,2i5w-ykuw,Lyft,16,14,26,8,
2024-05,2i5w-ykuw,Lyft,19,7,13,4,
2024-05,2i5w-ykuw,Lyft,20,18,26,14,
2024-05,2i5w-ykuw,Lyft,21,46,67,22,
2024-05,2i5w-ykuw,Lyft,22,1271,1377,479,
2024-05,2i5w-ykuw,Lyft,23,45,66,26,
2024-05,2i5w-ykuw,Lyft,24,9493,9830,4570,
2024-05,2i5w-ykuw,Lyft,25,22,33,19,
2024-05,2i5w-ykuw,Lyft,26,16,17,11,
2024-05,2i5w-ykuw,Lyft,27,27,29,9,
2024-05,2i5w-ykuw,Lyft,28,23433,22474,13276,
2024-05,2i5w-ykuw,Lyft,29,11,18,8,
2024-05,2i5w-ykuw,Lyft,30,18,26,14,
2024-05,2i5w-ykuw,Lyft,31,1804,1832,836,
2024-05,2i5w-ykuw,Lyft,32,21437,21396,11758,
2024-05,2i5w-ykuw,Lyft,33,3177,3149,1255,
2024-05,2i5w-ykuw,Lyft,34,1191,1203,482,
2024-05,2i5w-ykuw,Lyft,35,2473,2470,1941,
2024-05,2i5w-ykuw,Lyft,36,26,31,13,
2024-05,2i5w-ykuw,Lyft,37,7,8,1,
2024-05,2i5w-ykuw,Lyft,38,61,96,31,
2024-05,2i5w-ykuw,Lyft,39,38,37,25,
2024-05,2i5w-ykuw,Lyft,40,9,11,5,
2024-05,2i5w-ykuw,Lyft,41,56,56,47,
2024-05,2i5w-ykuw,Lyft,42,2,4,0,
2024-05,2i5w-ykuw,Lyft,43,1,0,0,
2024-05,2i5w-ykuw,Lyft,44,2,3,1,
2024-05,2i5w-ykuw,Lyft,45,0,1,0,
2024-05,2i5w-ykuw,Lyft,56,0,1,0,
2024-05,2i5w-ykuw,Lyft,57,1,2,0,
2024-05,2i5w-ykuw,Lyft,58,20,27,13,
2024-05,2i5w-ykuw,Lyft,59,153,154,67,
2024-05,2i5w-ykuw,Lyft,60,1074,1080,559,
2024-05,2i5w-ykuw,Lyft,61,17,29,11,
2024-05,2i5w-ykuw,Lyft,62,4,4,2,
2024-05,2i5w-ykuw,Lyft,63,1,3,1,
2024-05,2i5w-ykuw,Lyft,67,0,1,0,
2024-05,2i5w-ykuw,Lyft,68,6,7,5,
2024-05,2i5w-ykuw,Lyft,69,2,6,2,
2024-05,2i5w-ykuw,Lyft,77,55,63,24,
2024-05,2i5w-ykuw,Spin,,5,9,0,
2024-05,2i5w-ykuw,Spin,1,31,36,21,
2024-05,2i5w-ykuw,Spin,2,18,24,12,
2024-05,2i5w-ykuw,Spin,3,244,260,121,
2024-05,2i5w-ykuw,Spin,4,120,113,51,
2024-05,2i5w-ykuw,Spin,5,221,221,77,
2024-05,2i5w-ykuw,Spin,6,1141,1050,692,
2024-05,2i5w-ykuw,Spin,7,511,503,278,
2024-05,2i5w-ykuw,Spin,8,201,239,105,
2024-05,2i5w-ykuw,Spin,14,24,31,11,
2024-05,2i5w-ykuw,Spin,15,44,45,24,
2024-05,2i5w-ykuw,Spin,16,94,111,43,
2024-05,2i5w-ykuw,Spin,17,3,4,1,
2024-05,2i5w-ykuw,Spin,18,5,7,2,
2024-05,2i5w-ykuw,Spin,19,137,133,102,
2024-05,2i5w-ykuw,Spin,20,50,44,21,
2024-05,2i5w-ykuw,Spin,21,127,106,42,
2024-05,2i5w-ykuw,Spin,22,303,311,167,
2024-05,2i5w-ykuw,Spin,23,137,135,90,
2024-05,2i5w-ykuw,Spin,24,557,540,401,
2024-05,2i5w-ykuw,Spin,25,203,211,167,
2024-05,2i5w-ykuw,Spin,26,250,259,223,
2024-05,2i5w-ykuw,Spin,27,90,93,59,
2024-05,2i5w-ykuw,Spin,28,160,162,92,
2024-05,2i5w-ykuw,Spin,29,77,83,46,
2024-05,2i5w-ykuw,Spin,30,250,238,208,
2024-05,2i5w-ykuw,Spin,31,74,71,42,
2024-05,2i5w-ykuw,Spin,32,75,106,36,
2024-05,2i5w-ykuw,Spin,33,4,5,0,
2024-05,2i5w-ykuw,Spin,34,5,7,2,
2024-05,2i5w-ykuw,Spin,35,16,20,9,
2024-05,2i5w-ykuw,Spin,36,8,8,7,
2024-05,2i5w-ykuw,Spin,37,6,11,5,
2024-05,2i5w-ykuw,Spin,38,32,26,18,
2024-05,2i5w-ykuw,Spin,39,7,8,1,
2024-05,2i5w-ykuw,Spin,40,19,19,9,
2024-05,2i5w-ykuw,Spin,41,59,56,38,
2024-05,2i5w-ykuw,Spin,42,65,67,41,
2024-05,2i5w-ykuw,Spin,43,257,251,212,
2024-05,2i5w-ykuw,Spin,44,84,90,49,
2024-05,2i5w-ykuw,Spin,45,30,27,10,
2024-05,2i5w-ykuw,Spin,46,99,97,89,
2024-05,2i5w-ykuw,Spin,47,0,2,0,
2024-05,2i5w-ykuw,Spin,48,9,8,4,
2024-05,2i5w-ykuw,Spin,49,322,309,272,
2024-05,2i5w-ykuw,Spin,50,21,26,8,
2024-05,2i5w-ykuw,Spin,51,3,5,1,
2024-05,2i5w-ykuw,Spin,53,1,5,0,
2024-05,2i5w-ykuw,Spin,56,0,1,0,
2024-05,2i5w-ykuw,Spin,57,3,4,0,
2024-05,2i5w-ykuw,Spin,58,159,161,94,
2024-05,2i5w-ykuw,Spin,59,59,52,29,
2024-05,2i5w-ykuw,Spin,60,5,7,3,
2024-05,2i5w-ykuw,Spin,61,59,63,38,
2024-05,2i5w-ykuw,Spin,62,9,11,3,
2024-05,2i5w-ykuw,Spin,63,51,57,31,
2024-05,2i5w-ykuw,Spin,64,1,2,1,
2024-05,2i5w-ykuw,Spin,65,36,37,25,
2024-05,2i5w-ykuw,Spin,66,309,302,265,
2024-05,2i5w-ykuw,Spin,67,42,48,18,
2024-05,2i5w-ykuw,Spin,68,141,134,102,
2024-05,2i5w-ykuw,Spin,69,72,85,42,
2024-05,2i5w-ykuw,Spin,70,15,8,5,
2024-05,2i5w-ykuw,Spin,71,45,40,17,
2024-05,2i5w-ykuw,Spin,72,2,3,0,
2024-05,2i5w-ykuw,Spin,73,74,69,36,
2024-05,2i5w-ykuw,Spin,75,13,13,4,
2024-05,2i5w-ykuw,Spin,77,99,104,50,
2024-06,2i5w-ykuw,Lime,,579,755,0,
2024-06,2i5w-ykuw,Lime,1,7544,7649,5315,
2024-06,2i5w-ykuw,Lime,2,6407,6667,4026,
2024-06,2i5w-ykuw,Lime,3,15953,16060,8214,
2024-06,2i5w-ykuw,Lime,4,7840,7727,3590,
2024-06,2i5w-ykuw,Lime,5,9671,9983,3687,
2024-06,2i5w-ykuw,Lime,6,51796,50009,32788,
2024-06,2i5w-ykuw,Lime,7,36738,35289,22155,
2024-06,2i5w-ykuw,Lime,8,14431,16183,7962,
2024-06,2i5w-ykuw,Lime,9,237,246,194,
2024-06,2i5w-ykuw,Lime,10,564,612,338,
2024-06,2i5w-ykuw,Lime,11,1178,1217,551,
2024-06,2i5w-ykuw,Lime,12,473,543,271,
2024-06,2i5w-ykuw,Lime,13,1426,1438,577,
2024-06,2i5w-ykuw,Lime,14,4432,4627,2345,
2024-06,2i5w-ykuw,Lime,15,5743,6058,3148,
2024-06,2i5w-ykuw,Lime,16,6504,6693,2666,
2024-06,2i5w-ykuw,Lime,17,1658,1790,857,
2024-06,2i5w-ykuw,Lime,18,2314,2343,1081,
2024-06,2i5w-ykuw,Lime,19,16430,16112,10865,
2024-06,2i5w-ykuw,Lime,20,4655,4551,1726,
2024-06,2i5w-ykuw,Lime,21,7706,7630,3222,
2024-06,2i5w-ykuw,Lime,22,21226,21015,11316,
2024-06,2i5w-ykuw,Lime,23,12528,12349,6982,
2024-06,2i5w-ykuw,Lime,24,25767,24983,15683,
2024-06,2i5w-ykuw,Lime,25,19941,20105,15576,
2024-06,2i5w-ykuw,Lime,26,5240,5264,3250,
2024-06,2i5w-ykuw,Lime,27,4784,4886,2483,
2024-06,2i5w-ykuw,Lime,28,11468,11864,6283,
2024-06,2i5w-ykuw,Lime,29,8391,8314,5625,
2024-06,2i5w-ykuw,Lime,30,7448,7313,5553,
2024-06,2i5w-ykuw,Lime,31,1879,1961,822,
2024-06,2i5w-ykuw,Lime,32,5698,6364,3810,
2024-06,2i5w-ykuw,Lime,33,1218,1270,561,
2024-06,2i5w-ykuw,Lime,34,795,783,266,
2024-06,2i5w-ykuw,Lime,35,1057,1151,580,
2024-06,2i5w-ykuw,Lime,36,575,583,274,
2024-06,2i5w-ykuw,Lime,37,660,624,181,
2024-06,2i5w-ykuw,Lime,38,1878,1803,927,
2024-06,2i5w-ykuw,Lime,39,1120,1142,444,
2024-06,2i5w-ykuw,Lime,40,1959,1952,1056,
2024-06,2i5w-ykuw,Lime,41,3036,3035,1993,
2024-06,2i5w-ykuw,Lime,42,2950,3044,1618,
2024-06,2i5w-ykuw,Lime,43,6169,6184,4534,
2024-06,2i5w-ykuw,Lime,44,6200,5788,3727,
2024-06,2i5w-ykuw,Lime,45,1105,1104,499,
2024-06,2i5w-ykuw,Lime,46,2944,2946,2026,
2024-06,2i5w-ykuw,Lime,47,405,426,214,
2024-06,2i5w-ykuw,Lime,48,1134,1137,631,
2024-06,2i5w-ykuw,Lime,49,4545,4515,3116,
2024-06,2i5w-ykuw,Lime,50,1322,1360,763,
2024-06,2i5w-ykuw,Lime,51,1218,1207,804,
2024-06,2i5w-ykuw,Lime,52,1156,1153,921,
2024-06,2i5w-ykuw,Lime,53,1980,2005,1516,
2024-06,2i5w-ykuw,Lime,54,421,432,357,
2024-06,2i5w-ykuw,Lime,55,397,410,303,
2024-06,2i5w-ykuw,Lime,56,1054,1099,489,
2024-06,2i5w-ykuw,Lime,57,2148,2032,1117,
2024-06,2i5w-ykuw,Lime,58,5610,5370,3447,
2024-06,2i5w-ykuw,Lime,59,1174,1175,467,
2024-06,2i5w-ykuw,Lime,60,1402,1474,850,
2024-06,2i5w-ykuw,Lime,61,5018,4983,3385,
2024-06,2i5w-ykuw,Lime,62,1859,1920,755,
2024-06,2i5w-ykuw,Lime,63,5424,5377,3051,
2024-06,2i5w-ykuw,Lime,64,683,750,377,
2024-06,2i5w-ykuw,Lime,65,3213,3263,1720,
2024-06,2i5w-ykuw,Lime,66,5768,5770,3506,
2024-06,2i5w-ykuw,Lime,67,3279,3315,2017,
2024-06,2i5w-ykuw,Lime,68,3674,3730,2201,
2024-06,2i5w-ykuw,Lime,69,5204,5201,3147,
2024-06,2i5w-ykuw,Lime,70,1251,1419,843,
2024-06,2i5w-ykuw,Lime,71,4374,4396,2954,
2024-06,2i5w-ykuw,Lime,72,649,703,378,
2024-06,2i5w-ykuw,Lime,73,1497,1490,818,
2024-06,2i5w-ykuw,Lime,74,83,97,64,
2024-06,2i5w-ykuw,Lime,75,780,774,438,
2024-06,2i5w-ykuw,Lime,76,218,230,183,
2024-06,2i5w-ykuw,Lime,77,10207,10240,5665,
2024-06,2i5w-ykuw,Lyft,,9,26,0,
2024-06,2i5w-ykuw,Lyft,1,386,373,279,
2024-06,2i5w-ykuw,Lyft,2,170,195,122,
2024-06,2i5w-ykuw,Lyft,3,1583,1608,852,
2024-06,2i5w-ykuw,Lyft,4,512,522,224,
2024-06,2i5w-ykuw,Lyft,5,719,752,248,
2024-06,2i5w-ykuw,Lyft,6,5567,5612,3267,
2024-06,2i5w-ykuw,Lyft,7,8867,8950,4710,
2024-06,2i5w-ykuw,Lyft,8,22499,22422,12616,
2024-06,2i5w-ykuw,Lyft,11,0,1,0,
2024-06,2i5w-ykuw,Lyft,12,6,7,6,
2024-06,2i5w-ykuw,Lyft,13,28,34,13,
2024-06,2i5w-ykuw,Lyft,14,105,122,51,
2024-06,2i5w-ykuw,Lyft,15,0,7,0,
2024-06,2i5w-ykuw,Lyft,16,156,205,84,
2024-06,2i5w-ykuw,Lyft,18,2,2,2,
2024-06,2i5w-ykuw,Lyft,19,100,116,76,
2024-06,2i5w-ykuw,Lyft,20,97,95,50,
2024-06,2i5w-ykuw,Lyft,21,324,378,146,
2024-06,2i5w-ykuw,Lyft,22,2271,2314,1066,
2024-06,2i5w-ykuw,Lyft,23,357,338,191,
2024-06,2i5w-ykuw,Lyft,24,8832,8988,4260,
2024-06,2i5w-ykuw,Lyft,25,250,265,204,
2024-06,2i5w-ykuw,Lyft,26,164,163,115,
2024-06,2i5w-ykuw,Lyft,27,204,200,102,
2024-06,2i5w-ykuw,Lyft,28,18728,18183,10280,
2024-06,2i5w-ykuw,Lyft,29,131,152,96,
2024-06,2i5w-ykuw,Lyft,30,80,82,45,
2024-06,2i5w-ykuw,Lyft,31,1376,1381,568,
2024-06,2i5w-ykuw,Lyft,32,16793,16743,9072,
2024-06,2i5w-ykuw,Lyft,33,2423,2423,942,
2024-06,2i5w-ykuw,Lyft,34,947,949,363,
2024-06,2i5w-ykuw,Lyft,35,1235,1236,856,
2024-06,2i5w-ykuw,Lyft,36,63,63,28,
2024-06,2i5w-ykuw,Lyft,37,26,29,19,
2024-06,2i5w-ykuw,Lyft,38,178,187,98,
2024-06,2i5w-ykuw,Lyft,39,162,158,79,
2024-06,2i5w-ykuw,Lyft,40,70,70,47,
2024-06,2i5w-ykuw,Lyft,41,527,512,413,
2024-06,2i5w-ykuw,Lyft,42,107,118,60,
2024-06,2i5w-ykuw,Lyft,43,10,13,6,
2024-06,2i5w-ykuw,Lyft,44,4,5,0,
2024-06,2i5w-ykuw,Lyft,45,7,9,4,
2024-06,2i5w-ykuw,Lyft,56,6,12,5,
2024-06,2i5w-ykuw,Lyft,57,7,8,1,
2024-06,2i5w-ykuw,Lyft,58,116,131,72,
2024-06,2i5w-ykuw,Lyft,59,247,225,154,
2024-06,2i5w-ykuw,Lyft,60,860,846,468,
2024-06,2i5w-ykuw,Lyft,61,81,83,43,
2024-06,2i5w-ykuw,Lyft,62,5,9,2,
2024-06,2i5w-ykuw,Lyft,63,58,56,35,
2024-06,2i5w-ykuw,Lyft,65,0,1,0,
2024-06,2i5w-ykuw,Lyft,66,9,21,3,
2024-06,2i5w-ykuw,Lyft,67,92,99,81,
2024-06,2i5w-ykuw,Lyft,68,35,37,19,
2024-06,2i5w-ykuw,Lyft,69,33,46,21,
2024-06,2i5w-ykuw,Lyft,71,3,9,3,
2024-06,2i5w-ykuw,Lyft,77,686,722,390,
2024-06,2i5w-ykuw,Spin,,9,11,0,
2024-06,2i5w-ykuw,Spin,1,43,47,30,
2024-06,2i5w-ykuw,Spin,2,53,59,35,
2024-06,2i5w-ykuw,Spin,3,402,415,252,
2024-06,2i5w-ykuw,Spin,4,141,130,71,
2024-06,2i5w-ykuw,Spin,5,188,187,62,
2024-06,2i5w-ykuw,Spin,6,1173,1093,774,
2024-06,2i5w-ykuw,Spin,7,664,614,359,
2024-06,2i5w-ykuw,Spin,8,377,426,222,
2024-06,2i5w-ykuw,Spin,13,9,13,3,
2024-06,2i5w-ykuw,Spin,14,24,16,4,
2024-06,2i5w-ykuw,Spin,15,40,36,18,
2024-06,2i5w-ykuw,Spin,16,145,149,73,
2024-06,2i5w-ykuw,Spin,17,9,15,5,
2024-06,2i5w-ykuw,Spin,18,5,4,1,
2024-06,2i5w-ykuw,Spin,19,179,177,138,
2024-06,2i5w-ykuw,Spin,20,55,54,23,
2024-06,2i5w-ykuw,Spin,21,124,127,58,
2024-06,2i5w-ykuw,Spin,22,298,294,152,
2024-06,2i5w-ykuw,Spin,23,278,277,201,
2024-06,2i5w-ykuw,Spin,24,418,397,257,
2024-06,2i5w-ykuw,Spin,25,221,236,177,
2024-06,2i5w-ykuw,Spin,26,156,152,116,
2024-06,2i5w-ykuw,Spin,27,71,82,32,
2024-06,2i5w-ykuw,Spin,28,287,299,172,
2024-06,2i5w-ykuw,Spin,29,153,155,121,
2024-06,2i5w-ykuw,Spin,30,192,187,171,
2024-06,2i5w-ykuw,Spin,31,50,50,29,
2024-06,2i5w-ykuw,Spin,32,191,239,107,
2024-06,2i5w-ykuw,Spin,33,22,29,7,
2024-06,2i5w-ykuw,Spin,34,7,11,3,
2024-06,2i5w-ykuw,Spin,35,12,12,4,
2024-06,2i5w-ykuw,Spin,36,16,18,8,
2024-06,2i5w-ykuw,Spin,37,12,11,3,
2024-06,2i5w-ykuw,Spin,38,17,15,6,
2024-06,2i5w-ykuw,Spin,39,30,30,18,
2024-06,2i5w-ykuw,Spin,40,26,27,10,
2024-06,2i5w-ykuw,Spin,41,77,74,53,
2024-06,2i5w-ykuw,Spin,42,66,73,40,
2024-06,2i5w-ykuw,Spin,43,201,184,145,
2024-06,2i5w-ykuw,Spin,44,118,118,56,
2024-06,2i5w-ykuw,Spin,45,56,57,42,
2024-06,2i5w-ykuw,Spin,46,191,184,166,
2024-06,2i5w-ykuw,Spin,47,3,3,0,
2024-06,2i5w-ykuw,Spin,48,22,26,19,
2024-06,2i5w-ykuw,Spin,49,258,229,190,
2024-06,2i5w-ykuw,Spin,50,36,45,22,
2024-06,2i5w-ykuw,Spin,51,0,3,0,
2024-06,2i5w-ykuw,Spin,52,0,1,0,
2024-06,2i5w-ykuw,Spin,53,9,13,3,
2024-06,2i5w-ykuw,Spin,57,11,10,7,
2024-06,2i5w-ykuw,Spin,58,178,172,122,
2024-06,2i5w-ykuw,Spin,59,56,60,35,
2024-06,2i5w-ykuw,Spin,60,6,6,2,
2024-06,2i5w-ykuw,Spin,61,31,25,9,
2024-06,2i5w-ykuw,Spin,62,25,33,19,
2024-06,2i5w-ykuw,Spin,63,61,67,36,
2024-06,2i5w-ykuw,Spin,64,10,12,7,
2024-06,2i5w-ykuw,Spin,65,29,28,19,
2024-06,2i5w-ykuw,Spin,66,134,125,103,
2024-06,2i5w-ykuw,Spin,67,63,70,49,
2024-06,2i5w-ykuw,Spin,68,170,167,142,
2024-06,2i5w-ykuw,Spin,69,152,157,93,
2024-06,2i5w-ykuw,Spin,70,7,2,1,
2024-06,2i5w-ykuw,Spin,71,53,66,32,
2024-06,2i5w-ykuw,Spin,72,3,4,1,
2024-06,2i5w-ykuw,Spin,73,32,39,21,
2024-06,2i5w-ykuw,Spin,75,3,6,0,
2024-06,2i5w-ykuw,Spin,77,198,203,111,
2024-07,2i5w-ykuw,Lime,,564,672,0,
2024-07,2i5w-ykuw,Lime,1,9000,9029,6305,
2024-07,2i5w-ykuw,Lime,2,7224,7531,4490,
2024-07,2i5w-ykuw,Lime,3,18085,17802,9192,
2024-07,2i5w-ykuw,Lime,4,8627,8638,3858,
2024-07,2i5w-ykuw,Lime,5,11074,11597,4443,
2024-07,2i5w-ykuw,Lime,6,62021,60090,40230,
2024-07,2i5w-ykuw,Lime,7,40453,38254,23310,
2024-07,2i5w-ykuw,Lime,8,14236,16967,7705,
2024-07,2i5w-ykuw,Lime,9,107,116,79,
2024-07,2i5w-ykuw,Lime,10,420,480,252,
2024-07,2i5w-ykuw,Lime,11,1213,1293,599,
2024-07,2i5w-ykuw,Lime,12,375,449,129,
2024-07,2i5w-ykuw,Lime,13,1434,1523,538,
2024-07,2i5w-ykuw,Lime,14,4327,4440,2092,
2024-07,2i5w-ykuw,Lime,15,6475,6772,3555,
2024-07,2i5w-ykuw,Lime,16,6442,6684,2592,
2024-07,2i5w-ykuw,Lime,17,1638,1802,787,
2024-07,2i5w-ykuw,Lime,18,2306,2300,1021,
2024-07,2i5w-ykuw,Lime,19,17438,17048,11355,
2024-07,2i5w-ykuw,Lime,20,5134,4959,1821,
2024-07,2i5w-ykuw,Lime,21,8704,8736,3576,
2024-07,2i5w-ykuw,Lime,22,24413,24135,12834,
2024-07,2i5w-ykuw,Lime,23,14705,14424,8051,
2024-07,2i5w-ykuw,Lime,24,31498,30578,19537,
2024-07,2i5w-ykuw,Lime,25,22512,22658,17457,
2024-07,2i5w-ykuw,Lime,26,6152,6146,3684,
2024-07,2i5w-ykuw,Lime,27,5823,5781,3001,
2024-07,2i5w-ykuw,Lime,28,12142,12825,6647,
2024-07,2i5w-ykuw,Lime,29,11629,11528,7969,
2024-07,2i5w-ykuw,Lime,30,9786,9586,7389,
2024-07,2i5w-ykuw,Lime,31,2598,2743,1289,
2024-07,2i5w-ykuw,Lime,32,4579,5403,3222,
2024-07,2i5w-ykuw,Lime,33,1192,1221,506,
2024-07,2i5w-ykuw,Lime,34,822,834,271,
2024-07,2i5w-ykuw,Lime,35,1090,1169,539,
2024-07,2i5w-ykuw,Lime,36,560,561,220,
2024-07,2i5w-ykuw,Lime,37,830,785,221,
2024-07,2i5w-ykuw,Lime,38,2622,2634,1413,
2024-07,2i5w-ykuw,Lime,39,1580,1616,641,
2024-07,2i5w-ykuw,Lime,40,2058,2102,946,
2024-07,2i5w-ykuw,Lime,41,4059,3979,2584,
2024-07,2i5w-ykuw,Lime,42,3446,3508,1853,
2024-07,2i5w-ykuw,Lime,43,7379,7364,5563,
2024-07,2i5w-ykuw,Lime,44,7220,6735,4402,
2024-07,2i5w-ykuw,Lime,45,1263,1268,587,
2024-07,2i5w-ykuw,Lime,46,3156,3154,2163,
2024-07,2i5w-ykuw,Lime,47,360,362,147,
2024-07,2i5w-ykuw,Lime,48,1132,1156,590,
2024-07,2i5w-ykuw,Lime,49,5175,5117,3473,
2024-07,2i5w-ykuw,Lime,50,1640,1668,952,
2024-07,2i5w-ykuw,Lime,51,1282,1309,825,
2024-07,2i5w-ykuw,Lime,52,1357,1380,1108,
2024-07,2i5w-ykuw,Lime,53,2012,2052,1505,
2024-07,2i5w-ykuw,Lime,54,457,478,398,
2024-07,2i5w-ykuw,Lime,55,614,607,460,
2024-07,2i5w-ykuw,Lime,56,1299,1382,634,
2024-07,2i5w-ykuw,Lime,57,2500,2357,1270,
2024-07,2i5w-ykuw,Lime,58,7054,6752,4460,
2024-07,2i5w-ykuw,Lime,59,1285,1318,513,
2024-07,2i5w-ykuw,Lime,60,1240,1316,624,
2024-07,2i5w-ykuw,Lime,61,5218,5068,3225,
2024-07,2i5w-ykuw,Lime,62,2166,2240,892,
2024-07,2i5w-ykuw,Lime,63,7007,6991,4114,
2024-07,2i5w-ykuw,Lime,64,691,811,379,
2024-07,2i5w-ykuw,Lime,65,3102,3178,1601,
2024-07,2i5w-ykuw,Lime,66,5944,5908,3565,
2024-07,2i5w-ykuw,Lime,67,3758,3778,2308,
2024-07,2i5w-ykuw,Lime,68,4026,4122,2347,
2024-07,2i5w-ykuw,Lime,69,6108,6091,3540,
2024-07,2i5w-ykuw,Lime,70,1298,1471,832,
2024-07,2i5w-ykuw,Lime,71,4408,4436,2775,
2024-07,2i5w-ykuw,Lime,72,754,803,397,
2024-07,2i5w-ykuw,Lime,73,2203,2221,1308,
2024-07,2i5w-ykuw,Lime,74,79,96,59,
2024-07,2i5w-ykuw,Lime,75,790,797,386,
2024-07,2i5w-ykuw,Lime,76,82,94,58,
2024-07,2i5w-ykuw,Lime,77,11629,11803,6454,
2024-07,2i5w-ykuw,Lyft,,403,474,0,includes_classic_bike_rides
2024-07,2i5w-ykuw,Lyft,1,3045,3065,1691,includes_classic_bike_rides
2024-07,2i5w-ykuw,Lyft,2,1023,1169,487,includes_classic_bike_rides
2024-07,2i5w-ykuw,Lyft,3,14041,14275,5198,includes_classic_bike_rides
2024-07,2i5w-ykuw,Lyft,4,4966,5027,1671,includes_classic_bike_rides
2024-07,2i5w-ykuw,Lyft,5,4854,5132,1051,includes_classic_bike_rides
2024-07,2i5w-ykuw,Lyft,6,41790,42962,19582,includes_classic_bike_rides
2024-07,2i5w-ykuw,Lyft,7,63640,66149,29347,includes_classic_bike_rides
2024-07,2i5w-ykuw,Lyft,8,113021,110294,55377,includes_classic_bike_rides
2024-07,2i5w-ykuw,Lyft,11,23,19,1,includes_classic_bike_rides
2024-07,2i5w-ykuw,Lyft,12,58,54,39,includes_classic_bike_rides
2024-07,2i5w-ykuw,Lyft,13,540,546,219,includes_classic_bike_rides
2024-07,2i5w-ykuw,Lyft,14,748,832,219,includes_classic_bike_rides
2024-07,2i5w-ykuw,Lyft,15,247,266,96,includes_classic_bike_rides
2024-07,2i5w-ykuw,Lyft,16,1601,1703,635,includes_classic_bike_rides
2024-07,2i5w-ykuw,Lyft,17,99,103,67,includes_classic_bike_rides
2024-07,2i5w-ykuw,Lyft,18,22,26,7,includes_classic_bike_rides
2024-07,2i5w-ykuw,Lyft,19,503,523,376,includes_classic_bike_rides
2024-07,2i5w-ykuw,Lyft,20,294,354,83,includes_classic_bike_rides
2024-07,2i5w-ykuw,Lyft,21,1198,1339,314,includes_classic_bike_rides
2024-07,2i5w-ykuw,Lyft,22,12285,12607,5046,includes_classic_bike_rides
2024-07,2i5w-ykuw,Lyft,23,664,686,268,includes_classic_bike_rides
2024-07,2i5w-ykuw,Lyft,24,32910,33379,14151,includes_classic_bike_rides
2024-07,2i5w-ykuw,Lyft,25,815,816,662,includes_classic_bike_rides
2024-07,2i5w-ykuw,Lyft,26,233,234,148,includes_classic_bike_rides
2024-07,2i5w-ykuw,Lyft,27,530,484,197,includes_classic_bike_rides
2024-07,2i5w-ykuw,Lyft,28,66364,65309,34458,includes_classic_bike_rides
2024-07,2i5w-ykuw,Lyft,29,485,528,347,includes_classic_bike_rides
2024-07,2i5w-ykuw,Lyft,30,377,407,214,includes_classic_bike_rides
2024-07,2i5w-ykuw,Lyft,31,4993,5317,1839,includes_classic_bike_rides
2024-07,2i5w-ykuw,Lyft,32,78081,76164,35547,includes_classic_bike_rides
2024-07,2i5w-ykuw,Lyft,33,19828,18620,6311,includes_classic_bike_rides
2024-07,2i5w-ykuw,Lyft,34,3459,3693,996,includes_classic_bike_rides
2024-07,2i5w-ykuw,Lyft,35,7931,8012,5231,includes_classic_bike_rides
2024-07,2i5w-ykuw,Lyft,36,100,102,55,includes_classic_bike_rides
2024-07,2i5w-ykuw,Lyft,37,132,112,55,includes_classic_bike_rides
2024-07,2i5w-ykuw,Lyft,38,757,790,311,includes_classic_bike_rides
2024-07,2i5w-ykuw,Lyft,39,1392,1403,417,includes_classic_bike_rides
2024-07,2i5w-ykuw,Lyft,40,319,311,112,includes_classic_bike_rides
2024-07,2i5w-ykuw,Lyft,41,10659,10637,7579,includes_classic_bike_rides
2024-07,2i5w-ykuw,Lyft,42,2114,2100,517,includes_classic_bike_rides
2024-07,2i5w-ykuw,Lyft,43,379,397,209,includes_classic_bike_rides
2024-07,2i5w-ykuw,Lyft,44,64,64,36,includes_classic_bike_rides
2024-07,2i5w-ykuw,Lyft,45,21,20,9,includes_classic_bike_rides
2024-07,2i5w-ykuw,Lyft,46,70,84,46,includes_classic_bike_rides
2024-07,2i5w-ykuw,Lyft,47,6,6,6,includes_classic_bike_rides
2024-07,2i5w-ykuw,Lyft,48,3,5,1,includes_classic_bike_rides
2024-07,2i5w-ykuw,Lyft,49,43,47,31,includes_classic_bike_rides
2024-07,2i5w-ykuw,Lyft,50,16,13,10,includes_classic_bike_rides
2024-07,2i5w-ykuw,Lyft,51,29,35,28,includes_classic_bike_rides
2024-07,2i5w-ykuw,Lyft,52,118,122,84,includes_classic_bike_rides
2024-07,2i5w-ykuw,Lyft,53,5,5,3,includes_classic_bike_rides
2024-07,2i5w-ykuw,Lyft,55,41,40,25,includes_classic_bike_rides
2024-07,2i5w-ykuw,Lyft,56,66,53,27,includes_classic_bike_rides
2024-07,2i5w-ykuw,Lyft,57,166,145,109,includes_classic_bike_rides
2024-07,2i5w-ykuw,Lyft,58,375,369,181,includes_classic_bike_rides
2024-07,2i5w-ykuw,Lyft,59,512,477,230,includes_classic_bike_rides
2024-07,2i5w-ykuw,Lyft,60,2853,2882,1122,includes_classic_bike_rides
2024-07,2i5w-ykuw,Lyft,61,289,291,126,includes_classic_bike_rides
2024-07,2i5w-ykuw,Lyft,62,58,59,27,includes_classic_bike_rides
2024-07,2i5w-ykuw,Lyft,63,264,277,134,includes_classic_bike_rides
2024-07,2i5w-ykuw,Lyft,65,38,72,23,includes_classic_bike_rides
2024-07,2i5w-ykuw,Lyft,66,98,133,63,includes_classic_bike_rides
2024-07,2i5w-ykuw,Lyft,67,57,69,31,includes_classic_bike_rides
2024-07,2i5w-ykuw,Lyft,68,114,115,65,includes_classic_bike_rides
2024-07,2i5w-ykuw,Lyft,69,132,134,56,includes_classic_bike_rides
2024-07,2i5w-ykuw,Lyft,70,108,111,82,includes_classic_bike_rides
2024-07,2i5w-ykuw,Lyft,71,83,77,45,includes_classic_bike_rides
2024-07,2i5w-ykuw,Lyft,72,34,35,16,includes_classic_bike_rides
2024-07,2i5w-ykuw,Lyft,73,12,13,4,includes_classic_bike_rides
2024-07,2i5w-ykuw,Lyft,74,37,36,30,includes_classic_bike_rides
2024-07,2i5w-ykuw,Lyft,75,57,45,35,includes_classic_bike_rides
2024-07,2i5w-ykuw,Lyft,77,5898,6336,2212,includes_classic_bike_rides
2024-07,2i5w-ykuw,Spin,,5,5,0,
2024-07,2i5w-ykuw,Spin,1,56,55,31,
2024-07,2i5w-ykuw,Spin,2,73,70,41,
2024-07,2i5w-ykuw,Spin,3,442,467,272,
2024-07,2i5w-ykuw,Spin,4,160,156,88,
2024-07,2i5w-ykuw,Spin,5,217,239,86,
2024-07,2i5w-ykuw,Spin,6,1289,1164,762,
2024-07,2i5w-ykuw,Spin,7,791,742,447,
2024-07,2i5w-ykuw,Spin,8,474,538,267,
2024-07,2i5w-ykuw,Spin,13,7,8,2,
2024-07,2i5w-ykuw,Spin,14,70,57,27,
2024-07,2i5w-ykuw,Spin,15,90,107,56,
2024-07,2i5w-ykuw,Spin,16,202,212,106,
2024-07,2i5w-ykuw,Spin,17,31,31,17,
2024-07,2i5w-ykuw,Spin,18,1,4,0,
2024-07,2i5w-ykuw,Spin,19,143,133,95,
2024-07,2i5w-ykuw,Spin,20,62,65,29,
2024-07,2i5w-ykuw,Spin,21,210,216,90,
2024-07,2i5w-ykuw,Spin,22,511,493,258,
2024-07,2i5w-ykuw,Spin,23,297,282,204,
2024-07,2i5w-ykuw,Spin,24,752,724,493,
2024-07,2i5w-ykuw,Spin,25,388,398,320,
2024-07,2i5w-ykuw,Spin,26,138,134,72,
2024-07,2i5w-ykuw,Spin,27,108,117,60,
2024-07,2i5w-ykuw,Spin,28,403,427,221,
2024-07,2i5w-ykuw,Spin,29,240,233,162,
2024-07,2i5w-ykuw,Spin,30,193,192,146,
2024-07,2i5w-ykuw,Spin,31,91,106,54,
2024-07,2i5w-ykuw,Spin,32,329,394,200,
2024-07,2i5w-ykuw,Spin,33,32,33,11,
2024-07,2i5w-ykuw,Spin,34,24,29,9,
2024-07,2i5w-ykuw,Spin,35,28,36,19,
2024-07,2i5w-ykuw,Spin,36,19,18,6,
2024-07,2i5w-ykuw,Spin,37,13,14,5,
2024-07,2i5w-ykuw,Spin,38,78,75,48,
2024-07,2i5w-ykuw,Spin,39,43,47,29,
2024-07,2i5w-ykuw,Spin,40,54,43,26,
2024-07,2i5w-ykuw,Spin,41,49,53,31,
2024-07,2i5w-ykuw,Spin,42,63,70,36,
2024-07,2i5w-ykuw,Spin,43,299,290,232,
2024-07,2i5w-ykuw,Spin,44,88,90,41,
2024-07,2i5w-ykuw,Spin,45,52,57,21,
2024-07,2i5w-ykuw,Spin,46,271,257,235,
2024-07,2i5w-ykuw,Spin,47,2,2,0,
2024-07,2i5w-ykuw,Spin,48,170,169,147,
2024-07,2i5w-ykuw,Spin,49,297,284,251,
2024-07,2i5w-ykuw,Spin,50,25,32,7,
2024-07,2i5w-ykuw,Spin,51,4,13,3,
2024-07,2i5w-ykuw,Spin,53,4,10,2,
2024-07,2i5w-ykuw,Spin,56,7,9,1,
2024-07,2i5w-ykuw,Spin,57,7,10,3,
2024-07,2i5w-ykuw,Spin,58,201,203,137,
2024-07,2i5w-ykuw,Spin,59,73,62,27,
2024-07,2i5w-ykuw,Spin,60,11,13,4,
2024-07,2i5w-ykuw,Spin,61,38,22,8,
2024-07,2i5w-ykuw,Spin,62,25,21,14,
2024-07,2i5w-ykuw,Spin,63,54,65,29,
2024-07,2i5w-ykuw,Spin,64,7,10,6,
2024-07,2i5w-ykuw,Spin,65,85,86,61,
2024-07,2i5w-ykuw,Spin,66,202,214,161,
2024-07,2i5w-ykuw,Spin,67,152,150,114,
2024-07,2i5w-ykuw,Spin,68,260,251,198,
2024-07,2i5w-ykuw,Spin,69,131,130,81,
2024-07,2i5w-ykuw,Spin,70,8,9,6,
2024-07,2i5w-ykuw,Spin,71,122,120,88,
2024-07,2i5w-ykuw,Spin,72,4,6,2,
2024-07,2i5w-ykuw,Spin,73,39,42,26,
2024-07,2i5w-ykuw,Spin,75,11,9,3,
2024-07,2i5w-ykuw,Spin,77,233,235,127,
2024-08,2i5w-ykuw,Lime,,581,994,0,
2024-08,2i5w-ykuw,Lime,1,12319,12310,8894,
2024-08,2i5w-ykuw,Lime,2,8030,8390,4845,
2024-08,2i5w-ykuw,Lime,3,23139,22548,11446,
2024-08,2i5w-ykuw,Lime,4,10491,10384,4691,
2024-08,2i5w-ykuw,Lime,5,14356,14596,5753,
2024-08,2i5w-ykuw,Lime,6,75592,74474,48373,
2024-08,2i5w-ykuw,Lime,7,53393,50453,31175,
2024-08,2i5w-ykuw,Lime,8,17031,19778,8625,
2024-08,2i5w-ykuw,Lime,9,163,177,99,
2024-08,2i5w-ykuw,Lime,10,627,674,339,
2024-08,2i5w-ykuw,Lime,11,1608,1660,740,
2024-08,2i5w-ykuw,Lime,12,500,563,221,
2024-08,2i5w-ykuw,Lime,13,1806,1837,632,
2024-08,2i5w-ykuw,Lime,14,5426,5514,2575,
2024-08,2i5w-ykuw,Lime,15,7828,8096,4276,
2024-08,2i5w-ykuw,Lime,16,8349,8532,3367,
2024-08,2i5w-ykuw,Lime,17,2503,2644,1294,
2024-08,2i5w-ykuw,Lime,18,2456,2475,1082,
2024-08,2i5w-ykuw,Lime,19,19414,19178,12406,
2024-08,2i5w-ykuw,Lime,20,5150,5143,1537,
2024-08,2i5w-ykuw,Lime,21,10478,10479,4291,
2024-08,2i5w-ykuw,Lime,22,29613,29435,15615,
2024-08,2i5w-ykuw,Lime,23,16548,16247,8642,
2024-08,2i5w-ykuw,Lime,24,35631,34534,21311,
2024-08,2i5w-ykuw,Lime,25,25360,25351,19226,
2024-08,2i5w-ykuw,Lime,26,6721,6767,3942,
2024-08,2i5w-ykuw,Lime,27,6702,6764,3293,
2024-08,2i5w-ykuw,Lime,28,14657,15289,7800,
2024-08,2i5w-ykuw,Lime,29,12048,11911,8056,
2024-08,2i5w-ykuw,Lime,30,9512,9501,6975,
2024-08,2i5w-ykuw,Lime,31,2779,2936,1313,
2024-08,2i5w-ykuw,Lime,32,4360,5540,2756,
2024-08,2i5w-ykuw,Lime,33,1281,1326,525,
2024-08,2i5w-ykuw,Lime,34,960,971,323,
2024-08,2i5w-ykuw,Lime,35,1669,1701,937,
2024-08,2i5w-ykuw,Lime,36,632,647,226,
2024-08,2i5w-ykuw,Lime,37,1171,1145,372,
2024-08,2i5w-ykuw,Lime,38,4010,3957,2218,
2024-08,2i5w-ykuw,Lime,39,2040,2070,847,
2024-08,2i5w-ykuw,Lime,40,2345,2377,987,
2024-08,2i5w-ykuw,Lime,41,4053,4039,2395,
2024-08,2i5w-ykuw,Lime,42,3554,3564,1781,
2024-08,2i5w-ykuw,Lime,43,8734,8781,6453,
2024-08,2i5w-ykuw,Lime,44,9789,9425,6061,
2024-08,2i5w-ykuw,Lime,45,1639,1669,733,
2024-08,2i5w-ykuw,Lime,46,4056,3960,2649,
2024-08,2i5w-ykuw,Lime,47,354,377,140,
2024-08,2i5w-ykuw,Lime,48,1708,1733,928,
2024-08,2i5w-ykuw,Lime,49,7165,7041,4807,
2024-08,2i5w-ykuw,Lime,50,1827,1851,1029,
2024-08,2i5w-ykuw,Lime,51,1799,1838,1154,
2024-08,2i5w-ykuw,Lime,52,2125,2137,1693,
2024-08,2i5w-ykuw,Lime,53,2708,2666,2040,
2024-08,2i5w-ykuw,Lime,54,1181,1178,1084,
2024-08,2i5w-ykuw,Lime,55,682,698,493,
2024-08,2i5w-ykuw,Lime,56,2292,2400,1233,
2024-08,2i5w-ykuw,Lime,57,3646,3491,1835,
2024-08,2i5w-ykuw,Lime,58,9542,8850,5781,
2024-08,2i5w-ykuw,Lime,59,1759,1786,726,
2024-08,2i5w-ykuw,Lime,60,1327,1428,654,
2024-08,2i5w-ykuw,Lime,61,7341,7010,4564,
2024-08,2i5w-ykuw,Lime,62,3184,3299,1335,
2024-08,2i5w-ykuw,Lime,63,8355,8565,4642,
2024-08,2i5w-ykuw,Lime,64,1205,1342,690,
2024-08,2i5w-ykuw,Lime,65,4080,4141,2101,
2024-08,2i5w-ykuw,Lime,66,7969,8036,4919,
2024-08,2i5w-ykuw,Lime,67,5060,5197,3054,
2024-08,2i5w-ykuw,Lime,68,5459,5533,3164,
2024-08,2i5w-ykuw,Lime,69,8169,8157,4796,
2024-08,2i5w-ykuw,Lime,70,1966,2147,1297,
2024-08,2i5w-ykuw,Lime,71,6711,6709,4426,
2024-08,2i5w-ykuw,Lime,72,819,885,462,
2024-08,2i5w-ykuw,Lime,73,2717,2685,1540,
2024-08,2i5w-ykuw,Lime,74,34,44,17,
2024-08,2i5w-ykuw,Lime,75,1062,1096,577,
2024-08,2i5w-ykuw,Lime,76,173,195,145,
2024-08,2i5w-ykuw,Lime,77,14404,14606,7605,
2024-08,2i5w-ykuw,Lyft,,350,421,0,includes_classic_bike_rides
2024-08,2i5w-ykuw,Lyft,1,2827,2866,1645,includes_classic_bike_rides
2024-08,2i5w-ykuw,Lyft,2,955,1055,439,includes_classic_bike_rides
2024-08,2i5w-ykuw,Lyft,3,12848,12939,4818,includes_classic_bike_rides
2024-08,2i5w-ykuw,Lyft,4,4039,4148,1392,includes_classic_bike_rides
2024-08,2i5w-ykuw,Lyft,5,4011,4200,830,includes_classic_bike_rides
2024-08,2i5w-ykuw,Lyft,6,38633,39217,18934,includes_classic_bike_rides
2024-08,2i5w-ykuw,Lyft,7,52914,54715,24625,includes_classic_bike_rides
2024-08,2i5w-ykuw,Lyft,8,90332,88208,44530,includes_classic_bike_rides
2024-08,2i5w-ykuw,Lyft,11,53,45,13,includes_classic_bike_rides
2024-08,2i5w-ykuw,Lyft,12,25,25,13,includes_classic_bike_rides
2024-08,2i5w-ykuw,Lyft,13,501,505,205,includes_classic_bike_rides
2024-08,2i5w-ykuw,Lyft,14,622,689,183,includes_classic_bike_rides
2024-08,2i5w-ykuw,Lyft,15,215,249,69,includes_classic_bike_rides
2024-08,2i5w-ykuw,Lyft,16,1530,1591,631,includes_classic_bike_rides
2024-08,2i5w-ykuw,Lyft,17,75,88,46,includes_classic_bike_rides
2024-08,2i5w-ykuw,Lyft,18,35,33,14,includes_classic_bike_rides
2024-08,2i5w-ykuw,Lyft,19,456,471,325,includes_classic_bike_rides
2024-08,2i5w-ykuw,Lyft,20,378,399,140,includes_classic_bike_rides
2024-08,2i5w-ykuw,Lyft,21,1199,1376,394,includes_classic_bike_rides
2024-08,2i5w-ykuw,Lyft,22,10304,10802,4346,includes_classic_bike_rides
2024-08,2i5w-ykuw,Lyft,23,710,787,330,includes_classic_bike_rides
2024-08,2i5w-ykuw,Lyft,24,26888,27273,11733,includes_classic_bike_rides
2024-08,2i5w-ykuw,Lyft,25,1126,1122,920,includes_classic_bike_rides
2024-08,2i5w-ykuw,Lyft,26,253,241,156,includes_classic_bike_rides
2024-08,2i5w-ykuw,Lyft,27,545,528,271,includes_classic_bike_rides
2024-08,2i5w-ykuw,Lyft,28,54091,53591,28682,includes_classic_bike_rides
2024-08,2i5w-ykuw,Lyft,29,514,530,320,includes_classic_bike_rides
2024-08,2i5w-ykuw,Lyft,30,364,398,205,includes_classic_bike_rides
2024-08,2i5w-ykuw,Lyft,31,3880,4052,1323,includes_classic_bike_rides
2024-08,2i5w-ykuw,Lyft,32,63031,61248,28395,includes_classic_bike_rides
2024-08,2i5w-ykuw,Lyft,33,15194,14532,4706,includes_classic_bike_rides
2024-08,2i5w-ykuw,Lyft,34,2972,3102,884,includes_classic_bike_rides
2024-08,2i5w-ykuw,Lyft,35,8601,8650,6327,includes_classic_bike_rides
2024-08,2i5w-ykuw,Lyft,36,70,72,28,includes_classic_bike_rides
2024-08,2i5w-ykuw,Lyft,37,66,77,20,includes_classic_bike_rides
2024-08,2i5w-ykuw,Lyft,38,631,654,270,includes_classic_bike_rides
2024-08,2i5w-ykuw,Lyft,39,1185,1144,363,includes_classic_bike_rides
2024-08,2i5w-ykuw,Lyft,40,253,223,90,includes_classic_bike_rides
2024-08,2i5w-ykuw,Lyft,41,9111,9057,6559,includes_classic_bike_rides
2024-08,2i5w-ykuw,Lyft,42,1679,1670,392,includes_classic_bike_rides
2024-08,2i5w-ykuw,Lyft,43,342,374,214,includes_classic_bike_rides
2024-08,2i5w-ykuw,Lyft,44,76,81,44,includes_classic_bike_rides
2024-08,2i5w-ykuw,Lyft,45,15,10,2,includes_classic_bike_rides
2024-08,2i5w-ykuw,Lyft,46,70,73,44,includes_classic_bike_rides
2024-08,2i5w-ykuw,Lyft,47,11,11,11,includes_classic_bike_rides
2024-08,2i5w-ykuw,Lyft,48,3,7,0,includes_classic_bike_rides
2024-08,2i5w-ykuw,Lyft,49,71,59,41,includes_classic_bike_rides
2024-08,2i5w-ykuw,Lyft,50,25,16,4,includes_classic_bike_rides
2024-08,2i5w-ykuw,Lyft,51,45,55,31,includes_classic_bike_rides
2024-08,2i5w-ykuw,Lyft,52,69,67,50,includes_classic_bike_rides
2024-08,2i5w-ykuw,Lyft,53,6,7,5,includes_classic_bike_rides
2024-08,2i5w-ykuw,Lyft,54,3,3,3,includes_classic_bike_rides
2024-08,2i5w-ykuw,Lyft,55,27,25,16,includes_classic_bike_rides
2024-08,2i5w-ykuw,Lyft,56,81,81,48,includes_classic_bike_rides
2024-08,2i5w-ykuw,Lyft,57,100,85,53,includes_classic_bike_rides
2024-08,2i5w-ykuw,Lyft,58,274,268,125,includes_classic_bike_rides
2024-08,2i5w-ykuw,Lyft,59,364,349,152,includes_classic_bike_rides
2024-08,2i5w-ykuw,Lyft,60,2281,2391,944,includes_classic_bike_rides
2024-08,2i5w-ykuw,Lyft,61,260,270,115,includes_classic_bike_rides
2024-08,2i5w-ykuw,Lyft,62,33,33,12,includes_classic_bike_rides
2024-08,2i5w-ykuw,Lyft,63,226,227,113,includes_classic_bike_rides
2024-08,2i5w-ykuw,Lyft,65,49,76,33,includes_classic_bike_rides
2024-08,2i5w-ykuw,Lyft,66,116,136,73,includes_classic_bike_rides
2024-08,2i5w-ykuw,Lyft,67,45,49,25,includes_classic_bike_rides
2024-08,2i5w-ykuw,Lyft,68,120,115,67,includes_classic_bike_rides
2024-08,2i5w-ykuw,Lyft,69,118,130,55,includes_classic_bike_rides
2024-08,2i5w-ykuw,Lyft,70,115,123,92,includes_classic_bike_rides
2024-08,2i5w-ykuw,Lyft,71,78,80,58,includes_classic_bike_rides
2024-08,2i5w-ykuw,Lyft,72,43,43,28,includes_classic_bike_rides
2024-08,2i5w-ykuw,Lyft,73,6,11,3,includes_classic_bike_rides
2024-08,2i5w-ykuw,Lyft,74,24,22,18,includes_classic_bike_rides
2024-08,2i5w-ykuw,Lyft,75,32,28,17,includes_classic_bike_rides
2024-08,2i5w-ykuw,Lyft,77,5176,5472,1828,includes_classic_bike_rides
2024-08,2i5w-ykuw,Spin,,4,5,0,
2024-08,2i5w-ykuw,Spin,1,63,69,48,
2024-08,2i5w-ykuw,Spin,2,115,116,89,
2024-08,2i5w-ykuw,Spin,3,477,516,299,
2024-08,2i5w-ykuw,Spin,4,179,179,81,
2024-08,2i5w-ykuw,Spin,5,220,264,79,
2024-08,2i5w-ykuw,Spin,6,1972,1744,1243,
2024-08,2i5w-ykuw,Spin,7,1035,940,530,
2024-08,2i5w-ykuw,Spin,8,618,761,372,
2024-08,2i5w-ykuw,Spin,13,9,11,3,
2024-08,2i5w-ykuw,Spin,14,24,25,9,
2024-08,2i5w-ykuw,Spin,15,93,111,57,
2024-08,2i5w-ykuw,Spin,16,133,141,67,
2024-08,2i5w-ykuw,Spin,17,51,46,28,
2024-08,2i5w-ykuw,Spin,18,7,11,2,
2024-08,2i5w-ykuw,Spin,19,164,156,100,
2024-08,2i5w-ykuw,Spin,20,63,67,17,
2024-08,2i5w-ykuw,Spin,21,198,196,99,
2024-08,2i5w-ykuw,Spin,22,591,578,330,
2024-08,2i5w-ykuw,Spin,23,318,319,208,
2024-08,2i5w-ykuw,Spin,24,1079,1011,731,
2024-08,2i5w-ykuw,Spin,25,438,448,328,
2024-08,2i5w-ykuw,Spin,26,207,219,117,
2024-08,2i5w-ykuw,Spin,27,181,190,116,
2024-08,2i5w-ykuw,Spin,28,499,554,287,
2024-08,2i5w-ykuw,Spin,29,329,310,228,
2024-08,2i5w-ykuw,Spin,30,200,201,154,
2024-08,2i5w-ykuw,Spin,31,91,87,48,
2024-08,2i5w-ykuw,Spin,32,250,322,121,
2024-08,2i5w-ykuw,Spin,33,41,47,16,
2024-08,2i5w-ykuw,Spin,34,19,19,7,
2024-08,2i5w-ykuw,Spin,35,75,71,46,
2024-08,2i5w-ykuw,Spin,36,39,42,19,
2024-08,2i5w-ykuw,Spin,37,18,18,4,
2024-08,2i5w-ykuw,Spin,38,97,104,58,
2024-08,2i5w-ykuw,Spin,39,67,68,24,
2024-08,2i5w-ykuw,Spin,40,67,66,46,
2024-08,2i5w-ykuw,Spin,41,342,345,299,
2024-08,2i5w-ykuw,Spin,42,47,55,17,
2024-08,2i5w-ykuw,Spin,43,321,308,266,
2024-08,2i5w-ykuw,Spin,44,182,189,128,
2024-08,2i5w-ykuw,Spin,45,39,47,18,
2024-08,2i5w-ykuw,Spin,46,217,212,182,
2024-08,2i5w-ykuw,Spin,47,1,0,0,
2024-08,2i5w-ykuw,Spin,48,203,204,175,
2024-08,2i5w-ykuw,Spin,49,405,388,328,
2024-08,2i5w-ykuw,Spin,50,76,84,51,
2024-08,2i5w-ykuw,Spin,51,17,20,12,
2024-08,2i5w-ykuw,Spin,53,8,11,4,
2024-08,2i5w-ykuw,Spin,56,2,6,0,
2024-08,2i5w-ykuw,Spin,57,7,12,1,
2024-08,2i5w-ykuw,Spin,58,317,306,222,
2024-08,2i5w-ykuw,Spin,59,65,51,24,
2024-08,2i5w-ykuw,Spin,60,17,23,11,
2024-08,2i5w-ykuw,Spin,61,163,145,98,
2024-08,2i5w-ykuw,Spin,62,26,21,8,
2024-08,2i5w-ykuw,Spin,63,74,106,33,
2024-08,2i5w-ykuw,Spin,64,7,9,3,
2024-08,2i5w-ykuw,Spin,65,61,51,39,
2024-08,2i5w-ykuw,Spin,66,260,253,200,
2024-08,2i5w-ykuw,Spin,67,229,224,159,
2024-08,2i5w-ykuw,Spin,68,292,289,207,
2024-08,2i5w-ykuw,Spin,69,95,100,56,
2024-08,2i5w-ykuw,Spin,70,8,8,3,
2024-08,2i5w-ykuw,Spin,71,136,143,85,
2024-08,2i5w-ykuw,Spin,72,4,5,1,
2024-08,2i5w-ykuw,Spin,73,99,97,66,
2024-08,2i5w-ykuw,Spin,75,20,15,3,
2024-08,2i5w-ykuw,Spin,77,202,214,120,
2024-09,2i5w-ykuw,Lime,,542,718,0,
2024-09,2i5w-ykuw,Lime,1,13725,13594,9739,
2024-09,2i5w-ykuw,Lime,2,9083,9550,5457,
2024-09,2i5w-ykuw,Lime,3,24479,23756,12804,
2024-09,2i5w-ykuw,Lime,4,11098,11016,5063,
2024-09,2i5w-ykuw,Lime,5,15151,15160,6539,
2024-09,2i5w-ykuw,Lime,6,68846,68312,43698,
2024-09,2i5w-ykuw,Lime,7,50161,47623,29526,
2024-09,2i5w-ykuw,Lime,8,15321,17559,7471,
2024-09,2i5w-ykuw,Lime,9,144,155,100,
2024-09,2i5w-ykuw,Lime,10,899,959,596,
2024-09,2i5w-ykuw,Lime,11,1645,1693,695,
2024-09,2i5w-ykuw,Lime,12,386,443,116,
2024-09,2i5w-ykuw,Lime,13,2250,2311,854,
2024-09,2i5w-ykuw,Lime,14,5660,5785,2651,
2024-09,2i5w-ykuw,Lime,15,7921,8083,4207,
2024-09,2i5w-ykuw,Lime,16,8773,8945,3536,
2024-09,2i5w-ykuw,Lime,17,2586,2740,1354,
2024-09,2i5w-ykuw,Lime,18,2464,2548,1059,
2024-09,2i5w-ykuw,Lime,19,20183,19994,13073,
2024-09,2i5w-ykuw,Lime,20,5503,5480,1721,
2024-09,2i5w-ykuw,Lime,21,9551,9567,3750,
2024-09,2i5w-ykuw,Lime,22,29608,29294,15764,
2024-09,2i5w-ykuw,Lime,23,16972,16726,9179,
2024-09,2i5w-ykuw,Lime,24,34161,33497,20445,
2024-09,2i5w-ykuw,Lime,25,23605,23862,17628,
2024-09,2i5w-ykuw,Lime,26,6171,6193,3509,
2024-09,2i5w-ykuw,Lime,27,5845,5875,2754,
2024-09,2i5w-ykuw,Lime,28,14845,15346,7839,
2024-09,2i5w-ykuw,Lime,29,10005,10089,6382,
2024-09,2i5w-ykuw,Lime,30,9027,9021,6433,
2024-09,2i5w-ykuw,Lime,31,2926,3017,1319,
2024-09,2i5w-ykuw,Lime,32,4322,5187,2429,
2024-09,2i5w-ykuw,Lime,33,1285,1322,531,
2024-09,2i5w-ykuw,Lime,34,883,862,233,
2024-09,2i5w-ykuw,Lime,35,1396,1475,745,
2024-09,2i5w-ykuw,Lime,36,545,578,196,
2024-09,2i5w-ykuw,Lime,37,1208,1181,348,
2024-09,2i5w-ykuw,Lime,38,3546,3362,1751,
2024-09,2i5w-ykuw,Lime,39,2216,2220,945,
2024-09,2i5w-ykuw,Lime,40,2826,2830,1281,
2024-09,2i5w-ykuw,Lime,41,4843,4820,3155,
2024-09,2i5w-ykuw,Lime,42,3495,3581,1712,
2024-09,2i5w-ykuw,Lime,43,8384,8447,6150,
2024-09,2i5w-ykuw,Lime,44,9593,9147,5775,
2024-09,2i5w-ykuw,Lime,45,1486,1520,669,
2024-09,2i5w-ykuw,Lime,46,3786,3803,2465,
2024-09,2i5w-ykuw,Lime,47,358,355,111,
2024-09,2i5w-ykuw,Lime,48,1651,1704,941,
2024-09,2i5w-ykuw,Lime,49,7705,7614,5365,
2024-09,2i5w-ykuw,Lime,50,1876,1881,940,
2024-09,2i5w-ykuw,Lime,51,1899,1930,1239,
2024-09,2i5w-ykuw,Lime,52,2039,2024,1633,
2024-09,2i5w-ykuw,Lime,53,2547,2525,1788,
2024-09,2i5w-ykuw,Lime,54,918,952,838,
2024-09,2i5w-ykuw,Lime,55,446,453,305,
2024-09,2i5w-ykuw,Lime,56,2914,3055,1604,
2024-09,2i5w-ykuw,Lime,57,4368,4039,2178,
2024-09,2i5w-ykuw,Lime,58,10592,9764,6352,
2024-09,2i5w-ykuw,Lime,59,1748,1749,673,
2024-09,2i5w-ykuw,Lime,60,1520,1657,764,
2024-09,2i5w-ykuw,Lime,61,7868,7506,4885,
2024-09,2i5w-ykuw,Lime,62,3333,3495,1327,
2024-09,2i5w-ykuw,Lime,63,9324,9630,5160,
2024-09,2i5w-ykuw,Lime,64,1344,1458,759,
2024-09,2i5w-ykuw,Lime,65,4698,4777,2539,
2024-09,2i5w-ykuw,Lime,66,9029,9093,5582,
2024-09,2i5w-ykuw,Lime,67,5390,5484,3124,
2024-09,2i5w-ykuw,Lime,68,5720,5849,3315,
2024-09,2i5w-ykuw,Lime,69,7990,8020,4794,
2024-09,2i5w-ykuw,Lime,70,1955,2167,1275,
2024-09,2i5w-ykuw,Lime,71,7360,7420,4822,
2024-09,2i5w-ykuw,Lime,72,705,768,305,
2024-09,2i5w-ykuw,Lime,73,3057,3021,1738,
2024-09,2i5w-ykuw,Lime,74,121,131,86,
2024-09,2i5w-ykuw,Lime,75,1144,1162,631,
2024-09,2i5w-ykuw,Lime,76,29,36,17,
2024-09,2i5w-ykuw,Lime,77,15921,15954,8934,
2024-09,2i5w-ykuw,Lyft,,317,368,0,includes_classic_bike_rides
2024-09,2i5w-ykuw,Lyft,1,2550,2563,1475,includes_classic_bike_rides
2024-09,2i5w-ykuw,Lyft,2,1138,1232,613,includes_classic_bike_rides
2024-09,2i5w-ykuw,Lyft,3,11227,11076,4246,includes_classic_bike_rides
2024-09,2i5w-ykuw,Lyft,4,4297,4470,1576,includes_classic_bike_rides
2024-09,2i5w-ykuw,Lyft,5,4186,4416,912,includes_classic_bike_rides
2024-09,2i5w-ykuw,Lyft,6,34825,35678,17311,includes_classic_bike_rides
2024-09,2i5w-ykuw,Lyft,7,46081,47719,21326,includes_classic_bike_rides
2024-09,2i5w-ykuw,Lyft,8,83028,81442,41113,includes_classic_bike_rides
2024-09,2i5w-ykuw,Lyft,11,54,49,7,includes_classic_bike_rides
2024-09,2i5w-ykuw,Lyft,12,30,28,14,includes_classic_bike_rides
2024-09,2i5w-ykuw,Lyft,13,540,560,221,includes_classic_bike_rides
2024-09,2i5w-ykuw,Lyft,14,703,764,235,includes_classic_bike_rides
2024-09,2i5w-ykuw,Lyft,15,209,231,64,includes_classic_bike_rides
2024-09,2i5w-ykuw,Lyft,16,1538,1641,556,includes_classic_bike_rides
2024-09,2i5w-ykuw,Lyft,17,98,98,60,includes_classic_bike_rides
2024-09,2i5w-ykuw,Lyft,18,32,30,18,includes_classic_bike_rides
2024-09,2i5w-ykuw,Lyft,19,282,314,163,includes_classic_bike_rides
2024-09,2i5w-ykuw,Lyft,20,375,386,122,includes_classic_bike_rides
2024-09,2i5w-ykuw,Lyft,21,1141,1331,376,includes_classic_bike_rides
2024-09,2i5w-ykuw,Lyft,22,9954,10255,4100,includes_classic_bike_rides
2024-09,2i5w-ykuw,Lyft,23,658,743,275,includes_classic_bike_rides
2024-09,2i5w-ykuw,Lyft,24,26427,26583,11610,includes_classic_bike_rides
2024-09,2i5w-ykuw,Lyft,25,645,653,503,includes_classic_bike_rides
2024-09,2i5w-ykuw,Lyft,26,173,169,82,includes_classic_bike_rides
2024-09,2i5w-ykuw,Lyft,27,411,406,144,includes_classic_bike_rides
2024-09,2i5w-ykuw,Lyft,28,58495,58114,32671,includes_classic_bike_rides
2024-09,2i5w-ykuw,Lyft,29,648,641,292,includes_classic_bike_rides
2024-09,2i5w-ykuw,Lyft,30,496,533,290,includes_classic_bike_rides
2024-09,2i5w-ykuw,Lyft,31,4210,4386,1434,includes_classic_bike_rides
2024-09,2i5w-ykuw,Lyft,32,60718,58796,27521,includes_classic_bike_rides
2024-09,2i5w-ykuw,Lyft,33,14387,13607,4428,includes_classic_bike_rides
2024-09,2i5w-ykuw,Lyft,34,2735,2949,843,includes_classic_bike_rides
2024-09,2i5w-ykuw,Lyft,35,7461,7475,5549,includes_classic_bike_rides
2024-09,2i5w-ykuw,Lyft,36,31,32,12,includes_classic_bike_rides
2024-09,2i5w-ykuw,Lyft,37,61,69,14,includes_classic_bike_rides
2024-09,2i5w-ykuw,Lyft,38,493,563,206,includes_classic_bike_rides
2024-09,2i5w-ykuw,Lyft,39,1157,1156,342,includes_classic_bike_rides
2024-09,2i5w-ykuw,Lyft,40,248,248,92,includes_classic_bike_rides
2024-09,2i5w-ykuw,Lyft,41,11645,11399,8160,includes_classic_bike_rides
2024-09,2i5w-ykuw,Lyft,42,2581,2709,503,includes_classic_bike_rides
2024-09,2i5w-ykuw,Lyft,43,304,310,179,includes_classic_bike_rides
2024-09,2i5w-ykuw,Lyft,44,91,94,57,includes_classic_bike_rides
2024-09,2i5w-ykuw,Lyft,45,13,19,7,includes_classic_bike_rides
2024-09,2i5w-ykuw,Lyft,46,36,45,17,includes_classic_bike_rides
2024-09,2i5w-ykuw,Lyft,47,18,18,18,includes_classic_bike_rides
2024-09,2i5w-ykuw,Lyft,48,6,8,1,includes_classic_bike_rides
2024-09,2i5w-ykuw,Lyft,49,64,58,39,includes_classic_bike_rides
2024-09,2i5w-ykuw,Lyft,50,30,28,10,includes_classic_bike_rides
2024-09,2i5w-ykuw,Lyft,51,47,54,43,includes_classic_bike_rides
2024-09,2i5w-ykuw,Lyft,52,51,47,39,includes_classic_bike_rides
2024-09,2i5w-ykuw,Lyft,53,5,6,5,includes_classic_bike_rides
2024-09,2i5w-ykuw,Lyft,54,1,2,1,includes_classic_bike_rides
2024-09,2i5w-ykuw,Lyft,55,20,21,16,includes_classic_bike_rides
2024-09,2i5w-ykuw,Lyft,56,50,42,22,includes_classic_bike_rides
2024-09,2i5w-ykuw,Lyft,57,98,89,65,includes_classic_bike_rides
2024-09,2i5w-ykuw,Lyft,58,257,247,130,includes_classic_bike_rides
2024-09,2i5w-ykuw,Lyft,59,262,267,93,includes_classic_bike_rides
2024-09,2i5w-ykuw,Lyft,60,2215,2283,909,includes_classic_bike_rides
2024-09,2i5w-ykuw,Lyft,61,285,303,145,includes_classic_bike_rides
2024-09,2i5w-ykuw,Lyft,62,28,31,9,includes_classic_bike_rides
2024-09,2i5w-ykuw,Lyft,63,148,140,51,includes_classic_bike_rides
2024-09,2i5w-ykuw,Lyft,64,0,1,0,includes_classic_bike_rides
2024-09,2i5w-ykuw,Lyft,65,35,63,16,includes_classic_bike_rides
2024-09,2i5w-ykuw,Lyft,66,83,120,49,includes_classic_bike_rides
2024-09,2i5w-ykuw,Lyft,67,34,44,21,includes_classic_bike_rides
2024-09,2i5w-ykuw,Lyft,68,106,110,63,includes_classic_bike_rides
2024-09,2i5w-ykuw,Lyft,69,140,133,78,includes_classic_bike_rides
2024-09,2i5w-ykuw,Lyft,70,53,52,38,includes_classic_bike_rides
2024-09,2i5w-ykuw,Lyft,71,52,59,40,includes_classic_bike_rides
2024-09,2i5w-ykuw,Lyft,72,26,22,13,includes_classic_bike_rides
2024-09,2i5w-ykuw,Lyft,73,17,18,10,includes_classic_bike_rides
2024-09,2i5w-ykuw,Lyft,74,8,7,6,includes_classic_bike_rides
2024-09,2i5w-ykuw,Lyft,75,15,20,13,includes_classic_bike_rides
2024-09,2i5w-ykuw,Lyft,77,4295,4535,1628,includes_classic_bike_rides
2024-09,2i5w-ykuw,Spin,,5,10,0,
2024-09,2i5w-ykuw,Spin,1,38,41,28,
2024-09,2i5w-ykuw,Spin,2,48,52,37,
2024-09,2i5w-ykuw,Spin,3,504,513,292,
2024-09,2i5w-ykuw,Spin,4,174,174,97,
2024-09,2i5w-ykuw,Spin,5,270,285,125,
2024-09,2i5w-ykuw,Spin,6,1595,1490,1062,
2024-09,2i5w-ykuw,Spin,7,977,868,590,
2024-09,2i5w-ykuw,Spin,8,360,449,204,
2024-09,2i5w-ykuw,Spin,13,2,3,0,
2024-09,2i5w-ykuw,Spin,14,15,14,5,
2024-09,2i5w-ykuw,Spin,15,80,87,32,
2024-09,2i5w-ykuw,Spin,16,174,183,80,
2024-09,2i5w-ykuw,Spin,17,8,7,3,
2024-09,2i5w-ykuw,Spin,18,14,18,6,
2024-09,2i5w-ykuw,Spin,19,239,235,185,
2024-09,2i5w-ykuw,Spin,20,97,93,46,
2024-09,2i5w-ykuw,Spin,21,208,204,113,
2024-09,2i5w-ykuw,Spin,22,579,559,350,
2024-09,2i5w-ykuw,Spin,23,229,248,123,
2024-09,2i5w-ykuw,Spin,24,619,581,361,
2024-09,2i5w-ykuw,Spin,25,356,376,279,
2024-09,2i5w-ykuw,Spin,26,122,124,66,
2024-09,2i5w-ykuw,Spin,27,189,193,100,
2024-09,2i5w-ykuw,Spin,28,439,435,259,
2024-09,2i5w-ykuw,Spin,29,242,241,165,
2024-09,2i5w-ykuw,Spin,30,113,113,80,
2024-09,2i5w-ykuw,Spin,31,45,52,18,
2024-09,2i5w-ykuw,Spin,32,180,242,86,
2024-09,2i5w-ykuw,Spin,33,95,102,75,
2024-09,2i5w-ykuw,Spin,34,16,26,3,
2024-09,2i5w-ykuw,Spin,35,90,91,71,
2024-09,2i5w-ykuw,Spin,36,9,7,2,
2024-09,2i5w-ykuw,Spin,37,12,16,10,
2024-09,2i5w-ykuw,Spin,38,54,53,20,
2024-09,2i5w-ykuw,Spin,39,70,78,28,
2024-09,2i5w-ykuw,Spin,40,59,63,30,
2024-09,2i5w-ykuw,Spin,41,453,453,395,
2024-09,2i5w-ykuw,Spin,42,67,67,32,
2024-09,2i5w-ykuw,Spin,43,238,238,175,
2024-09,2i5w-ykuw,Spin,44,92,97,65,
2024-09,2i5w-ykuw,Spin,45,30,27,14,
2024-09,2i5w-ykuw,Spin,46,221,206,186,
2024-09,2i5w-ykuw,Spin,47,1,2,1,
2024-09,2i5w-ykuw,Spin,48,131,124,114,
2024-09,2i5w-ykuw,Spin,49,492,479,454,
2024-09,2i5w-ykuw,Spin,50,43,50,32,
2024-09,2i5w-ykuw,Spin,51,12,17,7,
2024-09,2i5w-ykuw,Spin,53,2,5,1,
2024-09,2i5w-ykuw,Spin,54,0,1,0,
2024-09,2i5w-ykuw,Spin,56,4,7,1,
2024-09,2i5w-ykuw,Spin,57,22,34,17,
2024-09,2i5w-ykuw,Spin,58,303,290,204,
2024-09,2i5w-ykuw,Spin,59,62,41,15,
2024-09,2i5w-ykuw,Spin,60,14,13,4,
2024-09,2i5w-ykuw,Spin,61,54,48,23,
2024-09,2i5w-ykuw,Spin,62,30,26,14,
2024-09,2i5w-ykuw,Spin,63,93,105,42,
2024-09,2i5w-ykuw,Spin,64,2,4,1,
2024-09,2i5w-ykuw,Spin,65,38,41,21,
2024-09,2i5w-ykuw,Spin,66,244,243,183,
2024-09,2i5w-ykuw,Spin,67,143,144,101,
2024-09,2i5w-ykuw,Spin,68,148,146,100,
2024-09,2i5w-ykuw,Spin,69,111,108,60,
2024-09,2i5w-ykuw,Spin,70,34,32,17,
2024-09,2i5w-ykuw,Spin,71,145,151,98,
2024-09,2i5w-ykuw,Spin,72,3,5,2,
2024-09,2i5w-ykuw,Spin,73,59,63,38,
2024-09,2i5w-ykuw,Spin,75,8,8,2,
2024-09,2i5w-ykuw,Spin,77,258,282,184,
2024-10,2i5w-ykuw,Lime,,584,850,0,
2024-10,2i5w-ykuw,Lime,1,14597,14453,10476,
2024-10,2i5w-ykuw,Lime,2,8478,8838,4771,
2024-10,2i5w-ykuw,Lime,3,22346,21879,11850,
2024-10,2i5w-ykuw,Lime,4,11476,11374,5366,
2024-10,2i5w-ykuw,Lime,5,15382,15547,7022,
2024-10,2i5w-ykuw,Lime,6,66227,65331,43711,
2024-10,2i5w-ykuw,Lime,7,50664,48833,31349,
2024-10,2i5w-ykuw,Lime,8,15396,17266,7813,
2024-10,2i5w-ykuw,Lime,9,83,100,50,
2024-10,2i5w-ykuw,Lime,10,1613,1609,1169,
2024-10,2i5w-ykuw,Lime,11,2233,2200,1068,
2024-10,2i5w-ykuw,Lime,12,410,497,141,
2024-10,2i5w-ykuw,Lime,13,2295,2331,839,
2024-10,2i5w-ykuw,Lime,14,6067,6216,2953,
2024-10,2i5w-ykuw,Lime,15,7689,7899,3988,
2024-10,2i5w-ykuw,Lime,16,9125,9339,3714,
2024-10,2i5w-ykuw,Lime,17,2549,2670,1337,
2024-10,2i5w-ykuw,Lime,18,2558,2582,1135,
2024-10,2i5w-ykuw,Lime,19,20957,20623,13528,
2024-10,2i5w-ykuw,Lime,20,5578,5553,1765,
2024-10,2i5w-ykuw,Lime,21,9543,9536,3726,
2024-10,2i5w-ykuw,Lime,22,28859,28320,15231,
2024-10,2i5w-ykuw,Lime,23,15720,15533,8557,
2024-10,2i5w-ykuw,Lime,24,33678,33196,20404,
2024-10,2i5w-ykuw,Lime,25,22689,23016,17252,
2024-10,2i5w-ykuw,Lime,26,5643,5679,3251,
2024-10,2i5w-ykuw,Lime,27,5427,5529,2628,
2024-10,2i5w-ykuw,Lime,28,15617,15954,8498,
2024-10,2i5w-ykuw,Lime,29,8491,8534,5414,
2024-10,2i5w-ykuw,Lime,30,8892,8896,6432,
2024-10,2i5w-ykuw,Lime,31,3014,3150,1363,
2024-10,2i5w-ykuw,Lime,32,3904,4657,2092,
2024-10,2i5w-ykuw,Lime,33,1309,1398,584,
2024-10,2i5w-ykuw,Lime,34,1036,988,264,
2024-10,2i5w-ykuw,Lime,35,2339,2252,1409,
2024-10,2i5w-ykuw,Lime,36,511,565,139,
2024-10,2i5w-ykuw,Lime,37,1223,1218,296,
2024-10,2i5w-ykuw,Lime,38,3763,3551,1946,
2024-10,2i5w-ykuw,Lime,39,2497,2564,1073,
2024-10,2i5w-ykuw,Lime,40,3001,2930,1423,
2024-10,2i5w-ykuw,Lime,41,12500,12470,9516,
2024-10,2i5w-ykuw,Lime,42,5336,5433,2287,
2024-10,2i5w-ykuw,Lime,43,9271,9395,6931,
2024-10,2i5w-ykuw,Lime,44,9551,9272,5905,
2024-10,2i5w-ykuw,Lime,45,1528,1510,585,
2024-10,2i5w-ykuw,Lime,46,4353,4255,2828,
2024-10,2i5w-ykuw,Lime,47,306,336,81,
2024-10,2i5w-ykuw,Lime,48,1655,1682,871,
2024-10,2i5w-ykuw,Lime,49,8291,8216,5788,
2024-10,2i5w-ykuw,Lime,50,1809,1804,819,
2024-10,2i5w-ykuw,Lime,51,2309,2318,1624,
2024-10,2i5w-ykuw,Lime,52,1931,1948,1561,
2024-10,2i5w-ykuw,Lime,53,2723,2714,1919,
2024-10,2i5w-ykuw,Lime,54,735,756,633,
2024-10,2i5w-ykuw,Lime,55,534,548,372,
2024-10,2i5w-ykuw,Lime,56,2886,3017,1516,
2024-10,2i5w-ykuw,Lime,57,4422,4092,2145,
2024-10,2i5w-ykuw,Lime,58,10637,9820,6375,
2024-10,2i5w-ykuw,Lime,59,1927,1970,863,
2024-10,2i5w-ykuw,Lime,60,1558,1699,795,
2024-10,2i5w-ykuw,Lime,61,8042,7718,5027,
2024-10,2i5w-ykuw,Lime,62,3248,3331,1244,
2024-10,2i5w-ykuw,Lime,63,10056,10356,5790,
2024-10,2i5w-ykuw,Lime,64,1406,1549,777,
2024-10,2i5w-ykuw,Lime,65,4866,4940,2538,
2024-10,2i5w-ykuw,Lime,66,10082,10233,6577,
2024-10,2i5w-ykuw,Lime,67,5108,5236,2930,
2024-10,2i5w-ykuw,Lime,68,6074,6132,3681,
2024-10,2i5w-ykuw,Lime,69,8001,8040,4850,
2024-10,2i5w-ykuw,Lime,70,1957,2147,1325,
2024-10,2i5w-ykuw,Lime,71,6892,6936,4505,
2024-10,2i5w-ykuw,Lime,72,1162,1202,649,
2024-10,2i5w-ykuw,Lime,73,3606,3576,2135,
2024-10,2i5w-ykuw,Lime,74,332,309,239,
2024-10,2i5w-ykuw,Lime,75,1710,1738,1037,
2024-10,2i5w-ykuw,Lime,76,26,28,14,
2024-10,2i5w-ykuw,Lime,77,15876,15987,9151,
2024-10,2i5w-ykuw,Lyft,,343,367,0,includes_classic_bike_rides
2024-10,2i5w-ykuw,Lyft,1,2484,2469,1435,includes_classic_bike_rides
2024-10,2i5w-ykuw,Lyft,2,1091,1155,537,includes_classic_bike_rides
2024-10,2i5w-ykuw,Lyft,3,9460,9399,3496,includes_classic_bike_rides
2024-10,2i5w-ykuw,Lyft,4,4484,4522,1650,includes_classic_bike_rides
2024-10,2i5w-ykuw,Lyft,5,3864,4159,784,includes_classic_bike_rides
2024-10,2i5w-ykuw,Lyft,6,29648,30315,15425,includes_classic_bike_rides
2024-10,2i5w-ykuw,Lyft,7,39962,41212,18751,includes_classic_bike_rides
2024-10,2i5w-ykuw,Lyft,8,79278,77595,39788,includes_classic_bike_rides
2024-10,2i5w-ykuw,Lyft,11,35,38,3,includes_classic_bike_rides
2024-10,2i5w-ykuw,Lyft,12,14,17,8,includes_classic_bike_rides
2024-10,2i5w-ykuw,Lyft,13,515,523,181,includes_classic_bike_rides
2024-10,2i5w-ykuw,Lyft,14,615,688,188,includes_classic_bike_rides
2024-10,2i5w-ykuw,Lyft,15,219,232,68,includes_classic_bike_rides
2024-10,2i5w-ykuw,Lyft,16,1462,1478,619,includes_classic_bike_rides
2024-10,2i5w-ykuw,Lyft,17,86,102,64,includes_classic_bike_rides
2024-10,2i5w-ykuw,Lyft,18,17,16,3,includes_classic_bike_rides
2024-10,2i5w-ykuw,Lyft,19,249,270,130,includes_classic_bike_rides
2024-10,2i5w-ykuw,Lyft,20,418,412,143,includes_classic_bike_rides
2024-10,2i5w-ykuw,Lyft,21,1098,1232,350,includes_classic_bike_rides
2024-10,2i5w-ykuw,Lyft,22,9336,9510,3950,includes_classic_bike_rides
2024-10,2i5w-ykuw,Lyft,23,651,714,286,includes_classic_bike_rides
2024-10,2i5w-ykuw,Lyft,24,24408,24933,10464,includes_classic_bike_rides
2024-10,2i5w-ykuw,Lyft,25,405,430,307,includes_classic_bike_rides
2024-10,2i5w-ykuw,Lyft,26,94,95,44,includes_classic_bike_rides
2024-10,2i5w-ykuw,Lyft,27,303,289,89,includes_classic_bike_rides
2024-10,2i5w-ykuw,Lyft,28,59748,59476,33502,includes_classic_bike_rides
2024-10,2i5w-ykuw,Lyft,29,390,378,224,includes_classic_bike_rides
2024-10,2i5w-ykuw,Lyft,30,290,307,161,includes_classic_bike_rides
2024-10,2i5w-ykuw,Lyft,31,3980,4188,1260,includes_classic_bike_rides
2024-10,2i5w-ykuw,Lyft,32,57951,56438,25720,includes_classic_bike_rides
2024-10,2i5w-ykuw,Lyft,33,13916,13448,4212,includes_classic_bike_rides
2024-10,2i5w-ykuw,Lyft,34,2662,2902,840,includes_classic_bike_rides
2024-10,2i5w-ykuw,Lyft,35,5946,5960,4413,includes_classic_bike_rides
2024-10,2i5w-ykuw,Lyft,36,22,25,4,includes_classic_bike_rides
2024-10,2i5w-ykuw,Lyft,37,77,85,23,includes_classic_bike_rides
2024-10,2i5w-ykuw,Lyft,38,476,539,195,includes_classic_bike_rides
2024-10,2i5w-ykuw,Lyft,39,1189,1126,299,includes_classic_bike_rides
2024-10,2i5w-ykuw,Lyft,40,212,218,58,includes_classic_bike_rides
2024-10,2i5w-ykuw,Lyft,41,17345,17178,12568,includes_classic_bike_rides
2024-10,2i5w-ykuw,Lyft,42,3895,3963,503,includes_classic_bike_rides
2024-10,2i5w-ykuw,Lyft,43,275,295,190,includes_classic_bike_rides
2024-10,2i5w-ykuw,Lyft,44,85,77,52,includes_classic_bike_rides
2024-10,2i5w-ykuw,Lyft,45,13,19,4,includes_classic_bike_rides
2024-10,2i5w-ykuw,Lyft,46,60,67,40,includes_classic_bike_rides
2024-10,2i5w-ykuw,Lyft,47,8,8,8,includes_classic_bike_rides
2024-10,2i5w-ykuw,Lyft,48,3,5,2,includes_classic_bike_rides
2024-10,2i5w-ykuw,Lyft,49,50,47,33,includes_classic_bike_rides
2024-10,2i5w-ykuw,Lyft,50,30,28,13,includes_classic_bike_rides
2024-10,2i5w-ykuw,Lyft,51,28,29,21,includes_classic_bike_rides
2024-10,2i5w-ykuw,Lyft,52,33,34,29,includes_classic_bike_rides
2024-10,2i5w-ykuw,Lyft,53,4,4,2,includes_classic_bike_rides
2024-10,2i5w-ykuw,Lyft,54,2,2,2,includes_classic_bike_rides
2024-10,2i5w-ykuw,Lyft,55,13,13,12,includes_classic_bike_rides
2024-10,2i5w-ykuw,Lyft,56,47,43,22,includes_classic_bike_rides
2024-10,2i5w-ykuw,Lyft,57,91,85,69,includes_classic_bike_rides
2024-10,2i5w-ykuw,Lyft,58,288,286,182,includes_classic_bike_rides
2024-10,2i5w-ykuw,Lyft,59,304,288,111,includes_classic_bike_rides
2024-10,2i5w-ykuw,Lyft,60,1942,1962,784,includes_classic_bike_rides
2024-10,2i5w-ykuw,Lyft,61,300,290,160,includes_classic_bike_rides
2024-10,2i5w-ykuw,Lyft,62,36,22,14,includes_classic_bike_rides
2024-10,2i5w-ykuw,Lyft,63,137,149,58,includes_classic_bike_rides
2024-10,2i5w-ykuw,Lyft,64,0,1,0,includes_classic_bike_rides
2024-10,2i5w-ykuw,Lyft,65,28,50,14,includes_classic_bike_rides
2024-10,2i5w-ykuw,Lyft,66,58,88,26,includes_classic_bike_rides
2024-10,2i5w-ykuw,Lyft,67,52,57,31,includes_classic_bike_rides
2024-10,2i5w-ykuw,Lyft,68,120,105,64,includes_classic_bike_rides
2024-10,2i5w-ykuw,Lyft,69,138,148,85,includes_classic_bike_rides
2024-10,2i5w-ykuw,Lyft,70,24,26,21,includes_classic_bike_rides
2024-10,2i5w-ykuw,Lyft,71,29,30,16,includes_classic_bike_rides
2024-10,2i5w-ykuw,Lyft,72,24,26,14,includes_classic_bike_rides
2024-10,2i5w-ykuw,Lyft,73,0,5,0,includes_classic_bike_rides
2024-10,2i5w-ykuw,Lyft,74,11,11,10,includes_classic_bike_rides
2024-10,2i5w-ykuw,Lyft,75,12,12,8,includes_classic_bike_rides
2024-10,2i5w-ykuw,Lyft,77,3705,3873,1394,includes_classic_bike_rides
2024-10,2i5w-ykuw,Spin,,3,4,0,
2024-10,2i5w-ykuw,Spin,1,26,33,23,
2024-10,2i5w-ykuw,Spin,2,10,18,6,
2024-10,2i5w-ykuw,Spin,3,381,384,248,
2024-10,2i5w-ykuw,Spin,4,119,124,64,
2024-10,2i5w-ykuw,Spin,5,148,157,51,
2024-10,2i5w-ykuw,Spin,6,1375,1277,957,
2024-10,2i5w-ykuw,Spin,7,874,778,489,
2024-10,2i5w-ykuw,Spin,8,244,331,130,
2024-10,2i5w-ykuw,Spin,13,1,1,0,
2024-10,2i5w-ykuw,Spin,14,95,106,49,
2024-10,2i5w-ykuw,Spin,15,20,27,8,
2024-10,2i5w-ykuw,Spin,16,84,85,28,
2024-10,2i5w-ykuw,Spin,17,2,3,0,
2024-10,2i5w-ykuw,Spin,18,4,6,1,
2024-10,2i5w-ykuw,Spin,19,179,182,139,
2024-10,2i5w-ykuw,Spin,20,38,26,14,
2024-10,2i5w-ykuw,Spin,21,54,63,21,
2024-10,2i5w-ykuw,Spin,22,256,260,154,
2024-10,2i5w-ykuw,Spin,23,136,130,79,
2024-10,2i5w-ykuw,Spin,24,281,269,145,
2024-10,2i5w-ykuw,Spin,25,175,181,139,
2024-10,2i5w-ykuw,Spin,26,58,59,32,
2024-10,2i5w-ykuw,Spin,27,91,68,40,
2024-10,2i5w-ykuw,Spin,28,226,262,142,
2024-10,2i5w-ykuw,Spin,29,146,149,121,
2024-10,2i5w-ykuw,Spin,30,54,57,39,
2024-10,2i5w-ykuw,Spin,31,16,18,7,
2024-10,2i5w-ykuw,Spin,32,125,158,71,
2024-10,2i5w-ykuw,Spin,33,7,9,2,
2024-10,2i5w-ykuw,Spin,34,10,11,3,
2024-10,2i5w-ykuw,Spin,35,18,20,9,
2024-10,2i5w-ykuw,Spin,36,3,2,0,
2024-10,2i5w-ykuw,Spin,37,36,36,17,
2024-10,2i5w-ykuw,Spin,38,52,50,26,
2024-10,2i5w-ykuw,Spin,39,43,39,7,
2024-10,2i5w-ykuw,Spin,40,66,69,28,
2024-10,2i5w-ykuw,Spin,41,682,683,601,
2024-10,2i5w-ykuw,Spin,42,78,87,42,
2024-10,2i5w-ykuw,Spin,43,294,291,252,
2024-10,2i5w-ykuw,Spin,44,58,69,33,
2024-10,2i5w-ykuw,Spin,45,18,23,6,
2024-10,2i5w-ykuw,Spin,46,204,197,179,
2024-10,2i5w-ykuw,Spin,47,1,0,0,
2024-10,2i5w-ykuw,Spin,48,35,31,18,
2024-10,2i5w-ykuw,Spin,49,323,307,292,
2024-10,2i5w-ykuw,Spin,50,33,36,21,
2024-10,2i5w-ykuw,Spin,51,5,10,3,
2024-10,2i5w-ykuw,Spin,52,0,1,0,
2024-10,2i5w-ykuw,Spin,53,5,8,1,
2024-10,2i5w-ykuw,Spin,56,0,2,0,
2024-10,2i5w-ykuw,Spin,57,19,17,15,
2024-10,2i5w-ykuw,Spin,58,240,211,153,
2024-10,2i5w-ykuw,Spin,59,74,60,32,
2024-10,2i5w-ykuw,Spin,60,4,8,3,
2024-10,2i5w-ykuw,Spin,61,89,80,56,
2024-10,2i5w-ykuw,Spin,62,15,13,3,
2024-10,2i5w-ykuw,Spin,63,87,120,57,
2024-10,2i5w-ykuw,Spin,64,1,2,0,
2024-10,2i5w-ykuw,Spin,65,31,37,16,
2024-10,2i5w-ykuw,Spin,66,270,262,214,
2024-10,2i5w-ykuw,Spin,67,132,129,92,
2024-10,2i5w-ykuw,Spin,68,102,98,69,
2024-10,2i5w-ykuw,Spin,69,35,38,12,
2024-10,2i5w-ykuw,Spin,70,14,12,8,
2024-10,2i5w-ykuw,Spin,71,119,119,93,
2024-10,2i5w-ykuw,Spin,72,2,6,0,
2024-10,2i5w-ykuw,Spin,73,31,36,19,
2024-10,2i5w-ykuw,Spin,75,8,10,4,
2024-10,2i5w-ykuw,Spin,77,127,137,84,
2024-11,2i5w-ykuw,Lime,,357,456,0,
2024-11,2i5w-ykuw,Lime,1,11015,10871,8289,
2024-11,2i5w-ykuw,Lime,2,5663,5905,3206,
2024-11,2i5w-ykuw,Lime,3,15007,14758,8393,
2024-11,2i5w-ykuw,Lime,4,7825,7761,3817,
2024-11,2i5w-ykuw,Lime,5,9715,9757,4547,
2024-11,2i5w-ykuw,Lime,6,45633,45255,32121,
2024-11,2i5w-ykuw,Lime,7,31753,31064,20296,
2024-11,2i5w-ykuw,Lime,8,10292,11105,5513,
2024-11,2i5w-ykuw,Lime,9,66,78,42,
2024-11,2i5w-ykuw,Lime,10,671,738,461,
2024-11,2i5w-ykuw,Lime,11,1313,1339,636,
2024-11,2i5w-ykuw,Lime,12,288,341,122,
2024-11,2i5w-ykuw,Lime,13,1107,1143,419,
2024-11,2i5w-ykuw,Lime,14,4006,4122,2104,
2024-11,2i5w-ykuw,Lime,15,5506,5657,3116,
2024-11,2i5w-ykuw,Lime,16,6404,6497,2806,
2024-11,2i5w-ykuw,Lime,17,1671,1743,922,
2024-11,2i5w-ykuw,Lime,18,1618,1653,696,
2024-11,2i5w-ykuw,Lime,19,14515,14197,9769,
2024-11,2i5w-ykuw,Lime,20,3757,3741,1313,
2024-11,2i5w-ykuw,Lime,21,6944,6929,3059,
2024-11,2i5w-ykuw,Lime,22,20155,20013,11329,
2024-11,2i5w-ykuw,Lime,23,10908,10711,6288,
2024-11,2i5w-ykuw,Lime,24,22500,22133,14381,
2024-11,2i5w-ykuw,Lime,25,14435,14492,11085,
2024-11,2i5w-ykuw,Lime,26,3672,3671,2156,
2024-11,2i5w-ykuw,Lime,27,3443,3447,1747,
2024-11,2i5w-ykuw,Lime,28,11692,11797,7138,
2024-11,2i5w-ykuw,Lime,29,6499,6478,4360,
2024-11,2i5w-ykuw,Lime,30,6700,6714,4949,
2024-11,2i5w-ykuw,Lime,31,2298,2324,1133,
2024-11,2i5w-ykuw,Lime,32,2688,3331,1520,
2024-11,2i5w-ykuw,Lime,33,664,701,262,
2024-11,2i5w-ykuw,Lime,34,651,541,137,
2024-11,2i5w-ykuw,Lime,35,1248,1222,721,
2024-11,2i5w-ykuw,Lime,36,275,324,75,
2024-11,2i5w-ykuw,Lime,37,1033,1051,343,
2024-11,2i5w-ykuw,Lime,38,2952,2843,1750,
2024-11,2i5w-ykuw,Lime,39,1704,1789,739,
2024-11,2i5w-ykuw,Lime,40,2659,2579,1476,
2024-11,2i5w-ykuw,Lime,41,10369,10359,8407,
2024-11,2i5w-ykuw,Lime,42,3729,3747,1682,
2024-11,2i5w-ykuw,Lime,43,6698,6714,5110,
2024-11,2i5w-ykuw,Lime,44,6913,6672,4492,
2024-11,2i5w-ykuw,Lime,45,1244,1304,569,
2024-11,2i5w-ykuw,Lime,46,2959,2903,1984,
2024-11,2i5w-ykuw,Lime,47,195,203,57,
2024-11,2i5w-ykuw,Lime,48,1564,1609,882,
2024-11,2i5w-ykuw,Lime,49,6056,6019,4360,
2024-11,2i5w-ykuw,Lime,50,1172,1160,530,
2024-11,2i5w-ykuw,Lime,51,1757,1694,1084,
2024-11,2i5w-ykuw,Lime,52,1372,1377,1125,
2024-11,2i5w-ykuw,Lime,53,2013,2049,1451,
2024-11,2i5w-ykuw,Lime,54,243,270,210,
2024-11,2i5w-ykuw,Lime,55,376,400,258,
2024-11,2i5w-ykuw,Lime,56,2040,2091,1030,
2024-11,2i5w-ykuw,Lime,57,3313,3195,1734,
2024-11,2i5w-ykuw,Lime,58,7711,7308,4765,
2024-11,2i5w-ykuw,Lime,59,1451,1475,656,
2024-11,2i5w-ykuw,Lime,60,1097,1167,625,
2024-11,2i5w-ykuw,Lime,61,5853,5626,3812,
2024-11,2i5w-ykuw,Lime,62,2532,2654,1096,
2024-11,2i5w-ykuw,Lime,63,7613,7779,4499,
2024-11,2i5w-ykuw,Lime,64,825,941,481,
2024-11,2i5w-ykuw,Lime,65,3371,3357,1702,
2024-11,2i5w-ykuw,Lime,66,6649,6658,4362,
2024-11,2i5w-ykuw,Lime,67,3665,3760,2337,
2024-11,2i5w-ykuw,Lime,68,4153,4256,2679,
2024-11,2i5w-ykuw,Lime,69,6131,6260,3933,
2024-11,2i5w-ykuw,Lime,70,1261,1390,917,
2024-11,2i5w-ykuw,Lime,71,4630,4601,3153,
2024-11,2i5w-ykuw,Lime,72,807,832,466,
2024-11,2i5w-ykuw,Lime,73,2255,2178,1265,
2024-11,2i5w-ykuw,Lime,74,128,125,77,
2024-11,2i5w-ykuw,Lime,75,1121,1133,685,
2024-11,2i5w-ykuw,Lime,76,4,4,1,
2024-11,2i5w-ykuw,Lime,77,10970,11001,6723,
2024-11,2i5w-ykuw,Lyft,,191,224,0,includes_classic_bike_rides
2024-11,2i5w-ykuw,Lyft,1,1802,1808,1153,includes_classic_bike_rides
2024-11,2i5w-ykuw,Lyft,2,699,721,301,includes_classic_bike_rides
2024-11,2i5w-ykuw,Lyft,3,5259,5052,1948,includes_classic_bike_rides
2024-11,2i5w-ykuw,Lyft,4,2844,2785,1129,includes_classic_bike_rides
2024-11,2i5w-ykuw,Lyft,5,2128,2136,421,includes_classic_bike_rides
2024-11,2i5w-ykuw,Lyft,6,16657,16803,9131,includes_classic_bike_rides
2024-11,2i5w-ykuw,Lyft,7,18955,19445,9042,includes_classic_bike_rides
2024-11,2i5w-ykuw,Lyft,8,43103,42650,23166,includes_classic_bike_rides
2024-11,2i5w-ykuw,Lyft,11,18,23,3,includes_classic_bike_rides
2024-11,2i5w-ykuw,Lyft,12,10,10,1,includes_classic_bike_rides
2024-11,2i5w-ykuw,Lyft,13,270,269,88,includes_classic_bike_rides
2024-11,2i5w-ykuw,Lyft,14,434,430,145,includes_classic_bike_rides
2024-11,2i5w-ykuw,Lyft,15,143,153,56,includes_classic_bike_rides
2024-11,2i5w-ykuw,Lyft,16,829,823,354,includes_classic_bike_rides
2024-11,2i5w-ykuw,Lyft,17,71,74,52,includes_classic_bike_rides
2024-11,2i5w-ykuw,Lyft,18,12,9,5,includes_classic_bike_rides
2024-11,2i5w-ykuw,Lyft,19,149,155,94,includes_classic_bike_rides
2024-11,2i5w-ykuw,Lyft,20,205,213,61,includes_classic_bike_rides
2024-11,2i5w-ykuw,Lyft,21,678,735,222,includes_classic_bike_rides
2024-11,2i5w-ykuw,Lyft,22,5052,5123,2211,includes_classic_bike_rides
2024-11,2i5w-ykuw,Lyft,23,311,320,121,includes_classic_bike_rides
2024-11,2i5w-ykuw,Lyft,24,13548,13640,5999,includes_classic_bike_rides
2024-11,2i5w-ykuw,Lyft,25,220,230,165,includes_classic_bike_rides
2024-11,2i5w-ykuw,Lyft,26,60,50,32,includes_classic_bike_rides
2024-11,2i5w-ykuw,Lyft,27,139,138,31,includes_classic_bike_rides
2024-11,2i5w-ykuw,Lyft,28,34649,35081,20209,includes_classic_bike_rides
2024-11,2i5w-ykuw,Lyft,29,167,168,77,includes_classic_bike_rides
2024-11,2i5w-ykuw,Lyft,30,222,244,145,includes_classic_bike_rides
2024-11,2i5w-ykuw,Lyft,31,2211,2317,768,includes_classic_bike_rides
2024-11,2i5w-ykuw,Lyft,32,30242,29854,13982,includes_classic_bike_rides
2024-11,2i5w-ykuw,Lyft,33,6429,5902,1860,includes_classic_bike_rides
2024-11,2i5w-ykuw,Lyft,34,1341,1486,456,includes_classic_bike_rides
2024-11,2i5w-ykuw,Lyft,35,3724,3655,2897,includes_classic_bike_rides
2024-11,2i5w-ykuw,Lyft,36,9,11,4,includes_classic_bike_rides
2024-11,2i5w-ykuw,Lyft,37,33,42,4,includes_classic_bike_rides
2024-11,2i5w-ykuw,Lyft,38,280,319,123,includes_classic_bike_rides
2024-11,2i5w-ykuw,Lyft,39,698,631,165,includes_classic_bike_rides
2024-11,2i5w-ykuw,Lyft,40,125,129,35,includes_classic_bike_rides
2024-11,2i5w-ykuw,Lyft,41,11275,11211,8272,includes_classic_bike_rides
2024-11,2i5w-ykuw,Lyft,42,2596,2649,305,includes_classic_bike_rides
2024-11,2i5w-ykuw,Lyft,43,67,68,34,includes_classic_bike_rides
2024-11,2i5w-ykuw,Lyft,44,34,41,23,includes_classic_bike_rides
2024-11,2i5w-ykuw,Lyft,45,3,7,1,includes_classic_bike_rides
2024-11,2i5w-ykuw,Lyft,46,24,24,20,includes_classic_bike_rides
2024-11,2i5w-ykuw,Lyft,47,8,8,8,includes_classic_bike_rides
2024-11,2i5w-ykuw,Lyft,48,1,3,1,includes_classic_bike_rides
2024-11,2i5w-ykuw,Lyft,49,30,25,24,includes_classic_bike_rides
2024-11,2i5w-ykuw,Lyft,50,6,9,5,includes_classic_bike_rides
2024-11,2i5w-ykuw,Lyft,51,15,13,11,includes_classic_bike_rides
2024-11,2i5w-ykuw,Lyft,52,15,17,12,includes_classic_bike_rides
2024-11,2i5w-ykuw,Lyft,53,3,2,2,includes_classic_bike_rides
2024-11,2i5w-ykuw,Lyft,54,3,3,3,includes_classic_bike_rides
2024-11,2i5w-ykuw,Lyft,55,19,18,18,includes_classic_bike_rides
2024-11,2i5w-ykuw,Lyft,56,24,25,7,includes_classic_bike_rides
2024-11,2i5w-ykuw,Lyft,57,39,34,26,includes_classic_bike_rides
2024-11,2i5w-ykuw,Lyft,58,149,143,81,includes_classic_bike_rides
2024-11,2i5w-ykuw,Lyft,59,187,198,80,includes_classic_bike_rides
2024-11,2i5w-ykuw,Lyft,60,1207,1156,554,includes_classic_bike_rides
2024-11,2i5w-ykuw,Lyft,61,145,154,87,includes_classic_bike_rides
2024-11,2i5w-ykuw,Lyft,62,12,13,7,includes_classic_bike_rides
2024-11,2i5w-ykuw,Lyft,63,73,69,32,includes_classic_bike_rides
2024-11,2i5w-ykuw,Lyft,65,25,30,10,includes_classic_bike_rides
2024-11,2i5w-ykuw,Lyft,66,20,33,12,includes_classic_bike_rides
2024-11,2i5w-ykuw,Lyft,67,51,53,39,includes_classic_bike_rides
2024-11,2i5w-ykuw,Lyft,68,66,68,37,includes_classic_bike_rides
2024-11,2i5w-ykuw,Lyft,69,87,82,48,includes_classic_bike_rides
2024-11,2i5w-ykuw,Lyft,70,20,22,19,includes_classic_bike_rides
2024-11,2i5w-ykuw,Lyft,71,25,21,16,includes_classic_bike_rides
2024-11,2i5w-ykuw,Lyft,72,10,8,5,includes_classic_bike_rides
2024-11,2i5w-ykuw,Lyft,73,3,6,1,includes_classic_bike_rides
2024-11,2i5w-ykuw,Lyft,74,8,9,8,includes_classic_bike_rides
2024-11,2i5w-ykuw,Lyft,75,10,11,3,includes_classic_bike_rides
2024-11,2i5w-ykuw,Lyft,77,2116,2202,861,includes_classic_bike_rides
2024-11,2i5w-ykuw,Spin,,1,2,0,
2024-11,2i5w-ykuw,Spin,1,0,1,0,
2024-11,2i5w-ykuw,Spin,2,0,1,0,
2024-11,2i5w-ykuw,Spin,3,155,169,93,
2024-11,2i5w-ykuw,Spin,4,66,74,40,
2024-11,2i5w-ykuw,Spin,5,61,85,23,
2024-11,2i5w-ykuw,Spin,6,1109,974,831,
2024-11,2i5w-ykuw,Spin,7,498,479,316,
2024-11,2i5w-ykuw,Spin,8,147,194,97,
2024-11,2i5w-ykuw,Spin,13,1,1,0,
2024-11,2i5w-ykuw,Spin,14,32,34,15,
2024-11,2i5w-ykuw,Spin,15,18,21,11,
2024-11,2i5w-ykuw,Spin,16,18,20,12,
2024-11,2i5w-ykuw,Spin,17,1,1,0,
2024-11,2i5w-ykuw,Spin,19,138,142,109,
2024-11,2i5w-ykuw,Spin,20,63,49,24,
2024-11,2i5w-ykuw,Spin,21,44,48,30,
2024-11,2i5w-ykuw,Spin,22,115,127,77,
2024-11,2i5w-ykuw,Spin,23,132,165,85,
2024-11,2i5w-ykuw,Spin,24,106,113,69,
2024-11,2i5w-ykuw,Spin,25,196,195,156,
2024-11,2i5w-ykuw,Spin,26,66,61,36,
2024-11,2i5w-ykuw,Spin,27,88,67,36,
2024-11,2i5w-ykuw,Spin,28,76,88,53,
2024-11,2i5w-ykuw,Spin,29,88,87,62,
2024-11,2i5w-ykuw,Spin,30,69,73,58,
2024-11,2i5w-ykuw,Spin,31,9,11,3,
2024-11,2i5w-ykuw,Spin,32,28,57,14,
2024-11,2i5w-ykuw,Spin,33,34,18,16,
2024-11,2i5w-ykuw,Spin,34,4,2,1,
2024-11,2i5w-ykuw,Spin,35,2,3,1,
2024-11,2i5w-ykuw,Spin,36,1,1,0,
2024-11,2i5w-ykuw,Spin,37,18,17,11,
2024-11,2i5w-ykuw,Spin,38,14,12,4,
2024-11,2i5w-ykuw,Spin,39,14,18,4,
2024-11,2i5w-ykuw,Spin,40,47,45,21,
2024-11,2i5w-ykuw,Spin,41,292,296,259,
2024-11,2i5w-ykuw,Spin,42,41,41,20,
2024-11,2i5w-ykuw,Spin,43,208,199,176,
2024-11,2i5w-ykuw,Spin,44,82,81,60,
2024-11,2i5w-ykuw,Spin,45,11,15,6,
2024-11,2i5w-ykuw,Spin,46,214,214,195,
2024-11,2i5w-ykuw,Spin,48,15,17,9,
2024-11,2i5w-ykuw,Spin,49,138,129,115,
2024-11,2i5w-ykuw,Spin,50,28,30,26,
2024-11,2i5w-ykuw,Spin,51,5,6,1,
2024-11,2i5w-ykuw,Spin,53,1,2,0,
2024-11,2i5w-ykuw,Spin,56,1,3,0,
2024-11,2i5w-ykuw,Spin,57,7,9,0,
2024-11,2i5w-ykuw,Spin,58,102,93,59,
2024-11,2i5w-ykuw,Spin,59,29,24,13,
2024-11,2i5w-ykuw,Spin,60,2,5,1,
2024-11,2i5w-ykuw,Spin,61,61,55,44,
2024-11,2i5w-ykuw,Spin,62,7,9,2,
2024-11,2i5w-ykuw,Spin,63,43,45,15,
2024-11,2i5w-ykuw,Spin,65,17,16,7,
2024-11,2i5w-ykuw,Spin,66,125,120,94,
2024-11,2i5w-ykuw,Spin,67,74,71,59,
2024-11,2i5w-ykuw,Spin,68,92,98,65,
2024-11,2i5w-ykuw,Spin,69,58,63,34,
2024-11,2i5w-ykuw,Spin,70,14,13,11,
2024-11,2i5w-ykuw,Spin,71,192,193,181,
2024-11,2i5w-ykuw,Spin,73,22,27,14,
2024-11,2i5w-ykuw,Spin,75,1,1,0,
2024-11,2i5w-ykuw,Spin,77,26,37,15,
2024-12,2i5w-ykuw,Coco,8,247,258,195,
2024-12,2i5w-ykuw,Coco,24,64,57,21,
2024-12,2i5w-ykuw,Coco,28,31,27,5,
2024-12,2i5w-ykuw,Lime,,156,201,0,
2024-12,2i5w-ykuw,Lime,1,6486,6446,5064,
2024-12,2i5w-ykuw,Lime,2,3097,3182,1789,
2024-12,2i5w-ykuw,Lime,3,8108,8009,4590,
2024-12,2i5w-ykuw,Lime,4,4275,4246,2261,
2024-12,2i5w-ykuw,Lime,5,4457,4528,2122,
2024-12,2i5w-ykuw,Lime,6,26142,25890,19714,
2024-12,2i5w-ykuw,Lime,7,15030,14747,9919,
2024-12,2i5w-ykuw,Lime,8,4676,5006,2678,
2024-12,2i5w-ykuw,Lime,9,2,4,2,
2024-12,2i5w-ykuw,Lime,10,128,134,62,
2024-12,2i5w-ykuw,Lime,11,461,487,223,
2024-12,2i5w-ykuw,Lime,12,108,134,61,
2024-12,2i5w-ykuw,Lime,13,525,588,227,
2024-12,2i5w-ykuw,Lime,14,1875,1960,1051,
2024-12,2i5w-ykuw,Lime,15,2694,2767,1568,
2024-12,2i5w-ykuw,Lime,16,3053,3052,1380,
2024-12,2i5w-ykuw,Lime,17,694,749,375,
2024-12,2i5w-ykuw,Lime,18,801,812,372,
2024-12,2i5w-ykuw,Lime,19,7178,7042,5053,
2024-12,2i5w-ykuw,Lime,20,1883,1863,611,
2024-12,2i5w-ykuw,Lime,21,3860,3878,1886,
2024-12,2i5w-ykuw,Lime,22,10491,10446,6198,
2024-12,2i5w-ykuw,Lime,23,5331,5235,3149,
2024-12,2i5w-ykuw,Lime,24,10917,10799,7380,
2024-12,2i5w-ykuw,Lime,25,7453,7478,6028,
2024-12,2i5w-ykuw,Lime,26,1511,1502,811,
2024-12,2i5w-ykuw,Lime,27,1571,1588,825,
2024-12,2i5w-ykuw,Lime,28,5674,5676,3745,
2024-12,2i5w-ykuw,Lime,29,3126,3102,2143,
2024-12,2i5w-ykuw,Lime,30,3601,3579,2728,
2024-12,2i5w-ykuw,Lime,31,1036,1043,519,
2024-12,2i5w-ykuw,Lime,32,998,1264,617,
2024-12,2i5w-ykuw,Lime,33,211,228,105,
2024-12,2i5w-ykuw,Lime,34,260,244,90,
2024-12,2i5w-ykuw,Lime,35,626,613,401,
2024-12,2i5w-ykuw,Lime,36,163,190,63,
2024-12,2i5w-ykuw,Lime,37,442,419,116,
2024-12,2i5w-ykuw,Lime,38,1283,1264,742,
2024-12,2i5w-ykuw,Lime,39,924,931,390,
2024-12,2i5w-ykuw,Lime,40,1576,1558,999,
2024-12,2i5w-ykuw,Lime,41,4631,4635,3778,
2024-12,2i5w-ykuw,Lime,42,2014,2027,1162,
2024-12,2i5w-ykuw,Lime,43,4063,4084,3215,
2024-12,2i5w-ykuw,Lime,44,3996,3874,2696,
2024-12,2i5w-ykuw,Lime,45,727,737,341,
2024-12,2i5w-ykuw,Lime,46,1869,1821,1270,
2024-12,2i5w-ykuw,Lime,47,97,112,30,
2024-12,2i5w-ykuw,Lime,48,793,821,471,
2024-12,2i5w-ykuw,Lime,49,3377,3329,2465,
2024-12,2i5w-ykuw,Lime,50,649,673,321,
2024-12,2i5w-ykuw,Lime,51,875,872,643,
2024-12,2i5w-ykuw,Lime,52,684,694,569,
2024-12,2i5w-ykuw,Lime,53,1014,1042,779,
2024-12,2i5w-ykuw,Lime,54,128,146,116,
2024-12,2i5w-ykuw,Lime,55,207,206,155,
2024-12,2i5w-ykuw,Lime,56,861,861,340,
2024-12,2i5w-ykuw,Lime,57,1785,1695,936,
2024-12,2i5w-ykuw,Lime,58,5026,4758,3353,
2024-12,2i5w-ykuw,Lime,59,1001,1018,493,
2024-12,2i5w-ykuw,Lime,60,478,530,290,
2024-12,2i5w-ykuw,Lime,61,3170,3085,2124,
2024-12,2i5w-ykuw,Lime,62,1607,1660,702,
2024-12,2i5w-ykuw,Lime,63,4536,4689,2848,
2024-12,2i5w-ykuw,Lime,64,368,424,189,
2024-12,2i5w-ykuw,Lime,65,1830,1870,1011,
2024-12,2i5w-ykuw,Lime,66,3858,3856,2649,
2024-12,2i5w-ykuw,Lime,67,1647,1656,971,
2024-12,2i5w-ykuw,Lime,68,2365,2431,1564,
2024-12,2i5w-ykuw,Lime,69,3420,3451,2288,
2024-12,2i5w-ykuw,Lime,70,597,669,455,
2024-12,2i5w-ykuw,Lime,71,2392,2377,1725,
2024-12,2i5w-ykuw,Lime,72,279,310,148,
2024-12,2i5w-ykuw,Lime,73,1091,1086,662,
2024-12,2i5w-ykuw,Lime,74,1,3,0,
2024-12,2i5w-ykuw,Lime,75,557,531,346,
2024-12,2i5w-ykuw,Lime,76,3,4,2,
2024-12,2i5w-ykuw,Lime,77,6301,6259,4006,
2024-12,2i5w-ykuw,Lyft,,90,109,0,includes_classic_bike_rides
2024-12,2i5w-ykuw,Lyft,1,858,847,529,includes_classic_bike_rides
2024-12,2i5w-ykuw,Lyft,2,434,429,192,includes_classic_bike_rides
2024-12,2i5w-ykuw,Lyft,3,2574,2476,1028,includes_classic_bike_rides
2024-12,2i5w-ykuw,Lyft,4,1434,1435,589,includes_classic_bike_rides
2024-12,2i5w-ykuw,Lyft,5,1062,1064,214,includes_classic_bike_rides
2024-12,2i5w-ykuw,Lyft,6,8205,8183,4746,includes_classic_bike_rides
2024-12,2i5w-ykuw,Lyft,7,7994,8251,3853,includes_classic_bike_rides
2024-12,2i5w-ykuw,Lyft,8,23395,23245,13722,includes_classic_bike_rides
2024-12,2i5w-ykuw,Lyft,11,27,23,5,includes_classic_bike_rides
2024-12,2i5w-ykuw,Lyft,12,3,1,0,includes_classic_bike_rides
2024-12,2i5w-ykuw,Lyft,13,129,115,49,includes_classic_bike_rides
2024-12,2i5w-ykuw,Lyft,14,183,208,58,includes_classic_bike_rides
2024-12,2i5w-ykuw,Lyft,15,79,74,25,includes_classic_bike_rides
2024-12,2i5w-ykuw,Lyft,16,419,406,194,includes_classic_bike_rides
2024-12,2i5w-ykuw,Lyft,17,19,25,10,includes_classic_bike_rides
2024-12,2i5w-ykuw,Lyft,18,7,6,4,includes_classic_bike_rides
2024-12,2i5w-ykuw,Lyft,19,77,80,49,includes_classic_bike_rides
2024-12,2i5w-ykuw,Lyft,20,99,103,18,includes_classic_bike_rides
2024-12,2i5w-ykuw,Lyft,21,303,315,105,includes_classic_bike_rides
2024-12,2i5w-ykuw,Lyft,22,2627,2621,1239,includes_classic_bike_rides
2024-12,2i5w-ykuw,Lyft,23,146,130,37,includes_classic_bike_rides
2024-12,2i5w-ykuw,Lyft,24,6773,6786,3126,includes_classic_bike_rides
2024-12,2i5w-ykuw,Lyft,25,122,130,102,includes_classic_bike_rides
2024-12,2i5w-ykuw,Lyft,26,25,20,16,includes_classic_bike_rides
2024-12,2i5w-ykuw,Lyft,27,107,101,59,includes_classic_bike_rides
2024-12,2i5w-ykuw,Lyft,28,17531,17735,10011,includes_classic_bike_rides
2024-12,2i5w-ykuw,Lyft,29,86,92,35,includes_classic_bike_rides
2024-12,2i5w-ykuw,Lyft,30,78,89,35,includes_classic_bike_rides
2024-12,2i5w-ykuw,Lyft,31,1087,1106,418,includes_classic_bike_rides
2024-12,2i5w-ykuw,Lyft,32,17461,17340,9066,includes_classic_bike_rides
2024-12,2i5w-ykuw,Lyft,33,3072,2886,1066,includes_classic_bike_rides
2024-12,2i5w-ykuw,Lyft,34,709,722,262,includes_classic_bike_rides
2024-12,2i5w-ykuw,Lyft,35,1212,1183,896,includes_classic_bike_rides
2024-12,2i5w-ykuw,Lyft,36,5,6,0,includes_classic_bike_rides
2024-12,2i5w-ykuw,Lyft,37,16,11,3,includes_classic_bike_rides
2024-12,2i5w-ykuw,Lyft,38,146,150,61,includes_classic_bike_rides
2024-12,2i5w-ykuw,Lyft,39,320,299,93,includes_classic_bike_rides
2024-12,2i5w-ykuw,Lyft,40,58,59,28,includes_classic_bike_rides
2024-12,2i5w-ykuw,Lyft,41,3996,4036,3070,includes_classic_bike_rides
2024-12,2i5w-ykuw,Lyft,42,791,785,99,includes_classic_bike_rides
2024-12,2i5w-ykuw,Lyft,43,30,38,20,includes_classic_bike_rides
2024-12,2i5w-ykuw,Lyft,44,29,32,25,includes_classic_bike_rides
2024-12,2i5w-ykuw,Lyft,45,4,2,2,includes_classic_bike_rides
2024-12,2i5w-ykuw,Lyft,46,3,7,3,includes_classic_bike_rides
2024-12,2i5w-ykuw,Lyft,47,2,2,2,includes_classic_bike_rides
2024-12,2i5w-ykuw,Lyft,48,2,1,1,includes_classic_bike_rides
2024-12,2i5w-ykuw,Lyft,49,12,10,9,includes_classic_bike_rides
2024-12,2i5w-ykuw,Lyft,51,2,2,1,includes_classic_bike_rides
2024-12,2i5w-ykuw,Lyft,52,3,3,2,includes_classic_bike_rides
2024-12,2i5w-ykuw,Lyft,53,2,1,1,includes_classic_bike_rides
2024-12,2i5w-ykuw,Lyft,55,4,3,3,includes_classic_bike_rides
2024-12,2i5w-ykuw,Lyft,56,12,9,5,includes_classic_bike_rides
2024-12,2i5w-ykuw,Lyft,57,16,18,10,includes_classic_bike_rides
2024-12,2i5w-ykuw,Lyft,58,81,85,37,includes_classic_bike_rides
2024-12,2i5w-ykuw,Lyft,59,100,122,38,includes_classic_bike_rides
2024-12,2i5w-ykuw,Lyft,60,621,628,296,includes_classic_bike_rides
2024-12,2i5w-ykuw,Lyft,61,56,59,29,includes_classic_bike_rides
2024-12,2i5w-ykuw,Lyft,62,7,2,0,includes_classic_bike_rides
2024-12,2i5w-ykuw,Lyft,63,53,52,18,includes_classic_bike_rides
2024-12,2i5w-ykuw,Lyft,65,5,11,3,includes_classic_bike_rides
2024-12,2i5w-ykuw,Lyft,66,12,9,1,includes_classic_bike_rides
2024-12,2i5w-ykuw,Lyft,67,19,18,12,includes_classic_bike_rides
2024-12,2i5w-ykuw,Lyft,68,23,27,17,includes_classic_bike_rides
2024-12,2i5w-ykuw,Lyft,69,24,22,6,includes_classic_bike_rides
2024-12,2i5w-ykuw,Lyft,70,4,3,2,includes_classic_bike_rides
2024-12,2i5w-ykuw,Lyft,71,13,10,4,includes_classic_bike_rides
2024-12,2i5w-ykuw,Lyft,72,11,11,7,includes_classic_bike_rides
2024-12,2i5w-ykuw,Lyft,73,5,5,3,includes_classic_bike_rides
2024-12,2i5w-ykuw,Lyft,75,3,4,0,includes_classic_bike_rides
2024-12,2i5w-ykuw,Lyft,76,0,1,0,includes_classic_bike_rides
2024-12,2i5w-ykuw,Lyft,77,1001,1039,413,includes_classic_bike_rides
2024-12,2i5w-ykuw,Spin,,1,0,0,
2024-12,2i5w-ykuw,Spin,1,1,1,1,
2024-12,2i5w-ykuw,Spin,3,27,36,14,
2024-12,2i5w-ykuw,Spin,4,13,10,6,
2024-12,2i5w-ykuw,Spin,5,28,31,14,
2024-12,2i5w-ykuw,Spin,6,336,318,272,
2024-12,2i5w-ykuw,Spin,7,122,118,85,
2024-12,2i5w-ykuw,Spin,8,46,50,32,
2024-12,2i5w-ykuw,Spin,14,7,10,7,
2024-12,2i5w-ykuw,Spin,15,11,8,5,
2024-12,2i5w-ykuw,Spin,16,6,8,2,
2024-12,2i5w-ykuw,Spin,18,0,1,0,
2024-12,2i5w-ykuw,Spin,19,61,57,50,
2024-12,2i5w-ykuw,Spin,20,13,14,7,
2024-12,2i5w-ykuw,Spin,21,9,12,3,
2024-12,2i5w-ykuw,Spin,22,35,34,22,
2024-12,2i5w-ykuw,Spin,23,42,47,24,
2024-12,2i5w-ykuw,Spin,24,17,23,12,
2024-12,2i5w-ykuw,Spin,25,95,92,85,
2024-12,2i5w-ykuw,Spin,26,8,7,0,
2024-12,2i5w-ykuw,Spin,27,30,27,14,
2024-12,2i5w-ykuw,Spin,28,21,21,16,
2024-12,2i5w-ykuw,Spin,29,21,22,7,
2024-12,2i5w-ykuw,Spin,30,37,35,26,
2024-12,2i5w-ykuw,Spin,31,2,2,1,
2024-12,2i5w-ykuw,Spin,32,14,18,5,
2024-12,2i5w-ykuw,Spin,33,1,1,0,
2024-12,2i5w-ykuw,Spin,34,1,1,0,
2024-12,2i5w-ykuw,Spin,35,2,3,2,
2024-12,2i5w-ykuw,Spin,37,5,6,4,
2024-12,2i5w-ykuw,Spin,38,2,0,0,
2024-12,2i5w-ykuw,Spin,39,2,1,1,
2024-12,2i5w-ykuw,Spin,40,26,23,12,
2024-12,2i5w-ykuw,Spin,41,56,61,45,
2024-12,2i5w-ykuw,Spin,42,4,4,2,
2024-12,2i5w-ykuw,Spin,43,55,50,46,
2024-12,2i5w-ykuw,Spin,44,21,25,15,
2024-12,2i5w-ykuw,Spin,45,1,2,0,
2024-12,2i5w-ykuw,Spin,46,116,119,105,
2024-12,2i5w-ykuw,Spin,48,48,43,35,
2024-12,2i5w-ykuw,Spin,49,46,39,35,
2024-12,2i5w-ykuw,Spin,50,4,7,3,
2024-12,2i5w-ykuw,Spin,51,1,2,0,
2024-12,2i5w-ykuw,Spin,57,7,8,7,
2024-12,2i5w-ykuw,Spin,58,37,38,25,
2024-12,2i5w-ykuw,Spin,59,16,14,8,
2024-12,2i5w-ykuw,Spin,60,3,5,2,
2024-12,2i5w-ykuw,Spin,61,3,3,0,
2024-12,2i5w-ykuw,Spin,62,2,0,0,
2024-12,2i5w-ykuw,Spin,63,11,10,6,
2024-12,2i5w-ykuw,Spin,65,1,0,0,
2024-12,2i5w-ykuw,Spin,66,53,56,45,
2024-12,2i5w-ykuw,Spin,67,34,35,25,
2024-12,2i5w-ykuw,Spin,68,63,60,55,
2024-12,2i5w-ykuw,Spin,69,8,8,4,
2024-12,2i5w-ykuw,Spin,70,17,15,13,
2024-12,2i5w-ykuw,Spin,71,71,75,64,
2024-12,2i5w-ykuw,Spin,72,0,1,0,
2024-12,2i5w-ykuw,Spin,73,8,11,3,
2024-12,2i5w-ykuw,Spin,75,1,2,0,
2024-12,2i5w-ykuw,Spin,77,11,10,6,
2025-01,2i5w-ykuw,Coco,7,1,0,0,
2025-01,2i5w-ykuw,Coco,8,111,115,87,
2025-01,2i5w-ykuw,Coco,24,62,58,39,
2025-01,2i5w-ykuw,Coco,28,12,13,0,
2025-01,2i5w-ykuw,Lime,,68,93,0,
2025-01,2i5w-ykuw,Lime,1,2585,2630,1975,
2025-01,2i5w-ykuw,Lime,2,1515,1578,840,
2025-01,2i5w-ykuw,Lime,3,3802,3795,2276,
2025-01,2i5w-ykuw,Lime,4,1887,1934,984,
2025-01,2i5w-ykuw,Lime,5,2090,2124,1028,
2025-01,2i5w-ykuw,Lime,6,12676,12447,9581,
2025-01,2i5w-ykuw,Lime,7,7555,7424,5070,
2025-01,2i5w-ykuw,Lime,8,1747,1905,969,
2025-01,2i5w-ykuw,Lime,9,1,3,1,
2025-01,2i5w-ykuw,Lime,10,58,72,41,
2025-01,2i5w-ykuw,Lime,11,178,184,76,
2025-01,2i5w-ykuw,Lime,12,31,32,7,
2025-01,2i5w-ykuw,Lime,13,267,280,142,
2025-01,2i5w-ykuw,Lime,14,801,833,440,
2025-01,2i5w-ykuw,Lime,15,1046,1042,569,
2025-01,2i5w-ykuw,Lime,16,1402,1410,652,
2025-01,2i5w-ykuw,Lime,17,368,381,221,
2025-01,2i5w-ykuw,Lime,18,276,287,142,
2025-01,2i5w-ykuw,Lime,19,3261,3188,2328,
2025-01,2i5w-ykuw,Lime,20,811,806,260,
2025-01,2i5w-ykuw,Lime,21,1813,1832,943,
2025-01,2i5w-ykuw,Lime,22,4617,4592,2804,
2025-01,2i5w-ykuw,Lime,23,2195,2178,1323,
2025-01,2i5w-ykuw,Lime,24,4641,4548,3201,
2025-01,2i5w-ykuw,Lime,25,2791,2862,2267,
2025-01,2i5w-ykuw,Lime,26,653,658,400,
2025-01,2i5w-ykuw,Lime,27,680,660,376,
2025-01,2i5w-ykuw,Lime,28,2468,2460,1786,
2025-01,2i5w-ykuw,Lime,29,1016,1010,638,
2025-01,2i5w-ykuw,Lime,30,1716,1711,1329,
2025-01,2i5w-ykuw,Lime,31,656,673,385,
2025-01,2i5w-ykuw,Lime,32,224,308,118,
2025-01,2i5w-ykuw,Lime,33,86,94,35,
2025-01,2i5w-ykuw,Lime,34,150,123,33,
2025-01,2i5w-ykuw,Lime,35,335,352,219,
2025-01,2i5w-ykuw,Lime,36,91,91,23,
2025-01,2i5w-ykuw,Lime,37,211,215,73,
2025-01,2i5w-ykuw,Lime,38,818,807,500,
2025-01,2i5w-ykuw,Lime,39,587,584,267,
2025-01,2i5w-ykuw,Lime,40,671,671,438,
2025-01,2i5w-ykuw,Lime,41,3736,3686,3118,
2025-01,2i5w-ykuw,Lime,42,1055,1076,550,
2025-01,2i5w-ykuw,Lime,43,2148,2157,1725,
2025-01,2i5w-ykuw,Lime,44,1762,1729,1268,
2025-01,2i5w-ykuw,Lime,45,313,306,178,
2025-01,2i5w-ykuw,Lime,46,829,843,577,
2025-01,2i5w-ykuw,Lime,47,62,64,26,
2025-01,2i5w-ykuw,Lime,48,382,370,240,
2025-01,2i5w-ykuw,Lime,49,1582,1591,1200,
2025-01,2i5w-ykuw,Lime,50,313,305,181,
2025-01,2i5w-ykuw,Lime,51,367,375,272,
2025-01,2i5w-ykuw,Lime,52,362,367,324,
2025-01,2i5w-ykuw,Lime,53,390,401,274,
2025-01,2i5w-ykuw,Lime,54,52,57,51,
2025-01,2i5w-ykuw,Lime,55,51,54,38,
2025-01,2i5w-ykuw,Lime,56,470,494,216,
2025-01,2i5w-ykuw,Lime,57,1088,1058,580,
2025-01,2i5w-ykuw,Lime,58,2855,2692,1985,
2025-01,2i5w-ykuw,Lime,59,538,548,328,
2025-01,2i5w-ykuw,Lime,60,444,473,339,
2025-01,2i5w-ykuw,Lime,61,1521,1469,1045,
2025-01,2i5w-ykuw,Lime,62,840,870,393,
2025-01,2i5w-ykuw,Lime,63,2205,2291,1366,
2025-01,2i5w-ykuw,Lime,64,196,212,91,
2025-01,2i5w-ykuw,Lime,65,1002,996,593,
2025-01,2i5w-ykuw,Lime,66,1881,1889,1338,
2025-01,2i5w-ykuw,Lime,67,563,594,331,
2025-01,2i5w-ykuw,Lime,68,1210,1211,852,
2025-01,2i5w-ykuw,Lime,69,1491,1498,1006,
2025-01,2i5w-ykuw,Lime,70,217,234,166,
2025-01,2i5w-ykuw,Lime,71,1202,1199,908,
2025-01,2i5w-ykuw,Lime,72,151,175,93,
2025-01,2i5w-ykuw,Lime,73,480,470,295,
2025-01,2i5w-ykuw,Lime,74,7,10,7,
2025-01,2i5w-ykuw,Lime,75,322,308,190,
2025-01,2i5w-ykuw,Lime,76,1,1,1,
2025-01,2i5w-ykuw,Lime,77,2632,2614,1645,
2025-01,2i5w-ykuw,Lyft,,75,72,0,includes_classic_bike_rides
2025-01,2i5w-ykuw,Lyft,1,482,486,290,includes_classic_bike_rides
2025-01,2i5w-ykuw,Lyft,2,229,234,87,includes_classic_bike_rides
2025-01,2i5w-ykuw,Lyft,3,1407,1416,510,includes_classic_bike_rides
2025-01,2i5w-ykuw,Lyft,4,798,787,323,includes_classic_bike_rides
2025-01,2i5w-ykuw,Lyft,5,611,667,160,includes_classic_bike_rides
2025-01,2i5w-ykuw,Lyft,6,5182,5281,3188,includes_classic_bike_rides
2025-01,2i5w-ykuw,Lyft,7,5514,5788,2914,includes_classic_bike_rides
2025-01,2i5w-ykuw,Lyft,8,18178,17579,11027,includes_classic_bike_rides
2025-01,2i5w-ykuw,Lyft,10,1,1,0,includes_classic_bike_rides
2025-01,2i5w-ykuw,Lyft,11,14,11,5,includes_classic_bike_rides
2025-01,2i5w-ykuw,Lyft,12,1,4,0,includes_classic_bike_rides
2025-01,2i5w-ykuw,Lyft,13,87,82,29,includes_classic_bike_rides
2025-01,2i5w-ykuw,Lyft,14,114,135,33,includes_classic_bike_rides
2025-01,2i5w-ykuw,Lyft,15,61,66,31,includes_classic_bike_rides
2025-01,2i5w-ykuw,Lyft,16,207,209,77,includes_classic_bike_rides
2025-01,2i5w-ykuw,Lyft,17,10,9,2,includes_classic_bike_rides
2025-01,2i5w-ykuw,Lyft,18,4,3,2,includes_classic_bike_rides
2025-01,2i5w-ykuw,Lyft,19,51,46,33,includes_classic_bike_rides
2025-01,2i5w-ykuw,Lyft,20,62,56,9,includes_classic_bike_rides
2025-01,2i5w-ykuw,Lyft,21,171,172,62,includes_classic_bike_rides
2025-01,2i5w-ykuw,Lyft,22,1456,1455,622,includes_classic_bike_rides
2025-01,2i5w-ykuw,Lyft,23,64,69,17,includes_classic_bike_rides
2025-01,2i5w-ykuw,Lyft,24,4626,4726,2188,includes_classic_bike_rides
2025-01,2i5w-ykuw,Lyft,25,46,47,40,includes_classic_bike_rides
2025-01,2i5w-ykuw,Lyft,26,14,12,10,includes_classic_bike_rides
2025-01,2i5w-ykuw,Lyft,27,64,63,28,includes_classic_bike_rides
2025-01,2i5w-ykuw,Lyft,28,13756,14163,8026,includes_classic_bike_rides
2025-01,2i5w-ykuw,Lyft,29,43,46,27,includes_classic_bike_rides
2025-01,2i5w-ykuw,Lyft,30,50,63,30,includes_classic_bike_rides
2025-01,2i5w-ykuw,Lyft,31,644,671,243,includes_classic_bike_rides
2025-01,2i5w-ykuw,Lyft,32,12519,12099,6247,includes_classic_bike_rides
2025-01,2i5w-ykuw,Lyft,33,1730,1679,584,includes_classic_bike_rides
2025-01,2i5w-ykuw,Lyft,34,395,416,140,includes_classic_bike_rides
2025-01,2i5w-ykuw,Lyft,35,850,853,670,includes_classic_bike_rides
2025-01,2i5w-ykuw,Lyft,36,7,12,2,includes_classic_bike_rides
2025-01,2i5w-ykuw,Lyft,37,16,13,0,includes_classic_bike_rides
2025-01,2i5w-ykuw,Lyft,38,111,110,36,includes_classic_bike_rides
2025-01,2i5w-ykuw,Lyft,39,238,233,59,includes_classic_bike_rides
2025-01,2i5w-ykuw,Lyft,40,58,53,23,includes_classic_bike_rides
2025-01,2i5w-ykuw,Lyft,41,3745,3757,2816,includes_classic_bike_rides
2025-01,2i5w-ykuw,Lyft,42,829,841,94,includes_classic_bike_rides
2025-01,2i5w-ykuw,Lyft,43,24,25,15,includes_classic_bike_rides
2025-01,2i5w-ykuw,Lyft,44,21,22,17,includes_classic_bike_rides
2025-01,2i5w-ykuw,Lyft,45,8,7,5,includes_classic_bike_rides
2025-01,2i5w-ykuw,Lyft,46,13,14,10,includes_classic_bike_rides
2025-01,2i5w-ykuw,Lyft,48,2,1,0,includes_classic_bike_rides
2025-01,2i5w-ykuw,Lyft,49,5,4,4,includes_classic_bike_rides
2025-01,2i5w-ykuw,Lyft,51,0,2,0,includes_classic_bike_rides
2025-01,2i5w-ykuw,Lyft,52,4,4,2,includes_classic_bike_rides
2025-01,2i5w-ykuw,Lyft,53,2,3,2,includes_classic_bike_rides
2025-01,2i5w-ykuw,Lyft,55,4,3,3,includes_classic_bike_rides
2025-01,2i5w-ykuw,Lyft,56,14,7,4,includes_classic_bike_rides
2025-01,2i5w-ykuw,Lyft,57,6,4,1,includes_classic_bike_rides
2025-01,2i5w-ykuw,Lyft,58,41,52,19,includes_classic_bike_rides
2025-01,2i5w-ykuw,Lyft,59,88,80,29,includes_classic_bike_rides
2025-01,2i5w-ykuw,Lyft,60,365,381,169,includes_classic_bike_rides
2025-01,2i5w-ykuw,Lyft,61,22,31,8,includes_classic_bike_rides
2025-01,2i5w-ykuw,Lyft,62,3,7,0,includes_classic_bike_rides
2025-01,2i5w-ykuw,Lyft,63,19,13,9,includes_classic_bike_rides
2025-01,2i5w-ykuw,Lyft,65,10,16,5,includes_classic_bike_rides
2025-01,2i5w-ykuw,Lyft,66,16,16,11,includes_classic_bike_rides
2025-01,2i5w-ykuw,Lyft,67,7,7,3,includes_classic_bike_rides
2025-01,2i5w-ykuw,Lyft,68,25,24,15,includes_classic_bike_rides
2025-01,2i5w-ykuw,Lyft,69,20,19,9,includes_classic_bike_rides
2025-01,2i5w-ykuw,Lyft,70,17,16,14,includes_classic_bike_rides
2025-01,2i5w-ykuw,Lyft,71,11,11,7,includes_classic_bike_rides
2025-01,2i5w-ykuw,Lyft,72,4,4,2,includes_classic_bike_rides
2025-01,2i5w-ykuw,Lyft,73,2,2,2,includes_classic_bike_rides
2025-01,2i5w-ykuw,Lyft,75,2,2,0,includes_classic_bike_rides
2025-01,2i5w-ykuw,Lyft,76,8,9,4,includes_classic_bike_rides
2025-01,2i5w-ykuw,Lyft,77,603,615,248,includes_classic_bike_rides
2025-02,2i5w-ykuw,Coco,8,273,267,183,
2025-02,2i5w-ykuw,Coco,24,175,164,67,
2025-02,2i5w-ykuw,Coco,28,105,122,62,
2025-02,2i5w-ykuw,Lime,,56,76,0,
2025-02,2i5w-ykuw,Lime,1,2487,2467,1789,
2025-02,2i5w-ykuw,Lime,2,1429,1525,805,
2025-02,2i5w-ykuw,Lime,3,3532,3445,1938,
2025-02,2i5w-ykuw,Lime,4,1895,1916,954,
2025-02,2i5w-ykuw,Lime,5,2039,2119,952,
2025-02,2i5w-ykuw,Lime,6,10699,10356,7718,
2025-02,2i5w-ykuw,Lime,7,6350,6243,4107,
2025-02,2i5w-ykuw,Lime,8,1509,1645,743,
2025-02,2i5w-ykuw,Lime,9,1,1,1,
2025-02,2i5w-ykuw,Lime,10,34,38,22,
2025-02,2i5w-ykuw,Lime,11,151,159,71,
2025-02,2i5w-ykuw,Lime,12,27,33,10,
2025-02,2i5w-ykuw,Lime,13,209,221,107,
2025-02,2i5w-ykuw,Lime,14,647,699,370,
2025-02,2i5w-ykuw,Lime,15,1011,1085,626,
2025-02,2i5w-ykuw,Lime,16,1239,1231,550,
2025-02,2i5w-ykuw,Lime,17,329,372,193,
2025-02,2i5w-ykuw,Lime,18,305,313,124,
2025-02,2i5w-ykuw,Lime,19,2910,2816,2052,
2025-02,2i5w-ykuw,Lime,20,705,705,212,
2025-02,2i5w-ykuw,Lime,21,1533,1535,734,
2025-02,2i5w-ykuw,Lime,22,4309,4226,2512,
2025-02,2i5w-ykuw,Lime,23,1920,1928,1096,
2025-02,2i5w-ykuw,Lime,24,3912,3894,2555,
2025-02,2i5w-ykuw,Lime,25,2630,2680,2131,
2025-02,2i5w-ykuw,Lime,26,434,433,242,
2025-02,2i5w-ykuw,Lime,27,436,440,191,
2025-02,2i5w-ykuw,Lime,28,1885,1916,1261,
2025-02,2i5w-ykuw,Lime,29,641,663,363,
2025-02,2i5w-ykuw,Lime,30,1204,1171,874,
2025-02,2i5w-ykuw,Lime,31,376,395,183,
2025-02,2i5w-ykuw,Lime,32,294,374,163,
2025-02,2i5w-ykuw,Lime,33,68,81,31,
2025-02,2i5w-ykuw,Lime,34,148,127,36,
2025-02,2i5w-ykuw,Lime,35,381,372,236,
2025-02,2i5w-ykuw,Lime,36,87,106,37,
2025-02,2i5w-ykuw,Lime,37,162,168,41,
2025-02,2i5w-ykuw,Lime,38,620,591,363,
2025-02,2i5w-ykuw,Lime,39,401,418,161,
2025-02,2i5w-ykuw,Lime,40,686,672,437,
2025-02,2i5w-ykuw,Lime,41,3762,3720,3155,
2025-02,2i5w-ykuw,Lime,42,1039,1025,442,
2025-02,2i5w-ykuw,Lime,43,2034,2069,1657,
2025-02,2i5w-ykuw,Lime,44,1393,1355,942,
2025-02,2i5w-ykuw,Lime,45,234,234,108,
2025-02,2i5w-ykuw,Lime,46,746,735,510,
2025-02,2i5w-ykuw,Lime,47,58,63,38,
2025-02,2i5w-ykuw,Lime,48,281,292,161,
2025-02,2i5w-ykuw,Lime,49,1200,1205,865,
2025-02,2i5w-ykuw,Lime,50,234,254,145,
2025-02,2i5w-ykuw,Lime,51,303,292,199,
2025-02,2i5w-ykuw,Lime,52,328,335,280,
2025-02,2i5w-ykuw,Lime,53,300,304,186,
2025-02,2i5w-ykuw,Lime,54,55,59,55,
2025-02,2i5w-ykuw,Lime,55,78,75,51,
2025-02,2i5w-ykuw,Lime,56,480,520,282,
2025-02,2i5w-ykuw,Lime,57,927,871,472,
2025-02,2i5w-ykuw,Lime,58,2380,2248,1565,
2025-02,2i5w-ykuw,Lime,59,356,363,184,
2025-02,2i5w-ykuw,Lime,60,288,322,183,
2025-02,2i5w-ykuw,Lime,61,1311,1221,832,
2025-02,2i5w-ykuw,Lime,62,667,703,283,
2025-02,2i5w-ykuw,Lime,63,1793,1857,1039,
2025-02,2i5w-ykuw,Lime,64,158,173,84,
2025-02,2i5w-ykuw,Lime,65,904,901,519,
2025-02,2i5w-ykuw,Lime,66,1776,1818,1261,
2025-02,2i5w-ykuw,Lime,67,435,475,234,
2025-02,2i5w-ykuw,Lime,68,861,890,569,
2025-02,2i5w-ykuw,Lime,69,1034,1042,612,
2025-02,2i5w-ykuw,Lime,70,184,216,121,
2025-02,2i5w-ykuw,Lime,71,756,778,540,
2025-02,2i5w-ykuw,Lime,72,154,165,87,
2025-02,2i5w-ykuw,Lime,73,443,437,273,
2025-02,2i5w-ykuw,Lime,74,10,10,8,
2025-02,2i5w-ykuw,Lime,75,279,248,154,
2025-02,2i5w-ykuw,Lime,77,2262,2264,1287,
2025-02,2i5w-ykuw,Lyft,,74,83,0,includes_classic_bike_rides
2025-02,2i5w-ykuw,Lyft,1,613,610,392,includes_classic_bike_rides
2025-02,2i5w-ykuw,Lyft,2,221,210,75,includes_classic_bike_rides
2025-02,2i5w-ykuw,Lyft,3,1515,1566,570,includes_classic_bike_rides
2025-02,2i5w-ykuw,Lyft,4,914,899,364,includes_classic_bike_rides
2025-02,2i5w-ykuw,Lyft,5,696,736,152,includes_classic_bike_rides
2025-02,2i5w-ykuw,Lyft,6,5363,5422,3164,includes_classic_bike_rides
2025-02,2i5w-ykuw,Lyft,7,5767,6000,2838,includes_classic_bike_rides
2025-02,2i5w-ykuw,Lyft,8,19402,19040,11627,includes_classic_bike_rides
2025-02,2i5w-ykuw,Lyft,11,6,7,2,includes_classic_bike_rides
2025-02,2i5w-ykuw,Lyft,12,1,0,0,includes_classic_bike_rides
2025-02,2i5w-ykuw,Lyft,13,65,78,20,includes_classic_bike_rides
2025-02,2i5w-ykuw,Lyft,14,94,126,32,includes_classic_bike_rides
2025-02,2i5w-ykuw,Lyft,15,43,49,27,includes_classic_bike_rides
2025-02,2i5w-ykuw,Lyft,16,264,259,113,includes_classic_bike_rides
2025-02,2i5w-ykuw,Lyft,17,7,8,3,includes_classic_bike_rides
2025-02,2i5w-ykuw,Lyft,18,3,3,2,includes_classic_bike_rides
2025-02,2i5w-ykuw,Lyft,19,43,46,32,includes_classic_bike_rides
2025-02,2i5w-ykuw,Lyft,20,65,63,14,includes_classic_bike_rides
2025-02,2i5w-ykuw,Lyft,21,176,169,56,includes_classic_bike_rides
2025-02,2i5w-ykuw,Lyft,22,1567,1692,735,includes_classic_bike_rides
2025-02,2i5w-ykuw,Lyft,23,104,103,28,includes_classic_bike_rides
2025-02,2i5w-ykuw,Lyft,24,5061,5096,2312,includes_classic_bike_rides
2025-02,2i5w-ykuw,Lyft,25,73,74,54,includes_classic_bike_rides
2025-02,2i5w-ykuw,Lyft,26,21,18,9,includes_classic_bike_rides
2025-02,2i5w-ykuw,Lyft,27,67,55,22,includes_classic_bike_rides
2025-02,2i5w-ykuw,Lyft,28,16126,16377,9727,includes_classic_bike_rides
2025-02,2i5w-ykuw,Lyft,29,41,51,25,includes_classic_bike_rides
2025-02,2i5w-ykuw,Lyft,30,70,81,41,includes_classic_bike_rides
2025-02,2i5w-ykuw,Lyft,31,738,791,302,includes_classic_bike_rides
2025-02,2i5w-ykuw,Lyft,32,13896,13373,6923,includes_classic_bike_rides
2025-02,2i5w-ykuw,Lyft,33,2094,2029,727,includes_classic_bike_rides
2025-02,2i5w-ykuw,Lyft,34,442,490,125,includes_classic_bike_rides
2025-02,2i5w-ykuw,Lyft,35,1254,1261,999,includes_classic_bike_rides
2025-02,2i5w-ykuw,Lyft,36,4,3,0,includes_classic_bike_rides
2025-02,2i5w-ykuw,Lyft,37,15,18,4,includes_classic_bike_rides
2025-02,2i5w-ykuw,Lyft,38,95,99,27,includes_classic_bike_rides
2025-02,2i5w-ykuw,Lyft,39,309,292,85,includes_classic_bike_rides
2025-02,2i5w-ykuw,Lyft,40,47,53,20,includes_classic_bike_rides
2025-02,2i5w-ykuw,Lyft,41,4785,4797,3570,includes_classic_bike_rides
2025-02,2i5w-ykuw,Lyft,42,1121,1101,118,includes_classic_bike_rides
2025-02,2i5w-ykuw,Lyft,43,15,22,11,includes_classic_bike_rides
2025-02,2i5w-ykuw,Lyft,44,9,9,3,includes_classic_bike_rides
2025-02,2i5w-ykuw,Lyft,45,6,3,1,includes_classic_bike_rides
2025-02,2i5w-ykuw,Lyft,46,11,11,7,includes_classic_bike_rides
2025-02,2i5w-ykuw,Lyft,47,1,1,0,includes_classic_bike_rides
2025-02,2i5w-ykuw,Lyft,48,2,3,0,includes_classic_bike_rides
2025-02,2i5w-ykuw,Lyft,49,2,7,2,includes_classic_bike_rides
2025-02,2i5w-ykuw,Lyft,50,1,0,0,includes_classic_bike_rides
2025-02,2i5w-ykuw,Lyft,51,12,11,10,includes_classic_bike_rides
2025-02,2i5w-ykuw,Lyft,52,11,13,10,includes_classic_bike_rides
2025-02,2i5w-ykuw,Lyft,53,10,9,8,includes_classic_bike_rides
2025-02,2i5w-ykuw,Lyft,54,3,3,2,includes_classic_bike_rides
2025-02,2i5w-ykuw,Lyft,55,18,17,16,includes_classic_bike_rides
2025-02,2i5w-ykuw,Lyft,56,18,19,7,includes_classic_bike_rides
2025-02,2i5w-ykuw,Lyft,57,15,14,11,includes_classic_bike_rides
2025-02,2i5w-ykuw,Lyft,58,52,52,26,includes_classic_bike_rides
2025-02,2i5w-ykuw,Lyft,59,59,63,19,includes_classic_bike_rides
2025-02,2i5w-ykuw,Lyft,60,458,457,215,includes_classic_bike_rides
2025-02,2i5w-ykuw,Lyft,61,48,58,24,includes_classic_bike_rides
2025-02,2i5w-ykuw,Lyft,62,6,6,1,includes_classic_bike_rides
2025-02,2i5w-ykuw,Lyft,63,32,32,13,includes_classic_bike_rides
2025-02,2i5w-ykuw,Lyft,64,0,1,0,includes_classic_bike_rides
2025-02,2i5w-ykuw,Lyft,65,9,9,0,includes_classic_bike_rides
2025-02,2i5w-ykuw,Lyft,66,16,16,5,includes_classic_bike_rides
2025-02,2i5w-ykuw,Lyft,67,6,6,4,includes_classic_bike_rides
2025-02,2i5w-ykuw,Lyft,68,9,6,4,includes_classic_bike_rides
2025-02,2i5w-ykuw,Lyft,69,5,5,2,includes_classic_bike_rides
2025-02,2i5w-ykuw,Lyft,70,9,7,6,includes_classic_bike_rides
2025-02,2i5w-ykuw,Lyft,71,2,4,0,includes_classic_bike_rides
2025-02,2i5w-ykuw,Lyft,72,9,9,6,includes_classic_bike_rides
2025-02,2i5w-ykuw,Lyft,73,6,6,3,includes_classic_bike_rides
2025-02,2i5w-ykuw,Lyft,74,2,2,0,includes_classic_bike_rides
2025-02,2i5w-ykuw,Lyft,75,7,7,5,includes_classic_bike_rides
2025-02,2i5w-ykuw,Lyft,76,2,3,1,includes_classic_bike_rides
2025-02,2i5w-ykuw,Lyft,77,613,627,276,includes_classic_bike_rides
2025-03,2i5w-ykuw,Coco,7,4,4,0,
2025-03,2i5w-ykuw,Coco,8,362,373,217,
2025-03,2i5w-ykuw,Coco,24,362,343,159,
2025-03,2i5w-ykuw,Coco,28,882,890,744,
2025-03,2i5w-ykuw,Lime,,204,294,0,
2025-03,2i5w-ykuw,Lime,1,5313,5351,3795,
2025-03,2i5w-ykuw,Lime,2,3782,3941,2224,
2025-03,2i5w-ykuw,Lime,3,10027,9860,5444,
2025-03,2i5w-ykuw,Lime,4,4782,4834,2337,
2025-03,2i5w-ykuw,Lime,5,5487,5634,2312,
2025-03,2i5w-ykuw,Lime,6,34221,33147,24238,
2025-03,2i5w-ykuw,Lime,7,21857,21266,13764,
2025-03,2i5w-ykuw,Lime,8,7246,8068,3933,
2025-03,2i5w-ykuw,Lime,9,46,56,33,
2025-03,2i5w-ykuw,Lime,10,263,292,179,
2025-03,2i5w-ykuw,Lime,11,588,630,305,
2025-03,2i5w-ykuw,Lime,12,144,175,53,
2025-03,2i5w-ykuw,Lime,13,779,806,327,
2025-03,2i5w-ykuw,Lime,14,2151,2233,1060,
2025-03,2i5w-ykuw,Lime,15,3153,3293,1820,
2025-03,2i5w-ykuw,Lime,16,3694,3780,1618,
2025-03,2i5w-ykuw,Lime,17,998,1075,543,
2025-03,2i5w-ykuw,Lime,18,1076,1093,512,
2025-03,2i5w-ykuw,Lime,19,9979,9681,6992,
2025-03,2i5w-ykuw,Lime,20,2480,2440,900,
2025-03,2i5w-ykuw,Lime,21,4604,4597,2053,
2025-03,2i5w-ykuw,Lime,22,13746,13616,7860,
2025-03,2i5w-ykuw,Lime,23,6595,6448,3808,
2025-03,2i5w-ykuw,Lime,24,14643,14527,9210,
2025-03,2i5w-ykuw,Lime,25,9602,9734,7676,
2025-03,2i5w-ykuw,Lime,26,1806,1819,1056,
2025-03,2i5w-ykuw,Lime,27,1852,1898,987,
2025-03,2i5w-ykuw,Lime,28,6624,6623,3850,
2025-03,2i5w-ykuw,Lime,29,3298,3365,2267,
2025-03,2i5w-ykuw,Lime,30,3745,3681,2737,
2025-03,2i5w-ykuw,Lime,31,1343,1373,659,
2025-03,2i5w-ykuw,Lime,32,2182,2607,1315,
2025-03,2i5w-ykuw,Lime,33,421,450,183,
2025-03,2i5w-ykuw,Lime,34,670,604,240,
2025-03,2i5w-ykuw,Lime,35,1049,1019,588,
2025-03,2i5w-ykuw,Lime,36,202,229,63,
2025-03,2i5w-ykuw,Lime,37,390,376,72,
2025-03,2i5w-ykuw,Lime,38,1587,1556,881,
2025-03,2i5w-ykuw,Lime,39,1060,1083,444,
2025-03,2i5w-ykuw,Lime,40,1758,1705,1073,
2025-03,2i5w-ykuw,Lime,41,5649,5517,4482,
2025-03,2i5w-ykuw,Lime,42,2317,2430,1232,
2025-03,2i5w-ykuw,Lime,43,4566,4710,3614,
2025-03,2i5w-ykuw,Lime,44,4601,4311,2967,
2025-03,2i5w-ykuw,Lime,45,840,842,396,
2025-03,2i5w-ykuw,Lime,46,2195,2183,1519,
2025-03,2i5w-ykuw,Lime,47,187,213,75,
2025-03,2i5w-ykuw,Lime,48,1126,1138,668,
2025-03,2i5w-ykuw,Lime,49,4416,4359,3186,
2025-03,2i5w-ykuw,Lime,50,901,920,537,
2025-03,2i5w-ykuw,Lime,51,955,938,623,
2025-03,2i5w-ykuw,Lime,52,955,965,775,
2025-03,2i5w-ykuw,Lime,53,1322,1341,932,
2025-03,2i5w-ykuw,Lime,54,331,347,311,
2025-03,2i5w-ykuw,Lime,55,283,295,193,
2025-03,2i5w-ykuw,Lime,56,1146,1247,627,
2025-03,2i5w-ykuw,Lime,57,2716,2535,1567,
2025-03,2i5w-ykuw,Lime,58,6966,6583,4709,
2025-03,2i5w-ykuw,Lime,59,1074,1084,550,
2025-03,2i5w-ykuw,Lime,60,1055,1157,664,
2025-03,2i5w-ykuw,Lime,61,3958,3770,2606,
2025-03,2i5w-ykuw,Lime,62,2014,2114,966,
2025-03,2i5w-ykuw,Lime,63,5776,5974,3566,
2025-03,2i5w-ykuw,Lime,64,473,510,237,
2025-03,2i5w-ykuw,Lime,65,2267,2229,1249,
2025-03,2i5w-ykuw,Lime,66,5746,5893,4057,
2025-03,2i5w-ykuw,Lime,67,1932,2045,1193,
2025-03,2i5w-ykuw,Lime,68,2594,2678,1744,
2025-03,2i5w-ykuw,Lime,69,3707,3710,2418,
2025-03,2i5w-ykuw,Lime,70,758,848,526,
2025-03,2i5w-ykuw,Lime,71,2881,2852,2040,
2025-03,2i5w-ykuw,Lime,72,442,495,286,
2025-03,2i5w-ykuw,Lime,73,1320,1318,783,
2025-03,2i5w-ykuw,Lime,74,57,71,48,
2025-03,2i5w-ykuw,Lime,75,869,830,509,
2025-03,2i5w-ykuw,Lime,76,4,7,1,
2025-03,2i5w-ykuw,Lime,77,6189,6317,3619,
2025-03,2i5w-ykuw,Lyft,,134,189,0,includes_classic_bike_rides
2025-03,2i5w-ykuw,Lyft,1,1205,1183,731,includes_classic_bike_rides
2025-03,2i5w-ykuw,Lyft,2,435,461,178,includes_classic_bike_rides
2025-03,2i5w-ykuw,Lyft,3,4142,4145,1516,includes_classic_bike_rides
2025-03,2i5w-ykuw,Lyft,4,1928,1952,758,includes_classic_bike_rides
2025-03,2i5w-ykuw,Lyft,5,1342,1431,258,includes_classic_bike_rides
2025-03,2i5w-ykuw,Lyft,6,12885,13269,7015,includes_classic_bike_rides
2025-03,2i5w-ykuw,Lyft,7,16488,17264,7978,includes_classic_bike_rides
2025-03,2i5w-ykuw,Lyft,8,41143,40347,22378,includes_classic_bike_rides
2025-03,2i5w-ykuw,Lyft,10,18,13,9,includes_classic_bike_rides
2025-03,2i5w-ykuw,Lyft,11,52,42,15,includes_classic_bike_rides
2025-03,2i5w-ykuw,Lyft,12,13,15,3,includes_classic_bike_rides
2025-03,2i5w-ykuw,Lyft,13,231,254,102,includes_classic_bike_rides
2025-03,2i5w-ykuw,Lyft,14,289,284,76,includes_classic_bike_rides
2025-03,2i5w-ykuw,Lyft,15,103,126,50,includes_classic_bike_rides
2025-03,2i5w-ykuw,Lyft,16,587,580,241,includes_classic_bike_rides
2025-03,2i5w-ykuw,Lyft,17,36,38,23,includes_classic_bike_rides
2025-03,2i5w-ykuw,Lyft,18,16,9,7,includes_classic_bike_rides
2025-03,2i5w-ykuw,Lyft,19,106,116,77,includes_classic_bike_rides
2025-03,2i5w-ykuw,Lyft,20,148,141,31,includes_classic_bike_rides
2025-03,2i5w-ykuw,Lyft,21,403,482,116,includes_classic_bike_rides
2025-03,2i5w-ykuw,Lyft,22,3937,4129,1716,includes_classic_bike_rides
2025-03,2i5w-ykuw,Lyft,23,266,294,108,includes_classic_bike_rides
2025-03,2i5w-ykuw,Lyft,24,11684,11830,5274,includes_classic_bike_rides
2025-03,2i5w-ykuw,Lyft,25,282,291,227,includes_classic_bike_rides
2025-03,2i5w-ykuw,Lyft,26,64,62,36,includes_classic_bike_rides
2025-03,2i5w-ykuw,Lyft,27,144,129,55,includes_classic_bike_rides
2025-03,2i5w-ykuw,Lyft,28,29217,29123,16080,includes_classic_bike_rides
2025-03,2i5w-ykuw,Lyft,29,127,125,66,includes_classic_bike_rides
2025-03,2i5w-ykuw,Lyft,30,161,164,89,includes_classic_bike_rides
2025-03,2i5w-ykuw,Lyft,31,1614,1679,570,includes_classic_bike_rides
2025-03,2i5w-ykuw,Lyft,32,31716,30970,15977,includes_classic_bike_rides
2025-03,2i5w-ykuw,Lyft,33,5753,5432,1916,includes_classic_bike_rides
2025-03,2i5w-ykuw,Lyft,34,1179,1245,362,includes_classic_bike_rides
2025-03,2i5w-ykuw,Lyft,35,2100,2076,1501,includes_classic_bike_rides
2025-03,2i5w-ykuw,Lyft,36,13,16,3,includes_classic_bike_rides
2025-03,2i5w-ykuw,Lyft,37,31,37,7,includes_classic_bike_rides
2025-03,2i5w-ykuw,Lyft,38,229,226,93,includes_classic_bike_rides
2025-03,2i5w-ykuw,Lyft,39,501,523,160,includes_classic_bike_rides
2025-03,2i5w-ykuw,Lyft,40,85,101,34,includes_classic_bike_rides
2025-03,2i5w-ykuw,Lyft,41,6720,6603,4843,includes_classic_bike_rides
2025-03,2i5w-ykuw,Lyft,42,1550,1543,221,includes_classic_bike_rides
2025-03,2i5w-ykuw,Lyft,43,82,80,41,includes_classic_bike_rides
2025-03,2i5w-ykuw,Lyft,44,28,26,18,includes_classic_bike_rides
2025-03,2i5w-ykuw,Lyft,45,4,5,0,includes_classic_bike_rides
2025-03,2i5w-ykuw,Lyft,46,16,17,11,includes_classic_bike_rides
2025-03,2i5w-ykuw,Lyft,47,1,1,1,includes_classic_bike_rides
2025-03,2i5w-ykuw,Lyft,48,4,4,3,includes_classic_bike_rides
2025-03,2i5w-ykuw,Lyft,49,38,37,32,includes_classic_bike_rides
2025-03,2i5w-ykuw,Lyft,50,5,5,4,includes_classic_bike_rides
2025-03,2i5w-ykuw,Lyft,51,19,18,15,includes_classic_bike_rides
2025-03,2i5w-ykuw,Lyft,52,30,31,28,includes_classic_bike_rides
2025-03,2i5w-ykuw,Lyft,53,10,10,5,includes_classic_bike_rides
2025-03,2i5w-ykuw,Lyft,55,15,15,15,includes_classic_bike_rides
2025-03,2i5w-ykuw,Lyft,56,29,28,17,includes_classic_bike_rides
2025-03,2i5w-ykuw,Lyft,57,28,26,19,includes_classic_bike_rides
2025-03,2i5w-ykuw,Lyft,58,86,85,41,includes_classic_bike_rides
2025-03,2i5w-ykuw,Lyft,59,160,174,88,includes_classic_bike_rides
2025-03,2i5w-ykuw,Lyft,60,946,954,415,includes_classic_bike_rides
2025-03,2i5w-ykuw,Lyft,61,104,116,65,includes_classic_bike_rides
2025-03,2i5w-ykuw,Lyft,62,10,7,4,includes_classic_bike_rides
2025-03,2i5w-ykuw,Lyft,63,32,44,15,includes_classic_bike_rides
2025-03,2i5w-ykuw,Lyft,65,21,27,13,includes_classic_bike_rides
2025-03,2i5w-ykuw,Lyft,66,21,22,9,includes_classic_bike_rides
2025-03,2i5w-ykuw,Lyft,67,24,21,14,includes_classic_bike_rides
2025-03,2i5w-ykuw,Lyft,68,35,35,19,includes_classic_bike_rides
2025-03,2i5w-ykuw,Lyft,69,22,23,11,includes_classic_bike_rides
2025-03,2i5w-ykuw,Lyft,70,34,35,25,includes_classic_bike_rides
2025-03,2i5w-ykuw,Lyft,71,12,18,6,includes_classic_bike_rides
2025-03,2i5w-ykuw,Lyft,72,29,28,18,includes_classic_bike_rides
2025-03,2i5w-ykuw,Lyft,73,15,13,8,includes_classic_bike_rides
2025-03,2i5w-ykuw,Lyft,74,0,3,0,includes_classic_bike_rides
2025-03,2i5w-ykuw,Lyft,75,15,12,7,includes_classic_bike_rides
2025-03,2i5w-ykuw,Lyft,76,6,7,2,includes_classic_bike_rides
2025-03,2i5w-ykuw,Lyft,77,1521,1613,625,includes_classic_bike_rides
2025-04,2i5w-ykuw,Coco,7,326,332,247,
2025-04,2i5w-ykuw,Coco,8,615,620,377,
2025-04,2i5w-ykuw,Coco,24,519,511,218,
2025-04,2i5w-ykuw,Coco,28,1107,1104,940,
2025-04,2i5w-ykuw,Lime,,264,502,0,
2025-04,2i5w-ykuw,Lime,1,8224,8252,6018,
2025-04,2i5w-ykuw,Lime,2,5779,5967,3479,
2025-04,2i5w-ykuw,Lime,3,13229,12746,7130,
2025-04,2i5w-ykuw,Lime,4,6849,6750,3226,
2025-04,2i5w-ykuw,Lime,5,8175,8089,3247,
2025-04,2i5w-ykuw,Lime,6,42685,42627,29166,
2025-04,2i5w-ykuw,Lime,7,30323,29584,19315,
2025-04,2i5w-ykuw,Lime,8,10117,11000,5523,
2025-04,2i5w-ykuw,Lime,9,37,47,19,
2025-04,2i5w-ykuw,Lime,10,659,675,466,
2025-04,2i5w-ykuw,Lime,11,1298,1350,757,
2025-04,2i5w-ykuw,Lime,12,277,320,107,
2025-04,2i5w-ykuw,Lime,13,1474,1518,639,
2025-04,2i5w-ykuw,Lime,14,4016,4088,2140,
2025-04,2i5w-ykuw,Lime,15,5039,5251,2736,
2025-04,2i5w-ykuw,Lime,16,5979,6010,2610,
2025-04,2i5w-ykuw,Lime,17,1450,1524,770,
2025-04,2i5w-ykuw,Lime,18,1414,1487,686,
2025-04,2i5w-ykuw,Lime,19,15010,14776,10590,
2025-04,2i5w-ykuw,Lime,20,4205,4221,1651,
2025-04,2i5w-ykuw,Lime,21,6501,6450,2757,
2025-04,2i5w-ykuw,Lime,22,20024,19796,11406,
2025-04,2i5w-ykuw,Lime,23,9273,9094,5276,
2025-04,2i5w-ykuw,Lime,24,21975,21563,13986,
2025-04,2i5w-ykuw,Lime,25,13467,13584,10627,
2025-04,2i5w-ykuw,Lime,26,2709,2713,1525,
2025-04,2i5w-ykuw,Lime,27,2496,2524,1140,
2025-04,2i5w-ykuw,Lime,28,10856,10698,6583,
2025-04,2i5w-ykuw,Lime,29,4893,4888,3169,
2025-04,2i5w-ykuw,Lime,30,6219,6180,4636,
2025-04,2i5w-ykuw,Lime,31,2382,2405,1279,
2025-04,2i5w-ykuw,Lime,32,2690,3364,1544,
2025-04,2i5w-ykuw,Lime,33,700,719,320,
2025-04,2i5w-ykuw,Lime,34,941,902,298,
2025-04,2i5w-ykuw,Lime,35,1595,1585,918,
2025-04,2i5w-ykuw,Lime,36,342,361,119,
2025-04,2i5w-ykuw,Lime,37,766,770,220,
2025-04,2i5w-ykuw,Lime,38,2617,2561,1581,
2025-04,2i5w-ykuw,Lime,39,1692,1686,702,
2025-04,2i5w-ykuw,Lime,40,2162,2119,1235,
2025-04,2i5w-ykuw,Lime,41,10253,10213,8299,
2025-04,2i5w-ykuw,Lime,42,3609,3742,1713,
2025-04,2i5w-ykuw,Lime,43,6229,6380,4959,
2025-04,2i5w-ykuw,Lime,44,6363,6074,4233,
2025-04,2i5w-ykuw,Lime,45,1298,1317,572,
2025-04,2i5w-ykuw,Lime,46,3030,3004,2126,
2025-04,2i5w-ykuw,Lime,47,270,283,91,
2025-04,2i5w-ykuw,Lime,48,1483,1464,897,
2025-04,2i5w-ykuw,Lime,49,5988,5920,4474,
2025-04,2i5w-ykuw,Lime,50,1322,1341,774,
2025-04,2i5w-ykuw,Lime,51,1350,1316,899,
2025-04,2i5w-ykuw,Lime,52,1584,1614,1346,
2025-04,2i5w-ykuw,Lime,53,1804,1846,1208,
2025-04,2i5w-ykuw,Lime,54,390,414,369,
2025-04,2i5w-ykuw,Lime,55,253,263,121,
2025-04,2i5w-ykuw,Lime,56,1719,1784,875,
2025-04,2i5w-ykuw,Lime,57,3557,3340,2040,
2025-04,2i5w-ykuw,Lime,58,9801,9272,6678,
2025-04,2i5w-ykuw,Lime,59,1597,1625,822,
2025-04,2i5w-ykuw,Lime,60,1541,1621,968,
2025-04,2i5w-ykuw,Lime,61,6056,5888,4079,
2025-04,2i5w-ykuw,Lime,62,2814,2905,1279,
2025-04,2i5w-ykuw,Lime,63,7833,7968,4754,
2025-04,2i5w-ykuw,Lime,64,851,917,507,
2025-04,2i5w-ykuw,Lime,65,3530,3633,2053,
2025-04,2i5w-ykuw,Lime,66,7830,7912,5404,
2025-04,2i5w-ykuw,Lime,67,2880,2995,1662,
2025-04,2i5w-ykuw,Lime,68,3125,3200,1883,
2025-04,2i5w-ykuw,Lime,69,5372,5359,3509,
2025-04,2i5w-ykuw,Lime,70,1415,1548,1061,
2025-04,2i5w-ykuw,Lime,71,4301,4295,3062,
2025-04,2i5w-ykuw,Lime,72,764,804,415,
2025-04,2i5w-ykuw,Lime,73,2005,1990,1215,
2025-04,2i5w-ykuw,Lime,74,204,196,156,
2025-04,2i5w-ykuw,Lime,75,1204,1157,716,
2025-04,2i5w-ykuw,Lime,76,13,16,10,
2025-04,2i5w-ykuw,Lime,77,8693,8772,5074,
2025-04,2i5w-ykuw,Lyft,,246,244,0,includes_classic_bike_rides
2025-04,2i5w-ykuw,Lyft,1,1476,1527,878,includes_classic_bike_rides
2025-04,2i5w-ykuw,Lyft,2,627,618,281,includes_classic_bike_rides
2025-04,2i5w-ykuw,Lyft,3,5138,5130,1910,includes_classic_bike_rides
2025-04,2i5w-ykuw,Lyft,4,2374,2424,947,includes_classic_bike_rides
2025-04,2i5w-ykuw,Lyft,5,1850,1963,385,includes_classic_bike_rides
2025-04,2i5w-ykuw,Lyft,6,16358,16928,8751,includes_classic_bike_rides
2025-04,2i5w-ykuw,Lyft,7,19995,20930,9512,includes_classic_bike_rides
2025-04,2i5w-ykuw,Lyft,8,47884,46755,25454,includes_classic_bike_rides
2025-04,2i5w-ykuw,Lyft,10,29,27,17,includes_classic_bike_rides
2025-04,2i5w-ykuw,Lyft,11,69,48,15,includes_classic_bike_rides
2025-04,2i5w-ykuw,Lyft,12,32,36,16,includes_classic_bike_rides
2025-04,2i5w-ykuw,Lyft,13,304,335,138,includes_classic_bike_rides
2025-04,2i5w-ykuw,Lyft,14,302,352,99,includes_classic_bike_rides
2025-04,2i5w-ykuw,Lyft,15,138,155,61,includes_classic_bike_rides
2025-04,2i5w-ykuw,Lyft,16,736,731,280,includes_classic_bike_rides
2025-04,2i5w-ykuw,Lyft,17,33,55,25,includes_classic_bike_rides
2025-04,2i5w-ykuw,Lyft,18,14,18,5,includes_classic_bike_rides
2025-04,2i5w-ykuw,Lyft,19,203,213,137,includes_classic_bike_rides
2025-04,2i5w-ykuw,Lyft,20,199,211,55,includes_classic_bike_rides
2025-04,2i5w-ykuw,Lyft,21,630,653,183,includes_classic_bike_rides
2025-04,2i5w-ykuw,Lyft,22,5295,5437,2298,includes_classic_bike_rides
2025-04,2i5w-ykuw,Lyft,23,357,367,141,includes_classic_bike_rides
2025-04,2i5w-ykuw,Lyft,24,14659,14646,6420,includes_classic_bike_rides
2025-04,2i5w-ykuw,Lyft,25,306,306,232,includes_classic_bike_rides
2025-04,2i5w-ykuw,Lyft,26,67,54,34,includes_classic_bike_rides
2025-04,2i5w-ykuw,Lyft,27,220,195,81,includes_classic_bike_rides
2025-04,2i5w-ykuw,Lyft,28,35217,35208,19790,includes_classic_bike_rides
2025-04,2i5w-ykuw,Lyft,29,237,246,161,includes_classic_bike_rides
2025-04,2i5w-ykuw,Lyft,30,227,229,119,includes_classic_bike_rides
2025-04,2i5w-ykuw,Lyft,31,1989,2098,716,includes_classic_bike_rides
2025-04,2i5w-ykuw,Lyft,32,35761,34931,17229,includes_classic_bike_rides
2025-04,2i5w-ykuw,Lyft,33,7098,6802,2288,includes_classic_bike_rides
2025-04,2i5w-ykuw,Lyft,34,1392,1490,472,includes_classic_bike_rides
2025-04,2i5w-ykuw,Lyft,35,2962,2935,2131,includes_classic_bike_rides
2025-04,2i5w-ykuw,Lyft,36,23,25,3,includes_classic_bike_rides
2025-04,2i5w-ykuw,Lyft,37,31,49,12,includes_classic_bike_rides
2025-04,2i5w-ykuw,Lyft,38,307,327,119,includes_classic_bike_rides
2025-04,2i5w-ykuw,Lyft,39,786,759,239,includes_classic_bike_rides
2025-04,2i5w-ykuw,Lyft,40,134,148,36,includes_classic_bike_rides
2025-04,2i5w-ykuw,Lyft,41,10247,10261,7389,includes_classic_bike_rides
2025-04,2i5w-ykuw,Lyft,42,2441,2451,340,includes_classic_bike_rides
2025-04,2i5w-ykuw,Lyft,43,114,125,71,includes_classic_bike_rides
2025-04,2i5w-ykuw,Lyft,44,59,58,31,includes_classic_bike_rides
2025-04,2i5w-ykuw,Lyft,45,3,4,1,includes_classic_bike_rides
2025-04,2i5w-ykuw,Lyft,46,25,25,17,includes_classic_bike_rides
2025-04,2i5w-ykuw,Lyft,48,3,5,2,includes_classic_bike_rides
2025-04,2i5w-ykuw,Lyft,49,32,34,19,includes_classic_bike_rides
2025-04,2i5w-ykuw,Lyft,50,8,7,6,includes_classic_bike_rides
2025-04,2i5w-ykuw,Lyft,51,10,11,9,includes_classic_bike_rides
2025-04,2i5w-ykuw,Lyft,52,21,24,18,includes_classic_bike_rides
2025-04,2i5w-ykuw,Lyft,53,9,7,7,includes_classic_bike_rides
2025-04,2i5w-ykuw,Lyft,54,4,4,4,includes_classic_bike_rides
2025-04,2i5w-ykuw,Lyft,55,20,19,18,includes_classic_bike_rides
2025-04,2i5w-ykuw,Lyft,56,48,43,12,includes_classic_bike_rides
2025-04,2i5w-ykuw,Lyft,57,45,41,22,includes_classic_bike_rides
2025-04,2i5w-ykuw,Lyft,58,151,129,66,includes_classic_bike_rides
2025-04,2i5w-ykuw,Lyft,59,209,199,85,includes_classic_bike_rides
2025-04,2i5w-ykuw,Lyft,60,1132,1138,493,includes_classic_bike_rides
2025-04,2i5w-ykuw,Lyft,61,176,157,94,includes_classic_bike_rides
2025-04,2i5w-ykuw,Lyft,62,17,24,5,includes_classic_bike_rides
2025-04,2i5w-ykuw,Lyft,63,52,80,28,includes_classic_bike_rides
2025-04,2i5w-ykuw,Lyft,64,1,1,0,includes_classic_bike_rides
2025-04,2i5w-ykuw,Lyft,65,46,64,14,includes_classic_bike_rides
2025-04,2i5w-ykuw,Lyft,66,43,44,24,includes_classic_bike_rides
2025-04,2i5w-ykuw,Lyft,67,25,27,20,includes_classic_bike_rides
2025-04,2i5w-ykuw,Lyft,68,63,64,31,includes_classic_bike_rides
2025-04,2i5w-ykuw,Lyft,69,52,51,28,includes_classic_bike_rides
2025-04,2i5w-ykuw,Lyft,70,37,36,25,includes_classic_bike_rides
2025-04,2i5w-ykuw,Lyft,71,21,20,10,includes_classic_bike_rides
2025-04,2i5w-ykuw,Lyft,72,21,25,14,includes_classic_bike_rides
2025-04,2i5w-ykuw,Lyft,73,18,21,8,includes_classic_bike_rides
2025-04,2i5w-ykuw,Lyft,74,8,8,8,includes_classic_bike_rides
2025-04,2i5w-ykuw,Lyft,75,6,4,4,includes_classic_bike_rides
2025-04,2i5w-ykuw,Lyft,76,20,15,10,includes_classic_bike_rides
2025-04,2i5w-ykuw,Lyft,77,1904,1965,705,includes_classic_bike_rides
2025-05,2i5w-ykuw,Coco,7,583,610,460,
2025-05,2i5w-ykuw,Coco,8,824,781,486,
2025-05,2i5w-ykuw,Coco,24,540,550,236,
2025-05,2i5w-ykuw,Coco,28,1576,1582,1413,
2025-05,2i5w-ykuw,Lime,,436,844,0,
2025-05,2i5w-ykuw,Lime,1,11316,11277,8229,
2025-05,2i5w-ykuw,Lime,2,7929,8219,4734,
2025-05,2i5w-ykuw,Lime,3,17112,16775,9130,
2025-05,2i5w-ykuw,Lime,4,9345,9256,4348,
2025-05,2i5w-ykuw,Lime,5,12162,11988,4839,
2025-05,2i5w-ykuw,Lime,6,53764,53711,35074,
2025-05,2i5w-ykuw,Lime,7,43583,42291,27535,
2025-05,2i5w-ykuw,Lime,8,15974,17258,8715,
2025-05,2i5w-ykuw,Lime,9,72,86,51,
2025-05,2i5w-ykuw,Lime,10,882,916,600,
2025-05,2i5w-ykuw,Lime,11,2084,2084,1114,
2025-05,2i5w-ykuw,Lime,12,493,555,220,
2025-05,2i5w-ykuw,Lime,13,2196,2209,942,
2025-05,2i5w-ykuw,Lime,14,6609,6699,3581,
2025-05,2i5w-ykuw,Lime,15,7465,7643,4019,
2025-05,2i5w-ykuw,Lime,16,9172,9192,3857,
2025-05,2i5w-ykuw,Lime,17,2365,2465,1328,
2025-05,2i5w-ykuw,Lime,18,2924,2966,1561,
2025-05,2i5w-ykuw,Lime,19,22650,22372,15788,
2025-05,2i5w-ykuw,Lime,20,6525,6532,2790,
2025-05,2i5w-ykuw,Lime,21,9725,9693,4059,
2025-05,2i5w-ykuw,Lime,22,29028,28876,16205,
2025-05,2i5w-ykuw,Lime,23,13581,13400,7414,
2025-05,2i5w-ykuw,Lime,24,33603,32762,21365,
2025-05,2i5w-ykuw,Lime,25,20249,20472,15786,
2025-05,2i5w-ykuw,Lime,26,4376,4371,2598,
2025-05,2i5w-ykuw,Lime,27,4198,4268,1999,
2025-05,2i5w-ykuw,Lime,28,15744,15495,9200,
2025-05,2i5w-ykuw,Lime,29,7827,7910,5318,
2025-05,2i5w-ykuw,Lime,30,8278,8227,6304,
2025-05,2i5w-ykuw,Lime,31,3415,3392,1792,
2025-05,2i5w-ykuw,Lime,32,4693,5780,2706,
2025-05,2i5w-ykuw,Lime,33,1378,1435,629,
2025-05,2i5w-ykuw,Lime,34,1459,1382,519,
2025-05,2i5w-ykuw,Lime,35,2013,2037,1130,
2025-05,2i5w-ykuw,Lime,36,599,591,179,
2025-05,2i5w-ykuw,Lime,37,1088,1050,340,
2025-05,2i5w-ykuw,Lime,38,3766,3670,2258,
2025-05,2i5w-ykuw,Lime,39,2590,2510,1036,
2025-05,2i5w-ykuw,Lime,40,2996,2951,1603,
2025-05,2i5w-ykuw,Lime,41,12785,12902,10152,
2025-05,2i5w-ykuw,Lime,42,5053,5092,2403,
2025-05,2i5w-ykuw,Lime,43,8592,8689,6716,
2025-05,2i5w-ykuw,Lime,44,7739,7555,4867,
2025-05,2i5w-ykuw,Lime,45,1421,1413,549,
2025-05,2i5w-ykuw,Lime,46,3912,3961,2803,
2025-05,2i5w-ykuw,Lime,47,341,373,117,
2025-05,2i5w-ykuw,Lime,48,1472,1438,752,
2025-05,2i5w-ykuw,Lime,49,7354,7303,5128,
2025-05,2i5w-ykuw,Lime,50,1894,1899,1093,
2025-05,2i5w-ykuw,Lime,51,1618,1633,1147,
2025-05,2i5w-ykuw,Lime,52,1988,1992,1648,
2025-05,2i5w-ykuw,Lime,53,3100,3125,2293,
2025-05,2i5w-ykuw,Lime,54,529,551,490,
2025-05,2i5w-ykuw,Lime,55,298,301,163,
2025-05,2i5w-ykuw,Lime,56,2654,2678,1373,
2025-05,2i5w-ykuw,Lime,57,4652,4360,2632,
2025-05,2i5w-ykuw,Lime,58,12174,11527,8168,
2025-05,2i5w-ykuw,Lime,59,2225,2278,1144,
2025-05,2i5w-ykuw,Lime,60,2819,2911,1775,
2025-05,2i5w-ykuw,Lime,61,8717,8512,6025,
2025-05,2i5w-ykuw,Lime,62,3516,3671,1598,
2025-05,2i5w-ykuw,Lime,63,10719,10985,6507,
2025-05,2i5w-ykuw,Lime,64,1500,1588,848,
2025-05,2i5w-ykuw,Lime,65,5663,5699,3308,
2025-05,2i5w-ykuw,Lime,66,11867,11862,8112,
2025-05,2i5w-ykuw,Lime,67,4997,5120,3161,
2025-05,2i5w-ykuw,Lime,68,5051,5132,3046,
2025-05,2i5w-ykuw,Lime,69,7378,7400,4674,
2025-05,2i5w-ykuw,Lime,70,2430,2572,1830,
2025-05,2i5w-ykuw,Lime,71,6332,6281,4218,
2025-05,2i5w-ykuw,Lime,72,1100,1159,559,
2025-05,2i5w-ykuw,Lime,73,3216,3170,1929,
2025-05,2i5w-ykuw,Lime,74,231,232,183,
2025-05,2i5w-ykuw,Lime,75,1765,1732,1003,
2025-05,2i5w-ykuw,Lime,76,19,27,13,
2025-05,2i5w-ykuw,Lime,77,10991,11043,6128,
2025-05,2i5w-ykuw,Lyft,,271,283,0,includes_classic_bike_rides
2025-05,2i5w-ykuw,Lyft,1,2058,2048,1217,includes_classic_bike_rides
2025-05,2i5w-ykuw,Lyft,2,833,866,359,includes_classic_bike_rides
2025-05,2i5w-ykuw,Lyft,3,7700,7674,2798,includes_classic_bike_rides
2025-05,2i5w-ykuw,Lyft,4,3424,3522,1283,includes_classic_bike_rides
2025-05,2i5w-ykuw,Lyft,5,2937,3070,642,includes_classic_bike_rides
2025-05,2i5w-ykuw,Lyft,6,23477,24182,11713,includes_classic_bike_rides
2025-05,2i5w-ykuw,Lyft,7,29207,31106,13241,includes_classic_bike_rides
2025-05,2i5w-ykuw,Lyft,8,63009,61760,32972,includes_classic_bike_rides
2025-05,2i5w-ykuw,Lyft,10,28,29,9,includes_classic_bike_rides
2025-05,2i5w-ykuw,Lyft,11,96,91,27,includes_classic_bike_rides
2025-05,2i5w-ykuw,Lyft,12,84,78,34,includes_classic_bike_rides
2025-05,2i5w-ykuw,Lyft,13,443,441,185,includes_classic_bike_rides
2025-05,2i5w-ykuw,Lyft,14,544,586,166,includes_classic_bike_rides
2025-05,2i5w-ykuw,Lyft,15,212,243,99,includes_classic_bike_rides
2025-05,2i5w-ykuw,Lyft,16,1047,1053,371,includes_classic_bike_rides
2025-05,2i5w-ykuw,Lyft,17,55,64,43,includes_classic_bike_rides
2025-05,2i5w-ykuw,Lyft,18,18,22,15,includes_classic_bike_rides
2025-05,2i5w-ykuw,Lyft,19,278,271,185,includes_classic_bike_rides
2025-05,2i5w-ykuw,Lyft,20,259,285,62,includes_classic_bike_rides
2025-05,2i5w-ykuw,Lyft,21,913,991,270,includes_classic_bike_rides
2025-05,2i5w-ykuw,Lyft,22,7624,7778,3239,includes_classic_bike_rides
2025-05,2i5w-ykuw,Lyft,23,514,531,208,includes_classic_bike_rides
2025-05,2i5w-ykuw,Lyft,24,17642,17921,7297,includes_classic_bike_rides
2025-05,2i5w-ykuw,Lyft,25,395,423,344,includes_classic_bike_rides
2025-05,2i5w-ykuw,Lyft,26,54,50,27,includes_classic_bike_rides
2025-05,2i5w-ykuw,Lyft,27,272,246,107,includes_classic_bike_rides
2025-05,2i5w-ykuw,Lyft,28,38343,38327,20006,includes_classic_bike_rides
2025-05,2i5w-ykuw,Lyft,29,289,272,160,includes_classic_bike_rides
2025-05,2i5w-ykuw,Lyft,30,287,330,151,includes_classic_bike_rides
2025-05,2i5w-ykuw,Lyft,31,2629,2761,951,includes_classic_bike_rides
2025-05,2i5w-ykuw,Lyft,32,47744,45458,22930,includes_classic_bike_rides
2025-05,2i5w-ykuw,Lyft,33,9877,9471,3038,includes_classic_bike_rides
2025-05,2i5w-ykuw,Lyft,34,1674,1823,491,includes_classic_bike_rides
2025-05,2i5w-ykuw,Lyft,35,3148,3129,2071,includes_classic_bike_rides
2025-05,2i5w-ykuw,Lyft,36,44,55,16,includes_classic_bike_rides
2025-05,2i5w-ykuw,Lyft,37,68,68,10,includes_classic_bike_rides
2025-05,2i5w-ykuw,Lyft,38,416,448,177,includes_classic_bike_rides
2025-05,2i5w-ykuw,Lyft,39,871,839,233,includes_classic_bike_rides
2025-05,2i5w-ykuw,Lyft,40,205,201,61,includes_classic_bike_rides
2025-05,2i5w-ykuw,Lyft,41,10893,10863,7806,includes_classic_bike_rides
2025-05,2i5w-ykuw,Lyft,42,2493,2512,417,includes_classic_bike_rides
2025-05,2i5w-ykuw,Lyft,43,145,157,63,includes_classic_bike_rides
2025-05,2i5w-ykuw,Lyft,44,44,55,28,includes_classic_bike_rides
2025-05,2i5w-ykuw,Lyft,45,3,5,0,includes_classic_bike_rides
2025-05,2i5w-ykuw,Lyft,46,37,42,18,includes_classic_bike_rides
2025-05,2i5w-ykuw,Lyft,47,1,3,0,includes_classic_bike_rides
2025-05,2i5w-ykuw,Lyft,48,2,5,0,includes_classic_bike_rides
2025-05,2i5w-ykuw,Lyft,49,52,39,28,includes_classic_bike_rides
2025-05,2i5w-ykuw,Lyft,50,4,11,2,includes_classic_bike_rides
2025-05,2i5w-ykuw,Lyft,51,25,25,22,includes_classic_bike_rides
2025-05,2i5w-ykuw,Lyft,52,55,55,41,includes_classic_bike_rides
2025-05,2i5w-ykuw,Lyft,53,4,4,4,includes_classic_bike_rides
2025-05,2i5w-ykuw,Lyft,54,2,2,2,includes_classic_bike_rides
2025-05,2i5w-ykuw,Lyft,55,28,26,23,includes_classic_bike_rides
2025-05,2i5w-ykuw,Lyft,56,57,60,24,includes_classic_bike_rides
2025-05,2i5w-ykuw,Lyft,57,64,63,40,includes_classic_bike_rides
2025-05,2i5w-ykuw,Lyft,58,234,231,125,includes_classic_bike_rides
2025-05,2i5w-ykuw,Lyft,59,327,305,132,includes_classic_bike_rides
2025-05,2i5w-ykuw,Lyft,60,1363,1443,588,includes_classic_bike_rides
2025-05,2i5w-ykuw,Lyft,61,190,219,92,includes_classic_bike_rides
2025-05,2i5w-ykuw,Lyft,62,34,31,12,includes_classic_bike_rides
2025-05,2i5w-ykuw,Lyft,63,141,143,76,includes_classic_bike_rides
2025-05,2i5w-ykuw,Lyft,64,0,1,0,includes_classic_bike_rides
2025-05,2i5w-ykuw,Lyft,65,48,59,16,includes_classic_bike_rides
2025-05,2i5w-ykuw,Lyft,66,78,89,42,includes_classic_bike_rides
2025-05,2i5w-ykuw,Lyft,67,39,37,14,includes_classic_bike_rides
2025-05,2i5w-ykuw,Lyft,68,99,89,50,includes_classic_bike_rides
2025-05,2i5w-ykuw,Lyft,69,39,46,20,includes_classic_bike_rides
2025-05,2i5w-ykuw,Lyft,70,52,55,40,includes_classic_bike_rides
2025-05,2i5w-ykuw,Lyft,71,40,40,18,includes_classic_bike_rides
2025-05,2i5w-ykuw,Lyft,72,31,29,19,includes_classic_bike_rides
2025-05,2i5w-ykuw,Lyft,73,21,25,8,includes_classic_bike_rides
2025-05,2i5w-ykuw,Lyft,74,8,8,5,includes_classic_bike_rides
2025-05,2i5w-ykuw,Lyft,75,15,17,10,includes_classic_bike_rides
2025-05,2i5w-ykuw,Lyft,76,31,27,26,includes_classic_bike_rides
2025-05,2i5w-ykuw,Lyft,77,2912,2983,1008,includes_classic_bike_rides
2025-06,2i5w-ykuw,Coco,7,1161,1104,1012,
2025-06,2i5w-ykuw,Coco,8,750,795,439,
2025-06,2i5w-ykuw,Coco,24,621,634,268,
2025-06,2i5w-ykuw,Coco,28,1554,1553,1361,
2025-06,2i5w-ykuw,Lime,,1029,1438,0,
2025-06,2i5w-ykuw,Lime,1,16830,16686,12205,
2025-06,2i5w-ykuw,Lime,2,12681,12956,7957,
2025-06,2i5w-ykuw,Lime,3,24961,24831,13373,
2025-06,2i5w-ykuw,Lime,4,13246,13089,6150,
2025-06,2i5w-ykuw,Lime,5,16596,16651,6470,
2025-06,2i5w-ykuw,Lime,6,65399,65604,40289,
2025-06,2i5w-ykuw,Lime,7,61742,59481,38111,
2025-06,2i5w-ykuw,Lime,8,26128,28588,14636,
2025-06,2i5w-ykuw,Lime,9,374,388,257,
2025-06,2i5w-ykuw,Lime,10,2148,2208,1555,
2025-06,2i5w-ykuw,Lime,11,2742,2827,1378,
2025-06,2i5w-ykuw,Lime,12,1108,1188,631,
2025-06,2i5w-ykuw,Lime,13,3020,3050,1235,
2025-06,2i5w-ykuw,Lime,14,8039,8073,4051,
2025-06,2i5w-ykuw,Lime,15,10880,11019,5919,
2025-06,2i5w-ykuw,Lime,16,12863,12874,5526,
2025-06,2i5w-ykuw,Lime,17,3767,3965,2121,
2025-06,2i5w-ykuw,Lime,18,3728,3785,1823,
2025-06,2i5w-ykuw,Lime,19,29137,28687,20080,
2025-06,2i5w-ykuw,Lime,20,7647,7610,2983,
2025-06,2i5w-ykuw,Lime,21,13957,13908,5743,
2025-06,2i5w-ykuw,Lime,22,40620,40316,22296,
2025-06,2i5w-ykuw,Lime,23,21654,21291,11983,
2025-06,2i5w-ykuw,Lime,24,51775,50202,32656,
2025-06,2i5w-ykuw,Lime,25,30520,30648,23560,
2025-06,2i5w-ykuw,Lime,26,8811,8901,5545,
2025-06,2i5w-ykuw,Lime,27,7293,7274,3593,
2025-06,2i5w-ykuw,Lime,28,22518,22694,13061,
2025-06,2i5w-ykuw,Lime,29,12734,12765,8605,
2025-06,2i5w-ykuw,Lime,30,11532,11535,8615,
2025-06,2i5w-ykuw,Lime,31,4182,4269,2182,
2025-06,2i5w-ykuw,Lime,32,8326,9662,5308,
2025-06,2i5w-ykuw,Lime,33,2362,2509,1163,
2025-06,2i5w-ykuw,Lime,34,2252,2207,789,
2025-06,2i5w-ykuw,Lime,35,3266,3317,1855,
2025-06,2i5w-ykuw,Lime,36,1152,1205,513,
2025-06,2i5w-ykuw,Lime,37,1712,1676,498,
2025-06,2i5w-ykuw,Lime,38,6275,6046,3715,
2025-06,2i5w-ykuw,Lime,39,3724,3700,1653,
2025-06,2i5w-ykuw,Lime,40,4395,4412,2290,
2025-06,2i5w-ykuw,Lime,41,11645,11642,8009,
2025-06,2i5w-ykuw,Lime,42,7408,7509,3776,
2025-06,2i5w-ykuw,Lime,43,12219,12215,9234,
2025-06,2i5w-ykuw,Lime,44,9312,9307,5624,
2025-06,2i5w-ykuw,Lime,45,1887,1905,802,
2025-06,2i5w-ykuw,Lime,46,6243,6257,4496,
2025-06,2i5w-ykuw,Lime,47,341,331,110,
2025-06,2i5w-ykuw,Lime,48,1711,1698,849,
2025-06,2i5w-ykuw,Lime,49,8545,8502,6003,
2025-06,2i5w-ykuw,Lime,50,2069,2043,1087,
2025-06,2i5w-ykuw,Lime,51,2256,2258,1610,
2025-06,2i5w-ykuw,Lime,52,2632,2617,2162,
2025-06,2i5w-ykuw,Lime,53,4114,4097,3059,
2025-06,2i5w-ykuw,Lime,54,1093,1121,1026,
2025-06,2i5w-ykuw,Lime,55,558,581,335,
2025-06,2i5w-ykuw,Lime,56,3527,3536,1978,
2025-06,2i5w-ykuw,Lime,57,4950,4799,2713,
2025-06,2i5w-ykuw,Lime,58,14120,13430,9463,
2025-06,2i5w-ykuw,Lime,59,3156,3158,1619,
2025-06,2i5w-ykuw,Lime,60,4048,4074,2547,
2025-06,2i5w-ykuw,Lime,61,12112,11746,8263,
2025-06,2i5w-ykuw,Lime,62,4077,4222,1822,
2025-06,2i5w-ykuw,Lime,63,11979,12236,7102,
2025-06,2i5w-ykuw,Lime,64,2005,2082,1143,
2025-06,2i5w-ykuw,Lime,65,6422,6439,3561,
2025-06,2i5w-ykuw,Lime,66,14843,14787,10250,
2025-06,2i5w-ykuw,Lime,67,7700,7749,4865,
2025-06,2i5w-ykuw,Lime,68,7677,7715,4701,
2025-06,2i5w-ykuw,Lime,69,9426,9388,5626,
2025-06,2i5w-ykuw,Lime,70,2939,3133,2148,
2025-06,2i5w-ykuw,Lime,71,9265,9154,6175,
2025-06,2i5w-ykuw,Lime,72,1885,1912,1088,
2025-06,2i5w-ykuw,Lime,73,4056,4104,2527,
2025-06,2i5w-ykuw,Lime,74,306,316,234,
2025-06,2i5w-ykuw,Lime,75,2143,2177,1252,
2025-06,2i5w-ykuw,Lime,76,84,84,47,
2025-06,2i5w-ykuw,Lime,77,15690,15709,8475,
2025-06,2i5w-ykuw,Lyft,,347,387,0,includes_classic_bike_rides
2025-06,2i5w-ykuw,Lyft,1,2640,2590,1499,includes_classic_bike_rides
2025-06,2i5w-ykuw,Lyft,2,1024,1130,479,includes_classic_bike_rides
2025-06,2i5w-ykuw,Lyft,3,12123,12454,4602,includes_classic_bike_rides
2025-06,2i5w-ykuw,Lyft,4,4114,4243,1480,includes_classic_bike_rides
2025-06,2i5w-ykuw,Lyft,5,3752,4016,787,includes_classic_bike_rides
2025-06,2i5w-ykuw,Lyft,6,33858,34588,16225,includes_classic_bike_rides
2025-06,2i5w-ykuw,Lyft,7,46863,49764,22201,includes_classic_bike_rides
2025-06,2i5w-ykuw,Lyft,8,93672,91169,48336,includes_classic_bike_rides
2025-06,2i5w-ykuw,Lyft,10,57,55,24,includes_classic_bike_rides
2025-06,2i5w-ykuw,Lyft,11,170,155,55,includes_classic_bike_rides
2025-06,2i5w-ykuw,Lyft,12,96,92,39,includes_classic_bike_rides
2025-06,2i5w-ykuw,Lyft,13,493,516,217,includes_classic_bike_rides
2025-06,2i5w-ykuw,Lyft,14,558,625,162,includes_classic_bike_rides
2025-06,2i5w-ykuw,Lyft,15,305,331,113,includes_classic_bike_rides
2025-06,2i5w-ykuw,Lyft,16,1387,1466,512,includes_classic_bike_rides
2025-06,2i5w-ykuw,Lyft,17,107,111,79,includes_classic_bike_rides
2025-06,2i5w-ykuw,Lyft,18,32,26,16,includes_classic_bike_rides
2025-06,2i5w-ykuw,Lyft,19,273,290,182,includes_classic_bike_rides
2025-06,2i5w-ykuw,Lyft,20,265,323,72,includes_classic_bike_rides
2025-06,2i5w-ykuw,Lyft,21,1226,1379,371,includes_classic_bike_rides
2025-06,2i5w-ykuw,Lyft,22,10118,10442,4356,includes_classic_bike_rides
2025-06,2i5w-ykuw,Lyft,23,584,641,189,includes_classic_bike_rides
2025-06,2i5w-ykuw,Lyft,24,23953,24520,9977,includes_classic_bike_rides
2025-06,2i5w-ykuw,Lyft,25,423,426,333,includes_classic_bike_rides
2025-06,2i5w-ykuw,Lyft,26,79,95,38,includes_classic_bike_rides
2025-06,2i5w-ykuw,Lyft,27,381,413,145,includes_classic_bike_rides
2025-06,2i5w-ykuw,Lyft,28,50009,49388,24205,includes_classic_bike_rides
2025-06,2i5w-ykuw,Lyft,29,381,387,236,includes_classic_bike_rides
2025-06,2i5w-ykuw,Lyft,30,327,338,172,includes_classic_bike_rides
2025-06,2i5w-ykuw,Lyft,31,3328,3521,1217,includes_classic_bike_rides
2025-06,2i5w-ykuw,Lyft,32,67208,63916,31610,includes_classic_bike_rides
2025-06,2i5w-ykuw,Lyft,33,13709,13191,4414,includes_classic_bike_rides
2025-06,2i5w-ykuw,Lyft,34,2348,2621,709,includes_classic_bike_rides
2025-06,2i5w-ykuw,Lyft,35,3572,3598,2119,includes_classic_bike_rides
2025-06,2i5w-ykuw,Lyft,36,75,78,38,includes_classic_bike_rides
2025-06,2i5w-ykuw,Lyft,37,65,75,8,includes_classic_bike_rides
2025-06,2i5w-ykuw,Lyft,38,487,552,165,includes_classic_bike_rides
2025-06,2i5w-ykuw,Lyft,39,896,887,270,includes_classic_bike_rides
2025-06,2i5w-ykuw,Lyft,40,265,278,116,includes_classic_bike_rides
2025-06,2i5w-ykuw,Lyft,41,7611,7630,5667,includes_classic_bike_rides
2025-06,2i5w-ykuw,Lyft,42,1314,1339,397,includes_classic_bike_rides
2025-06,2i5w-ykuw,Lyft,43,225,245,105,includes_classic_bike_rides
2025-06,2i5w-ykuw,Lyft,44,73,86,50,includes_classic_bike_rides
2025-06,2i5w-ykuw,Lyft,45,12,10,5,includes_classic_bike_rides
2025-06,2i5w-ykuw,Lyft,46,33,37,13,includes_classic_bike_rides
2025-06,2i5w-ykuw,Lyft,47,0,2,0,includes_classic_bike_rides
2025-06,2i5w-ykuw,Lyft,48,7,7,3,includes_classic_bike_rides
2025-06,2i5w-ykuw,Lyft,49,53,52,34,includes_classic_bike_rides
2025-06,2i5w-ykuw,Lyft,50,13,10,8,includes_classic_bike_rides
2025-06,2i5w-ykuw,Lyft,51,36,36,36,includes_classic_bike_rides
2025-06,2i5w-ykuw,Lyft,52,89,91,72,includes_classic_bike_rides
2025-06,2i5w-ykuw,Lyft,53,17,19,15,includes_classic_bike_rides
2025-06,2i5w-ykuw,Lyft,54,6,6,6,includes_classic_bike_rides
2025-06,2i5w-ykuw,Lyft,55,18,23,18,includes_classic_bike_rides
2025-06,2i5w-ykuw,Lyft,56,84,78,49,includes_classic_bike_rides
2025-06,2i5w-ykuw,Lyft,57,68,57,43,includes_classic_bike_rides
2025-06,2i5w-ykuw,Lyft,58,262,259,156,includes_classic_bike_rides
2025-06,2i5w-ykuw,Lyft,59,309,354,123,includes_classic_bike_rides
2025-06,2i5w-ykuw,Lyft,60,1727,1761,722,includes_classic_bike_rides
2025-06,2i5w-ykuw,Lyft,61,278,299,144,includes_classic_bike_rides
2025-06,2i5w-ykuw,Lyft,62,28,28,12,includes_classic_bike_rides
2025-06,2i5w-ykuw,Lyft,63,128,159,79,includes_classic_bike_rides
2025-06,2i5w-ykuw,Lyft,64,0,1,0,includes_classic_bike_rides
2025-06,2i5w-ykuw,Lyft,65,37,46,11,includes_classic_bike_rides
2025-06,2i5w-ykuw,Lyft,66,94,106,53,includes_classic_bike_rides
2025-06,2i5w-ykuw,Lyft,67,65,65,41,includes_classic_bike_rides
2025-06,2i5w-ykuw,Lyft,68,108,109,67,includes_classic_bike_rides
2025-06,2i5w-ykuw,Lyft,69,94,100,56,includes_classic_bike_rides
2025-06,2i5w-ykuw,Lyft,70,84,73,61,includes_classic_bike_rides
2025-06,2i5w-ykuw,Lyft,71,44,57,27,includes_classic_bike_rides
2025-06,2i5w-ykuw,Lyft,72,37,41,27,includes_classic_bike_rides
2025-06,2i5w-ykuw,Lyft,73,33,37,19,includes_classic_bike_rides
2025-06,2i5w-ykuw,Lyft,74,15,17,12,includes_classic_bike_rides
2025-06,2i5w-ykuw,Lyft,75,49,41,33,includes_classic_bike_rides
2025-06,2i5w-ykuw,Lyft,76,17,21,10,includes_classic_bike_rides
2025-06,2i5w-ykuw,Lyft,77,4553,4812,1540,includes_classic_bike_rides
2025-07,2i5w-ykuw,Coco,6,59,54,0,
2025-07,2i5w-ykuw,Coco,7,970,987,852,
2025-07,2i5w-ykuw,Coco,8,784,782,478,
2025-07,2i5w-ykuw,Coco,24,460,459,158,
2025-07,2i5w-ykuw,Coco,27,6,6,0,
2025-07,2i5w-ykuw,Coco,28,1628,1619,1453,
2025-07,2i5w-ykuw,Coco,29,1,1,0,
2025-07,2i5w-ykuw,Lime,,1091,1453,0,
2025-07,2i5w-ykuw,Lime,1,13212,13272,9187,
2025-07,2i5w-ykuw,Lime,2,12277,12461,7375,
2025-07,2i5w-ykuw,Lime,3,21269,21389,10929,
2025-07,2i5w-ykuw,Lime,4,12387,12378,5425,
2025-07,2i5w-ykuw,Lime,5,14838,14957,5327,
2025-07,2i5w-ykuw,Lime,6,60398,60516,36396,
2025-07,2i5w-ykuw,Lime,7,57047,54420,33834,
2025-07,2i5w-ykuw,Lime,8,18184,20499,9663,
2025-07,2i5w-ykuw,Lime,9,255,290,143,
2025-07,2i5w-ykuw,Lime,10,2476,2562,1832,
2025-07,2i5w-ykuw,Lime,11,3010,3084,1450,
2025-07,2i5w-ykuw,Lime,12,1399,1471,782,
2025-07,2i5w-ykuw,Lime,13,3299,3387,1295,
2025-07,2i5w-ykuw,Lime,14,8680,8799,4242,
2025-07,2i5w-ykuw,Lime,15,11477,11710,6125,
2025-07,2i5w-ykuw,Lime,16,12548,12674,5057,
2025-07,2i5w-ykuw,Lime,17,3968,4138,2202,
2025-07,2i5w-ykuw,Lime,18,3725,3801,1710,
2025-07,2i5w-ykuw,Lime,19,28005,27590,18317,
2025-07,2i5w-ykuw,Lime,20,7643,7582,2640,
2025-07,2i5w-ykuw,Lime,21,14052,14078,5463,
2025-07,2i5w-ykuw,Lime,22,42697,42121,22458,
2025-07,2i5w-ykuw,Lime,23,24801,24565,13654,
2025-07,2i5w-ykuw,Lime,24,58186,56295,36975,
2025-07,2i5w-ykuw,Lime,25,34751,34999,26722,
2025-07,2i5w-ykuw,Lime,26,9928,9940,6128,
2025-07,2i5w-ykuw,Lime,27,8058,8064,3818,
2025-07,2i5w-ykuw,Lime,28,23729,24788,14774,
2025-07,2i5w-ykuw,Lime,29,13924,13991,9050,
2025-07,2i5w-ykuw,Lime,30,12841,12776,9400,
2025-07,2i5w-ykuw,Lime,31,4973,5090,2550,
2025-07,2i5w-ykuw,Lime,32,1680,1889,1068,
2025-07,2i5w-ykuw,Lime,33,2694,2747,1281,
2025-07,2i5w-ykuw,Lime,34,2582,2581,968,
2025-07,2i5w-ykuw,Lime,35,3638,3666,1954,
2025-07,2i5w-ykuw,Lime,36,1224,1252,451,
2025-07,2i5w-ykuw,Lime,37,1756,1754,486,
2025-07,2i5w-ykuw,Lime,38,6042,5983,3220,
2025-07,2i5w-ykuw,Lime,39,3658,3694,1525,
2025-07,2i5w-ykuw,Lime,40,4073,4056,1906,
2025-07,2i5w-ykuw,Lime,41,8896,8900,5821,
2025-07,2i5w-ykuw,Lime,42,6771,6850,3374,
2025-07,2i5w-ykuw,Lime,43,10914,10978,7653,
2025-07,2i5w-ykuw,Lime,44,9788,9728,5703,
2025-07,2i5w-ykuw,Lime,45,2190,2204,886,
2025-07,2i5w-ykuw,Lime,46,5843,5840,3940,
2025-07,2i5w-ykuw,Lime,47,402,411,158,
2025-07,2i5w-ykuw,Lime,48,2194,2226,1153,
2025-07,2i5w-ykuw,Lime,49,7849,7828,5118,
2025-07,2i5w-ykuw,Lime,50,1773,1767,846,
2025-07,2i5w-ykuw,Lime,51,2034,2028,1282,
2025-07,2i5w-ykuw,Lime,52,2317,2324,1851,
2025-07,2i5w-ykuw,Lime,53,3662,3654,2552,
2025-07,2i5w-ykuw,Lime,54,1068,1111,1010,
2025-07,2i5w-ykuw,Lime,55,443,463,250,
2025-07,2i5w-ykuw,Lime,56,4042,4068,2194,
2025-07,2i5w-ykuw,Lime,57,5093,4954,2762,
2025-07,2i5w-ykuw,Lime,58,13662,12968,8704,
2025-07,2i5w-ykuw,Lime,59,3280,3306,1490,
2025-07,2i5w-ykuw,Lime,60,4414,4431,2824,
2025-07,2i5w-ykuw,Lime,61,11230,10819,7166,
2025-07,2i5w-ykuw,Lime,62,4225,4378,1839,
2025-07,2i5w-ykuw,Lime,63,12084,12411,6917,
2025-07,2i5w-ykuw,Lime,64,1942,2035,1142,
2025-07,2i5w-ykuw,Lime,65,6299,6293,3409,
2025-07,2i5w-ykuw,Lime,66,13819,13758,8953,
2025-07,2i5w-ykuw,Lime,67,7761,7841,4732,
2025-07,2i5w-ykuw,Lime,68,7618,7661,4306,
2025-07,2i5w-ykuw,Lime,69,9629,9525,5483,
2025-07,2i5w-ykuw,Lime,70,3278,3430,2274,
2025-07,2i5w-ykuw,Lime,71,9744,9640,6210,
2025-07,2i5w-ykuw,Lime,72,1916,1968,967,
2025-07,2i5w-ykuw,Lime,73,4369,4349,2615,
2025-07,2i5w-ykuw,Lime,74,503,523,394,
2025-07,2i5w-ykuw,Lime,75,2565,2552,1464,
2025-07,2i5w-ykuw,Lime,76,112,123,78,
2025-07,2i5w-ykuw,Lime,77,13208,13305,6735,
2025-07,2i5w-ykuw,Lyft,,340,384,0,includes_classic_bike_rides
2025-07,2i5w-ykuw,Lyft,1,3010,2945,1806,includes_classic_bike_rides
2025-07,2i5w-ykuw,Lyft,2,1144,1261,500,includes_classic_bike_rides
2025-07,2i5w-ykuw,Lyft,3,13530,13676,5278,includes_classic_bike_rides
2025-07,2i5w-ykuw,Lyft,4,4948,4981,1806,includes_classic_bike_rides
2025-07,2i5w-ykuw,Lyft,5,4539,4739,996,includes_classic_bike_rides
2025-07,2i5w-ykuw,Lyft,6,38950,39448,19519,includes_classic_bike_rides
2025-07,2i5w-ykuw,Lyft,7,49842,52170,23382,includes_classic_bike_rides
2025-07,2i5w-ykuw,Lyft,8,102551,100651,53697,includes_classic_bike_rides
2025-07,2i5w-ykuw,Lyft,10,32,31,12,includes_classic_bike_rides
2025-07,2i5w-ykuw,Lyft,11,143,136,37,includes_classic_bike_rides
2025-07,2i5w-ykuw,Lyft,12,88,83,32,includes_classic_bike_rides
2025-07,2i5w-ykuw,Lyft,13,485,523,189,includes_classic_bike_rides
2025-07,2i5w-ykuw,Lyft,14,717,757,236,includes_classic_bike_rides
2025-07,2i5w-ykuw,Lyft,15,277,301,106,includes_classic_bike_rides
2025-07,2i5w-ykuw,Lyft,16,1486,1596,545,includes_classic_bike_rides
2025-07,2i5w-ykuw,Lyft,17,126,112,77,includes_classic_bike_rides
2025-07,2i5w-ykuw,Lyft,18,31,25,13,includes_classic_bike_rides
2025-07,2i5w-ykuw,Lyft,19,287,319,172,includes_classic_bike_rides
2025-07,2i5w-ykuw,Lyft,20,315,347,88,includes_classic_bike_rides
2025-07,2i5w-ykuw,Lyft,21,1392,1571,431,includes_classic_bike_rides
2025-07,2i5w-ykuw,Lyft,22,12033,12131,5425,includes_classic_bike_rides
2025-07,2i5w-ykuw,Lyft,23,675,724,210,includes_classic_bike_rides
2025-07,2i5w-ykuw,Lyft,24,26079,26928,11115,includes_classic_bike_rides
2025-07,2i5w-ykuw,Lyft,25,416,438,308,includes_classic_bike_rides
2025-07,2i5w-ykuw,Lyft,26,83,88,48,includes_classic_bike_rides
2025-07,2i5w-ykuw,Lyft,27,352,333,121,includes_classic_bike_rides
2025-07,2i5w-ykuw,Lyft,28,54341,53497,26421,includes_classic_bike_rides
2025-07,2i5w-ykuw,Lyft,29,315,332,174,includes_classic_bike_rides
2025-07,2i5w-ykuw,Lyft,30,295,340,158,includes_classic_bike_rides
2025-07,2i5w-ykuw,Lyft,31,3542,3705,1324,includes_classic_bike_rides
2025-07,2i5w-ykuw,Lyft,32,74089,71231,35362,includes_classic_bike_rides
2025-07,2i5w-ykuw,Lyft,33,14692,14534,4995,includes_classic_bike_rides
2025-07,2i5w-ykuw,Lyft,34,2583,2827,753,includes_classic_bike_rides
2025-07,2i5w-ykuw,Lyft,35,3328,3355,1875,includes_classic_bike_rides
2025-07,2i5w-ykuw,Lyft,36,48,54,18,includes_classic_bike_rides
2025-07,2i5w-ykuw,Lyft,37,91,88,21,includes_classic_bike_rides
2025-07,2i5w-ykuw,Lyft,38,557,632,202,includes_classic_bike_rides
2025-07,2i5w-ykuw,Lyft,39,1011,1032,312,includes_classic_bike_rides
2025-07,2i5w-ykuw,Lyft,40,315,332,116,includes_classic_bike_rides
2025-07,2i5w-ykuw,Lyft,41,9180,9117,6877,includes_classic_bike_rides
2025-07,2i5w-ykuw,Lyft,42,1436,1467,421,includes_classic_bike_rides
2025-07,2i5w-ykuw,Lyft,43,285,300,138,includes_classic_bike_rides
2025-07,2i5w-ykuw,Lyft,44,143,146,108,includes_classic_bike_rides
2025-07,2i5w-ykuw,Lyft,45,26,20,10,includes_classic_bike_rides
2025-07,2i5w-ykuw,Lyft,46,49,59,28,includes_classic_bike_rides
2025-07,2i5w-ykuw,Lyft,47,1,3,0,includes_classic_bike_rides
2025-07,2i5w-ykuw,Lyft,48,16,17,8,includes_classic_bike_rides
2025-07,2i5w-ykuw,Lyft,49,47,44,24,includes_classic_bike_rides
2025-07,2i5w-ykuw,Lyft,50,5,10,4,includes_classic_bike_rides
2025-07,2i5w-ykuw,Lyft,51,32,32,27,includes_classic_bike_rides
2025-07,2i5w-ykuw,Lyft,52,75,75,62,includes_classic_bike_rides
2025-07,2i5w-ykuw,Lyft,53,29,29,25,includes_classic_bike_rides
2025-07,2i5w-ykuw,Lyft,54,3,4,3,includes_classic_bike_rides
2025-07,2i5w-ykuw,Lyft,55,26,28,25,includes_classic_bike_rides
2025-07,2i5w-ykuw,Lyft,56,60,56,36,includes_classic_bike_rides
2025-07,2i5w-ykuw,Lyft,57,74,75,51,includes_classic_bike_rides
2025-07,2i5w-ykuw,Lyft,58,255,241,120,includes_classic_bike_rides
2025-07,2i5w-ykuw,Lyft,59,310,339,109,includes_classic_bike_rides
2025-07,2i5w-ykuw,Lyft,60,1703,1764,685,includes_classic_bike_rides
2025-07,2i5w-ykuw,Lyft,61,240,270,127,includes_classic_bike_rides
2025-07,2i5w-ykuw,Lyft,62,21,19,8,includes_classic_bike_rides
2025-07,2i5w-ykuw,Lyft,63,172,199,104,includes_classic_bike_rides
2025-07,2i5w-ykuw,Lyft,65,49,59,28,includes_classic_bike_rides
2025-07,2i5w-ykuw,Lyft,66,82,93,40,includes_classic_bike_rides
2025-07,2i5w-ykuw,Lyft,67,44,49,22,includes_classic_bike_rides
2025-07,2i5w-ykuw,Lyft,68,102,107,69,includes_classic_bike_rides
2025-07,2i5w-ykuw,Lyft,69,75,68,40,includes_classic_bike_rides
2025-07,2i5w-ykuw,Lyft,70,59,57,45,includes_classic_bike_rides
2025-07,2i5w-ykuw,Lyft,71,59,67,38,includes_classic_bike_rides
2025-07,2i5w-ykuw,Lyft,72,51,47,34,includes_classic_bike_rides
2025-07,2i5w-ykuw,Lyft,73,19,21,7,includes_classic_bike_rides
2025-07,2i5w-ykuw,Lyft,74,11,11,9,includes_classic_bike_rides
2025-07,2i5w-ykuw,Lyft,75,38,36,22,includes_classic_bike_rides
2025-07,2i5w-ykuw,Lyft,76,35,34,30,includes_classic_bike_rides
2025-07,2i5w-ykuw,Lyft,77,4792,5062,1691,includes_classic_bike_rides
2025-08,2i5w-ykuw,Coco,6,298,313,201,
2025-08,2i5w-ykuw,Coco,7,956,948,782,
2025-08,2i5w-ykuw,Coco,8,519,504,354,
2025-08,2i5w-ykuw,Coco,24,598,606,350,
2025-08,2i5w-ykuw,Coco,27,5,4,0,
2025-08,2i5w-ykuw,Coco,28,1565,1564,1393,
2025-08,2i5w-ykuw,Coco,29,7,9,0,
2025-08,2i5w-ykuw,Lime,,929,1314,0,
2025-08,2i5w-ykuw,Lime,1,15835,15865,10919,
2025-08,2i5w-ykuw,Lime,2,13307,13522,7756,
2025-08,2i5w-ykuw,Lime,3,26332,25871,13755,
2025-08,2i5w-ykuw,Lime,4,14503,14588,6403,
2025-08,2i5w-ykuw,Lime,5,17232,17130,6301,
2025-08,2i5w-ykuw,Lime,6,75194,75194,46068,
2025-08,2i5w-ykuw,Lime,7,65096,62046,38781,
2025-08,2i5w-ykuw,Lime,8,19312,22063,10346,
2025-08,2i5w-ykuw,Lime,9,418,473,271,
2025-08,2i5w-ykuw,Lime,10,2145,2228,1391,
2025-08,2i5w-ykuw,Lime,11,3398,3472,1693,
2025-08,2i5w-ykuw,Lime,12,1103,1171,526,
2025-08,2i5w-ykuw,Lime,13,3860,3981,1510,
2025-08,2i5w-ykuw,Lime,14,10314,10369,5014,
2025-08,2i5w-ykuw,Lime,15,11299,11445,5589,
2025-08,2i5w-ykuw,Lime,16,14746,14801,5957,
2025-08,2i5w-ykuw,Lime,17,4459,4619,2407,
2025-08,2i5w-ykuw,Lime,18,3970,4040,1959,
2025-08,2i5w-ykuw,Lime,19,29722,29282,19047,
2025-08,2i5w-ykuw,Lime,20,9180,9142,3261,
2025-08,2i5w-ykuw,Lime,21,15548,15498,6204,
2025-08,2i5w-ykuw,Lime,22,45941,45469,24196,
2025-08,2i5w-ykuw,Lime,23,27846,27368,15005,
2025-08,2i5w-ykuw,Lime,24,55975,54950,34977,
2025-08,2i5w-ykuw,Lime,25,37393,37510,28391,
2025-08,2i5w-ykuw,Lime,26,10952,11022,6594,
2025-08,2i5w-ykuw,Lime,27,8187,8257,3718,
2025-08,2i5w-ykuw,Lime,28,22045,23301,13160,
2025-08,2i5w-ykuw,Lime,29,14435,14431,9230,
2025-08,2i5w-ykuw,Lime,30,12602,12586,9182,
2025-08,2i5w-ykuw,Lime,31,5131,5283,2579,
2025-08,2i5w-ykuw,Lime,32,2762,3228,1899,
2025-08,2i5w-ykuw,Lime,33,2455,2508,1121,
2025-08,2i5w-ykuw,Lime,34,2505,2522,913,
2025-08,2i5w-ykuw,Lime,35,3530,3600,1695,
2025-08,2i5w-ykuw,Lime,36,1234,1291,426,
2025-08,2i5w-ykuw,Lime,37,2022,2004,466,
2025-08,2i5w-ykuw,Lime,38,7666,7455,4301,
2025-08,2i5w-ykuw,Lime,39,3837,3843,1504,
2025-08,2i5w-ykuw,Lime,40,5247,5153,2500,
2025-08,2i5w-ykuw,Lime,41,9074,9110,6049,
2025-08,2i5w-ykuw,Lime,42,6942,7035,3552,
2025-08,2i5w-ykuw,Lime,43,13293,13437,9629,
2025-08,2i5w-ykuw,Lime,44,12000,11699,7026,
2025-08,2i5w-ykuw,Lime,45,2634,2609,1064,
2025-08,2i5w-ykuw,Lime,46,7174,7062,4893,
2025-08,2i5w-ykuw,Lime,47,393,440,127,
2025-08,2i5w-ykuw,Lime,48,2313,2342,1084,
2025-08,2i5w-ykuw,Lime,49,9335,9179,5936,
2025-08,2i5w-ykuw,Lime,50,2178,2213,1009,
2025-08,2i5w-ykuw,Lime,51,2148,2162,1259,
2025-08,2i5w-ykuw,Lime,52,2544,2561,1967,
2025-08,2i5w-ykuw,Lime,53,3936,3969,2773,
2025-08,2i5w-ykuw,Lime,54,1839,1865,1701,
2025-08,2i5w-ykuw,Lime,55,439,469,206,
2025-08,2i5w-ykuw,Lime,56,3975,4088,2120,
2025-08,2i5w-ykuw,Lime,57,6530,6261,3537,
2025-08,2i5w-ykuw,Lime,58,16307,15439,10478,
2025-08,2i5w-ykuw,Lime,59,3384,3388,1515,
2025-08,2i5w-ykuw,Lime,60,3588,3700,1958,
2025-08,2i5w-ykuw,Lime,61,11625,11091,7057,
2025-08,2i5w-ykuw,Lime,62,4505,4631,1857,
2025-08,2i5w-ykuw,Lime,63,12300,12694,6818,
2025-08,2i5w-ykuw,Lime,64,1737,1865,895,
2025-08,2i5w-ykuw,Lime,65,6850,6853,3877,
2025-08,2i5w-ykuw,Lime,66,13960,13951,8852,
2025-08,2i5w-ykuw,Lime,67,8589,8706,5163,
2025-08,2i5w-ykuw,Lime,68,8841,8883,4935,
2025-08,2i5w-ykuw,Lime,69,11085,11026,6346,
2025-08,2i5w-ykuw,Lime,70,3630,3915,2527,
2025-08,2i5w-ykuw,Lime,71,9897,9856,5930,
2025-08,2i5w-ykuw,Lime,72,1682,1727,777,
2025-08,2i5w-ykuw,Lime,73,4467,4531,2580,
2025-08,2i5w-ykuw,Lime,74,359,391,281,
2025-08,2i5w-ykuw,Lime,75,2453,2523,1448,
2025-08,2i5w-ykuw,Lime,76,82,85,49,
2025-08,2i5w-ykuw,Lime,77,16319,16423,8548,
2025-08,2i5w-ykuw,Lyft,,397,435,0,includes_classic_bike_rides
2025-08,2i5w-ykuw,Lyft,1,3061,3061,1769,includes_classic_bike_rides
2025-08,2i5w-ykuw,Lyft,2,1112,1257,500,includes_classic_bike_rides
2025-08,2i5w-ykuw,Lyft,3,14496,14449,5463,includes_classic_bike_rides
2025-08,2i5w-ykuw,Lyft,4,5301,5326,1999,includes_classic_bike_rides
2025-08,2i5w-ykuw,Lyft,5,4942,5197,1100,includes_classic_bike_rides
2025-08,2i5w-ykuw,Lyft,6,44023,44767,22206,includes_classic_bike_rides
2025-08,2i5w-ykuw,Lyft,7,57615,59670,26611,includes_classic_bike_rides
2025-08,2i5w-ykuw,Lyft,8,114242,111824,59542,includes_classic_bike_rides
2025-08,2i5w-ykuw,Lyft,10,33,31,13,includes_classic_bike_rides
2025-08,2i5w-ykuw,Lyft,11,185,190,63,includes_classic_bike_rides
2025-08,2i5w-ykuw,Lyft,12,77,82,29,includes_classic_bike_rides
2025-08,2i5w-ykuw,Lyft,13,490,541,174,includes_classic_bike_rides
2025-08,2i5w-ykuw,Lyft,14,858,923,282,includes_classic_bike_rides
2025-08,2i5w-ykuw,Lyft,15,331,330,137,includes_classic_bike_rides
2025-08,2i5w-ykuw,Lyft,16,1525,1717,592,includes_classic_bike_rides
2025-08,2i5w-ykuw,Lyft,17,106,121,73,includes_classic_bike_rides
2025-08,2i5w-ykuw,Lyft,18,30,25,16,includes_classic_bike_rides
2025-08,2i5w-ykuw,Lyft,19,289,336,174,includes_classic_bike_rides
2025-08,2i5w-ykuw,Lyft,20,283,334,85,includes_classic_bike_rides
2025-08,2i5w-ykuw,Lyft,21,1634,1755,417,includes_classic_bike_rides
2025-08,2i5w-ykuw,Lyft,22,13000,13173,5677,includes_classic_bike_rides
2025-08,2i5w-ykuw,Lyft,23,707,766,221,includes_classic_bike_rides
2025-08,2i5w-ykuw,Lyft,24,28629,29385,11912,includes_classic_bike_rides
2025-08,2i5w-ykuw,Lyft,25,403,443,295,includes_classic_bike_rides
2025-08,2i5w-ykuw,Lyft,26,89,98,47,includes_classic_bike_rides
2025-08,2i5w-ykuw,Lyft,27,355,346,128,includes_classic_bike_rides
2025-08,2i5w-ykuw,Lyft,28,59336,59179,29365,includes_classic_bike_rides
2025-08,2i5w-ykuw,Lyft,29,286,290,150,includes_classic_bike_rides
2025-08,2i5w-ykuw,Lyft,30,282,303,111,includes_classic_bike_rides
2025-08,2i5w-ykuw,Lyft,31,3921,4152,1413,includes_classic_bike_rides
2025-08,2i5w-ykuw,Lyft,32,80483,77561,37804,includes_classic_bike_rides
2025-08,2i5w-ykuw,Lyft,33,16347,16006,5431,includes_classic_bike_rides
2025-08,2i5w-ykuw,Lyft,34,2876,3175,844,includes_classic_bike_rides
2025-08,2i5w-ykuw,Lyft,35,3417,3393,1815,includes_classic_bike_rides
2025-08,2i5w-ykuw,Lyft,36,57,60,19,includes_classic_bike_rides
2025-08,2i5w-ykuw,Lyft,37,71,86,14,includes_classic_bike_rides
2025-08,2i5w-ykuw,Lyft,38,617,735,227,includes_classic_bike_rides
2025-08,2i5w-ykuw,Lyft,39,1092,1089,294,includes_classic_bike_rides
2025-08,2i5w-ykuw,Lyft,40,321,332,115,includes_classic_bike_rides
2025-08,2i5w-ykuw,Lyft,41,9300,9173,6673,includes_classic_bike_rides
2025-08,2i5w-ykuw,Lyft,42,1429,1430,267,includes_classic_bike_rides
2025-08,2i5w-ykuw,Lyft,43,356,365,181,includes_classic_bike_rides
2025-08,2i5w-ykuw,Lyft,44,91,92,61,includes_classic_bike_rides
2025-08,2i5w-ykuw,Lyft,45,8,21,3,includes_classic_bike_rides
2025-08,2i5w-ykuw,Lyft,46,46,51,15,includes_classic_bike_rides
2025-08,2i5w-ykuw,Lyft,48,6,6,5,includes_classic_bike_rides
2025-08,2i5w-ykuw,Lyft,49,53,49,34,includes_classic_bike_rides
2025-08,2i5w-ykuw,Lyft,50,7,7,4,includes_classic_bike_rides
2025-08,2i5w-ykuw,Lyft,51,28,30,25,includes_classic_bike_rides
2025-08,2i5w-ykuw,Lyft,52,70,75,60,includes_classic_bike_rides
2025-08,2i5w-ykuw,Lyft,53,33,31,26,includes_classic_bike_rides
2025-08,2i5w-ykuw,Lyft,54,0,2,0,includes_classic_bike_rides
2025-08,2i5w-ykuw,Lyft,55,30,28,26,includes_classic_bike_rides
2025-08,2i5w-ykuw,Lyft,56,31,36,13,includes_classic_bike_rides
2025-08,2i5w-ykuw,Lyft,57,59,68,40,includes_classic_bike_rides
2025-08,2i5w-ykuw,Lyft,58,253,271,128,includes_classic_bike_rides
2025-08,2i5w-ykuw,Lyft,59,261,291,87,includes_classic_bike_rides
2025-08,2i5w-ykuw,Lyft,60,2091,2142,885,includes_classic_bike_rides
2025-08,2i5w-ykuw,Lyft,61,308,339,146,includes_classic_bike_rides
2025-08,2i5w-ykuw,Lyft,62,17,13,2,includes_classic_bike_rides
2025-08,2i5w-ykuw,Lyft,63,132,143,66,includes_classic_bike_rides
2025-08,2i5w-ykuw,Lyft,64,1,1,0,includes_classic_bike_rides
2025-08,2i5w-ykuw,Lyft,65,34,34,7,includes_classic_bike_rides
2025-08,2i5w-ykuw,Lyft,66,60,69,36,includes_classic_bike_rides
2025-08,2i5w-ykuw,Lyft,67,46,45,20,includes_classic_bike_rides
2025-08,2i5w-ykuw,Lyft,68,106,111,66,includes_classic_bike_rides
2025-08,2i5w-ykuw,Lyft,69,93,92,47,includes_classic_bike_rides
2025-08,2i5w-ykuw,Lyft,70,39,40,31,includes_classic_bike_rides
2025-08,2i5w-ykuw,Lyft,71,33,39,13,includes_classic_bike_rides
2025-08,2i5w-ykuw,Lyft,72,33,36,19,includes_classic_bike_rides
2025-08,2i5w-ykuw,Lyft,73,8,15,4,includes_classic_bike_rides
2025-08,2i5w-ykuw,Lyft,74,6,8,4,includes_classic_bike_rides
2025-08,2i5w-ykuw,Lyft,75,44,46,29,includes_classic_bike_rides
2025-08,2i5w-ykuw,Lyft,76,28,31,23,includes_classic_bike_rides
2025-08,2i5w-ykuw,Lyft,77,5285,5571,1849,includes_classic_bike_rides
2025-09,2i5w-ykuw,Coco,6,242,263,154,
2025-09,2i5w-ykuw,Coco,7,1306,1287,1094,
2025-09,2i5w-ykuw,Coco,8,742,736,529,
2025-09,2i5w-ykuw,Coco,24,655,693,380,
2025-09,2i5w-ykuw,Coco,27,4,5,0,
2025-09,2i5w-ykuw,Coco,28,2120,2086,1907,
2025-09,2i5w-ykuw,Coco,29,8,7,0,
2025-09,2i5w-ykuw,Lime,,846,1099,0,
2025-09,2i5w-ykuw,Lime,1,17093,17026,11665,
2025-09,2i5w-ykuw,Lime,2,14857,15160,8603,
2025-09,2i5w-ykuw,Lime,3,24713,23918,13147,
2025-09,2i5w-ykuw,Lime,4,14217,14216,6412,
2025-09,2i5w-ykuw,Lime,5,17168,16942,6671,
2025-09,2i5w-ykuw,Lime,6,64408,64936,38881,
2025-09,2i5w-ykuw,Lime,7,55399,52925,33025,
2025-09,2i5w-ykuw,Lime,8,15339,17462,7994,
2025-09,2i5w-ykuw,Lime,9,321,343,156,
2025-09,2i5w-ykuw,Lime,10,2436,2511,1580,
2025-09,2i5w-ykuw,Lime,11,3363,3443,1646,
2025-09,2i5w-ykuw,Lime,12,1008,1117,438,
2025-09,2i5w-ykuw,Lime,13,4667,4812,1857,
2025-09,2i5w-ykuw,Lime,14,11579,11670,5738,
2025-09,2i5w-ykuw,Lime,15,12191,12398,6245,
2025-09,2i5w-ykuw,Lime,16,15402,15487,6363,
2025-09,2i5w-ykuw,Lime,17,5030,5238,2793,
2025-09,2i5w-ykuw,Lime,18,3879,3957,1831,
2025-09,2i5w-ykuw,Lime,19,33377,32824,21612,
2025-09,2i5w-ykuw,Lime,20,9470,9525,3246,
2025-09,2i5w-ykuw,Lime,21,14922,14876,5671,
2025-09,2i5w-ykuw,Lime,22,42160,41550,21724,
2025-09,2i5w-ykuw,Lime,23,27151,26586,14453,
2025-09,2i5w-ykuw,Lime,24,48453,47537,29788,
2025-09,2i5w-ykuw,Lime,25,36000,36251,27096,
2025-09,2i5w-ykuw,Lime,26,10134,10089,6024,
2025-09,2i5w-ykuw,Lime,27,7822,7894,3573,
2025-09,2i5w-ykuw,Lime,28,20021,20980,11819,
2025-09,2i5w-ykuw,Lime,29,14397,14596,9063,
2025-09,2i5w-ykuw,Lime,30,13232,13174,9725,
2025-09,2i5w-ykuw,Lime,31,4919,5016,2391,
2025-09,2i5w-ykuw,Lime,32,2417,2890,1652,
2025-09,2i5w-ykuw,Lime,33,1777,1827,767,
2025-09,2i5w-ykuw,Lime,34,1963,1989,681,
2025-09,2i5w-ykuw,Lime,35,3578,3631,1874,
2025-09,2i5w-ykuw,Lime,36,1023,1013,301,
2025-09,2i5w-ykuw,Lime,37,1799,1785,408,
2025-09,2i5w-ykuw,Lime,38,6848,6681,3892,
2025-09,2i5w-ykuw,Lime,39,4233,4196,1829,
2025-09,2i5w-ykuw,Lime,40,4828,4572,2376,
2025-09,2i5w-ykuw,Lime,41,9448,9665,6399,
2025-09,2i5w-ykuw,Lime,42,7198,7289,3650,
2025-09,2i5w-ykuw,Lime,43,12229,12408,8740,
2025-09,2i5w-ykuw,Lime,44,10831,10482,6009,
2025-09,2i5w-ykuw,Lime,45,2258,2204,915,
2025-09,2i5w-ykuw,Lime,46,7311,7215,5143,
2025-09,2i5w-ykuw,Lime,47,517,576,229,
2025-09,2i5w-ykuw,Lime,48,2166,2103,991,
2025-09,2i5w-ykuw,Lime,49,9727,9584,6288,
2025-09,2i5w-ykuw,Lime,50,2539,2523,1220,
2025-09,2i5w-ykuw,Lime,51,1952,2002,1148,
2025-09,2i5w-ykuw,Lime,52,1883,1942,1431,
2025-09,2i5w-ykuw,Lime,53,3073,3130,2095,
2025-09,2i5w-ykuw,Lime,54,1464,1498,1365,
2025-09,2i5w-ykuw,Lime,55,553,565,370,
2025-09,2i5w-ykuw,Lime,56,3767,3828,1936,
2025-09,2i5w-ykuw,Lime,57,6279,6029,3322,
2025-09,2i5w-ykuw,Lime,58,17392,16519,11054,
2025-09,2i5w-ykuw,Lime,59,3121,3154,1357,
2025-09,2i5w-ykuw,Lime,60,2908,2989,1542,
2025-09,2i5w-ykuw,Lime,61,11314,10802,6772,
2025-09,2i5w-ykuw,Lime,62,4296,4381,1807,
2025-09,2i5w-ykuw,Lime,63,13359,13880,7367,
2025-09,2i5w-ykuw,Lime,64,1882,2000,973,
2025-09,2i5w-ykuw,Lime,65,7200,7275,4041,
2025-09,2i5w-ykuw,Lime,66,15058,15116,9481,
2025-09,2i5w-ykuw,Lime,67,7099,7146,3872,
2025-09,2i5w-ykuw,Lime,68,7990,8104,4444,
2025-09,2i5w-ykuw,Lime,69,10500,10495,5898,
2025-09,2i5w-ykuw,Lime,70,3330,3555,2236,
2025-09,2i5w-ykuw,Lime,71,8976,9168,5469,
2025-09,2i5w-ykuw,Lime,72,1550,1622,688,
2025-09,2i5w-ykuw,Lime,73,4092,4124,2194,
2025-09,2i5w-ykuw,Lime,74,316,354,237,
2025-09,2i5w-ykuw,Lime,75,2239,2259,1266,
2025-09,2i5w-ykuw,Lime,76,50,61,21,
2025-09,2i5w-ykuw,Lime,77,16254,16372,8616,
2025-09,2i5w-ykuw,Lyft,,363,403,0,includes_classic_bike_rides
2025-09,2i5w-ykuw,Lyft,1,2879,2816,1678,includes_classic_bike_rides
2025-09,2i5w-ykuw,Lyft,2,1084,1223,420,includes_classic_bike_rides
2025-09,2i5w-ykuw,Lyft,3,11846,11856,4511,includes_classic_bike_rides
2025-09,2i5w-ykuw,Lyft,4,5224,5315,2060,includes_classic_bike_rides
2025-09,2i5w-ykuw,Lyft,5,4745,4958,1111,includes_classic_bike_rides
2025-09,2i5w-ykuw,Lyft,6,37958,38368,19193,includes_classic_bike_rides
2025-09,2i5w-ykuw,Lyft,7,45844,47539,21190,includes_classic_bike_rides
2025-09,2i5w-ykuw,Lyft,8,93206,91181,47567,includes_classic_bike_rides
2025-09,2i5w-ykuw,Lyft,10,62,64,28,includes_classic_bike_rides
2025-09,2i5w-ykuw,Lyft,11,149,144,38,includes_classic_bike_rides
2025-09,2i5w-ykuw,Lyft,12,76,73,19,includes_classic_bike_rides
2025-09,2i5w-ykuw,Lyft,13,565,596,201,includes_classic_bike_rides
2025-09,2i5w-ykuw,Lyft,14,760,823,251,includes_classic_bike_rides
2025-09,2i5w-ykuw,Lyft,15,254,241,89,includes_classic_bike_rides
2025-09,2i5w-ykuw,Lyft,16,1303,1469,485,includes_classic_bike_rides
2025-09,2i5w-ykuw,Lyft,17,104,105,63,includes_classic_bike_rides
2025-09,2i5w-ykuw,Lyft,18,14,14,8,includes_classic_bike_rides
2025-09,2i5w-ykuw,Lyft,19,254,256,135,includes_classic_bike_rides
2025-09,2i5w-ykuw,Lyft,20,233,290,58,includes_classic_bike_rides
2025-09,2i5w-ykuw,Lyft,21,1475,1627,386,includes_classic_bike_rides
2025-09,2i5w-ykuw,Lyft,22,11136,11317,4675,includes_classic_bike_rides
2025-09,2i5w-ykuw,Lyft,23,541,674,160,includes_classic_bike_rides
2025-09,2i5w-ykuw,Lyft,24,27153,28029,11530,includes_classic_bike_rides
2025-09,2i5w-ykuw,Lyft,25,241,290,178,includes_classic_bike_rides
2025-09,2i5w-ykuw,Lyft,26,32,37,8,includes_classic_bike_rides
2025-09,2i5w-ykuw,Lyft,27,370,331,121,includes_classic_bike_rides
2025-09,2i5w-ykuw,Lyft,28,59540,58772,31460,includes_classic_bike_rides
2025-09,2i5w-ykuw,Lyft,29,449,435,137,includes_classic_bike_rides
2025-09,2i5w-ykuw,Lyft,30,308,371,122,includes_classic_bike_rides
2025-09,2i5w-ykuw,Lyft,31,3568,3743,1240,includes_classic_bike_rides
2025-09,2i5w-ykuw,Lyft,32,67093,65368,31467,includes_classic_bike_rides
2025-09,2i5w-ykuw,Lyft,33,13581,13197,4460,includes_classic_bike_rides
2025-09,2i5w-ykuw,Lyft,34,2450,2554,671,includes_classic_bike_rides
2025-09,2i5w-ykuw,Lyft,35,2625,2582,1344,includes_classic_bike_rides
2025-09,2i5w-ykuw,Lyft,36,41,46,13,includes_classic_bike_rides
2025-09,2i5w-ykuw,Lyft,37,52,52,7,includes_classic_bike_rides
2025-09,2i5w-ykuw,Lyft,38,440,559,145,includes_classic_bike_rides
2025-09,2i5w-ykuw,Lyft,39,897,840,238,includes_classic_bike_rides
2025-09,2i5w-ykuw,Lyft,40,206,225,67,includes_classic_bike_rides
2025-09,2i5w-ykuw,Lyft,41,9657,9538,6814,includes_classic_bike_rides
2025-09,2i5w-ykuw,Lyft,42,2124,2175,410,includes_classic_bike_rides
2025-09,2i5w-ykuw,Lyft,43,221,240,95,includes_classic_bike_rides
2025-09,2i5w-ykuw,Lyft,44,43,43,26,includes_classic_bike_rides
2025-09,2i5w-ykuw,Lyft,45,15,20,7,includes_classic_bike_rides
2025-09,2i5w-ykuw,Lyft,46,37,38,22,includes_classic_bike_rides
2025-09,2i5w-ykuw,Lyft,47,1,1,1,includes_classic_bike_rides
2025-09,2i5w-ykuw,Lyft,48,4,5,0,includes_classic_bike_rides
2025-09,2i5w-ykuw,Lyft,49,44,40,27,includes_classic_bike_rides
2025-09,2i5w-ykuw,Lyft,50,9,9,5,includes_classic_bike_rides
2025-09,2i5w-ykuw,Lyft,51,23,28,18,includes_classic_bike_rides
2025-09,2i5w-ykuw,Lyft,52,36,42,28,includes_classic_bike_rides
2025-09,2i5w-ykuw,Lyft,53,34,36,31,includes_classic_bike_rides
2025-09,2i5w-ykuw,Lyft,54,4,4,3,includes_classic_bike_rides
2025-09,2i5w-ykuw,Lyft,55,20,20,18,includes_classic_bike_rides
2025-09,2i5w-ykuw,Lyft,56,20,26,11,includes_classic_bike_rides
2025-09,2i5w-ykuw,Lyft,57,55,47,32,includes_classic_bike_rides
2025-09,2i5w-ykuw,Lyft,58,205,233,107,includes_classic_bike_rides
2025-09,2i5w-ykuw,Lyft,59,262,286,103,includes_classic_bike_rides
2025-09,2i5w-ykuw,Lyft,60,1727,1769,699,includes_classic_bike_rides
2025-09,2i5w-ykuw,Lyft,61,254,298,147,includes_classic_bike_rides
2025-09,2i5w-ykuw,Lyft,62,23,24,11,includes_classic_bike_rides
2025-09,2i5w-ykuw,Lyft,63,101,109,52,includes_classic_bike_rides
2025-09,2i5w-ykuw,Lyft,64,0,1,0,includes_classic_bike_rides
2025-09,2i5w-ykuw,Lyft,65,30,39,21,includes_classic_bike_rides
2025-09,2i5w-ykuw,Lyft,66,30,45,14,includes_classic_bike_rides
2025-09,2i5w-ykuw,Lyft,67,32,36,9,includes_classic_bike_rides
2025-09,2i5w-ykuw,Lyft,68,77,73,46,includes_classic_bike_rides
2025-09,2i5w-ykuw,Lyft,69,45,46,25,includes_classic_bike_rides
2025-09,2i5w-ykuw,Lyft,70,34,34,26,includes_classic_bike_rides
2025-09,2i5w-ykuw,Lyft,71,18,21,5,includes_classic_bike_rides
2025-09,2i5w-ykuw,Lyft,72,45,39,28,includes_classic_bike_rides
2025-09,2i5w-ykuw,Lyft,73,10,16,6,includes_classic_bike_rides
2025-09,2i5w-ykuw,Lyft,74,6,10,5,includes_classic_bike_rides
2025-09,2i5w-ykuw,Lyft,75,23,25,14,includes_classic_bike_rides
2025-09,2i5w-ykuw,Lyft,76,20,23,16,includes_classic_bike_rides
2025-09,2i5w-ykuw,Lyft,77,4712,4900,1638,includes_classic_bike_rides
2025-09,2i5w-ykuw,Serve,6,16,16,12,
2025-09,2i5w-ykuw,Serve,7,10,8,4,
2025-09,2i5w-ykuw,Serve,22,1,1,0,
2025-09,2i5w-ykuw,Serve,24,6,7,5,
2025-09,2i5w-ykuw,Serve,28,23,24,21,
2025-10,2i5w-ykuw,Coco,5,12,7,0,
2025-10,2i5w-ykuw,Coco,6,216,240,132,
2025-10,2i5w-ykuw,Coco,7,1068,1024,873,
2025-10,2i5w-ykuw,Coco,8,607,618,501,
2025-10,2i5w-ykuw,Coco,22,67,67,45,
2025-10,2i5w-ykuw,Coco,24,665,678,442,
2025-10,2i5w-ykuw,Coco,27,9,5,0,
2025-10,2i5w-ykuw,Coco,28,2144,2148,1953,
2025-10,2i5w-ykuw,Coco,29,0,1,0,
2025-10,2i5w-ykuw,Lime,,841,1097,0,
2025-10,2i5w-ykuw,Lime,1,18885,18722,13439,
2025-10,2i5w-ykuw,Lime,2,15023,15366,8884,
2025-10,2i5w-ykuw,Lime,3,24793,23796,13498,
2025-10,2i5w-ykuw,Lime,4,14305,14372,6747,
2025-10,2i5w-ykuw,Lime,5,17364,17210,6960,
2025-10,2i5w-ykuw,Lime,6,57347,58233,35017,
2025-10,2i5w-ykuw,Lime,7,51122,49306,31610,
2025-10,2i5w-ykuw,Lime,8,13555,15064,6700,
2025-10,2i5w-ykuw,Lime,9,340,355,207,
2025-10,2i5w-ykuw,Lime,10,2113,2170,1322,
2025-10,2i5w-ykuw,Lime,11,3414,3487,1679,
2025-10,2i5w-ykuw,Lime,12,1083,1186,549,
2025-10,2i5w-ykuw,Lime,13,4279,4356,1783,
2025-10,2i5w-ykuw,Lime,14,11239,11344,5874,
2025-10,2i5w-ykuw,Lime,15,12775,12967,6559,
2025-10,2i5w-ykuw,Lime,16,15056,15027,6142,
2025-10,2i5w-ykuw,Lime,17,5305,5461,3036,
2025-10,2i5w-ykuw,Lime,18,3604,3676,1586,
2025-10,2i5w-ykuw,Lime,19,33785,33333,22135,
2025-10,2i5w-ykuw,Lime,20,9879,9892,3548,
2025-10,2i5w-ykuw,Lime,21,14854,14896,5817,
2025-10,2i5w-ykuw,Lime,22,41187,40663,21675,
2025-10,2i5w-ykuw,Lime,23,26623,26112,14521,
2025-10,2i5w-ykuw,Lime,24,45749,44919,28186,
2025-10,2i5w-ykuw,Lime,25,34263,34559,25955,
2025-10,2i5w-ykuw,Lime,26,8647,8652,5033,
2025-10,2i5w-ykuw,Lime,27,7345,7433,3400,
2025-10,2i5w-ykuw,Lime,28,19904,20653,12174,
2025-10,2i5w-ykuw,Lime,29,13224,13317,8589,
2025-10,2i5w-ykuw,Lime,30,13748,13702,10458,
2025-10,2i5w-ykuw,Lime,31,5134,5232,2714,
2025-10,2i5w-ykuw,Lime,32,2584,2882,1614,
2025-10,2i5w-ykuw,Lime,33,1574,1594,637,
2025-10,2i5w-ykuw,Lime,34,1767,1779,634,
2025-10,2i5w-ykuw,Lime,35,2843,2883,1356,
2025-10,2i5w-ykuw,Lime,36,910,916,245,
2025-10,2i5w-ykuw,Lime,37,1915,1880,416,
2025-10,2i5w-ykuw,Lime,38,5496,5278,2943,
2025-10,2i5w-ykuw,Lime,39,3397,3446,1427,
2025-10,2i5w-ykuw,Lime,40,4441,4228,2113,
2025-10,2i5w-ykuw,Lime,41,14895,15174,11420,
2025-10,2i5w-ykuw,Lime,42,7295,7314,3408,
2025-10,2i5w-ykuw,Lime,43,11054,11160,7890,
2025-10,2i5w-ykuw,Lime,44,10595,10303,6073,
2025-10,2i5w-ykuw,Lime,45,2213,2232,960,
2025-10,2i5w-ykuw,Lime,46,6610,6504,4715,
2025-10,2i5w-ykuw,Lime,47,514,530,218,
2025-10,2i5w-ykuw,Lime,48,1844,1827,841,
2025-10,2i5w-ykuw,Lime,49,9142,9103,6120,
2025-10,2i5w-ykuw,Lime,50,2276,2259,1055,
2025-10,2i5w-ykuw,Lime,51,2149,2186,1273,
2025-10,2i5w-ykuw,Lime,52,1626,1647,1229,
2025-10,2i5w-ykuw,Lime,53,3171,3207,2277,
2025-10,2i5w-ykuw,Lime,54,1140,1166,1074,
2025-10,2i5w-ykuw,Lime,55,400,422,260,
2025-10,2i5w-ykuw,Lime,56,3398,3465,1652,
2025-10,2i5w-ykuw,Lime,57,5069,4982,2684,
2025-10,2i5w-ykuw,Lime,58,14593,13929,9016,
2025-10,2i5w-ykuw,Lime,59,2690,2688,1034,
2025-10,2i5w-ykuw,Lime,60,2736,2769,1553,
2025-10,2i5w-ykuw,Lime,61,10456,10093,6296,
2025-10,2i5w-ykuw,Lime,62,3938,4089,1643,
2025-10,2i5w-ykuw,Lime,63,11874,12322,6591,
2025-10,2i5w-ykuw,Lime,64,1865,1950,978,
2025-10,2i5w-ykuw,Lime,65,7016,7007,4066,
2025-10,2i5w-ykuw,Lime,66,12881,12889,7955,
2025-10,2i5w-ykuw,Lime,67,6578,6596,3591,
2025-10,2i5w-ykuw,Lime,68,8021,8106,4585,
2025-10,2i5w-ykuw,Lime,69,9723,9684,5381,
2025-10,2i5w-ykuw,Lime,70,3236,3428,2194,
2025-10,2i5w-ykuw,Lime,71,8676,8726,5394,
2025-10,2i5w-ykuw,Lime,72,1299,1349,524,
2025-10,2i5w-ykuw,Lime,73,3640,3655,1892,
2025-10,2i5w-ykuw,Lime,74,177,184,121,
2025-10,2i5w-ykuw,Lime,75,1865,1880,1028,
2025-10,2i5w-ykuw,Lime,76,51,58,21,
2025-10,2i5w-ykuw,Lime,77,16361,16452,8938,
2025-10,2i5w-ykuw,Lyft,,232,253,0,includes_classic_bike_rides
2025-10,2i5w-ykuw,Lyft,1,2289,2248,1378,includes_classic_bike_rides
2025-10,2i5w-ykuw,Lyft,2,919,1058,379,includes_classic_bike_rides
2025-10,2i5w-ykuw,Lyft,3,9444,9307,3457,includes_classic_bike_rides
2025-10,2i5w-ykuw,Lyft,4,4511,4647,1764,includes_classic_bike_rides
2025-10,2i5w-ykuw,Lyft,5,4069,4242,914,includes_classic_bike_rides
2025-10,2i5w-ykuw,Lyft,6,32176,32472,17053,includes_classic_bike_rides
2025-10,2i5w-ykuw,Lyft,7,38316,39309,17878,includes_classic_bike_rides
2025-10,2i5w-ykuw,Lyft,8,80682,78501,40910,includes_classic_bike_rides
2025-10,2i5w-ykuw,Lyft,10,42,41,14,includes_classic_bike_rides
2025-10,2i5w-ykuw,Lyft,11,136,122,34,includes_classic_bike_rides
2025-10,2i5w-ykuw,Lyft,12,59,63,19,includes_classic_bike_rides
2025-10,2i5w-ykuw,Lyft,13,412,461,162,includes_classic_bike_rides
2025-10,2i5w-ykuw,Lyft,14,537,606,152,includes_classic_bike_rides
2025-10,2i5w-ykuw,Lyft,15,214,233,77,includes_classic_bike_rides
2025-10,2i5w-ykuw,Lyft,16,989,1169,388,includes_classic_bike_rides
2025-10,2i5w-ykuw,Lyft,17,88,84,41,includes_classic_bike_rides
2025-10,2i5w-ykuw,Lyft,18,21,19,10,includes_classic_bike_rides
2025-10,2i5w-ykuw,Lyft,19,192,217,101,includes_classic_bike_rides
2025-10,2i5w-ykuw,Lyft,20,250,276,91,includes_classic_bike_rides
2025-10,2i5w-ykuw,Lyft,21,1265,1371,332,includes_classic_bike_rides
2025-10,2i5w-ykuw,Lyft,22,9941,10109,4467,includes_classic_bike_rides
2025-10,2i5w-ykuw,Lyft,23,557,592,155,includes_classic_bike_rides
2025-10,2i5w-ykuw,Lyft,24,24318,24926,10166,includes_classic_bike_rides
2025-10,2i5w-ykuw,Lyft,25,272,297,199,includes_classic_bike_rides
2025-10,2i5w-ykuw,Lyft,26,56,61,27,includes_classic_bike_rides
2025-10,2i5w-ykuw,Lyft,27,287,277,129,includes_classic_bike_rides
2025-10,2i5w-ykuw,Lyft,28,54962,54863,29402,includes_classic_bike_rides
2025-10,2i5w-ykuw,Lyft,29,136,156,45,includes_classic_bike_rides
2025-10,2i5w-ykuw,Lyft,30,322,361,171,includes_classic_bike_rides
2025-10,2i5w-ykuw,Lyft,31,3228,3399,1078,includes_classic_bike_rides
2025-10,2i5w-ykuw,Lyft,32,55542,54535,24853,includes_classic_bike_rides
2025-10,2i5w-ykuw,Lyft,33,10686,10582,3359,includes_classic_bike_rides
2025-10,2i5w-ykuw,Lyft,34,1957,1998,499,includes_classic_bike_rides
2025-10,2i5w-ykuw,Lyft,35,1888,1906,1026,includes_classic_bike_rides
2025-10,2i5w-ykuw,Lyft,36,26,27,12,includes_classic_bike_rides
2025-10,2i5w-ykuw,Lyft,37,64,66,5,includes_classic_bike_rides
2025-10,2i5w-ykuw,Lyft,38,394,449,143,includes_classic_bike_rides
2025-10,2i5w-ykuw,Lyft,39,795,770,178,includes_classic_bike_rides
2025-10,2i5w-ykuw,Lyft,40,230,243,82,includes_classic_bike_rides
2025-10,2i5w-ykuw,Lyft,41,13812,13803,10095,includes_classic_bike_rides
2025-10,2i5w-ykuw,Lyft,42,3254,3218,475,includes_classic_bike_rides
2025-10,2i5w-ykuw,Lyft,43,155,165,69,includes_classic_bike_rides
2025-10,2i5w-ykuw,Lyft,44,106,99,70,includes_classic_bike_rides
2025-10,2i5w-ykuw,Lyft,45,18,27,11,includes_classic_bike_rides
2025-10,2i5w-ykuw,Lyft,46,28,32,15,includes_classic_bike_rides
2025-10,2i5w-ykuw,Lyft,47,2,2,2,includes_classic_bike_rides
2025-10,2i5w-ykuw,Lyft,48,9,10,4,includes_classic_bike_rides
2025-10,2i5w-ykuw,Lyft,49,45,43,36,includes_classic_bike_rides
2025-10,2i5w-ykuw,Lyft,50,5,3,0,includes_classic_bike_rides
2025-10,2i5w-ykuw,Lyft,51,5,4,1,includes_classic_bike_rides
2025-10,2i5w-ykuw,Lyft,52,22,26,17,includes_classic_bike_rides
2025-10,2i5w-ykuw,Lyft,53,24,22,19,includes_classic_bike_rides
2025-10,2i5w-ykuw,Lyft,55,14,14,12,includes_classic_bike_rides
2025-10,2i5w-ykuw,Lyft,56,8,14,3,includes_classic_bike_rides
2025-10,2i5w-ykuw,Lyft,57,74,66,45,includes_classic_bike_rides
2025-10,2i5w-ykuw,Lyft,58,190,212,99,includes_classic_bike_rides
2025-10,2i5w-ykuw,Lyft,59,254,268,89,includes_classic_bike_rides
2025-10,2i5w-ykuw,Lyft,60,1652,1723,740,includes_classic_bike_rides
2025-10,2i5w-ykuw,Lyft,61,225,240,148,includes_classic_bike_rides
2025-10,2i5w-ykuw,Lyft,62,25,22,8,includes_classic_bike_rides
2025-10,2i5w-ykuw,Lyft,63,75,80,39,includes_classic_bike_rides
2025-10,2i5w-ykuw,Lyft,65,8,15,4,includes_classic_bike_rides
2025-10,2i5w-ykuw,Lyft,66,36,37,18,includes_classic_bike_rides
2025-10,2i5w-ykuw,Lyft,67,43,49,29,includes_classic_bike_rides
2025-10,2i5w-ykuw,Lyft,68,75,76,39,includes_classic_bike_rides
2025-10,2i5w-ykuw,Lyft,69,67,81,41,includes_classic_bike_rides
2025-10,2i5w-ykuw,Lyft,70,22,18,13,includes_classic_bike_rides
2025-10,2i5w-ykuw,Lyft,71,22,26,12,includes_classic_bike_rides
2025-10,2i5w-ykuw,Lyft,72,37,41,27,includes_classic_bike_rides
2025-10,2i5w-ykuw,Lyft,73,9,12,5,includes_classic_bike_rides
2025-10,2i5w-ykuw,Lyft,74,7,7,6,includes_classic_bike_rides
2025-10,2i5w-ykuw,Lyft,75,26,23,13,includes_classic_bike_rides
2025-10,2i5w-ykuw,Lyft,76,11,11,10,includes_classic_bike_rides
2025-10,2i5w-ykuw,Lyft,77,3621,3685,1351,includes_classic_bike_rides
2025-10,2i5w-ykuw,Serve,3,306,313,281,
2025-10,2i5w-ykuw,Serve,6,7388,7370,7059,
2025-10,2i5w-ykuw,Serve,7,3396,3408,3085,
2025-10,2i5w-ykuw,Serve,8,297,292,267,
2025-10,2i5w-ykuw,Serve,22,152,156,126,
2025-10,2i5w-ykuw,Serve,24,4282,4374,4180,
2025-10,2i5w-ykuw,Serve,28,16401,16309,16234,
2025-11,2i5w-ykuw,Coco,5,16,14,0,
2025-11,2i5w-ykuw,Coco,6,228,227,132,
2025-11,2i5w-ykuw,Coco,7,1018,995,836,
2025-11,2i5w-ykuw,Coco,8,477,512,396,
2025-11,2i5w-ykuw,Coco,22,76,79,46,
2025-11,2i5w-ykuw,Coco,24,599,561,377,
2025-11,2i5w-ykuw,Coco,27,7,1,0,
2025-11,2i5w-ykuw,Coco,28,1836,1863,1671,
2025-11,2i5w-ykuw,Coco,29,13,18,5,
2025-11,2i5w-ykuw,Lime,,418,602,0,
2025-11,2i5w-ykuw,Lime,1,11657,11547,8427,
2025-11,2i5w-ykuw,Lime,2,9850,10024,6100,
2025-11,2i5w-ykuw,Lime,3,15412,14944,8841,
2025-11,2i5w-ykuw,Lime,4,7946,7918,3625,
2025-11,2i5w-ykuw,Lime,5,8834,8837,3570,
2025-11,2i5w-ykuw,Lime,6,34610,34219,22392,
2025-11,2i5w-ykuw,Lime,7,27552,26949,17279,
2025-11,2i5w-ykuw,Lime,8,8418,9226,4257,
2025-11,2i5w-ykuw,Lime,9,141,145,78,
2025-11,2i5w-ykuw,Lime,10,1164,1218,809,
2025-11,2i5w-ykuw,Lime,11,1758,1809,879,
2025-11,2i5w-ykuw,Lime,12,718,789,391,
2025-11,2i5w-ykuw,Lime,13,2366,2408,931,
2025-11,2i5w-ykuw,Lime,14,7002,7072,3796,
2025-11,2i5w-ykuw,Lime,15,7253,7425,3993,
2025-11,2i5w-ykuw,Lime,16,8668,8758,3713,
2025-11,2i5w-ykuw,Lime,17,2721,2836,1563,
2025-11,2i5w-ykuw,Lime,18,2202,2289,1052,
2025-11,2i5w-ykuw,Lime,19,21086,20771,14113,
2025-11,2i5w-ykuw,Lime,20,6541,6523,2401,
2025-11,2i5w-ykuw,Lime,21,9076,9007,3782,
2025-11,2i5w-ykuw,Lime,22,23839,23757,13062,
2025-11,2i5w-ykuw,Lime,23,15839,15477,8868,
2025-11,2i5w-ykuw,Lime,24,26004,25726,16715,
2025-11,2i5w-ykuw,Lime,25,21332,21417,16500,
2025-11,2i5w-ykuw,Lime,26,5449,5473,3207,
2025-11,2i5w-ykuw,Lime,27,4320,4373,2021,
2025-11,2i5w-ykuw,Lime,28,11786,11962,7123,
2025-11,2i5w-ykuw,Lime,29,7852,7808,5045,
2025-11,2i5w-ykuw,Lime,30,8699,8685,6805,
2025-11,2i5w-ykuw,Lime,31,2899,2909,1553,
2025-11,2i5w-ykuw,Lime,32,2692,3134,1531,
2025-11,2i5w-ykuw,Lime,33,845,873,354,
2025-11,2i5w-ykuw,Lime,34,933,922,254,
2025-11,2i5w-ykuw,Lime,35,1764,1866,923,
2025-11,2i5w-ykuw,Lime,36,544,559,162,
2025-11,2i5w-ykuw,Lime,37,1150,1123,264,
2025-11,2i5w-ykuw,Lime,38,3378,3211,1798,
2025-11,2i5w-ykuw,Lime,39,1953,1921,820,
2025-11,2i5w-ykuw,Lime,40,2810,2698,1493,
2025-11,2i5w-ykuw,Lime,41,8223,8436,6425,
2025-11,2i5w-ykuw,Lime,42,4417,4432,2249,
2025-11,2i5w-ykuw,Lime,43,7865,7989,5928,
2025-11,2i5w-ykuw,Lime,44,6584,6399,4083,
2025-11,2i5w-ykuw,Lime,45,1643,1600,765,
2025-11,2i5w-ykuw,Lime,46,3635,3579,2555,
2025-11,2i5w-ykuw,Lime,47,266,287,96,
2025-11,2i5w-ykuw,Lime,48,1165,1163,587,
2025-11,2i5w-ykuw,Lime,49,5801,5735,4028,
2025-11,2i5w-ykuw,Lime,50,1682,1686,935,
2025-11,2i5w-ykuw,Lime,51,1184,1200,690,
2025-11,2i5w-ykuw,Lime,52,951,973,744,
2025-11,2i5w-ykuw,Lime,53,1839,1841,1318,
2025-11,2i5w-ykuw,Lime,54,506,516,467,
2025-11,2i5w-ykuw,Lime,55,309,335,241,
2025-11,2i5w-ykuw,Lime,56,2201,2267,1178,
2025-11,2i5w-ykuw,Lime,57,3524,3417,1956,
2025-11,2i5w-ykuw,Lime,58,9092,8607,5552,
2025-11,2i5w-ykuw,Lime,59,1713,1726,771,
2025-11,2i5w-ykuw,Lime,60,1884,1915,1198,
2025-11,2i5w-ykuw,Lime,61,6043,5608,3504,
2025-11,2i5w-ykuw,Lime,62,2628,2726,1200,
2025-11,2i5w-ykuw,Lime,63,7506,7955,4221,
2025-11,2i5w-ykuw,Lime,64,1007,1041,485,
2025-11,2i5w-ykuw,Lime,65,3804,3853,2214,
2025-11,2i5w-ykuw,Lime,66,8329,8353,5508,
2025-11,2i5w-ykuw,Lime,67,3481,3557,1997,
2025-11,2i5w-ykuw,Lime,68,4466,4524,2727,
2025-11,2i5w-ykuw,Lime,69,6123,6147,3606,
2025-11,2i5w-ykuw,Lime,70,1545,1650,1009,
2025-11,2i5w-ykuw,Lime,71,4549,4546,2879,
2025-11,2i5w-ykuw,Lime,72,707,735,312,
2025-11,2i5w-ykuw,Lime,73,1891,1919,993,
2025-11,2i5w-ykuw,Lime,74,108,114,78,
2025-11,2i5w-ykuw,Lime,75,1029,1052,624,
2025-11,2i5w-ykuw,Lime,76,23,22,9,
2025-11,2i5w-ykuw,Lime,77,10126,10215,5705,
2025-11,2i5w-ykuw,Lyft,,145,157,0,includes_classic_bike_rides
2025-11,2i5w-ykuw,Lyft,1,1333,1353,854,includes_classic_bike_rides
2025-11,2i5w-ykuw,Lyft,2,650,727,269,includes_classic_bike_rides
2025-11,2i5w-ykuw,Lyft,3,5196,5122,2080,includes_classic_bike_rides
2025-11,2i5w-ykuw,Lyft,4,2431,2431,1016,includes_classic_bike_rides
2025-11,2i5w-ykuw,Lyft,5,2021,2040,503,includes_classic_bike_rides
2025-11,2i5w-ykuw,Lyft,6,16983,17004,9886,includes_classic_bike_rides
2025-11,2i5w-ykuw,Lyft,7,18636,19137,9202,includes_classic_bike_rides
2025-11,2i5w-ykuw,Lyft,8,42169,41326,22845,includes_classic_bike_rides
2025-11,2i5w-ykuw,Lyft,10,24,22,10,includes_classic_bike_rides
2025-11,2i5w-ykuw,Lyft,11,72,71,16,includes_classic_bike_rides
2025-11,2i5w-ykuw,Lyft,12,43,32,17,includes_classic_bike_rides
2025-11,2i5w-ykuw,Lyft,13,301,331,153,includes_classic_bike_rides
2025-11,2i5w-ykuw,Lyft,14,275,314,78,includes_classic_bike_rides
2025-11,2i5w-ykuw,Lyft,15,113,115,35,includes_classic_bike_rides
2025-11,2i5w-ykuw,Lyft,16,500,552,174,includes_classic_bike_rides
2025-11,2i5w-ykuw,Lyft,17,74,54,25,includes_classic_bike_rides
2025-11,2i5w-ykuw,Lyft,18,12,21,5,includes_classic_bike_rides
2025-11,2i5w-ykuw,Lyft,19,98,103,51,includes_classic_bike_rides
2025-11,2i5w-ykuw,Lyft,20,145,166,52,includes_classic_bike_rides
2025-11,2i5w-ykuw,Lyft,21,561,645,148,includes_classic_bike_rides
2025-11,2i5w-ykuw,Lyft,22,5477,5520,2669,includes_classic_bike_rides
2025-11,2i5w-ykuw,Lyft,23,247,246,53,includes_classic_bike_rides
2025-11,2i5w-ykuw,Lyft,24,13218,13589,5906,includes_classic_bike_rides
2025-11,2i5w-ykuw,Lyft,25,121,133,86,includes_classic_bike_rides
2025-11,2i5w-ykuw,Lyft,26,16,19,8,includes_classic_bike_rides
2025-11,2i5w-ykuw,Lyft,27,120,125,51,includes_classic_bike_rides
2025-11,2i5w-ykuw,Lyft,28,31562,31788,17750,includes_classic_bike_rides
2025-11,2i5w-ykuw,Lyft,29,70,74,27,includes_classic_bike_rides
2025-11,2i5w-ykuw,Lyft,30,137,162,63,includes_classic_bike_rides
2025-11,2i5w-ykuw,Lyft,31,1667,1707,581,includes_classic_bike_rides
2025-11,2i5w-ykuw,Lyft,32,28653,28027,13217,includes_classic_bike_rides
2025-11,2i5w-ykuw,Lyft,33,5073,4909,1598,includes_classic_bike_rides
2025-11,2i5w-ykuw,Lyft,34,955,1004,276,includes_classic_bike_rides
2025-11,2i5w-ykuw,Lyft,35,1095,1080,611,includes_classic_bike_rides
2025-11,2i5w-ykuw,Lyft,36,5,6,1,includes_classic_bike_rides
2025-11,2i5w-ykuw,Lyft,37,43,68,10,includes_classic_bike_rides
2025-11,2i5w-ykuw,Lyft,38,201,219,64,includes_classic_bike_rides
2025-11,2i5w-ykuw,Lyft,39,485,480,131,includes_classic_bike_rides
2025-11,2i5w-ykuw,Lyft,40,130,132,36,includes_classic_bike_rides
2025-11,2i5w-ykuw,Lyft,41,8023,7941,6106,includes_classic_bike_rides
2025-11,2i5w-ykuw,Lyft,42,1541,1563,215,includes_classic_bike_rides
2025-11,2i5w-ykuw,Lyft,43,117,100,52,includes_classic_bike_rides
2025-11,2i5w-ykuw,Lyft,44,123,125,111,includes_classic_bike_rides
2025-11,2i5w-ykuw,Lyft,45,11,13,9,includes_classic_bike_rides
2025-11,2i5w-ykuw,Lyft,46,25,25,14,includes_classic_bike_rides
2025-11,2i5w-ykuw,Lyft,48,2,5,1,includes_classic_bike_rides
2025-11,2i5w-ykuw,Lyft,49,31,34,27,includes_classic_bike_rides
2025-11,2i5w-ykuw,Lyft,50,7,5,3,includes_classic_bike_rides
2025-11,2i5w-ykuw,Lyft,51,10,6,4,includes_classic_bike_rides
2025-11,2i5w-ykuw,Lyft,52,17,17,11,includes_classic_bike_rides
2025-11,2i5w-ykuw,Lyft,53,17,20,15,includes_classic_bike_rides
2025-11,2i5w-ykuw,Lyft,54,0,3,0,includes_classic_bike_rides
2025-11,2i5w-ykuw,Lyft,55,11,11,9,includes_classic_bike_rides
2025-11,2i5w-ykuw,Lyft,56,8,12,3,includes_classic_bike_rides
2025-11,2i5w-ykuw,Lyft,57,45,50,36,includes_classic_bike_rides
2025-11,2i5w-ykuw,Lyft,58,79,80,36,includes_classic_bike_rides
2025-11,2i5w-ykuw,Lyft,59,119,132,45,includes_classic_bike_rides
2025-11,2i5w-ykuw,Lyft,60,1002,1034,470,includes_classic_bike_rides
2025-11,2i5w-ykuw,Lyft,61,126,151,89,includes_classic_bike_rides
2025-11,2i5w-ykuw,Lyft,62,9,5,1,includes_classic_bike_rides
2025-11,2i5w-ykuw,Lyft,63,37,39,17,includes_classic_bike_rides
2025-11,2i5w-ykuw,Lyft,65,21,13,8,includes_classic_bike_rides
2025-11,2i5w-ykuw,Lyft,66,10,30,6,includes_classic_bike_rides
2025-11,2i5w-ykuw,Lyft,67,8,10,4,includes_classic_bike_rides
2025-11,2i5w-ykuw,Lyft,68,66,61,38,includes_classic_bike_rides
2025-11,2i5w-ykuw,Lyft,69,46,44,21,includes_classic_bike_rides
2025-11,2i5w-ykuw,Lyft,70,11,11,10,includes_classic_bike_rides
2025-11,2i5w-ykuw,Lyft,71,5,8,3,includes_classic_bike_rides
2025-11,2i5w-ykuw,Lyft,72,10,11,10,includes_classic_bike_rides
2025-11,2i5w-ykuw,Lyft,73,4,5,4,includes_classic_bike_rides
2025-11,2i5w-ykuw,Lyft,74,6,3,2,includes_classic_bike_rides
2025-11,2i5w-ykuw,Lyft,75,14,13,7,includes_classic_bike_rides
2025-11,2i5w-ykuw,Lyft,76,2,1,1,includes_classic_bike_rides
2025-11,2i5w-ykuw,Lyft,77,2041,2069,852,includes_classic_bike_rides
2025-11,2i5w-ykuw,Serve,3,1523,1566,1376,
2025-11,2i5w-ykuw,Serve,4,8,8,5,
2025-11,2i5w-ykuw,Serve,6,9155,9208,8409,
2025-11,2i5w-ykuw,Serve,7,5615,5539,4771,
2025-11,2i5w-ykuw,Serve,8,3843,3767,3603,
2025-11,2i5w-ykuw,Serve,17,36,36,35,
2025-11,2i5w-ykuw,Serve,19,1612,1603,1600,
2025-11,2i5w-ykuw,Serve,20,3,2,1,
2025-11,2i5w-ykuw,Serve,21,8,8,6,
2025-11,2i5w-ykuw,Serve,22,1826,1842,1774,
2025-11,2i5w-ykuw,Serve,23,943,935,923,
2025-11,2i5w-ykuw,Serve,24,1002,1021,904,
2025-11,2i5w-ykuw,Serve,25,30,31,28,
2025-11,2i5w-ykuw,Serve,27,38,39,36,
2025-11,2i5w-ykuw,Serve,28,6847,6884,6775,
2025-11,2i5w-ykuw,Serve,77,2,2,1,
2025-12,2i5w-ykuw,Coco,5,7,4,0,
2025-12,2i5w-ykuw,Coco,6,103,96,63,
2025-12,2i5w-ykuw,Coco,7,295,294,227,
2025-12,2i5w-ykuw,Coco,8,302,315,272,
2025-12,2i5w-ykuw,Coco,22,14,16,4,
2025-12,2i5w-ykuw,Coco,24,313,316,202,
2025-12,2i5w-ykuw,Coco,27,0,1,0,
2025-12,2i5w-ykuw,Coco,28,1224,1216,1117,
2025-12,2i5w-ykuw,Coco,29,1,1,0,
2025-12,2i5w-ykuw,Coco,33,5,6,5,
2025-12,2i5w-ykuw,Coco,35,1,0,0,
2025-12,2i5w-ykuw,Lime,,135,187,0,
2025-12,2i5w-ykuw,Lime,1,3392,3399,2530,
2025-12,2i5w-ykuw,Lime,2,2924,2966,1834,
2025-12,2i5w-ykuw,Lime,3,4080,3993,2437,
2025-12,2i5w-ykuw,Lime,4,2501,2545,1312,
2025-12,2i5w-ykuw,Lime,5,2157,2182,902,
2025-12,2i5w-ykuw,Lime,6,8126,8156,5662,
2025-12,2i5w-ykuw,Lime,7,5814,5735,3629,
2025-12,2i5w-ykuw,Lime,8,2326,2506,1301,
2025-12,2i5w-ykuw,Lime,9,25,36,11,
2025-12,2i5w-ykuw,Lime,10,303,310,204,
2025-12,2i5w-ykuw,Lime,11,642,664,340,
2025-12,2i5w-ykuw,Lime,12,176,179,72,
2025-12,2i5w-ykuw,Lime,13,658,680,281,
2025-12,2i5w-ykuw,Lime,14,1883,1873,1007,
2025-12,2i5w-ykuw,Lime,15,2043,2077,1129,
2025-12,2i5w-ykuw,Lime,16,2595,2608,1213,
2025-12,2i5w-ykuw,Lime,17,734,746,377,
2025-12,2i5w-ykuw,Lime,18,775,811,422,
2025-12,2i5w-ykuw,Lime,19,7079,7021,4962,
2025-12,2i5w-ykuw,Lime,20,2162,2141,850,
2025-12,2i5w-ykuw,Lime,21,2843,2824,1270,
2025-12,2i5w-ykuw,Lime,22,8018,7910,4910,
2025-12,2i5w-ykuw,Lime,23,4604,4488,2676,
2025-12,2i5w-ykuw,Lime,24,7495,7333,5120,
2025-12,2i5w-ykuw,Lime,25,6511,6483,5152,
2025-12,2i5w-ykuw,Lime,26,1643,1629,992,
2025-12,2i5w-ykuw,Lime,27,1347,1371,630,
2025-12,2i5w-ykuw,Lime,28,3646,3668,2421,
2025-12,2i5w-ykuw,Lime,29,2192,2172,1398,
2025-12,2i5w-ykuw,Lime,30,2602,2618,2071,
2025-12,2i5w-ykuw,Lime,31,1000,1004,619,
2025-12,2i5w-ykuw,Lime,32,578,690,327,
2025-12,2i5w-ykuw,Lime,33,257,264,137,
2025-12,2i5w-ykuw,Lime,34,294,299,110,
2025-12,2i5w-ykuw,Lime,35,510,513,272,
2025-12,2i5w-ykuw,Lime,36,194,203,66,
2025-12,2i5w-ykuw,Lime,37,324,317,86,
2025-12,2i5w-ykuw,Lime,38,1113,1098,644,
2025-12,2i5w-ykuw,Lime,39,527,519,239,
2025-12,2i5w-ykuw,Lime,40,794,761,454,
2025-12,2i5w-ykuw,Lime,41,1621,1674,1207,
2025-12,2i5w-ykuw,Lime,42,1131,1129,609,
2025-12,2i5w-ykuw,Lime,43,2192,2205,1679,
2025-12,2i5w-ykuw,Lime,44,1775,1755,1112,
2025-12,2i5w-ykuw,Lime,45,556,555,285,
2025-12,2i5w-ykuw,Lime,46,1124,1131,857,
2025-12,2i5w-ykuw,Lime,47,71,68,33,
2025-12,2i5w-ykuw,Lime,48,391,391,216,
2025-12,2i5w-ykuw,Lime,49,1906,1885,1388,
2025-12,2i5w-ykuw,Lime,50,530,513,305,
2025-12,2i5w-ykuw,Lime,51,318,323,180,
2025-12,2i5w-ykuw,Lime,52,312,320,244,
2025-12,2i5w-ykuw,Lime,53,574,584,439,
2025-12,2i5w-ykuw,Lime,54,82,84,76,
2025-12,2i5w-ykuw,Lime,55,54,58,21,
2025-12,2i5w-ykuw,Lime,56,739,726,333,
2025-12,2i5w-ykuw,Lime,57,1115,1087,622,
2025-12,2i5w-ykuw,Lime,58,3253,3180,2165,
2025-12,2i5w-ykuw,Lime,59,574,593,276,
2025-12,2i5w-ykuw,Lime,60,812,828,576,
2025-12,2i5w-ykuw,Lime,61,2073,2033,1366,
2025-12,2i5w-ykuw,Lime,62,837,856,376,
2025-12,2i5w-ykuw,Lime,63,2767,2762,1598,
2025-12,2i5w-ykuw,Lime,64,336,363,183,
2025-12,2i5w-ykuw,Lime,65,1166,1142,676,
2025-12,2i5w-ykuw,Lime,66,2443,2414,1646,
2025-12,2i5w-ykuw,Lime,67,1197,1221,748,
2025-12,2i5w-ykuw,Lime,68,1327,1355,850,
2025-12,2i5w-ykuw,Lime,69,2045,2021,1313,
2025-12,2i5w-ykuw,Lime,70,554,597,429,
2025-12,2i5w-ykuw,Lime,71,1373,1397,930,
2025-12,2i5w-ykuw,Lime,72,217,239,109,
2025-12,2i5w-ykuw,Lime,73,675,689,403,
2025-12,2i5w-ykuw,Lime,74,17,19,14,
2025-12,2i5w-ykuw,Lime,75,370,365,265,
2025-12,2i5w-ykuw,Lime,76,0,1,0,
2025-12,2i5w-ykuw,Lime,77,2715,2722,1533,
2025-12,2i5w-ykuw,Lyft,,48,51,0,includes_classic_bike_rides
2025-12,2i5w-ykuw,Lyft,1,581,593,394,includes_classic_bike_rides
2025-12,2i5w-ykuw,Lyft,2,282,314,106,includes_classic_bike_rides
2025-12,2i5w-ykuw,Lyft,3,2070,2042,904,includes_classic_bike_rides
2025-12,2i5w-ykuw,Lyft,4,1035,1068,496,includes_classic_bike_rides
2025-12,2i5w-ykuw,Lyft,5,705,748,157,includes_classic_bike_rides
2025-12,2i5w-ykuw,Lyft,6,6428,6355,3981,includes_classic_bike_rides
2025-12,2i5w-ykuw,Lyft,7,6348,6555,3413,includes_classic_bike_rides
2025-12,2i5w-ykuw,Lyft,8,18121,17796,10644,includes_classic_bike_rides
2025-12,2i5w-ykuw,Lyft,10,4,3,2,includes_classic_bike_rides
2025-12,2i5w-ykuw,Lyft,11,32,21,8,includes_classic_bike_rides
2025-12,2i5w-ykuw,Lyft,12,36,32,9,includes_classic_bike_rides
2025-12,2i5w-ykuw,Lyft,13,100,109,49,includes_classic_bike_rides
2025-12,2i5w-ykuw,Lyft,14,135,139,45,includes_classic_bike_rides
2025-12,2i5w-ykuw,Lyft,15,46,58,13,includes_classic_bike_rides
2025-12,2i5w-ykuw,Lyft,16,228,232,80,includes_classic_bike_rides
2025-12,2i5w-ykuw,Lyft,17,34,25,11,includes_classic_bike_rides
2025-12,2i5w-ykuw,Lyft,18,4,5,2,includes_classic_bike_rides
2025-12,2i5w-ykuw,Lyft,19,15,25,7,includes_classic_bike_rides
2025-12,2i5w-ykuw,Lyft,20,81,66,13,includes_classic_bike_rides
2025-12,2i5w-ykuw,Lyft,21,260,264,84,includes_classic_bike_rides
2025-12,2i5w-ykuw,Lyft,22,2054,2090,1070,includes_classic_bike_rides
2025-12,2i5w-ykuw,Lyft,23,144,127,43,includes_classic_bike_rides
2025-12,2i5w-ykuw,Lyft,24,4862,5003,2304,includes_classic_bike_rides
2025-12,2i5w-ykuw,Lyft,25,51,60,38,includes_classic_bike_rides
2025-12,2i5w-ykuw,Lyft,26,7,6,2,includes_classic_bike_rides
2025-12,2i5w-ykuw,Lyft,27,61,43,14,includes_classic_bike_rides
2025-12,2i5w-ykuw,Lyft,28,12820,12921,7054,includes_classic_bike_rides
2025-12,2i5w-ykuw,Lyft,29,9,18,1,includes_classic_bike_rides
2025-12,2i5w-ykuw,Lyft,30,65,77,31,includes_classic_bike_rides
2025-12,2i5w-ykuw,Lyft,31,666,667,266,includes_classic_bike_rides
2025-12,2i5w-ykuw,Lyft,32,12016,11841,5845,includes_classic_bike_rides
2025-12,2i5w-ykuw,Lyft,33,1653,1590,565,includes_classic_bike_rides
2025-12,2i5w-ykuw,Lyft,34,264,285,64,includes_classic_bike_rides
2025-12,2i5w-ykuw,Lyft,35,342,352,200,includes_classic_bike_rides
2025-12,2i5w-ykuw,Lyft,36,3,6,1,includes_classic_bike_rides
2025-12,2i5w-ykuw,Lyft,37,6,8,0,includes_classic_bike_rides
2025-12,2i5w-ykuw,Lyft,38,54,70,15,includes_classic_bike_rides
2025-12,2i5w-ykuw,Lyft,39,151,157,39,includes_classic_bike_rides
2025-12,2i5w-ykuw,Lyft,40,42,27,10,includes_classic_bike_rides
2025-12,2i5w-ykuw,Lyft,41,2102,2081,1634,includes_classic_bike_rides
2025-12,2i5w-ykuw,Lyft,42,353,380,60,includes_classic_bike_rides
2025-12,2i5w-ykuw,Lyft,43,39,34,21,includes_classic_bike_rides
2025-12,2i5w-ykuw,Lyft,44,31,32,27,includes_classic_bike_rides
2025-12,2i5w-ykuw,Lyft,45,1,1,0,includes_classic_bike_rides
2025-12,2i5w-ykuw,Lyft,46,6,5,2,includes_classic_bike_rides
2025-12,2i5w-ykuw,Lyft,48,2,2,2,includes_classic_bike_rides
2025-12,2i5w-ykuw,Lyft,49,11,12,11,includes_classic_bike_rides
2025-12,2i5w-ykuw,Lyft,51,2,0,0,includes_classic_bike_rides
2025-12,2i5w-ykuw,Lyft,52,5,5,3,includes_classic_bike_rides
2025-12,2i5w-ykuw,Lyft,53,2,2,2,includes_classic_bike_rides
2025-12,2i5w-ykuw,Lyft,55,2,3,2,includes_classic_bike_rides
2025-12,2i5w-ykuw,Lyft,56,0,3,0,includes_classic_bike_rides
2025-12,2i5w-ykuw,Lyft,57,33,35,29,includes_classic_bike_rides
2025-12,2i5w-ykuw,Lyft,58,37,40,17,includes_classic_bike_rides
2025-12,2i5w-ykuw,Lyft,59,51,53,28,includes_classic_bike_rides
2025-12,2i5w-ykuw,Lyft,60,350,350,181,includes_classic_bike_rides
2025-12,2i5w-ykuw,Lyft,61,80,78,54,includes_classic_bike_rides
2025-12,2i5w-ykuw,Lyft,62,5,2,1,includes_classic_bike_rides
2025-12,2i5w-ykuw,Lyft,63,17,17,7,includes_classic_bike_rides
2025-12,2i5w-ykuw,Lyft,65,8,6,5,includes_classic_bike_rides
2025-12,2i5w-ykuw,Lyft,66,10,15,8,includes_classic_bike_rides
2025-12,2i5w-ykuw,Lyft,67,10,9,6,includes_classic_bike_rides
2025-12,2i5w-ykuw,Lyft,68,18,25,10,includes_classic_bike_rides
2025-12,2i5w-ykuw,Lyft,69,17,13,7,includes_classic_bike_rides
2025-12,2i5w-ykuw,Lyft,70,15,15,12,includes_classic_bike_rides
2025-12,2i5w-ykuw,Lyft,71,5,6,1,includes_classic_bike_rides
2025-12,2i5w-ykuw,Lyft,72,4,6,4,includes_classic_bike_rides
2025-12,2i5w-ykuw,Lyft,73,0,2,0,includes_classic_bike_rides
2025-12,2i5w-ykuw,Lyft,74,2,3,2,includes_classic_bike_rides
2025-12,2i5w-ykuw,Lyft,75,6,4,4,includes_classic_bike_rides
2025-12,2i5w-ykuw,Lyft,77,830,829,377,includes_classic_bike_rides
2025-12,2i5w-ykuw,Serve,3,1078,1081,1005,
2025-12,2i5w-ykuw,Serve,4,15,15,13,
2025-12,2i5w-ykuw,Serve,5,2,2,0,
2025-12,2i5w-ykuw,Serve,6,9326,9246,8682,
2025-12,2i5w-ykuw,Serve,7,5691,5750,5006,
2025-12,2i5w-ykuw,Serve,8,4019,3979,3813,
2025-12,2i5w-ykuw,Serve,21,4,5,4,
2025-12,2i5w-ykuw,Serve,22,375,381,346,
2025-12,2i5w-ykuw,Serve,23,185,180,179,
2025-12,2i5w-ykuw,Serve,24,1259,1303,1156,
2025-12,2i5w-ykuw,Serve,25,14,14,14,
2025-12,2i5w-ykuw,Serve,27,3,3,2,
2025-12,2i5w-ykuw,Serve,28,9129,9141,9005,
2025-12,2i5w-ykuw,Serve,77,18,18,17,
