year,dataset,vendor,start_community_area,end_community_area,trips,flags
2019,2kfw-zvte,,,,97036,
2019,2kfw-zvte,,,15,2,
2019,2kfw-zvte,,,16,4,
2019,2kfw-zvte,,,17,12,
2019,2kfw-zvte,,,18,38,
2019,2kfw-zvte,,,19,32,
2019,2kfw-zvte,,,20,3,
2019,2kfw-zvte,,,21,5,
2019,2kfw-zvte,,,22,8,
2019,2kfw-zvte,,,23,15,
2019,2kfw-zvte,,,24,21,
2019,2kfw-zvte,,,25,152,
2019,2kfw-zvte,,,26,6,
2019,2kfw-zvte,,,27,8,
2019,2kfw-zvte,,,28,22,
2019,2kfw-zvte,,,29,17,
2019,2kfw-zvte,,,30,5,
2019,2kfw-zvte,,,31,2,
2019,2kfw-zvte,,,60,1,
2019,2kfw-zvte,,3,3,1,
2019,2kfw-zvte,,5,5,2,
2019,2kfw-zvte,,5,15,1,
2019,2kfw-zvte,,5,16,8,
2019,2kfw-zvte,,5,21,7,
2019,2kfw-zvte,,5,22,9,
2019,2kfw-zvte,,5,24,1,
2019,2kfw-zvte,,5,27,1,
2019,2kfw-zvte,,5,28,1,
2019,2kfw-zvte,,7,5,1,
2019,2kfw-zvte,,7,6,1,
2019,2kfw-zvte,,7,7,25,
2019,2kfw-zvte,,7,16,1,
2019,2kfw-zvte,,7,21,4,
2019,2kfw-zvte,,7,22,51,
2019,2kfw-zvte,,7,24,35,
2019,2kfw-zvte,,7,28,3,
2019,2kfw-zvte,,7,31,2,
2019,2kfw-zvte,,8,5,1,
2019,2kfw-zvte,,8,7,1,
2019,2kfw-zvte,,8,8,25,
2019,2kfw-zvte,,8,22,14,
2019,2kfw-zvte,,8,24,87,
2019,2kfw-zvte,,8,27,1,
2019,2kfw-zvte,,8,28,11,
2019,2kfw-zvte,,8,30,1,
2019,2kfw-zvte,,15,,7,
2019,2kfw-zvte,,15,5,15,
2019,2kfw-zvte,,15,7,1,
2019,2kfw-zvte,,15,15,3919,
2019,2kfw-zvte,,15,16,751,
2019,2kfw-zvte,,15,17,322,
2019,2kfw-zvte,,15,18,65,
2019,2kfw-zvte,,15,19,1088,
2019,2kfw-zvte,,15,20,122,
2019,2kfw-zvte,,15,21,315,
2019,2kfw-zvte,,15,22,277,
2019,2kfw-zvte,,15,23,33,
2019,2kfw-zvte,,15,24,78,
2019,2kfw-zvte,,15,25,72,
2019,2kfw-zvte,,15,26,3,
2019,2kfw-zvte,,15,27,1,
2019,2kfw-zvte,,15,28,7,
2019,2kfw-zvte,,15,29,1,
2019,2kfw-zvte,,15,30,1,
2019,2kfw-zvte,,15,31,4,
2019,2kfw-zvte,,16,,1,
2019,2kfw-zvte,,16,2,1,
2019,2kfw-zvte,,16,4,1,
2019,2kfw-zvte,,16,5,77,
2019,2kfw-zvte,,16,6,1,
2019,2kfw-zvte,,16,7,4,
2019,2kfw-zvte,,16,11,1,
2019,2kfw-zvte,,16,14,2,
2019,2kfw-zvte,,16,15,853,
2019,2kfw-zvte,,16,16,4491,
2019,2kfw-zvte,,16,17,97,
2019,2kfw-zvte,,16,18,6,
2019,2kfw-zvte,,16,19,211,
2019,2kfw-zvte,,16,20,176,
2019,2kfw-zvte,,16,21,1141,
2019,2kfw-zvte,,16,22,660,
2019,2kfw-zvte,,16,23,69,
2019,2kfw-zvte,,16,24,156,
2019,2kfw-zvte,,16,25,14,
2019,2kfw-zvte,,16,26,8,
2019,2kfw-zvte,,16,27,1,
2019,2kfw-zvte,,16,28,16,
2019,2kfw-zvte,,16,29,4,
2019,2kfw-zvte,,16,30,1,
2019,2kfw-zvte,,17,,21,
2019,2kfw-zvte,,17,5,2,
2019,2kfw-zvte,,17,14,1,
2019,2kfw-zvte,,17,15,213,
2019,2kfw-zvte,,17,16,29,
2019,2kfw-zvte,,17,17,1089,
2019,2kfw-zvte,,17,18,99,
2019,2kfw-zvte,,17,19,216,
2019,2kfw-zvte,,17,20,19,
2019,2kfw-zvte,,17,21,16,
2019,2kfw-zvte,,17,22,22,
2019,2kfw-zvte,,17,23,3,
2019,2kfw-zvte,,17,24,9,
2019,2kfw-zvte,,17,25,23,
2019,2kfw-zvte,,17,28,3,
2019,2kfw-zvte,,17,31,1,
2019,2kfw-zvte,,18,,104,
2019,2kfw-zvte,,18,5,1,
2019,2kfw-zvte,,18,7,1,
2019,2kfw-zvte,,18,15,34,
2019,2kfw-zvte,,18,16,5,
2019,2kfw-zvte,,18,17,150,
2019,2kfw-zvte,,18,18,1144,
2019,2kfw-zvte,,18,19,414,
2019,2kfw-zvte,,18,20,19,
2019,2kfw-zvte,,18,21,7,
2019,2kfw-zvte,,18,22,13,
2019,2kfw-zvte,,18,23,17,
2019,2kfw-zvte,,18,24,21,
2019,2kfw-zvte,,18,25,127,
2019,2kfw-zvte,,18,28,3,
2019,2kfw-zvte,,18,29,2,
2019,2kfw-zvte,,18,30,5,
2019,2kfw-zvte,,19,,64,
2019,2kfw-zvte,,19,5,11,
2019,2kfw-zvte,,19,6,2,
2019,2kfw-zvte,,19,7,10,
2019,2kfw-zvte,,19,8,1,
2019,2kfw-zvte,,19,11,1,
2019,2kfw-zvte,,19,15,1335,
2019,2kfw-zvte,,19,16,282,
2019,2kfw-zvte,,19,17,481,
2019,2kfw-zvte,,19,18,527,
2019,2kfw-zvte,,19,19,13878,
2019,2kfw-zvte,,19,20,1214,
2019,2kfw-zvte,,19,21,437,
2019,2kfw-zvte,,19,22,779,
2019,2kfw-zvte,,19,23,301,
2019,2kfw-zvte,,19,24,188,
2019,2kfw-zvte,,19,25,1015,
2019,2kfw-zvte,,19,26,5,
2019,2kfw-zvte,,19,27,6,
2019,2kfw-zvte,,19,28,12,
2019,2kfw-zvte,,19,29,9,
2019,2kfw-zvte,,19,30,5,
2019,2kfw-zvte,,20,,11,
2019,2kfw-zvte,,20,5,7,
2019,2kfw-zvte,,20,7,10,
2019,2kfw-zvte,,20,11,2,
2019,2kfw-zvte,,20,14,1,
2019,2kfw-zvte,,20,15,207,
2019,2kfw-zvte,,20,16,304,
2019,2kfw-zvte,,20,17,40,
2019,2kfw-zvte,,20,18,25,
2019,2kfw-zvte,,20,19,1448,
2019,2kfw-zvte,,20,20,5251,
2019,2kfw-zvte,,20,21,617,
2019,2kfw-zvte,,20,22,2167,
2019,2kfw-zvte,,20,23,830,
2019,2kfw-zvte,,20,24,316,
2019,2kfw-zvte,,20,25,187,
2019,2kfw-zvte,,20,26,17,
2019,2kfw-zvte,,20,27,11,
2019,2kfw-zvte,,20,28,11,
2019,2kfw-zvte,,20,29,2,
2019,2kfw-zvte,,20,30,3,
2019,2kfw-zvte,,20,31,2,
2019,2kfw-zvte,,21,,4,
2019,2kfw-zvte,,21,4,1,
2019,2kfw-zvte,,21,5,121,
2019,2kfw-zvte,,21,7,14,
2019,2kfw-zvte,,21,8,5,
2019,2kfw-zvte,,21,10,1,
2019,2kfw-zvte,,21,14,1,
2019,2kfw-zvte,,21,15,403,
2019,2kfw-zvte,,21,16,1500,
2019,2kfw-zvte,,21,17,34,
2019,2kfw-zvte,,21,18,7,
2019,2kfw-zvte,,21,19,520,
2019,2kfw-zvte,,21,20,515,
2019,2kfw-zvte,,21,21,8247,
2019,2kfw-zvte,,21,22,5029,
2019,2kfw-zvte,,21,23,193,
2019,2kfw-zvte,,21,24,752,
2019,2kfw-zvte,,21,25,40,
2019,2kfw-zvte,,21,26,2,
2019,2kfw-zvte,,21,27,10,
2019,2kfw-zvte,,21,28,85,
2019,2kfw-zvte,,21,29,7,
2019,2kfw-zvte,,21,30,6,
2019,2kfw-zvte,,21,31,6,
2019,2kfw-zvte,,22,,19,
2019,2kfw-zvte,,22,5,151,
2019,2kfw-zvte,,22,6,2,
2019,2kfw-zvte,,22,7,477,
2019,2kfw-zvte,,22,8,51,
2019,2kfw-zvte,,22,14,8,
2019,2kfw-zvte,,22,15,266,
2019,2kfw-zvte,,22,16,1135,
2019,2kfw-zvte,,22,17,44,
2019,2kfw-zvte,,22,18,58,
2019,2kfw-zvte,,22,19,882,
2019,2kfw-zvte,,22,20,1603,
2019,2kfw-zvte,,22,21,6586,
2019,2kfw-zvte,,22,22,58106,
2019,2kfw-zvte,,22,23,1784,
2019,2kfw-zvte,,22,24,18016,
2019,2kfw-zvte,,22,25,163,
2019,2kfw-zvte,,22,26,13,
2019,2kfw-zvte,,22,27,77,
2019,2kfw-zvte,,22,28,1146,
2019,2kfw-zvte,,22,29,51,
2019,2kfw-zvte,,22,30,23,
2019,2kfw-zvte,,22,31,60,
2019,2kfw-zvte,,22,32,3,
2019,2kfw-zvte,,22,60,4,
2019,2kfw-zvte,,23,,12,
2019,2kfw-zvte,,23,3,1,
2019,2kfw-zvte,,23,5,2,
2019,2kfw-zvte,,23,6,1,
2019,2kfw-zvte,,23,7,6,
2019,2kfw-zvte,,23,8,14,
2019,2kfw-zvte,,23,14,1,
2019,2kfw-zvte,,23,15,35,
2019,2kfw-zvte,,23,16,68,
2019,2kfw-zvte,,23,17,4,
2019,2kfw-zvte,,23,18,4,
2019,2kfw-zvte,,23,19,208,
2019,2kfw-zvte,,23,20,417,
2019,2kfw-zvte,,23,21,111,
2019,2kfw-zvte,,23,22,1192,
2019,2kfw-zvte,,23,23,6771,
2019,2kfw-zvte,,23,24,1543,
2019,2kfw-zvte,,23,25,549,
2019,2kfw-zvte,,23,26,250,
2019,2kfw-zvte,,23,27,512,
2019,2kfw-zvte,,23,28,130,
2019,2kfw-zvte,,23,29,60,
2019,2kfw-zvte,,23,30,11,
2019,2kfw-zvte,,23,31,4,
2019,2kfw-zvte,,24,,21,
2019,2kfw-zvte,,24,3,2,
2019,2kfw-zvte,,24,5,45,
2019,2kfw-zvte,,24,6,10,
2019,2kfw-zvte,,24,7,530,
2019,2kfw-zvte,,24,8,668,
2019,2kfw-zvte,,24,15,86,
2019,2kfw-zvte,,24,16,316,
2019,2kfw-zvte,,24,17,19,
2019,2kfw-zvte,,24,18,2,
2019,2kfw-zvte,,24,19,172,
2019,2kfw-zvte,,24,20,174,
2019,2kfw-zvte,,24,21,989,
2019,2kfw-zvte,,24,22,21970,
2019,2kfw-zvte,,24,23,2702,
2019,2kfw-zvte,,24,24,138172,
2019,2kfw-zvte,,24,25,219,
2019,2kfw-zvte,,24,26,38,
2019,2kfw-zvte,,24,27,342,
2019,2kfw-zvte,,24,28,18981,
2019,2kfw-zvte,,24,29,199,
2019,2kfw-zvte,,24,30,64,
2019,2kfw-zvte,,24,31,540,
2019,2kfw-zvte,,24,32,6,
2019,2kfw-zvte,,24,59,2,
2019,2kfw-zvte,,24,60,4,
2019,2kfw-zvte,,24,61,1,
2019,2kfw-zvte,,25,,425,
2019,2kfw-zvte,,25,5,3,
2019,2kfw-zvte,,25,7,4,
2019,2kfw-zvte,,25,14,1,
2019,2kfw-zvte,,25,15,107,
2019,2kfw-zvte,,25,16,25,
2019,2kfw-zvte,,25,17,56,
2019,2kfw-zvte,,25,18,154,
2019,2kfw-zvte,,25,19,1236,
2019,2kfw-zvte,,25,20,234,
2019,2kfw-zvte,,25,21,42,
2019,2kfw-zvte,,25,22,178,
2019,2kfw-zvte,,25,23,838,
2019,2kfw-zvte,,25,24,211,
2019,2kfw-zvte,,25,25,14533,
2019,2kfw-zvte,,25,26,667,
2019,2kfw-zvte,,25,27,182,
2019,2kfw-zvte,,25,28,161,
2019,2kfw-zvte,,25,29,195,
2019,2kfw-zvte,,25,30,14,
2019,2kfw-zvte,,25,31,5,
2019,2kfw-zvte,,25,32,2,
2019,2kfw-zvte,,25,56,1,
2019,2kfw-zvte,,25,60,1,
2019,2kfw-zvte,,26,,28,
2019,2kfw-zvte,,26,7,1,
2019,2kfw-zvte,,26,8,2,
2019,2kfw-zvte,,26,15,4,
2019,2kfw-zvte,,26,16,6,
2019,2kfw-zvte,,26,17,1,
2019,2kfw-zvte,,26,18,3,
2019,2kfw-zvte,,26,19,3,
2019,2kfw-zvte,,26,20,8,
2019,2kfw-zvte,,26,21,4,
2019,2kfw-zvte,,26,22,18,
2019,2kfw-zvte,,26,23,533,
2019,2kfw-zvte,,26,24,38,
2019,2kfw-zvte,,26,25,640,
2019,2kfw-zvte,,26,26,2971,
2019,2kfw-zvte,,26,27,370,
2019,2kfw-zvte,,26,28,137,
2019,2kfw-zvte,,26,29,275,
2019,2kfw-zvte,,26,30,25,
2019,2kfw-zvte,,26,31,5,
2019,2kfw-zvte,,26,57,1,
2019,2kfw-zvte,,27,,10,
2019,2kfw-zvte,,27,5,3,
2019,2kfw-zvte,,27,8,2,
2019,2kfw-zvte,,27,14,1,
2019,2kfw-zvte,,27,15,2,
2019,2kfw-zvte,,27,16,6,
2019,2kfw-zvte,,27,19,10,
2019,2kfw-zvte,,27,20,4,
2019,2kfw-zvte,,27,21,15,
2019,2kfw-zvte,,27,22,108,
2019,2kfw-zvte,,27,23,1169,
2019,2kfw-zvte,,27,24,372,
2019,2kfw-zvte,,27,25,232,
2019,2kfw-zvte,,27,26,502,
2019,2kfw-zvte,,27,27,3942,
2019,2kfw-zvte,,27,28,619,
2019,2kfw-zvte,,27,29,392,
2019,2kfw-zvte,,27,30,46,
2019,2kfw-zvte,,27,31,27,
2019,2kfw-zvte,,27,32,1,
2019,2kfw-zvte,,27,57,1,
2019,2kfw-zvte,,27,58,1,
2019,2kfw-zvte,,27,59,2,
2019,2kfw-zvte,,28,,36,
2019,2kfw-zvte,,28,5,5,
2019,2kfw-zvte,,28,6,4,
2019,2kfw-zvte,,28,7,66,
2019,2kfw-zvte,,28,8,260,
2019,2kfw-zvte,,28,15,9,
2019,2kfw-zvte,,28,16,54,
2019,2kfw-zvte,,28,17,3,
2019,2kfw-zvte,,28,18,1,
2019,2kfw-zvte,,28,19,34,
2019,2kfw-zvte,,28,20,9,
2019,2kfw-zvte,,28,21,171,
2019,2kfw-zvte,,28,22,1890,
2019,2kfw-zvte,,28,23,310,
2019,2kfw-zvte,,28,24,27794,
2019,2kfw-zvte,,28,25,141,
2019,2kfw-zvte,,28,26,96,
2019,2kfw-zvte,,28,27,804,
2019,2kfw-zvte,,28,28,156969,
2019,2kfw-zvte,,28,29,544,
2019,2kfw-zvte,,28,30,236,
2019,2kfw-zvte,,28,31,4296,
2019,2kfw-zvte,,28,32,50,
2019,2kfw-zvte,,28,33,6,
2019,2kfw-zvte,,28,34,2,
2019,2kfw-zvte,,28,59,1,
2019,2kfw-zvte,,28,60,86,
2019,2kfw-zvte,,28,67,1,
2019,2kfw-zvte,,29,,81,
2019,2kfw-zvte,,29,7,3,
2019,2kfw-zvte,,29,8,2,
2019,2kfw-zvte,,29,15,2,
2019,2kfw-zvte,,29,16,3,
2019,2kfw-zvte,,29,18,3,
2019,2kfw-zvte,,29,19,13,
2019,2kfw-zvte,,29,20,3,
2019,2kfw-zvte,,29,21,5,
2019,2kfw-zvte,,29,22,26,
2019,2kfw-zvte,,29,23,100,
2019,2kfw-zvte,,29,24,103,
2019,2kfw-zvte,,29,25,173,
2019,2kfw-zvte,,29,26,270,
2019,2kfw-zvte,,29,27,432,
2019,2kfw-zvte,,29,28,434,
2019,2kfw-zvte,,29,29,6941,
2019,2kfw-zvte,,29,30,1457,
2019,2kfw-zvte,,29,31,184,
2019,2kfw-zvte,,29,56,1,
2019,2kfw-zvte,,29,57,1,
2019,2kfw-zvte,,29,58,7,
2019,2kfw-zvte,,29,59,3,
2019,2kfw-zvte,,29,60,2,
2019,2kfw-zvte,,29,66,1,
2019,2kfw-zvte,,30,,28,
2019,2kfw-zvte,,30,16,9,
2019,2kfw-zvte,,30,18,1,
2019,2kfw-zvte,,30,19,1,
2019,2kfw-zvte,,30,20,1,
2019,2kfw-zvte,,30,21,1,
2019,2kfw-zvte,,30,22,26,
2019,2kfw-zvte,,30,23,9,
2019,2kfw-zvte,,30,24,20,
2019,2kfw-zvte,,30,25,17,
2019,2kfw-zvte,,30,26,11,
2019,2kfw-zvte,,30,27,33,
2019,2kfw-zvte,,30,28,129,
2019,2kfw-zvte,,30,29,755,
2019,2kfw-zvte,,30,30,6665,
2019,2kfw-zvte,,30,31,359,
2019,2kfw-zvte,,30,39,1,
2019,2kfw-zvte,,30,57,4,
2019,2kfw-zvte,,30,58,5,
2019,2kfw-zvte,,30,59,2,
2019,2kfw-zvte,,30,60,1,
2019,2kfw-zvte,,30,66,2,
2019,2kfw-zvte,,31,,7,
2019,2kfw-zvte,,31,5,1,
2019,2kfw-zvte,,31,7,1,
2019,2kfw-zvte,,31,8,5,
2019,2kfw-zvte,,31,15,1,
2019,2kfw-zvte,,31,16,1,
2019,2kfw-zvte,,31,19,2,
2019,2kfw-zvte,,31,20,2,
2019,2kfw-zvte,,31,21,2,
2019,2kfw-zvte,,31,22,33,
2019,2kfw-zvte,,31,23,9,
2019,2kfw-zvte,,31,24,334,
2019,2kfw-zvte,,31,25,6,
2019,2kfw-zvte,,31,27,9,
2019,2kfw-zvte,,31,28,2926,
2019,2kfw-zvte,,31,29,96,
2019,2kfw-zvte,,31,30,372,
2019,2kfw-zvte,,31,31,7833,
2019,2kfw-zvte,,31,32,8,
2019,2kfw-zvte,,31,33,5,
2019,2kfw-zvte,,31,34,5,
2019,2kfw-zvte,,31,39,1,
2019,2kfw-zvte,,31,56,1,
2019,2kfw-zvte,,31,59,8,
2019,2kfw-zvte,,31,60,53,
2019,2kfw-zvte,,32,28,3,
2019,2kfw-zvte,,32,32,1,
2019,2kfw-zvte,,33,33,1,
2019,2kfw-zvte,,34,34,1,
2019,2kfw-zvte,,42,28,2,
2019,2kfw-zvte,,42,42,3,
2019,2kfw-zvte,,58,30,1,
2019,2kfw-zvte,,60,24,2,
2019,2kfw-zvte,,60,28,12,
2019,2kfw-zvte,,60,31,16,
2019,2kfw-zvte,,60,60,8,
2019,2kfw-zvte,,61,22,3,
2019,2kfw-zvte,,63,31,1,
2019,2kfw-zvte,,76,,1,
2020,3rse-fbp6,bird,,,5,
2020,3rse-fbp6,bird,,3,1,
2020,3rse-fbp6,bird,,6,1,
2020,3rse-fbp6,bird,,8,1,
2020,3rse-fbp6,bird,,18,1,
2020,3rse-fbp6,bird,,20,1,
2020,3rse-fbp6,bird,,25,7,
2020,3rse-fbp6,bird,,36,1,
2020,3rse-fbp6,bird,,41,1,
2020,3rse-fbp6,bird,,43,1,
2020,3rse-fbp6,bird,,53,1,
2020,3rse-fbp6,bird,,72,1,
2020,3rse-fbp6,bird,,74,3,
2020,3rse-fbp6,bird,1,,3,
2020,3rse-fbp6,bird,1,1,1026,
2020,3rse-fbp6,bird,1,2,75,
2020,3rse-fbp6,bird,1,3,47,
2020,3rse-fbp6,bird,1,4,10,
2020,3rse-fbp6,bird,1,5,3,
2020,3rse-fbp6,bird,1,6,12,
2020,3rse-fbp6,bird,1,7,6,
2020,3rse-fbp6,bird,1,8,1,
2020,3rse-fbp6,bird,1,13,1,
2020,3rse-fbp6,bird,1,14,2,
2020,3rse-fbp6,bird,1,24,2,
2020,3rse-fbp6,bird,1,77,238,
2020,3rse-fbp6,bird,2,1,28,
2020,3rse-fbp6,bird,2,2,240,
2020,3rse-fbp6,bird,2,3,7,
2020,3rse-fbp6,bird,2,4,18,
2020,3rse-fbp6,bird,2,5,2,
2020,3rse-fbp6,bird,2,6,2,
2020,3rse-fbp6,bird,2,7,2,
2020,3rse-fbp6,bird,2,11,1,
2020,3rse-fbp6,bird,2,12,2,
2020,3rse-fbp6,bird,2,13,3,
2020,3rse-fbp6,bird,2,14,4,
2020,3rse-fbp6,bird,2,16,2,
2020,3rse-fbp6,bird,2,24,1,
2020,3rse-fbp6,bird,2,77,42,
2020,3rse-fbp6,bird,3,,2,
2020,3rse-fbp6,bird,3,1,65,
2020,3rse-fbp6,bird,3,2,31,
2020,3rse-fbp6,bird,3,3,4662,
2020,3rse-fbp6,bird,3,4,354,
2020,3rse-fbp6,bird,3,5,88,
2020,3rse-fbp6,bird,3,6,1369,
2020,3rse-fbp6,bird,3,7,163,
2020,3rse-fbp6,bird,3,8,30,
2020,3rse-fbp6,bird,3,11,1,
2020,3rse-fbp6,bird,3,13,8,
2020,3rse-fbp6,bird,3,14,21,
2020,3rse-fbp6,bird,3,15,1,
2020,3rse-fbp6,bird,3,16,14,
2020,3rse-fbp6,bird,3,21,6,
2020,3rse-fbp6,bird,3,22,21,
2020,3rse-fbp6,bird,3,23,2,
2020,3rse-fbp6,bird,3,24,32,
2020,3rse-fbp6,bird,3,25,1,
2020,3rse-fbp6,bird,3,27,1,
2020,3rse-fbp6,bird,3,28,5,
2020,3rse-fbp6,bird,3,31,2,
2020,3rse-fbp6,bird,3,67,1,
2020,3rse-fbp6,bird,3,77,972,
2020,3rse-fbp6,bird,4,1,8,
2020,3rse-fbp6,bird,4,2,43,
2020,3rse-fbp6,bird,4,3,243,
2020,3rse-fbp6,bird,4,4,584,
2020,3rse-fbp6,bird,4,5,73,
2020,3rse-fbp6,bird,4,6,87,
2020,3rse-fbp6,bird,4,7,16,
2020,3rse-fbp6,bird,4,8,2,
2020,3rse-fbp6,bird,4,12,1,
2020,3rse-fbp6,bird,4,13,14,
2020,3rse-fbp6,bird,4,14,36,
2020,3rse-fbp6,bird,4,15,4,
2020,3rse-fbp6,bird,4,16,18,
2020,3rse-fbp6,bird,4,19,3,
2020,3rse-fbp6,bird,4,21,2,
2020,3rse-fbp6,bird,4,22,7,
2020,3rse-fbp6,bird,4,24,11,
2020,3rse-fbp6,bird,4,77,129,
2020,3rse-fbp6,bird,5,1,3,
2020,3rse-fbp6,bird,5,2,5,
2020,3rse-fbp6,bird,5,3,54,
2020,3rse-fbp6,bird,5,4,94,
2020,3rse-fbp6,bird,5,5,681,
2020,3rse-fbp6,bird,5,6,358,
2020,3rse-fbp6,bird,5,7,101,
2020,3rse-fbp6,bird,5,8,19,
2020,3rse-fbp6,bird,5,12,1,
2020,3rse-fbp6,bird,5,14,23,
2020,3rse-fbp6,bird,5,15,2,
2020,3rse-fbp6,bird,5,16,47,
2020,3rse-fbp6,bird,5,17,1,
2020,3rse-fbp6,bird,5,19,3,
2020,3rse-fbp6,bird,5,20,2,
2020,3rse-fbp6,bird,5,21,41,
2020,3rse-fbp6,bird,5,22,67,
2020,3rse-fbp6,bird,5,23,3,
2020,3rse-fbp6,bird,5,24,33,
2020,3rse-fbp6,bird,5,28,1,
2020,3rse-fbp6,bird,5,77,12,
2020,3rse-fbp6,bird,6,1,17,
2020,3rse-fbp6,bird,6,2,7,
2020,3rse-fbp6,bird,6,3,1056,
2020,3rse-fbp6,bird,6,4,109,
2020,3rse-fbp6,bird,6,5,367,
2020,3rse-fbp6,bird,6,6,9511,
2020,3rse-fbp6,bird,6,7,2590,
2020,3rse-fbp6,bird,6,8,437,
2020,3rse-fbp6,bird,6,11,1,
2020,3rse-fbp6,bird,6,13,1,
2020,3rse-fbp6,bird,6,14,6,
2020,3rse-fbp6,bird,6,15,4,
2020,3rse-fbp6,bird,6,16,39,
2020,3rse-fbp6,bird,6,17,2,
2020,3rse-fbp6,bird,6,19,4,
2020,3rse-fbp6,bird,6,20,3,
2020,3rse-fbp6,bird,6,21,35,
2020,3rse-fbp6,bird,6,22,141,
2020,3rse-fbp6,bird,6,23,1,
2020,3rse-fbp6,bird,6,24,167,
2020,3rse-fbp6,bird,6,28,43,
2020,3rse-fbp6,bird,6,30,2,
2020,3rse-fbp6,bird,6,31,4,
2020,3rse-fbp6,bird,6,33,2,
2020,3rse-fbp6,bird,6,77,144,
2020,3rse-fbp6,bird,7,,7,
2020,3rse-fbp6,bird,7,1,8,
2020,3rse-fbp6,bird,7,3,197,
2020,3rse-fbp6,bird,7,4,38,
2020,3rse-fbp6,bird,7,5,158,
2020,3rse-fbp6,bird,7,6,3896,
2020,3rse-fbp6,bird,7,7,20746,
2020,3rse-fbp6,bird,7,8,2909,
2020,3rse-fbp6,bird,7,14,1,
2020,3rse-fbp6,bird,7,15,9,
2020,3rse-fbp6,bird,7,16,11,
2020,3rse-fbp6,bird,7,19,9,
2020,3rse-fbp6,bird,7,20,6,
2020,3rse-fbp6,bird,7,21,39,
2020,3rse-fbp6,bird,7,22,600,
2020,3rse-fbp6,bird,7,23,22,
2020,3rse-fbp6,bird,7,24,827,
2020,3rse-fbp6,bird,7,25,2,
2020,3rse-fbp6,bird,7,28,168,
2020,3rse-fbp6,bird,7,29,2,
2020,3rse-fbp6,bird,7,30,1,
2020,3rse-fbp6,bird,7,31,9,
2020,3rse-fbp6,bird,7,32,1,
2020,3rse-fbp6,bird,7,33,5,
2020,3rse-fbp6,bird,7,60,1,
2020,3rse-fbp6,bird,7,66,1,
2020,3rse-fbp6,bird,7,69,1,
2020,3rse-fbp6,bird,7,77,47,
2020,3rse-fbp6,bird,8,2,1,
2020,3rse-fbp6,bird,8,3,35,
2020,3rse-fbp6,bird,8,4,9,
2020,3rse-fbp6,bird,8,5,21,
2020,3rse-fbp6,bird,8,6,607,
2020,3rse-fbp6,bird,8,7,2595,
2020,3rse-fbp6,bird,8,8,5313,
2020,3rse-fbp6,bird,8,16,3,
2020,3rse-fbp6,bird,8,19,1,
2020,3rse-fbp6,bird,8,20,1,
2020,3rse-fbp6,bird,8,21,5,
2020,3rse-fbp6,bird,8,22,120,
2020,3rse-fbp6,bird,8,23,31,
2020,3rse-fbp6,bird,8,24,743,
2020,3rse-fbp6,bird,8,25,6,
2020,3rse-fbp6,bird,8,26,1,
2020,3rse-fbp6,bird,8,27,4,
2020,3rse-fbp6,bird,8,28,230,
2020,3rse-fbp6,bird,8,31,6,
2020,3rse-fbp6,bird,8,32,3,
2020,3rse-fbp6,bird,8,33,3,
2020,3rse-fbp6,bird,8,34,1,
2020,3rse-fbp6,bird,8,39,1,
2020,3rse-fbp6,bird,8,59,1,
2020,3rse-fbp6,bird,8,60,1,
2020,3rse-fbp6,bird,8,63,1,
2020,3rse-fbp6,bird,8,77,16,
2020,3rse-fbp6,bird,9,9,12,
2020,3rse-fbp6,bird,9,10,3,
2020,3rse-fbp6,bird,9,11,1,
2020,3rse-fbp6,bird,10,3,1,
2020,3rse-fbp6,bird,10,9,2,
2020,3rse-fbp6,bird,10,10,39,
2020,3rse-fbp6,bird,10,11,3,
2020,3rse-fbp6,bird,10,15,4,
2020,3rse-fbp6,bird,10,17,1,
2020,3rse-fbp6,bird,11,,1,
2020,3rse-fbp6,bird,11,3,1,
2020,3rse-fbp6,bird,11,10,10,
2020,3rse-fbp6,bird,11,11,84,
2020,3rse-fbp6,bird,11,12,6,
2020,3rse-fbp6,bird,11,13,1,
2020,3rse-fbp6,bird,11,14,5,
2020,3rse-fbp6,bird,11,15,51,
2020,3rse-fbp6,bird,11,16,6,
2020,3rse-fbp6,bird,11,17,7,
2020,3rse-fbp6,bird,11,19,1,
2020,3rse-fbp6,bird,11,21,1,
2020,3rse-fbp6,bird,11,22,2,
2020,3rse-fbp6,bird,11,24,1,
2020,3rse-fbp6,bird,11,76,1,
2020,3rse-fbp6,bird,12,2,1,
2020,3rse-fbp6,bird,12,11,4,
2020,3rse-fbp6,bird,12,12,7,
2020,3rse-fbp6,bird,12,14,1,
2020,3rse-fbp6,bird,12,15,5,
2020,3rse-fbp6,bird,12,16,3,
2020,3rse-fbp6,bird,13,2,3,
2020,3rse-fbp6,bird,13,3,4,
2020,3rse-fbp6,bird,13,4,4,
2020,3rse-fbp6,bird,13,11,1,
2020,3rse-fbp6,bird,13,12,3,
2020,3rse-fbp6,bird,13,13,43,
2020,3rse-fbp6,bird,13,14,16,
2020,3rse-fbp6,bird,13,16,3,
2020,3rse-fbp6,bird,13,17,2,
2020,3rse-fbp6,bird,13,77,1,
2020,3rse-fbp6,bird,14,2,2,
2020,3rse-fbp6,bird,14,3,7,
2020,3rse-fbp6,bird,14,4,32,
2020,3rse-fbp6,bird,14,5,9,
2020,3rse-fbp6,bird,14,6,8,
2020,3rse-fbp6,bird,14,7,3,
2020,3rse-fbp6,bird,14,10,1,
2020,3rse-fbp6,bird,14,11,2,
2020,3rse-fbp6,bird,14,12,2,
2020,3rse-fbp6,bird,14,13,14,
2020,3rse-fbp6,bird,14,14,146,
2020,3rse-fbp6,bird,14,15,15,
2020,3rse-fbp6,bird,14,16,31,
2020,3rse-fbp6,bird,14,17,1,
2020,3rse-fbp6,bird,14,19,2,
2020,3rse-fbp6,bird,14,21,7,
2020,3rse-fbp6,bird,14,22,6,
2020,3rse-fbp6,bird,14,23,2,
2020,3rse-fbp6,bird,14,24,3,
2020,3rse-fbp6,bird,14,77,6,
2020,3rse-fbp6,bird,15,,1,
2020,3rse-fbp6,bird,15,1,2,
2020,3rse-fbp6,bird,15,2,1,
2020,3rse-fbp6,bird,15,3,3,
2020,3rse-fbp6,bird,15,4,7,
2020,3rse-fbp6,bird,15,5,6,
2020,3rse-fbp6,bird,15,6,11,
2020,3rse-fbp6,bird,15,7,3,
2020,3rse-fbp6,bird,15,9,3,
2020,3rse-fbp6,bird,15,10,9,
2020,3rse-fbp6,bird,15,11,76,
2020,3rse-fbp6,bird,15,12,7,
2020,3rse-fbp6,bird,15,13,7,
2020,3rse-fbp6,bird,15,14,25,
2020,3rse-fbp6,bird,15,15,3189,
2020,3rse-fbp6,bird,15,16,272,
2020,3rse-fbp6,bird,15,17,256,
2020,3rse-fbp6,bird,15,18,18,
2020,3rse-fbp6,bird,15,19,244,
2020,3rse-fbp6,bird,15,20,25,
2020,3rse-fbp6,bird,15,21,67,
2020,3rse-fbp6,bird,15,22,38,
2020,3rse-fbp6,bird,15,23,3,
2020,3rse-fbp6,bird,15,24,6,
2020,3rse-fbp6,bird,15,25,34,
2020,3rse-fbp6,bird,15,27,1,
2020,3rse-fbp6,bird,15,28,1,
2020,3rse-fbp6,bird,15,77,1,
2020,3rse-fbp6,bird,16,,2,
2020,3rse-fbp6,bird,16,1,2,
2020,3rse-fbp6,bird,16,2,3,
2020,3rse-fbp6,bird,16,3,19,
2020,3rse-fbp6,bird,16,4,16,
2020,3rse-fbp6,bird,16,5,37,
2020,3rse-fbp6,bird,16,6,29,
2020,3rse-fbp6,bird,16,7,9,
2020,3rse-fbp6,bird,16,8,2,
2020,3rse-fbp6,bird,16,10,3,
2020,3rse-fbp6,bird,16,11,7,
2020,3rse-fbp6,bird,16,13,7,
2020,3rse-fbp6,bird,16,14,59,
2020,3rse-fbp6,bird,16,15,224,
2020,3rse-fbp6,bird,16,16,999,
2020,3rse-fbp6,bird,16,17,14,
2020,3rse-fbp6,bird,16,19,26,
2020,3rse-fbp6,bird,16,20,50,
2020,3rse-fbp6,bird,16,21,210,
2020,3rse-fbp6,bird,16,22,76,
2020,3rse-fbp6,bird,16,23,21,
2020,3rse-fbp6,bird,16,24,13,
2020,3rse-fbp6,bird,16,25,2,
2020,3rse-fbp6,bird,16,27,1,
2020,3rse-fbp6,bird,16,28,2,
2020,3rse-fbp6,bird,16,29,1,
2020,3rse-fbp6,bird,16,57,1,
2020,3rse-fbp6,bird,16,77,4,
2020,3rse-fbp6,bird,17,,1,
2020,3rse-fbp6,bird,17,2,1,
2020,3rse-fbp6,bird,17,6,1,
2020,3rse-fbp6,bird,17,10,2,
2020,3rse-fbp6,bird,17,11,9,
2020,3rse-fbp6,bird,17,13,2,
2020,3rse-fbp6,bird,17,15,101,
2020,3rse-fbp6,bird,17,16,7,
2020,3rse-fbp6,bird,17,17,405,
2020,3rse-fbp6,bird,17,18,53,
2020,3rse-fbp6,bird,17,19,41,
2020,3rse-fbp6,bird,17,20,2,
2020,3rse-fbp6,bird,17,21,2,
2020,3rse-fbp6,bird,17,22,5,
2020,3rse-fbp6,bird,17,23,1,
2020,3rse-fbp6,bird,17,25,5,
2020,3rse-fbp6,bird,17,76,3,
2020,3rse-fbp6,bird,18,,3,
2020,3rse-fbp6,bird,18,14,2,
2020,3rse-fbp6,bird,18,15,9,
2020,3rse-fbp6,bird,18,17,67,
2020,3rse-fbp6,bird,18,18,266,
2020,3rse-fbp6,bird,18,19,52,
2020,3rse-fbp6,bird,18,20,9,
2020,3rse-fbp6,bird,18,21,3,
2020,3rse-fbp6,bird,18,22,2,
2020,3rse-fbp6,bird,18,25,48,
2020,3rse-fbp6,bird,19,,5,
2020,3rse-fbp6,bird,19,4,1,
2020,3rse-fbp6,bird,19,5,2,
2020,3rse-fbp6,bird,19,6,5,
2020,3rse-fbp6,bird,19,7,6,
2020,3rse-fbp6,bird,19,8,1,
2020,3rse-fbp6,bird,19,11,3,
2020,3rse-fbp6,bird,19,14,2,
2020,3rse-fbp6,bird,19,15,193,
2020,3rse-fbp6,bird,19,16,27,
2020,3rse-fbp6,bird,19,17,82,
2020,3rse-fbp6,bird,19,18,75,
2020,3rse-fbp6,bird,19,19,2715,
2020,3rse-fbp6,bird,19,20,148,
2020,3rse-fbp6,bird,19,21,44,
2020,3rse-fbp6,bird,19,22,126,
2020,3rse-fbp6,bird,19,23,78,
2020,3rse-fbp6,bird,19,24,13,
2020,3rse-fbp6,bird,19,25,140,
2020,3rse-fbp6,bird,19,26,4,
2020,3rse-fbp6,bird,19,27,1,
2020,3rse-fbp6,bird,19,28,1,
2020,3rse-fbp6,bird,19,29,2,
2020,3rse-fbp6,bird,19,31,1,
2020,3rse-fbp6,bird,20,5,4,
2020,3rse-fbp6,bird,20,6,4,
2020,3rse-fbp6,bird,20,7,4,
2020,3rse-fbp6,bird,20,8,1,
2020,3rse-fbp6,bird,20,14,4,
2020,3rse-fbp6,bird,20,15,16,
2020,3rse-fbp6,bird,20,16,25,
2020,3rse-fbp6,bird,20,17,3,
2020,3rse-fbp6,bird,20,18,6,
2020,3rse-fbp6,bird,20,19,164,
2020,3rse-fbp6,bird,20,20,654,
2020,3rse-fbp6,bird,20,21,49,
2020,3rse-fbp6,bird,20,22,274,
2020,3rse-fbp6,bird,20,23,67,
2020,3rse-fbp6,bird,20,24,25,
2020,3rse-fbp6,bird,20,25,8,
2020,3rse-fbp6,bird,20,26,12,
2020,3rse-fbp6,bird,20,28,1,
2020,3rse-fbp6,bird,20,31,3,
2020,3rse-fbp6,bird,21,,2,
2020,3rse-fbp6,bird,21,1,1,
2020,3rse-fbp6,bird,21,2,2,
2020,3rse-fbp6,bird,21,3,2,
2020,3rse-fbp6,bird,21,4,5,
2020,3rse-fbp6,bird,21,5,42,
2020,3rse-fbp6,bird,21,6,37,
2020,3rse-fbp6,bird,21,7,12,
2020,3rse-fbp6,bird,21,8,4,
2020,3rse-fbp6,bird,21,11,3,
2020,3rse-fbp6,bird,21,13,3,
2020,3rse-fbp6,bird,21,14,22,
2020,3rse-fbp6,bird,21,15,100,
2020,3rse-fbp6,bird,21,16,159,
2020,3rse-fbp6,bird,21,17,2,
2020,3rse-fbp6,bird,21,18,2,
2020,3rse-fbp6,bird,21,19,38,
2020,3rse-fbp6,bird,21,20,40,
2020,3rse-fbp6,bird,21,21,854,
2020,3rse-fbp6,bird,21,22,420,
2020,3rse-fbp6,bird,21,23,41,
2020,3rse-fbp6,bird,21,24,50,
2020,3rse-fbp6,bird,21,25,4,
2020,3rse-fbp6,bird,21,27,2,
2020,3rse-fbp6,bird,21,28,1,
2020,3rse-fbp6,bird,21,42,1,
2020,3rse-fbp6,bird,22,,1,
2020,3rse-fbp6,bird,22,1,1,
2020,3rse-fbp6,bird,22,2,3,
2020,3rse-fbp6,bird,22,3,15,
2020,3rse-fbp6,bird,22,4,19,
2020,3rse-fbp6,bird,22,5,103,
2020,3rse-fbp6,bird,22,6,158,
2020,3rse-fbp6,bird,22,7,482,
2020,3rse-fbp6,bird,22,8,88,
2020,3rse-fbp6,bird,22,11,3,
2020,3rse-fbp6,bird,22,14,16,
2020,3rse-fbp6,bird,22,15,38,
2020,3rse-fbp6,bird,22,16,98,
2020,3rse-fbp6,bird,22,17,8,
2020,3rse-fbp6,bird,22,18,7,
2020,3rse-fbp6,bird,22,19,149,
2020,3rse-fbp6,bird,22,20,276,
2020,3rse-fbp6,bird,22,21,554,
2020,3rse-fbp6,bird,22,22,6893,
2020,3rse-fbp6,bird,22,23,294,
2020,3rse-fbp6,bird,22,24,1920,
2020,3rse-fbp6,bird,22,25,16,
2020,3rse-fbp6,bird,22,26,6,
2020,3rse-fbp6,bird,22,27,5,
2020,3rse-fbp6,bird,22,28,82,
2020,3rse-fbp6,bird,22,29,4,
2020,3rse-fbp6,bird,22,30,2,
2020,3rse-fbp6,bird,22,31,5,
2020,3rse-fbp6,bird,22,34,1,
2020,3rse-fbp6,bird,22,35,1,
2020,3rse-fbp6,bird,22,61,2,
2020,3rse-fbp6,bird,22,67,1,
2020,3rse-fbp6,bird,22,77,2,
2020,3rse-fbp6,bird,23,,1,
2020,3rse-fbp6,bird,23,1,1,
2020,3rse-fbp6,bird,23,5,5,
2020,3rse-fbp6,bird,23,6,3,
2020,3rse-fbp6,bird,23,7,11,
2020,3rse-fbp6,bird,23,8,22,
2020,3rse-fbp6,bird,23,14,2,
2020,3rse-fbp6,bird,23,15,4,
2020,3rse-fbp6,bird,23,16,26,
2020,3rse-fbp6,bird,23,19,56,
2020,3rse-fbp6,bird,23,20,58,
2020,3rse-fbp6,bird,23,21,59,
2020,3rse-fbp6,bird,23,22,224,
2020,3rse-fbp6,bird,23,23,1464,
2020,3rse-fbp6,bird,23,24,336,
2020,3rse-fbp6,bird,23,25,70,
2020,3rse-fbp6,bird,23,26,34,
2020,3rse-fbp6,bird,23,27,57,
2020,3rse-fbp6,bird,23,28,18,
2020,3rse-fbp6,bird,23,29,19,
2020,3rse-fbp6,bird,23,30,1,
2020,3rse-fbp6,bird,23,31,1,
2020,3rse-fbp6,bird,23,41,1,
2020,3rse-fbp6,bird,23,59,1,
2020,3rse-fbp6,bird,23,77,1,
2020,3rse-fbp6,bird,24,,1,
2020,3rse-fbp6,bird,24,1,2,
2020,3rse-fbp6,bird,24,3,17,
2020,3rse-fbp6,bird,24,4,18,
2020,3rse-fbp6,bird,24,5,47,
2020,3rse-fbp6,bird,24,6,200,
2020,3rse-fbp6,bird,24,7,604,
2020,3rse-fbp6,bird,24,8,667,
2020,3rse-fbp6,bird,24,14,6,
2020,3rse-fbp6,bird,24,15,10,
2020,3rse-fbp6,bird,24,16,18,
2020,3rse-fbp6,bird,24,19,7,
2020,3rse-fbp6,bird,24,20,11,
2020,3rse-fbp6,bird,24,21,79,
2020,3rse-fbp6,bird,24,22,1971,
2020,3rse-fbp6,bird,24,23,400,
2020,3rse-fbp6,bird,24,24,14932,
2020,3rse-fbp6,bird,24,25,25,
2020,3rse-fbp6,bird,24,26,7,
2020,3rse-fbp6,bird,24,27,25,
2020,3rse-fbp6,bird,24,28,1559,
2020,3rse-fbp6,bird,24,29,1,
2020,3rse-fbp6,bird,24,30,5,
2020,3rse-fbp6,bird,24,31,28,
2020,3rse-fbp6,bird,24,33,10,
2020,3rse-fbp6,bird,24,34,1,
2020,3rse-fbp6,bird,24,38,1,
2020,3rse-fbp6,bird,24,58,1,
2020,3rse-fbp6,bird,24,59,4,
2020,3rse-fbp6,bird,24,60,3,
2020,3rse-fbp6,bird,24,61,3,
2020,3rse-fbp6,bird,24,66,1,
2020,3rse-fbp6,bird,24,77,3,
2020,3rse-fbp6,bird,25,,28,
2020,3rse-fbp6,bird,25,5,1,
2020,3rse-fbp6,bird,25,8,7,
2020,3rse-fbp6,bird,25,13,1,
2020,3rse-fbp6,bird,25,15,17,
2020,3rse-fbp6,bird,25,16,1,
2020,3rse-fbp6,bird,25,17,10,
2020,3rse-fbp6,bird,25,18,34,
2020,3rse-fbp6,bird,25,19,98,
2020,3rse-fbp6,bird,25,20,6,
2020,3rse-fbp6,bird,25,21,2,
2020,3rse-fbp6,bird,25,22,20,
2020,3rse-fbp6,bird,25,23,54,
2020,3rse-fbp6,bird,25,24,17,
2020,3rse-fbp6,bird,25,25,1922,
2020,3rse-fbp6,bird,25,26,58,
2020,3rse-fbp6,bird,25,27,22,
2020,3rse-fbp6,bird,25,28,12,
2020,3rse-fbp6,bird,25,29,30,
2020,3rse-fbp6,bird,25,30,1,
2020,3rse-fbp6,bird,25,31,1,
2020,3rse-fbp6,bird,25,58,1,
2020,3rse-fbp6,bird,25,73,1,
2020,3rse-fbp6,bird,26,8,1,
2020,3rse-fbp6,bird,26,19,1,
2020,3rse-fbp6,bird,26,23,16,
2020,3rse-fbp6,bird,26,24,2,
2020,3rse-fbp6,bird,26,25,38,
2020,3rse-fbp6,bird,26,26,263,
2020,3rse-fbp6,bird,26,27,32,
2020,3rse-fbp6,bird,26,28,8,
2020,3rse-fbp6,bird,26,29,21,
2020,3rse-fbp6,bird,26,30,1,
2020,3rse-fbp6,bird,26,31,1,
2020,3rse-fbp6,bird,26,32,2,
2020,3rse-fbp6,bird,27,5,1,
2020,3rse-fbp6,bird,27,15,1,
2020,3rse-fbp6,bird,27,22,7,
2020,3rse-fbp6,bird,27,23,150,
2020,3rse-fbp6,bird,27,24,29,
2020,3rse-fbp6,bird,27,25,32,
2020,3rse-fbp6,bird,27,26,58,
2020,3rse-fbp6,bird,27,27,770,
2020,3rse-fbp6,bird,27,28,88,
2020,3rse-fbp6,bird,27,29,82,
2020,3rse-fbp6,bird,27,30,3,
2020,3rse-fbp6,bird,27,31,7,
2020,3rse-fbp6,bird,27,32,1,
2020,3rse-fbp6,bird,27,35,1,
2020,3rse-fbp6,bird,28,2,1,
2020,3rse-fbp6,bird,28,3,5,
2020,3rse-fbp6,bird,28,5,5,
2020,3rse-fbp6,bird,28,6,72,
2020,3rse-fbp6,bird,28,7,157,
2020,3rse-fbp6,bird,28,8,183,
2020,3rse-fbp6,bird,28,14,1,
2020,3rse-fbp6,bird,28,15,1,
2020,3rse-fbp6,bird,28,21,10,
2020,3rse-fbp6,bird,28,22,81,
2020,3rse-fbp6,bird,28,23,16,
2020,3rse-fbp6,bird,28,24,1616,
2020,3rse-fbp6,bird,28,25,17,
2020,3rse-fbp6,bird,28,26,8,
2020,3rse-fbp6,bird,28,27,103,
2020,3rse-fbp6,bird,28,28,9656,
2020,3rse-fbp6,bird,28,29,28,
2020,3rse-fbp6,bird,28,30,14,
2020,3rse-fbp6,bird,28,31,206,
2020,3rse-fbp6,bird,28,32,16,
2020,3rse-fbp6,bird,28,33,101,
2020,3rse-fbp6,bird,28,34,13,
2020,3rse-fbp6,bird,28,35,8,
2020,3rse-fbp6,bird,28,36,2,
2020,3rse-fbp6,bird,28,37,1,
2020,3rse-fbp6,bird,28,38,1,
2020,3rse-fbp6,bird,28,39,2,
2020,3rse-fbp6,bird,28,40,1,
2020,3rse-fbp6,bird,28,58,3,
2020,3rse-fbp6,bird,28,59,9,
2020,3rse-fbp6,bird,28,60,23,
2020,3rse-fbp6,bird,28,61,1,
2020,3rse-fbp6,bird,28,63,1,
2020,3rse-fbp6,bird,28,64,1,
2020,3rse-fbp6,bird,28,65,1,
2020,3rse-fbp6,bird,28,67,1,
2020,3rse-fbp6,bird,28,69,1,
2020,3rse-fbp6,bird,28,70,1,
2020,3rse-fbp6,bird,28,77,3,
2020,3rse-fbp6,bird,29,,6,
2020,3rse-fbp6,bird,29,8,1,
2020,3rse-fbp6,bird,29,11,1,
2020,3rse-fbp6,bird,29,13,2,
2020,3rse-fbp6,bird,29,19,2,
2020,3rse-fbp6,bird,29,20,2,
2020,3rse-fbp6,bird,29,22,5,
2020,3rse-fbp6,bird,29,23,36,
2020,3rse-fbp6,bird,29,24,13,
2020,3rse-fbp6,bird,29,25,65,
2020,3rse-fbp6,bird,29,26,55,
2020,3rse-fbp6,bird,29,27,150,
2020,3rse-fbp6,bird,29,28,68,
2020,3rse-fbp6,bird,29,29,2212,
2020,3rse-fbp6,bird,29,30,203,
2020,3rse-fbp6,bird,29,31,9,
2020,3rse-fbp6,bird,29,32,3,
2020,3rse-fbp6,bird,29,33,7,
2020,3rse-fbp6,bird,29,34,1,
2020,3rse-fbp6,bird,29,41,1,
2020,3rse-fbp6,bird,29,57,2,
2020,3rse-fbp6,bird,29,58,5,
2020,3rse-fbp6,bird,29,61,2,
2020,3rse-fbp6,bird,30,,5,
2020,3rse-fbp6,bird,30,4,1,
2020,3rse-fbp6,bird,30,7,2,
2020,3rse-fbp6,bird,30,20,1,
2020,3rse-fbp6,bird,30,22,2,
2020,3rse-fbp6,bird,30,24,2,
2020,3rse-fbp6,bird,30,25,5,
2020,3rse-fbp6,bird,30,26,2,
2020,3rse-fbp6,bird,30,27,9,
2020,3rse-fbp6,bird,30,28,26,
2020,3rse-fbp6,bird,30,29,163,
2020,3rse-fbp6,bird,30,30,1383,
2020,3rse-fbp6,bird,30,31,79,
2020,3rse-fbp6,bird,30,32,1,
2020,3rse-fbp6,bird,30,33,1,
2020,3rse-fbp6,bird,30,34,6,
2020,3rse-fbp6,bird,30,35,2,
2020,3rse-fbp6,bird,30,57,8,
2020,3rse-fbp6,bird,30,58,8,
2020,3rse-fbp6,bird,30,59,3,
2020,3rse-fbp6,bird,30,60,1,
2020,3rse-fbp6,bird,30,62,4,
2020,3rse-fbp6,bird,30,63,4,
2020,3rse-fbp6,bird,30,65,1,
2020,3rse-fbp6,bird,30,66,1,
2020,3rse-fbp6,bird,31,6,1,
2020,3rse-fbp6,bird,31,8,1,
2020,3rse-fbp6,bird,31,15,1,
2020,3rse-fbp6,bird,31,21,1,
2020,3rse-fbp6,bird,31,22,2,
2020,3rse-fbp6,bird,31,23,10,
2020,3rse-fbp6,bird,31,24,21,
2020,3rse-fbp6,bird,31,27,6,
2020,3rse-fbp6,bird,31,28,204,
2020,3rse-fbp6,bird,31,29,4,
2020,3rse-fbp6,bird,31,30,47,
2020,3rse-fbp6,bird,31,31,898,
2020,3rse-fbp6,bird,31,33,18,
2020,3rse-fbp6,bird,31,34,17,
2020,3rse-fbp6,bird,31,35,4,
2020,3rse-fbp6,bird,31,56,1,
2020,3rse-fbp6,bird,31,58,4,
2020,3rse-fbp6,bird,31,59,40,
2020,3rse-fbp6,bird,31,60,16,
2020,3rse-fbp6,bird,31,61,6,
2020,3rse-fbp6,bird,31,63,2,
2020,3rse-fbp6,bird,31,77,1,
2020,3rse-fbp6,bird,32,7,1,
2020,3rse-fbp6,bird,32,28,3,
2020,3rse-fbp6,bird,32,31,1,
2020,3rse-fbp6,bird,32,32,4,
2020,3rse-fbp6,bird,32,33,23,
2020,3rse-fbp6,bird,32,34,1,
2020,3rse-fbp6,bird,32,35,1,
2020,3rse-fbp6,bird,32,60,1,
2020,3rse-fbp6,bird,33,6,1,
2020,3rse-fbp6,bird,33,7,1,
2020,3rse-fbp6,bird,33,8,4,
2020,3rse-fbp6,bird,33,22,8,
2020,3rse-fbp6,bird,33,24,6,
2020,3rse-fbp6,bird,33,27,1,
2020,3rse-fbp6,bird,33,28,59,
2020,3rse-fbp6,bird,33,31,19,
2020,3rse-fbp6,bird,33,32,46,
2020,3rse-fbp6,bird,33,33,772,
2020,3rse-fbp6,bird,33,34,40,
2020,3rse-fbp6,bird,33,35,23,
2020,3rse-fbp6,bird,33,37,1,
2020,3rse-fbp6,bird,33,38,9,
2020,3rse-fbp6,bird,33,39,1,
2020,3rse-fbp6,bird,33,40,2,
2020,3rse-fbp6,bird,33,41,2,
2020,3rse-fbp6,bird,33,43,1,
2020,3rse-fbp6,bird,33,58,2,
2020,3rse-fbp6,bird,33,59,3,
2020,3rse-fbp6,bird,33,60,15,
2020,3rse-fbp6,bird,33,69,1,
2020,3rse-fbp6,bird,34,24,3,
2020,3rse-fbp6,bird,34,28,16,
2020,3rse-fbp6,bird,34,30,2,
2020,3rse-fbp6,bird,34,31,30,
2020,3rse-fbp6,bird,34,32,6,
2020,3rse-fbp6,bird,34,33,92,
2020,3rse-fbp6,bird,34,34,400,
2020,3rse-fbp6,bird,34,35,23,
2020,3rse-fbp6,bird,34,37,3,
2020,3rse-fbp6,bird,34,38,3,
2020,3rse-fbp6,bird,34,39,2,
2020,3rse-fbp6,bird,34,41,1,
2020,3rse-fbp6,bird,34,44,2,
2020,3rse-fbp6,bird,34,49,1,
2020,3rse-fbp6,bird,34,57,3,
2020,3rse-fbp6,bird,34,58,1,
2020,3rse-fbp6,bird,34,59,7,
2020,3rse-fbp6,bird,34,60,56,
2020,3rse-fbp6,bird,34,61,5,
2020,3rse-fbp6,bird,34,66,1,
2020,3rse-fbp6,bird,34,69,1,
2020,3rse-fbp6,bird,35,,1,
2020,3rse-fbp6,bird,35,8,1,
2020,3rse-fbp6,bird,35,28,6,
2020,3rse-fbp6,bird,35,31,2,
2020,3rse-fbp6,bird,35,32,1,
2020,3rse-fbp6,bird,35,33,46,
2020,3rse-fbp6,bird,35,34,36,
2020,3rse-fbp6,bird,35,35,348,
2020,3rse-fbp6,bird,35,36,25,
2020,3rse-fbp6,bird,35,37,2,
2020,3rse-fbp6,bird,35,38,45,
2020,3rse-fbp6,bird,35,39,5,
2020,3rse-fbp6,bird,35,40,11,
2020,3rse-fbp6,bird,35,41,5,
2020,3rse-fbp6,bird,35,42,6,
2020,3rse-fbp6,bird,35,43,1,
2020,3rse-fbp6,bird,35,59,4,
2020,3rse-fbp6,bird,35,60,17,
2020,3rse-fbp6,bird,35,61,3,
2020,3rse-fbp6,bird,35,68,1,
2020,3rse-fbp6,bird,35,69,5,
2020,3rse-fbp6,bird,36,35,11,
2020,3rse-fbp6,bird,36,36,84,
2020,3rse-fbp6,bird,36,38,24,
2020,3rse-fbp6,bird,36,39,20,
2020,3rse-fbp6,bird,36,40,2,
2020,3rse-fbp6,bird,36,41,13,
2020,3rse-fbp6,bird,36,42,2,
2020,3rse-fbp6,bird,36,58,1,
2020,3rse-fbp6,bird,36,69,1,
2020,3rse-fbp6,bird,37,34,4,
2020,3rse-fbp6,bird,37,35,3,
2020,3rse-fbp6,bird,37,36,2,
2020,3rse-fbp6,bird,37,37,38,
2020,3rse-fbp6,bird,37,38,15,
2020,3rse-fbp6,bird,37,39,6,
2020,3rse-fbp6,bird,37,40,16,
2020,3rse-fbp6,bird,37,41,4,
2020,3rse-fbp6,bird,37,61,16,
2020,3rse-fbp6,bird,37,67,3,
2020,3rse-fbp6,bird,37,68,21,
2020,3rse-fbp6,bird,38,28,1,
2020,3rse-fbp6,bird,38,32,1,
2020,3rse-fbp6,bird,38,33,7,
2020,3rse-fbp6,bird,38,34,11,
2020,3rse-fbp6,bird,38,35,40,
2020,3rse-fbp6,bird,38,36,33,
2020,3rse-fbp6,bird,38,37,13,
2020,3rse-fbp6,bird,38,38,830,
2020,3rse-fbp6,bird,38,39,147,
2020,3rse-fbp6,bird,38,40,87,
2020,3rse-fbp6,bird,38,41,117,
2020,3rse-fbp6,bird,38,42,15,
2020,3rse-fbp6,bird,38,43,8,
2020,3rse-fbp6,bird,38,44,1,
2020,3rse-fbp6,bird,38,49,2,
2020,3rse-fbp6,bird,38,60,14,
2020,3rse-fbp6,bird,38,61,6,
2020,3rse-fbp6,bird,38,65,1,
2020,3rse-fbp6,bird,38,66,1,
2020,3rse-fbp6,bird,38,67,1,
2020,3rse-fbp6,bird,38,68,3,
2020,3rse-fbp6,bird,38,69,7,
2020,3rse-fbp6,bird,38,71,1,
2020,3rse-fbp6,bird,39,31,2,
2020,3rse-fbp6,bird,39,33,3,
2020,3rse-fbp6,bird,39,34,1,
2020,3rse-fbp6,bird,39,35,16,
2020,3rse-fbp6,bird,39,36,28,
2020,3rse-fbp6,bird,39,37,12,
2020,3rse-fbp6,bird,39,38,104,
2020,3rse-fbp6,bird,39,39,707,
2020,3rse-fbp6,bird,39,40,14,
2020,3rse-fbp6,bird,39,41,586,
2020,3rse-fbp6,bird,39,42,15,
2020,3rse-fbp6,bird,39,43,6,
2020,3rse-fbp6,bird,39,44,3,
2020,3rse-fbp6,bird,39,60,1,
2020,3rse-fbp6,bird,39,61,4,
2020,3rse-fbp6,bird,39,68,1,
2020,3rse-fbp6,bird,39,69,1,
2020,3rse-fbp6,bird,40,28,3,
2020,3rse-fbp6,bird,40,32,1,
2020,3rse-fbp6,bird,40,33,1,
2020,3rse-fbp6,bird,40,34,1,
2020,3rse-fbp6,bird,40,35,9,
2020,3rse-fbp6,bird,40,36,3,
2020,3rse-fbp6,bird,40,37,24,
2020,3rse-fbp6,bird,40,38,71,
2020,3rse-fbp6,bird,40,39,17,
2020,3rse-fbp6,bird,40,40,405,
2020,3rse-fbp6,bird,40,41,70,
2020,3rse-fbp6,bird,40,42,38,
2020,3rse-fbp6,bird,40,43,6,
2020,3rse-fbp6,bird,40,44,2,
2020,3rse-fbp6,bird,40,46,1,
2020,3rse-fbp6,bird,40,53,1,
2020,3rse-fbp6,bird,40,61,5,
2020,3rse-fbp6,bird,40,63,1,
2020,3rse-fbp6,bird,40,66,2,
2020,3rse-fbp6,bird,40,67,3,
2020,3rse-fbp6,bird,40,68,8,
2020,3rse-fbp6,bird,40,69,5,
2020,3rse-fbp6,bird,40,71,2,
2020,3rse-fbp6,bird,41,24,1,
2020,3rse-fbp6,bird,41,28,1,
2020,3rse-fbp6,bird,41,32,3,
2020,3rse-fbp6,bird,41,33,11,
2020,3rse-fbp6,bird,41,34,1,
2020,3rse-fbp6,bird,41,35,17,
2020,3rse-fbp6,bird,41,36,30,
2020,3rse-fbp6,bird,41,37,9,
2020,3rse-fbp6,bird,41,38,127,
2020,3rse-fbp6,bird,41,39,800,
2020,3rse-fbp6,bird,41,40,82,
2020,3rse-fbp6,bird,41,41,7326,
2020,3rse-fbp6,bird,41,42,405,
2020,3rse-fbp6,bird,41,43,48,
2020,3rse-fbp6,bird,41,44,7,
2020,3rse-fbp6,bird,41,46,1,
2020,3rse-fbp6,bird,41,47,1,
2020,3rse-fbp6,bird,41,48,2,
2020,3rse-fbp6,bird,41,50,4,
2020,3rse-fbp6,bird,41,61,4,
2020,3rse-fbp6,bird,41,63,1,
2020,3rse-fbp6,bird,41,66,1,
2020,3rse-fbp6,bird,41,67,2,
2020,3rse-fbp6,bird,41,69,13,
2020,3rse-fbp6,bird,41,71,1,
2020,3rse-fbp6,bird,42,28,1,
2020,3rse-fbp6,bird,42,32,1,
2020,3rse-fbp6,bird,42,33,3,
2020,3rse-fbp6,bird,42,35,15,
2020,3rse-fbp6,bird,42,36,1,
2020,3rse-fbp6,bird,42,37,1,
2020,3rse-fbp6,bird,42,38,9,
2020,3rse-fbp6,bird,42,39,25,
2020,3rse-fbp6,bird,42,40,64,
2020,3rse-fbp6,bird,42,41,340,
2020,3rse-fbp6,bird,42,42,903,
2020,3rse-fbp6,bird,42,43,48,
2020,3rse-fbp6,bird,42,44,14,
2020,3rse-fbp6,bird,42,45,2,
2020,3rse-fbp6,bird,42,46,1,
2020,3rse-fbp6,bird,42,47,1,
2020,3rse-fbp6,bird,42,49,2,
2020,3rse-fbp6,bird,42,50,1,
2020,3rse-fbp6,bird,42,61,1,
2020,3rse-fbp6,bird,42,67,3,
2020,3rse-fbp6,bird,42,68,10,
2020,3rse-fbp6,bird,42,69,58,
2020,3rse-fbp6,bird,42,70,2,
2020,3rse-fbp6,bird,42,71,4,
2020,3rse-fbp6,bird,43,34,2,
2020,3rse-fbp6,bird,43,35,1,
2020,3rse-fbp6,bird,43,36,2,
2020,3rse-fbp6,bird,43,38,1,
2020,3rse-fbp6,bird,43,39,9,
2020,3rse-fbp6,bird,43,40,4,
2020,3rse-fbp6,bird,43,41,17,
2020,3rse-fbp6,bird,43,42,76,
2020,3rse-fbp6,bird,43,43,684,
2020,3rse-fbp6,bird,43,44,11,
2020,3rse-fbp6,bird,43,45,11,
2020,3rse-fbp6,bird,43,46,70,
2020,3rse-fbp6,bird,43,47,1,
2020,3rse-fbp6,bird,43,48,3,
2020,3rse-fbp6,bird,43,49,1,
2020,3rse-fbp6,bird,43,50,1,
2020,3rse-fbp6,bird,43,51,2,
2020,3rse-fbp6,bird,43,60,1,
2020,3rse-fbp6,bird,43,66,2,
2020,3rse-fbp6,bird,43,67,1,
2020,3rse-fbp6,bird,43,69,15,
2020,3rse-fbp6,bird,43,71,1,
2020,3rse-fbp6,bird,44,32,1,
2020,3rse-fbp6,bird,44,37,1,
2020,3rse-fbp6,bird,44,38,1,
2020,3rse-fbp6,bird,44,40,2,
2020,3rse-fbp6,bird,44,41,5,
2020,3rse-fbp6,bird,44,42,27,
2020,3rse-fbp6,bird,44,43,21,
2020,3rse-fbp6,bird,44,44,1209,
2020,3rse-fbp6,bird,44,45,28,
2020,3rse-fbp6,bird,44,46,14,
2020,3rse-fbp6,bird,44,47,22,
2020,3rse-fbp6,bird,44,48,17,
2020,3rse-fbp6,bird,44,49,39,
2020,3rse-fbp6,bird,44,50,7,
2020,3rse-fbp6,bird,44,51,4,
2020,3rse-fbp6,bird,44,53,5,
2020,3rse-fbp6,bird,44,59,1,
2020,3rse-fbp6,bird,44,61,4,
2020,3rse-fbp6,bird,44,66,1,
2020,3rse-fbp6,bird,44,67,3,
2020,3rse-fbp6,bird,44,68,4,
2020,3rse-fbp6,bird,44,69,164,
2020,3rse-fbp6,bird,44,70,9,
2020,3rse-fbp6,bird,44,71,53,
2020,3rse-fbp6,bird,44,72,3,
2020,3rse-fbp6,bird,44,73,18,
2020,3rse-fbp6,bird,45,43,15,
2020,3rse-fbp6,bird,45,44,27,
2020,3rse-fbp6,bird,45,45,73,
2020,3rse-fbp6,bird,45,46,10,
2020,3rse-fbp6,bird,45,47,1,
2020,3rse-fbp6,bird,45,48,31,
2020,3rse-fbp6,bird,45,69,6,
2020,3rse-fbp6,bird,45,71,1,
2020,3rse-fbp6,bird,46,41,1,
2020,3rse-fbp6,bird,46,42,2,
2020,3rse-fbp6,bird,46,43,55,
2020,3rse-fbp6,bird,46,44,9,
2020,3rse-fbp6,bird,46,45,4,
2020,3rse-fbp6,bird,46,46,356,
2020,3rse-fbp6,bird,46,48,22,
2020,3rse-fbp6,bird,46,51,4,
2020,3rse-fbp6,bird,46,52,7,
2020,3rse-fbp6,bird,46,61,1,
2020,3rse-fbp6,bird,46,69,3,
2020,3rse-fbp6,bird,47,41,1,
2020,3rse-fbp6,bird,47,43,1,
2020,3rse-fbp6,bird,47,44,16,
2020,3rse-fbp6,bird,47,47,25,
2020,3rse-fbp6,bird,47,48,1,
2020,3rse-fbp6,bird,47,49,5,
2020,3rse-fbp6,bird,47,50,1,
2020,3rse-fbp6,bird,47,69,2,
2020,3rse-fbp6,bird,47,72,1,
2020,3rse-fbp6,bird,48,38,1,
2020,3rse-fbp6,bird,48,41,1,
2020,3rse-fbp6,bird,48,42,1,
2020,3rse-fbp6,bird,48,43,16,
2020,3rse-fbp6,bird,48,44,33,
2020,3rse-fbp6,bird,48,45,22,
2020,3rse-fbp6,bird,48,46,50,
2020,3rse-fbp6,bird,48,47,1,
2020,3rse-fbp6,bird,48,48,222,
2020,3rse-fbp6,bird,48,49,11,
2020,3rse-fbp6,bird,48,50,3,
2020,3rse-fbp6,bird,48,51,14,
2020,3rse-fbp6,bird,48,52,1,
2020,3rse-fbp6,bird,48,71,1,
2020,3rse-fbp6,bird,48,72,1,
2020,3rse-fbp6,bird,49,,4,
2020,3rse-fbp6,bird,49,32,1,
2020,3rse-fbp6,bird,49,37,1,
2020,3rse-fbp6,bird,49,39,1,
2020,3rse-fbp6,bird,49,40,1,
2020,3rse-fbp6,bird,49,41,2,
2020,3rse-fbp6,bird,49,42,1,
2020,3rse-fbp6,bird,49,43,4,
2020,3rse-fbp6,bird,49,44,48,
2020,3rse-fbp6,bird,49,45,3,
2020,3rse-fbp6,bird,49,46,4,
2020,3rse-fbp6,bird,49,47,19,
2020,3rse-fbp6,bird,49,48,13,
2020,3rse-fbp6,bird,49,49,842,
2020,3rse-fbp6,bird,49,50,113,
2020,3rse-fbp6,bird,49,51,19,
2020,3rse-fbp6,bird,49,53,36,
2020,3rse-fbp6,bird,49,65,1,
2020,3rse-fbp6,bird,49,66,2,
2020,3rse-fbp6,bird,49,69,16,
2020,3rse-fbp6,bird,49,70,1,
2020,3rse-fbp6,bird,49,71,2,
2020,3rse-fbp6,bird,49,72,13,
2020,3rse-fbp6,bird,49,73,57,
2020,3rse-fbp6,bird,49,75,23,
2020,3rse-fbp6,bird,50,36,1,
2020,3rse-fbp6,bird,50,40,1,
2020,3rse-fbp6,bird,50,41,5,
2020,3rse-fbp6,bird,50,43,1,
2020,3rse-fbp6,bird,50,44,8,
2020,3rse-fbp6,bird,50,47,2,
2020,3rse-fbp6,bird,50,48,2,
2020,3rse-fbp6,bird,50,49,114,
2020,3rse-fbp6,bird,50,50,548,
2020,3rse-fbp6,bird,50,51,2,
2020,3rse-fbp6,bird,50,53,1,
2020,3rse-fbp6,bird,50,69,4,
2020,3rse-fbp6,bird,50,71,2,
2020,3rse-fbp6,bird,50,73,10,
2020,3rse-fbp6,bird,50,75,6,
2020,3rse-fbp6,bird,51,43,9,
2020,3rse-fbp6,bird,51,44,1,
2020,3rse-fbp6,bird,51,45,1,
2020,3rse-fbp6,bird,51,46,5,
2020,3rse-fbp6,bird,51,48,19,
2020,3rse-fbp6,bird,51,49,5,
2020,3rse-fbp6,bird,51,50,2,
2020,3rse-fbp6,bird,51,51,43,
2020,3rse-fbp6,bird,51,72,1,
2020,3rse-fbp6,bird,52,46,2,
2020,3rse-fbp6,bird,52,48,1,
2020,3rse-fbp6,bird,52,51,1,
2020,3rse-fbp6,bird,52,52,65,
2020,3rse-fbp6,bird,52,55,9,
2020,3rse-fbp6,bird,53,,2,
2020,3rse-fbp6,bird,53,43,1,
2020,3rse-fbp6,bird,53,44,1,
2020,3rse-fbp6,bird,53,46,1,
2020,3rse-fbp6,bird,53,49,22,
2020,3rse-fbp6,bird,53,50,3,
2020,3rse-fbp6,bird,53,53,96,
2020,3rse-fbp6,bird,53,69,6,
2020,3rse-fbp6,bird,53,73,3,
2020,3rse-fbp6,bird,53,75,5,
2020,3rse-fbp6,bird,54,54,159,
2020,3rse-fbp6,bird,54,73,1,
2020,3rse-fbp6,bird,55,,1,
2020,3rse-fbp6,bird,55,51,3,
2020,3rse-fbp6,bird,55,52,5,
2020,3rse-fbp6,bird,55,55,421,
2020,3rse-fbp6,bird,56,,1,
2020,3rse-fbp6,bird,56,40,1,
2020,3rse-fbp6,bird,56,56,76,
2020,3rse-fbp6,bird,56,57,9,
2020,3rse-fbp6,bird,56,60,1,
2020,3rse-fbp6,bird,56,61,1,
2020,3rse-fbp6,bird,56,62,11,
2020,3rse-fbp6,bird,56,63,1,
2020,3rse-fbp6,bird,56,64,6,
2020,3rse-fbp6,bird,56,65,20,
2020,3rse-fbp6,bird,56,66,5,
2020,3rse-fbp6,bird,57,,1,
2020,3rse-fbp6,bird,57,22,1,
2020,3rse-fbp6,bird,57,30,1,
2020,3rse-fbp6,bird,57,56,19,
2020,3rse-fbp6,bird,57,57,164,
2020,3rse-fbp6,bird,57,58,15,
2020,3rse-fbp6,bird,57,61,2,
2020,3rse-fbp6,bird,57,62,67,
2020,3rse-fbp6,bird,57,63,6,
2020,3rse-fbp6,bird,57,64,4,
2020,3rse-fbp6,bird,57,65,30,
2020,3rse-fbp6,bird,57,66,3,
2020,3rse-fbp6,bird,57,67,1,
2020,3rse-fbp6,bird,57,70,2,
2020,3rse-fbp6,bird,58,,1,
2020,3rse-fbp6,bird,58,30,5,
2020,3rse-fbp6,bird,58,31,1,
2020,3rse-fbp6,bird,58,32,2,
2020,3rse-fbp6,bird,58,33,1,
2020,3rse-fbp6,bird,58,34,3,
2020,3rse-fbp6,bird,58,57,14,
2020,3rse-fbp6,bird,58,58,782,
2020,3rse-fbp6,bird,58,59,42,
2020,3rse-fbp6,bird,58,60,6,
2020,3rse-fbp6,bird,58,61,19,
2020,3rse-fbp6,bird,58,62,6,
2020,3rse-fbp6,bird,58,63,60,
2020,3rse-fbp6,bird,58,65,6,
2020,3rse-fbp6,bird,58,66,28,
2020,3rse-fbp6,bird,58,67,3,
2020,3rse-fbp6,bird,58,70,3,
2020,3rse-fbp6,bird,59,24,2,
2020,3rse-fbp6,bird,59,27,2,
2020,3rse-fbp6,bird,59,28,15,
2020,3rse-fbp6,bird,59,29,1,
2020,3rse-fbp6,bird,59,30,6,
2020,3rse-fbp6,bird,59,31,47,
2020,3rse-fbp6,bird,59,32,1,
2020,3rse-fbp6,bird,59,33,2,
2020,3rse-fbp6,bird,59,34,6,
2020,3rse-fbp6,bird,59,35,13,
2020,3rse-fbp6,bird,59,42,2,
2020,3rse-fbp6,bird,59,57,3,
2020,3rse-fbp6,bird,59,58,95,
2020,3rse-fbp6,bird,59,59,1411,
2020,3rse-fbp6,bird,59,60,69,
2020,3rse-fbp6,bird,59,61,47,
2020,3rse-fbp6,bird,59,62,2,
2020,3rse-fbp6,bird,59,63,5,
2020,3rse-fbp6,bird,59,66,2,
2020,3rse-fbp6,bird,59,67,7,
2020,3rse-fbp6,bird,59,70,4,
2020,3rse-fbp6,bird,59,71,2,
2020,3rse-fbp6,bird,60,7,5,
2020,3rse-fbp6,bird,60,8,2,
2020,3rse-fbp6,bird,60,24,5,
2020,3rse-fbp6,bird,60,28,37,
2020,3rse-fbp6,bird,60,30,2,
2020,3rse-fbp6,bird,60,31,36,
2020,3rse-fbp6,bird,60,32,4,
2020,3rse-fbp6,bird,60,33,17,
2020,3rse-fbp6,bird,60,34,71,
2020,3rse-fbp6,bird,60,35,17,
2020,3rse-fbp6,bird,60,36,2,
2020,3rse-fbp6,bird,60,37,1,
2020,3rse-fbp6,bird,60,38,19,
2020,3rse-fbp6,bird,60,40,2,
2020,3rse-fbp6,bird,60,43,1,
2020,3rse-fbp6,bird,60,57,1,
2020,3rse-fbp6,bird,60,58,6,
2020,3rse-fbp6,bird,60,59,51,
2020,3rse-fbp6,bird,60,60,855,
2020,3rse-fbp6,bird,60,61,28,
2020,3rse-fbp6,bird,60,69,1,
2020,3rse-fbp6,bird,61,8,1,
2020,3rse-fbp6,bird,61,24,1,
2020,3rse-fbp6,bird,61,27,1,
2020,3rse-fbp6,bird,61,28,1,
2020,3rse-fbp6,bird,61,31,4,
2020,3rse-fbp6,bird,61,33,2,
2020,3rse-fbp6,bird,61,34,3,
2020,3rse-fbp6,bird,61,35,3,
2020,3rse-fbp6,bird,61,37,12,
2020,3rse-fbp6,bird,61,38,2,
2020,3rse-fbp6,bird,61,39,2,
2020,3rse-fbp6,bird,61,40,2,
2020,3rse-fbp6,bird,61,41,2,
2020,3rse-fbp6,bird,61,42,1,
2020,3rse-fbp6,bird,61,49,1,
2020,3rse-fbp6,bird,61,56,1,
2020,3rse-fbp6,bird,61,57,2,
2020,3rse-fbp6,bird,61,58,36,
2020,3rse-fbp6,bird,61,59,40,
2020,3rse-fbp6,bird,61,60,10,
2020,3rse-fbp6,bird,61,61,387,
2020,3rse-fbp6,bird,61,63,36,
2020,3rse-fbp6,bird,61,66,14,
2020,3rse-fbp6,bird,61,67,29,
2020,3rse-fbp6,bird,61,68,2,
2020,3rse-fbp6,bird,61,70,1,
2020,3rse-fbp6,bird,61,71,3,
2020,3rse-fbp6,bird,62,25,2,
2020,3rse-fbp6,bird,62,30,1,
2020,3rse-fbp6,bird,62,31,1,
2020,3rse-fbp6,bird,62,56,11,
2020,3rse-fbp6,bird,62,57,67,
2020,3rse-fbp6,bird,62,58,7,
2020,3rse-fbp6,bird,62,59,1,
2020,3rse-fbp6,bird,62,62,405,
2020,3rse-fbp6,bird,62,63,23,
2020,3rse-fbp6,bird,62,64,2,
2020,3rse-fbp6,bird,62,65,103,
2020,3rse-fbp6,bird,62,66,34,
2020,3rse-fbp6,bird,62,67,3,
2020,3rse-fbp6,bird,62,70,3,
2020,3rse-fbp6,bird,63,,1,
2020,3rse-fbp6,bird,63,29,2,
2020,3rse-fbp6,bird,63,30,4,
2020,3rse-fbp6,bird,63,31,2,
2020,3rse-fbp6,bird,63,38,1,
2020,3rse-fbp6,bird,63,44,2,
2020,3rse-fbp6,bird,63,56,5,
2020,3rse-fbp6,bird,63,57,5,
2020,3rse-fbp6,bird,63,58,52,
2020,3rse-fbp6,bird,63,59,1,
2020,3rse-fbp6,bird,63,60,2,
2020,3rse-fbp6,bird,63,61,22,
2020,3rse-fbp6,bird,63,62,19,
2020,3rse-fbp6,bird,63,63,650,
2020,3rse-fbp6,bird,63,64,1,
2020,3rse-fbp6,bird,63,65,31,
2020,3rse-fbp6,bird,63,66,95,
2020,3rse-fbp6,bird,63,67,24,
2020,3rse-fbp6,bird,63,70,3,
2020,3rse-fbp6,bird,63,71,1,
2020,3rse-fbp6,bird,64,,1,
2020,3rse-fbp6,bird,64,6,1,
2020,3rse-fbp6,bird,64,7,1,
2020,3rse-fbp6,bird,64,30,1,
2020,3rse-fbp6,bird,64,62,3,
2020,3rse-fbp6,bird,64,64,20,
2020,3rse-fbp6,bird,64,65,22,
2020,3rse-fbp6,bird,64,66,2,
2020,3rse-fbp6,bird,65,,1,
2020,3rse-fbp6,bird,65,6,1,
2020,3rse-fbp6,bird,65,44,1,
2020,3rse-fbp6,bird,65,56,50,
2020,3rse-fbp6,bird,65,57,43,
2020,3rse-fbp6,bird,65,58,2,
2020,3rse-fbp6,bird,65,59,1,
2020,3rse-fbp6,bird,65,60,2,
2020,3rse-fbp6,bird,65,62,149,
2020,3rse-fbp6,bird,65,63,43,
2020,3rse-fbp6,bird,65,64,38,
2020,3rse-fbp6,bird,65,65,1442,
2020,3rse-fbp6,bird,65,66,182,
2020,3rse-fbp6,bird,65,67,2,
2020,3rse-fbp6,bird,65,68,3,
2020,3rse-fbp6,bird,65,70,25,
2020,3rse-fbp6,bird,65,71,4,
2020,3rse-fbp6,bird,66,,1,
2020,3rse-fbp6,bird,66,28,2,
2020,3rse-fbp6,bird,66,38,1,
2020,3rse-fbp6,bird,66,42,1,
2020,3rse-fbp6,bird,66,44,1,
2020,3rse-fbp6,bird,66,46,1,
2020,3rse-fbp6,bird,66,56,11,
2020,3rse-fbp6,bird,66,57,1,
2020,3rse-fbp6,bird,66,58,40,
2020,3rse-fbp6,bird,66,61,5,
2020,3rse-fbp6,bird,66,62,25,
2020,3rse-fbp6,bird,66,63,86,
2020,3rse-fbp6,bird,66,64,4,
2020,3rse-fbp6,bird,66,65,89,
2020,3rse-fbp6,bird,66,66,808,
2020,3rse-fbp6,bird,66,67,13,
2020,3rse-fbp6,bird,66,68,4,
2020,3rse-fbp6,bird,66,69,2,
2020,3rse-fbp6,bird,66,70,12,
2020,3rse-fbp6,bird,66,71,11,
2020,3rse-fbp6,bird,66,72,2,
2020,3rse-fbp6,bird,67,35,1,
2020,3rse-fbp6,bird,67,40,1,
2020,3rse-fbp6,bird,67,42,1,
2020,3rse-fbp6,bird,67,44,1,
2020,3rse-fbp6,bird,67,58,1,
2020,3rse-fbp6,bird,67,61,21,
2020,3rse-fbp6,bird,67,63,4,
2020,3rse-fbp6,bird,67,66,1,
2020,3rse-fbp6,bird,67,67,165,
2020,3rse-fbp6,bird,67,68,16,
2020,3rse-fbp6,bird,67,69,3,
2020,3rse-fbp6,bird,67,70,1,
2020,3rse-fbp6,bird,67,71,11,
2020,3rse-fbp6,bird,67,73,1,
2020,3rse-fbp6,bird,68,37,8,
2020,3rse-fbp6,bird,68,38,3,
2020,3rse-fbp6,bird,68,40,9,
2020,3rse-fbp6,bird,68,41,3,
2020,3rse-fbp6,bird,68,42,9,
2020,3rse-fbp6,bird,68,44,4,
2020,3rse-fbp6,bird,68,46,1,
2020,3rse-fbp6,bird,68,48,1,
2020,3rse-fbp6,bird,68,49,1,
2020,3rse-fbp6,bird,68,61,18,
2020,3rse-fbp6,bird,68,66,6,
2020,3rse-fbp6,bird,68,67,23,
2020,3rse-fbp6,bird,68,68,136,
2020,3rse-fbp6,bird,68,69,12,
2020,3rse-fbp6,bird,68,71,23,
2020,3rse-fbp6,bird,68,72,1,
2020,3rse-fbp6,bird,68,73,1,
2020,3rse-fbp6,bird,69,,2,
2020,3rse-fbp6,bird,69,27,1,
2020,3rse-fbp6,bird,69,28,1,
2020,3rse-fbp6,bird,69,37,4,
2020,3rse-fbp6,bird,69,38,3,
2020,3rse-fbp6,bird,69,39,5,
2020,3rse-fbp6,bird,69,40,6,
2020,3rse-fbp6,bird,69,41,5,
2020,3rse-fbp6,bird,69,42,52,
2020,3rse-fbp6,bird,69,43,38,
2020,3rse-fbp6,bird,69,44,153,
2020,3rse-fbp6,bird,69,45,3,
2020,3rse-fbp6,bird,69,46,6,
2020,3rse-fbp6,bird,69,47,2,
2020,3rse-fbp6,bird,69,48,1,
2020,3rse-fbp6,bird,69,49,12,
2020,3rse-fbp6,bird,69,50,10,
2020,3rse-fbp6,bird,69,52,1,
2020,3rse-fbp6,bird,69,53,3,
2020,3rse-fbp6,bird,69,61,4,
2020,3rse-fbp6,bird,69,65,1,
2020,3rse-fbp6,bird,69,67,6,
2020,3rse-fbp6,bird,69,68,35,
2020,3rse-fbp6,bird,69,69,736,
2020,3rse-fbp6,bird,69,70,4,
2020,3rse-fbp6,bird,69,71,24,
2020,3rse-fbp6,bird,69,73,1,
2020,3rse-fbp6,bird,70,,2,
2020,3rse-fbp6,bird,70,31,2,
2020,3rse-fbp6,bird,70,44,2,
2020,3rse-fbp6,bird,70,56,1,
2020,3rse-fbp6,bird,70,57,1,
2020,3rse-fbp6,bird,70,61,2,
2020,3rse-fbp6,bird,70,65,16,
2020,3rse-fbp6,bird,70,66,10,
2020,3rse-fbp6,bird,70,67,2,
2020,3rse-fbp6,bird,70,70,504,
2020,3rse-fbp6,bird,70,71,16,
2020,3rse-fbp6,bird,70,72,7,
2020,3rse-fbp6,bird,70,73,1,
2020,3rse-fbp6,bird,71,,1,
2020,3rse-fbp6,bird,71,31,1,
2020,3rse-fbp6,bird,71,33,1,
2020,3rse-fbp6,bird,71,38,1,
2020,3rse-fbp6,bird,71,40,1,
2020,3rse-fbp6,bird,71,41,5,
2020,3rse-fbp6,bird,71,42,3,
2020,3rse-fbp6,bird,71,43,1,
2020,3rse-fbp6,bird,71,44,33,
2020,3rse-fbp6,bird,71,49,2,
2020,3rse-fbp6,bird,71,53,1,
2020,3rse-fbp6,bird,71,65,1,
2020,3rse-fbp6,bird,71,66,5,
2020,3rse-fbp6,bird,71,67,13,
2020,3rse-fbp6,bird,71,68,24,
2020,3rse-fbp6,bird,71,69,13,
2020,3rse-fbp6,bird,71,70,20,
2020,3rse-fbp6,bird,71,71,437,
2020,3rse-fbp6,bird,71,72,12,
2020,3rse-fbp6,bird,71,73,16,
2020,3rse-fbp6,bird,71,75,3,
2020,3rse-fbp6,bird,72,,12,
2020,3rse-fbp6,bird,72,40,1,
2020,3rse-fbp6,bird,72,43,1,
2020,3rse-fbp6,bird,72,44,5,
2020,3rse-fbp6,bird,72,49,12,
2020,3rse-fbp6,bird,72,53,1,
2020,3rse-fbp6,bird,72,59,2,
2020,3rse-fbp6,bird,72,63,1,
2020,3rse-fbp6,bird,72,66,5,
2020,3rse-fbp6,bird,72,69,2,
2020,3rse-fbp6,bird,72,70,21,
2020,3rse-fbp6,bird,72,71,25,
2020,3rse-fbp6,bird,72,72,928,
2020,3rse-fbp6,bird,72,73,18,
2020,3rse-fbp6,bird,72,74,40,
2020,3rse-fbp6,bird,72,75,142,
2020,3rse-fbp6,bird,73,37,2,
2020,3rse-fbp6,bird,73,42,1,
2020,3rse-fbp6,bird,73,44,5,
2020,3rse-fbp6,bird,73,49,47,
2020,3rse-fbp6,bird,73,50,10,
2020,3rse-fbp6,bird,73,53,2,
2020,3rse-fbp6,bird,73,66,1,
2020,3rse-fbp6,bird,73,68,2,
2020,3rse-fbp6,bird,73,70,1,
2020,3rse-fbp6,bird,73,71,17,
2020,3rse-fbp6,bird,73,72,22,
2020,3rse-fbp6,bird,73,73,146,
2020,3rse-fbp6,bird,73,74,1,
2020,3rse-fbp6,bird,73,75,6,
2020,3rse-fbp6,bird,74,,8,
2020,3rse-fbp6,bird,74,72,34,
2020,3rse-fbp6,bird,74,74,1268,
2020,3rse-fbp6,bird,74,75,25,
2020,3rse-fbp6,bird,75,,2,
2020,3rse-fbp6,bird,75,41,2,
2020,3rse-fbp6,bird,75,49,27,
2020,3rse-fbp6,bird,75,50,6,
2020,3rse-fbp6,bird,75,53,11,
2020,3rse-fbp6,bird,75,67,2,
2020,3rse-fbp6,bird,75,71,1,
2020,3rse-fbp6,bird,75,72,119,
2020,3rse-fbp6,bird,75,73,7,
2020,3rse-fbp6,bird,75,74,19,
2020,3rse-fbp6,bird,75,75,435,
2020,3rse-fbp6,bird,76,76,3,
2020,3rse-fbp6,bird,77,1,282,
2020,3rse-fbp6,bird,77,2,94,
2020,3rse-fbp6,bird,77,3,872,
2020,3rse-fbp6,bird,77,4,216,
2020,3rse-fbp6,bird,77,5,19,
2020,3rse-fbp6,bird,77,6,182,
2020,3rse-fbp6,bird,77,7,39,
2020,3rse-fbp6,bird,77,8,11,
2020,3rse-fbp6,bird,77,12,2,
2020,3rse-fbp6,bird,77,13,6,
2020,3rse-fbp6,bird,77,14,5,
2020,3rse-fbp6,bird,77,15,1,
2020,3rse-fbp6,bird,77,16,3,
2020,3rse-fbp6,bird,77,17,1,
2020,3rse-fbp6,bird,77,19,1,
2020,3rse-fbp6,bird,77,21,3,
2020,3rse-fbp6,bird,77,22,6,
2020,3rse-fbp6,bird,77,24,5,
2020,3rse-fbp6,bird,77,28,3,
2020,3rse-fbp6,bird,77,77,2525,
2020,3rse-fbp6,lime,,,453,
2020,3rse-fbp6,lime,,1,27,
2020,3rse-fbp6,lime,,2,11,
2020,3rse-fbp6,lime,,3,3,
2020,3rse-fbp6,lime,,4,2,
2020,3rse-fbp6,lime,,5,1,
2020,3rse-fbp6,lime,,6,5,
2020,3rse-fbp6,lime,,7,3,
2020,3rse-fbp6,lime,,9,2,
2020,3rse-fbp6,lime,,10,7,
2020,3rse-fbp6,lime,,12,1,
2020,3rse-fbp6,lime,,13,7,
2020,3rse-fbp6,lime,,14,2,
2020,3rse-fbp6,lime,,15,5,
2020,3rse-fbp6,lime,,16,2,
2020,3rse-fbp6,lime,,17,24,
2020,3rse-fbp6,lime,,18,35,
2020,3rse-fbp6,lime,,19,24,
2020,3rse-fbp6,lime,,20,1,
2020,3rse-fbp6,lime,,21,1,
2020,3rse-fbp6,lime,,23,1,
2020,3rse-fbp6,lime,,24,1,
2020,3rse-fbp6,lime,,25,94,
2020,3rse-fbp6,lime,,26,3,
2020,3rse-fbp6,lime,,29,8,
2020,3rse-fbp6,lime,,30,16,
2020,3rse-fbp6,lime,,31,1,
2020,3rse-fbp6,lime,,32,1,
2020,3rse-fbp6,lime,,33,1,
2020,3rse-fbp6,lime,,35,1,
2020,3rse-fbp6,lime,,41,2,
2020,3rse-fbp6,lime,,42,1,
2020,3rse-fbp6,lime,,43,6,
2020,3rse-fbp6,lime,,44,2,
2020,3rse-fbp6,lime,,46,1,
2020,3rse-fbp6,lime,,49,4,
2020,3rse-fbp6,lime,,53,37,
2020,3rse-fbp6,lime,,54,4,
2020,3rse-fbp6,lime,,56,4,
2020,3rse-fbp6,lime,,57,1,
2020,3rse-fbp6,lime,,58,1,
2020,3rse-fbp6,lime,,62,4,
2020,3rse-fbp6,lime,,63,2,
2020,3rse-fbp6,lime,,64,4,
2020,3rse-fbp6,lime,,65,5,
2020,3rse-fbp6,lime,,66,2,
2020,3rse-fbp6,lime,,67,4,
2020,3rse-fbp6,lime,,69,1,
2020,3rse-fbp6,lime,,70,2,
2020,3rse-fbp6,lime,,71,1,
2020,3rse-fbp6,lime,,72,6,
2020,3rse-fbp6,lime,,73,8,
2020,3rse-fbp6,lime,,74,3,
2020,3rse-fbp6,lime,,75,3,
2020,3rse-fbp6,lime,,76,3,
2020,3rse-fbp6,lime,1,,36,
2020,3rse-fbp6,lime,1,1,2861,
2020,3rse-fbp6,lime,1,2,246,
2020,3rse-fbp6,lime,1,3,69,
2020,3rse-fbp6,lime,1,4,32,
2020,3rse-fbp6,lime,1,5,4,
2020,3rse-fbp6,lime,1,6,34,
2020,3rse-fbp6,lime,1,7,5,
2020,3rse-fbp6,lime,1,8,9,
2020,3rse-fbp6,lime,1,10,1,
2020,3rse-fbp6,lime,1,12,1,
2020,3rse-fbp6,lime,1,13,11,
2020,3rse-fbp6,lime,1,14,2,
2020,3rse-fbp6,lime,1,16,3,
2020,3rse-fbp6,lime,1,21,1,
2020,3rse-fbp6,lime,1,22,1,
2020,3rse-fbp6,lime,1,24,1,
2020,3rse-fbp6,lime,1,26,1,
2020,3rse-fbp6,lime,1,77,523,
2020,3rse-fbp6,lime,2,,12,
2020,3rse-fbp6,lime,2,1,124,
2020,3rse-fbp6,lime,2,2,571,
2020,3rse-fbp6,lime,2,3,8,
2020,3rse-fbp6,lime,2,4,48,
2020,3rse-fbp6,lime,2,5,2,
2020,3rse-fbp6,lime,2,6,2,
2020,3rse-fbp6,lime,2,7,1,
2020,3rse-fbp6,lime,2,11,1,
2020,3rse-fbp6,lime,2,13,20,
2020,3rse-fbp6,lime,2,14,6,
2020,3rse-fbp6,lime,2,15,1,
2020,3rse-fbp6,lime,2,16,4,
2020,3rse-fbp6,lime,2,20,1,
2020,3rse-fbp6,lime,2,22,4,
2020,3rse-fbp6,lime,2,24,2,
2020,3rse-fbp6,lime,2,77,55,
2020,3rse-fbp6,lime,3,,3,
2020,3rse-fbp6,lime,3,1,70,
2020,3rse-fbp6,lime,3,2,24,
2020,3rse-fbp6,lime,3,3,4012,
2020,3rse-fbp6,lime,3,4,308,
2020,3rse-fbp6,lime,3,5,91,
2020,3rse-fbp6,lime,3,6,1907,
2020,3rse-fbp6,lime,3,7,194,
2020,3rse-fbp6,lime,3,8,50,
2020,3rse-fbp6,lime,3,11,1,
2020,3rse-fbp6,lime,3,13,6,
2020,3rse-fbp6,lime,3,14,23,
2020,3rse-fbp6,lime,3,15,4,
2020,3rse-fbp6,lime,3,16,15,
2020,3rse-fbp6,lime,3,17,1,
2020,3rse-fbp6,lime,3,19,2,
2020,3rse-fbp6,lime,3,21,4,
2020,3rse-fbp6,lime,3,22,19,
2020,3rse-fbp6,lime,3,23,1,
2020,3rse-fbp6,lime,3,24,19,
2020,3rse-fbp6,lime,3,28,4,
2020,3rse-fbp6,lime,3,31,1,
2020,3rse-fbp6,lime,3,32,1,
2020,3rse-fbp6,lime,3,77,657,
2020,3rse-fbp6,lime,4,,4,
2020,3rse-fbp6,lime,4,1,19,
2020,3rse-fbp6,lime,4,2,64,
2020,3rse-fbp6,lime,4,3,199,
2020,3rse-fbp6,lime,4,4,786,
2020,3rse-fbp6,lime,4,5,120,
2020,3rse-fbp6,lime,4,6,173,
2020,3rse-fbp6,lime,4,7,20,
2020,3rse-fbp6,lime,4,8,5,
2020,3rse-fbp6,lime,4,11,1,
2020,3rse-fbp6,lime,4,12,2,
2020,3rse-fbp6,lime,4,13,29,
2020,3rse-fbp6,lime,4,14,64,
2020,3rse-fbp6,lime,4,15,4,
2020,3rse-fbp6,lime,4,16,36,
2020,3rse-fbp6,lime,4,17,1,
2020,3rse-fbp6,lime,4,19,3,
2020,3rse-fbp6,lime,4,20,2,
2020,3rse-fbp6,lime,4,21,12,
2020,3rse-fbp6,lime,4,22,17,
2020,3rse-fbp6,lime,4,23,2,
2020,3rse-fbp6,lime,4,24,17,
2020,3rse-fbp6,lime,4,49,1,
2020,3rse-fbp6,lime,4,59,1,
2020,3rse-fbp6,lime,4,77,110,
2020,3rse-fbp6,lime,5,,2,
2020,3rse-fbp6,lime,5,1,3,
2020,3rse-fbp6,lime,5,2,3,
2020,3rse-fbp6,lime,5,3,76,
2020,3rse-fbp6,lime,5,4,148,
2020,3rse-fbp6,lime,5,5,1207,
2020,3rse-fbp6,lime,5,6,636,
2020,3rse-fbp6,lime,5,7,170,
2020,3rse-fbp6,lime,5,8,17,
2020,3rse-fbp6,lime,5,10,1,
2020,3rse-fbp6,lime,5,12,1,
2020,3rse-fbp6,lime,5,13,2,
2020,3rse-fbp6,lime,5,14,22,
2020,3rse-fbp6,lime,5,15,4,
2020,3rse-fbp6,lime,5,16,45,
2020,3rse-fbp6,lime,5,17,1,
2020,3rse-fbp6,lime,5,19,1,
2020,3rse-fbp6,lime,5,20,3,
2020,3rse-fbp6,lime,5,21,84,
2020,3rse-fbp6,lime,5,22,110,
2020,3rse-fbp6,lime,5,23,8,
2020,3rse-fbp6,lime,5,24,84,
2020,3rse-fbp6,lime,5,28,8,
2020,3rse-fbp6,lime,5,30,2,
2020,3rse-fbp6,lime,5,71,1,
2020,3rse-fbp6,lime,5,77,20,
2020,3rse-fbp6,lime,6,,6,
2020,3rse-fbp6,lime,6,1,36,
2020,3rse-fbp6,lime,6,2,8,
2020,3rse-fbp6,lime,6,3,2278,
2020,3rse-fbp6,lime,6,4,250,
2020,3rse-fbp6,lime,6,5,1006,
2020,3rse-fbp6,lime,6,6,27507,
2020,3rse-fbp6,lime,6,7,6287,
2020,3rse-fbp6,lime,6,8,809,
2020,3rse-fbp6,lime,6,10,1,
2020,3rse-fbp6,lime,6,13,16,
2020,3rse-fbp6,lime,6,14,28,
2020,3rse-fbp6,lime,6,15,12,
2020,3rse-fbp6,lime,6,16,51,
2020,3rse-fbp6,lime,6,17,3,
2020,3rse-fbp6,lime,6,19,2,
2020,3rse-fbp6,lime,6,20,6,
2020,3rse-fbp6,lime,6,21,92,
2020,3rse-fbp6,lime,6,22,279,
2020,3rse-fbp6,lime,6,23,10,
2020,3rse-fbp6,lime,6,24,390,
2020,3rse-fbp6,lime,6,25,3,
2020,3rse-fbp6,lime,6,27,3,
2020,3rse-fbp6,lime,6,28,59,
2020,3rse-fbp6,lime,6,30,4,
2020,3rse-fbp6,lime,6,31,1,
2020,3rse-fbp6,lime,6,33,1,
2020,3rse-fbp6,lime,6,39,1,
2020,3rse-fbp6,lime,6,42,1,
2020,3rse-fbp6,lime,6,60,1,
2020,3rse-fbp6,lime,6,77,309,
2020,3rse-fbp6,lime,7,,8,
2020,3rse-fbp6,lime,7,1,3,
2020,3rse-fbp6,lime,7,2,4,
2020,3rse-fbp6,lime,7,3,215,
2020,3rse-fbp6,lime,7,4,50,
2020,3rse-fbp6,lime,7,5,216,
2020,3rse-fbp6,lime,7,6,6005,
2020,3rse-fbp6,lime,7,7,22234,
2020,3rse-fbp6,lime,7,8,3020,
2020,3rse-fbp6,lime,7,10,1,
2020,3rse-fbp6,lime,7,13,1,
2020,3rse-fbp6,lime,7,14,8,
2020,3rse-fbp6,lime,7,15,2,
2020,3rse-fbp6,lime,7,16,16,
2020,3rse-fbp6,lime,7,18,1,
2020,3rse-fbp6,lime,7,19,7,
2020,3rse-fbp6,lime,7,20,17,
2020,3rse-fbp6,lime,7,21,58,
2020,3rse-fbp6,lime,7,22,588,
2020,3rse-fbp6,lime,7,23,24,
2020,3rse-fbp6,lime,7,24,890,
2020,3rse-fbp6,lime,7,25,3,
2020,3rse-fbp6,lime,7,26,1,
2020,3rse-fbp6,lime,7,28,98,
2020,3rse-fbp6,lime,7,29,2,
2020,3rse-fbp6,lime,7,30,1,
2020,3rse-fbp6,lime,7,31,1,
2020,3rse-fbp6,lime,7,32,3,
2020,3rse-fbp6,lime,7,33,1,
2020,3rse-fbp6,lime,7,34,1,
2020,3rse-fbp6,lime,7,56,1,
2020,3rse-fbp6,lime,7,60,1,
2020,3rse-fbp6,lime,7,77,33,
2020,3rse-fbp6,lime,8,,2,
2020,3rse-fbp6,lime,8,1,10,
2020,3rse-fbp6,lime,8,3,45,
2020,3rse-fbp6,lime,8,4,12,
2020,3rse-fbp6,lime,8,5,16,
2020,3rse-fbp6,lime,8,6,677,
2020,3rse-fbp6,lime,8,7,2845,
2020,3rse-fbp6,lime,8,8,6635,
2020,3rse-fbp6,lime,8,10,1,
2020,3rse-fbp6,lime,8,14,4,
2020,3rse-fbp6,lime,8,15,1,
2020,3rse-fbp6,lime,8,16,2,
2020,3rse-fbp6,lime,8,17,1,
2020,3rse-fbp6,lime,8,18,1,
2020,3rse-fbp6,lime,8,19,6,
2020,3rse-fbp6,lime,8,20,1,
2020,3rse-fbp6,lime,8,21,17,
2020,3rse-fbp6,lime,8,22,105,
2020,3rse-fbp6,lime,8,23,28,
2020,3rse-fbp6,lime,8,24,778,
2020,3rse-fbp6,lime,8,25,5,
2020,3rse-fbp6,lime,8,26,1,
2020,3rse-fbp6,lime,8,27,1,
2020,3rse-fbp6,lime,8,28,132,
2020,3rse-fbp6,lime,8,29,1,
2020,3rse-fbp6,lime,8,31,5,
2020,3rse-fbp6,lime,8,32,12,
2020,3rse-fbp6,lime,8,33,8,
2020,3rse-fbp6,lime,8,37,1,
2020,3rse-fbp6,lime,8,40,1,
2020,3rse-fbp6,lime,8,41,1,
2020,3rse-fbp6,lime,8,42,1,
2020,3rse-fbp6,lime,8,43,1,
2020,3rse-fbp6,lime,8,50,2,
2020,3rse-fbp6,lime,8,61,1,
2020,3rse-fbp6,lime,8,63,2,
2020,3rse-fbp6,lime,8,67,2,
2020,3rse-fbp6,lime,8,69,2,
2020,3rse-fbp6,lime,8,77,10,
2020,3rse-fbp6,lime,9,9,2,
2020,3rse-fbp6,lime,9,10,1,
2020,3rse-fbp6,lime,10,,4,
2020,3rse-fbp6,lime,10,6,1,
2020,3rse-fbp6,lime,10,9,1,
2020,3rse-fbp6,lime,10,10,130,
2020,3rse-fbp6,lime,10,11,16,
2020,3rse-fbp6,lime,10,14,2,
2020,3rse-fbp6,lime,10,15,11,
2020,3rse-fbp6,lime,10,17,17,
2020,3rse-fbp6,lime,10,19,1,
2020,3rse-fbp6,lime,10,22,1,
2020,3rse-fbp6,lime,10,24,1,
2020,3rse-fbp6,lime,11,,2,
2020,3rse-fbp6,lime,11,1,1,
2020,3rse-fbp6,lime,11,4,2,
2020,3rse-fbp6,lime,11,5,1,
2020,3rse-fbp6,lime,11,6,1,
2020,3rse-fbp6,lime,11,10,15,
2020,3rse-fbp6,lime,11,11,84,
2020,3rse-fbp6,lime,11,12,6,
2020,3rse-fbp6,lime,11,13,3,
2020,3rse-fbp6,lime,11,14,7,
2020,3rse-fbp6,lime,11,15,27,
2020,3rse-fbp6,lime,11,16,12,
2020,3rse-fbp6,lime,11,19,4,
2020,3rse-fbp6,lime,11,21,3,
2020,3rse-fbp6,lime,11,22,2,
2020,3rse-fbp6,lime,11,24,1,
2020,3rse-fbp6,lime,12,2,1,
2020,3rse-fbp6,lime,12,4,2,
2020,3rse-fbp6,lime,12,8,1,
2020,3rse-fbp6,lime,12,11,3,
2020,3rse-fbp6,lime,12,12,22,
2020,3rse-fbp6,lime,12,13,4,
2020,3rse-fbp6,lime,12,16,2,
2020,3rse-fbp6,lime,12,19,1,
2020,3rse-fbp6,lime,13,,3,
2020,3rse-fbp6,lime,13,1,2,
2020,3rse-fbp6,lime,13,2,23,
2020,3rse-fbp6,lime,13,3,3,
2020,3rse-fbp6,lime,13,4,14,
2020,3rse-fbp6,lime,13,5,1,
2020,3rse-fbp6,lime,13,6,2,
2020,3rse-fbp6,lime,13,7,1,
2020,3rse-fbp6,lime,13,11,4,
2020,3rse-fbp6,lime,13,12,2,
2020,3rse-fbp6,lime,13,13,121,
2020,3rse-fbp6,lime,13,14,31,
2020,3rse-fbp6,lime,13,16,8,
2020,3rse-fbp6,lime,13,17,1,
2020,3rse-fbp6,lime,13,19,1,
2020,3rse-fbp6,lime,13,21,3,
2020,3rse-fbp6,lime,13,24,1,
2020,3rse-fbp6,lime,13,77,2,
2020,3rse-fbp6,lime,14,,1,
2020,3rse-fbp6,lime,14,1,1,
2020,3rse-fbp6,lime,14,2,12,
2020,3rse-fbp6,lime,14,3,16,
2020,3rse-fbp6,lime,14,4,71,
2020,3rse-fbp6,lime,14,5,24,
2020,3rse-fbp6,lime,14,6,11,
2020,3rse-fbp6,lime,14,7,4,
2020,3rse-fbp6,lime,14,8,2,
2020,3rse-fbp6,lime,14,11,5,
2020,3rse-fbp6,lime,14,12,3,
2020,3rse-fbp6,lime,14,13,34,
2020,3rse-fbp6,lime,14,14,267,
2020,3rse-fbp6,lime,14,15,11,
2020,3rse-fbp6,lime,14,16,125,
2020,3rse-fbp6,lime,14,19,1,
2020,3rse-fbp6,lime,14,20,2,
2020,3rse-fbp6,lime,14,21,17,
2020,3rse-fbp6,lime,14,22,26,
2020,3rse-fbp6,lime,14,23,2,
2020,3rse-fbp6,lime,14,24,1,
2020,3rse-fbp6,lime,14,25,2,
2020,3rse-fbp6,lime,14,27,1,
2020,3rse-fbp6,lime,14,77,3,
2020,3rse-fbp6,lime,15,,7,
2020,3rse-fbp6,lime,15,3,4,
2020,3rse-fbp6,lime,15,4,10,
2020,3rse-fbp6,lime,15,5,3,
2020,3rse-fbp6,lime,15,6,11,
2020,3rse-fbp6,lime,15,7,3,
2020,3rse-fbp6,lime,15,9,1,
2020,3rse-fbp6,lime,15,10,33,
2020,3rse-fbp6,lime,15,11,53,
2020,3rse-fbp6,lime,15,12,7,
2020,3rse-fbp6,lime,15,13,4,
2020,3rse-fbp6,lime,15,14,19,
2020,3rse-fbp6,lime,15,15,2136,
2020,3rse-fbp6,lime,15,16,200,
2020,3rse-fbp6,lime,15,17,176,
2020,3rse-fbp6,lime,15,18,15,
2020,3rse-fbp6,lime,15,19,312,
2020,3rse-fbp6,lime,15,20,49,
2020,3rse-fbp6,lime,15,21,60,
2020,3rse-fbp6,lime,15,22,40,
2020,3rse-fbp6,lime,15,23,8,
2020,3rse-fbp6,lime,15,24,31,
2020,3rse-fbp6,lime,15,25,26,
2020,3rse-fbp6,lime,15,28,1,
2020,3rse-fbp6,lime,15,32,1,
2020,3rse-fbp6,lime,15,76,2,
2020,3rse-fbp6,lime,16,,2,
2020,3rse-fbp6,lime,16,1,1,
2020,3rse-fbp6,lime,16,2,7,
2020,3rse-fbp6,lime,16,3,15,
2020,3rse-fbp6,lime,16,4,40,
2020,3rse-fbp6,lime,16,5,60,
2020,3rse-fbp6,lime,16,6,42,
2020,3rse-fbp6,lime,16,7,11,
2020,3rse-fbp6,lime,16,8,2,
2020,3rse-fbp6,lime,16,9,1,
2020,3rse-fbp6,lime,16,10,1,
2020,3rse-fbp6,lime,16,11,10,
2020,3rse-fbp6,lime,16,12,7,
2020,3rse-fbp6,lime,16,13,19,
2020,3rse-fbp6,lime,16,14,163,
2020,3rse-fbp6,lime,16,15,210,
2020,3rse-fbp6,lime,16,16,1170,
2020,3rse-fbp6,lime,16,17,5,
2020,3rse-fbp6,lime,16,18,2,
2020,3rse-fbp6,lime,16,19,70,
2020,3rse-fbp6,lime,16,20,40,
2020,3rse-fbp6,lime,16,21,253,
2020,3rse-fbp6,lime,16,22,125,
2020,3rse-fbp6,lime,16,23,16,
2020,3rse-fbp6,lime,16,24,25,
2020,3rse-fbp6,lime,16,25,6,
2020,3rse-fbp6,lime,16,26,1,
2020,3rse-fbp6,lime,16,27,2,
2020,3rse-fbp6,lime,16,61,1,
2020,3rse-fbp6,lime,16,77,5,
2020,3rse-fbp6,lime,17,,22,
2020,3rse-fbp6,lime,17,4,1,
2020,3rse-fbp6,lime,17,5,2,
2020,3rse-fbp6,lime,17,6,2,
2020,3rse-fbp6,lime,17,8,1,
2020,3rse-fbp6,lime,17,10,25,
2020,3rse-fbp6,lime,17,11,7,
2020,3rse-fbp6,lime,17,14,1,
2020,3rse-fbp6,lime,17,15,140,
2020,3rse-fbp6,lime,17,16,12,
2020,3rse-fbp6,lime,17,17,752,
2020,3rse-fbp6,lime,17,18,105,
2020,3rse-fbp6,lime,17,19,90,
2020,3rse-fbp6,lime,17,20,3,
2020,3rse-fbp6,lime,17,21,5,
2020,3rse-fbp6,lime,17,22,2,
2020,3rse-fbp6,lime,17,23,2,
2020,3rse-fbp6,lime,17,24,2,
2020,3rse-fbp6,lime,17,25,12,
2020,3rse-fbp6,lime,17,76,5,
2020,3rse-fbp6,lime,18,,54,
2020,3rse-fbp6,lime,18,4,1,
2020,3rse-fbp6,lime,18,6,2,
2020,3rse-fbp6,lime,18,7,1,
2020,3rse-fbp6,lime,18,11,1,
2020,3rse-fbp6,lime,18,14,1,
2020,3rse-fbp6,lime,18,15,14,
2020,3rse-fbp6,lime,18,16,3,
2020,3rse-fbp6,lime,18,17,134,
2020,3rse-fbp6,lime,18,18,1070,
2020,3rse-fbp6,lime,18,19,193,
2020,3rse-fbp6,lime,18,20,5,
2020,3rse-fbp6,lime,18,21,1,
2020,3rse-fbp6,lime,18,22,13,
2020,3rse-fbp6,lime,18,23,2,
2020,3rse-fbp6,lime,18,24,1,
2020,3rse-fbp6,lime,18,25,117,
2020,3rse-fbp6,lime,18,28,2,
2020,3rse-fbp6,lime,18,30,1,
2020,3rse-fbp6,lime,19,,30,
2020,3rse-fbp6,lime,19,1,1,
2020,3rse-fbp6,lime,19,3,1,
2020,3rse-fbp6,lime,19,4,3,
2020,3rse-fbp6,lime,19,5,4,
2020,3rse-fbp6,lime,19,6,9,
2020,3rse-fbp6,lime,19,7,7,
2020,3rse-fbp6,lime,19,8,3,
2020,3rse-fbp6,lime,19,10,6,
2020,3rse-fbp6,lime,19,11,5,
2020,3rse-fbp6,lime,19,12,3,
2020,3rse-fbp6,lime,19,13,3,
2020,3rse-fbp6,lime,19,14,2,
2020,3rse-fbp6,lime,19,15,318,
2020,3rse-fbp6,lime,19,16,53,
2020,3rse-fbp6,lime,19,17,125,
2020,3rse-fbp6,lime,19,18,213,
2020,3rse-fbp6,lime,19,19,4130,
2020,3rse-fbp6,lime,19,20,172,
2020,3rse-fbp6,lime,19,21,62,
2020,3rse-fbp6,lime,19,22,151,
2020,3rse-fbp6,lime,19,23,87,
2020,3rse-fbp6,lime,19,24,39,
2020,3rse-fbp6,lime,19,25,296,
2020,3rse-fbp6,lime,19,26,2,
2020,3rse-fbp6,lime,19,27,2,
2020,3rse-fbp6,lime,19,28,5,
2020,3rse-fbp6,lime,19,30,1,
2020,3rse-fbp6,lime,19,31,1,
2020,3rse-fbp6,lime,19,62,1,
2020,3rse-fbp6,lime,20,,2,
2020,3rse-fbp6,lime,20,1,1,
2020,3rse-fbp6,lime,20,4,3,
2020,3rse-fbp6,lime,20,5,2,
2020,3rse-fbp6,lime,20,6,6,
2020,3rse-fbp6,lime,20,7,8,
2020,3rse-fbp6,lime,20,8,3,
2020,3rse-fbp6,lime,20,13,1,
2020,3rse-fbp6,lime,20,14,5,
2020,3rse-fbp6,lime,20,15,53,
2020,3rse-fbp6,lime,20,16,39,
2020,3rse-fbp6,lime,20,17,5,
2020,3rse-fbp6,lime,20,18,5,
2020,3rse-fbp6,lime,20,19,197,
2020,3rse-fbp6,lime,20,20,744,
2020,3rse-fbp6,lime,20,21,78,
2020,3rse-fbp6,lime,20,22,193,
2020,3rse-fbp6,lime,20,23,95,
2020,3rse-fbp6,lime,20,24,40,
2020,3rse-fbp6,lime,20,25,26,
2020,3rse-fbp6,lime,20,26,3,
2020,3rse-fbp6,lime,20,27,2,
2020,3rse-fbp6,lime,20,28,2,
2020,3rse-fbp6,lime,20,29,1,
2020,3rse-fbp6,lime,20,77,1,
2020,3rse-fbp6,lime,21,,3,
2020,3rse-fbp6,lime,21,1,1,
2020,3rse-fbp6,lime,21,2,3,
2020,3rse-fbp6,lime,21,3,10,
2020,3rse-fbp6,lime,21,4,15,
2020,3rse-fbp6,lime,21,5,78,
2020,3rse-fbp6,lime,21,6,77,
2020,3rse-fbp6,lime,21,7,23,
2020,3rse-fbp6,lime,21,8,8,
2020,3rse-fbp6,lime,21,10,1,
2020,3rse-fbp6,lime,21,11,2,
2020,3rse-fbp6,lime,21,13,4,
2020,3rse-fbp6,lime,21,14,28,
2020,3rse-fbp6,lime,21,15,66,
2020,3rse-fbp6,lime,21,16,268,
2020,3rse-fbp6,lime,21,17,5,
2020,3rse-fbp6,lime,21,18,3,
2020,3rse-fbp6,lime,21,19,90,
2020,3rse-fbp6,lime,21,20,50,
2020,3rse-fbp6,lime,21,21,1371,
2020,3rse-fbp6,lime,21,22,545,
2020,3rse-fbp6,lime,21,23,37,
2020,3rse-fbp6,lime,21,24,105,
2020,3rse-fbp6,lime,21,25,6,
2020,3rse-fbp6,lime,21,28,6,
2020,3rse-fbp6,lime,21,31,2,
2020,3rse-fbp6,lime,21,77,6,
2020,3rse-fbp6,lime,22,1,2,
2020,3rse-fbp6,lime,22,2,3,
2020,3rse-fbp6,lime,22,3,29,
2020,3rse-fbp6,lime,22,4,28,
2020,3rse-fbp6,lime,22,5,153,
2020,3rse-fbp6,lime,22,6,262,
2020,3rse-fbp6,lime,22,7,527,
2020,3rse-fbp6,lime,22,8,109,
2020,3rse-fbp6,lime,22,11,2,
2020,3rse-fbp6,lime,22,12,1,
2020,3rse-fbp6,lime,22,13,1,
2020,3rse-fbp6,lime,22,14,22,
2020,3rse-fbp6,lime,22,15,36,
2020,3rse-fbp6,lime,22,16,125,
2020,3rse-fbp6,lime,22,17,3,
2020,3rse-fbp6,lime,22,18,6,
2020,3rse-fbp6,lime,22,19,167,
2020,3rse-fbp6,lime,22,20,231,
2020,3rse-fbp6,lime,22,21,665,
2020,3rse-fbp6,lime,22,22,7871,
2020,3rse-fbp6,lime,22,23,391,
2020,3rse-fbp6,lime,22,24,2736,
2020,3rse-fbp6,lime,22,25,28,
2020,3rse-fbp6,lime,22,26,2,
2020,3rse-fbp6,lime,22,27,18,
2020,3rse-fbp6,lime,22,28,129,
2020,3rse-fbp6,lime,22,29,5,
2020,3rse-fbp6,lime,22,30,2,
2020,3rse-fbp6,lime,22,31,7,
2020,3rse-fbp6,lime,22,33,2,
2020,3rse-fbp6,lime,22,34,2,
2020,3rse-fbp6,lime,22,58,2,
2020,3rse-fbp6,lime,22,67,1,
2020,3rse-fbp6,lime,22,68,1,
2020,3rse-fbp6,lime,22,77,5,
2020,3rse-fbp6,lime,23,,8,
2020,3rse-fbp6,lime,23,2,1,
2020,3rse-fbp6,lime,23,3,1,
2020,3rse-fbp6,lime,23,4,3,
2020,3rse-fbp6,lime,23,5,11,
2020,3rse-fbp6,lime,23,6,6,
2020,3rse-fbp6,lime,23,7,19,
2020,3rse-fbp6,lime,23,8,31,
2020,3rse-fbp6,lime,23,10,1,
2020,3rse-fbp6,lime,23,11,1,
2020,3rse-fbp6,lime,23,13,2,
2020,3rse-fbp6,lime,23,14,2,
2020,3rse-fbp6,lime,23,15,4,
2020,3rse-fbp6,lime,23,16,8,
2020,3rse-fbp6,lime,23,17,1,
2020,3rse-fbp6,lime,23,18,3,
2020,3rse-fbp6,lime,23,19,81,
2020,3rse-fbp6,lime,23,20,75,
2020,3rse-fbp6,lime,23,21,27,
2020,3rse-fbp6,lime,23,22,408,
2020,3rse-fbp6,lime,23,23,2599,
2020,3rse-fbp6,lime,23,24,665,
2020,3rse-fbp6,lime,23,25,122,
2020,3rse-fbp6,lime,23,26,66,
2020,3rse-fbp6,lime,23,27,100,
2020,3rse-fbp6,lime,23,28,47,
2020,3rse-fbp6,lime,23,29,35,
2020,3rse-fbp6,lime,23,30,1,
2020,3rse-fbp6,lime,23,31,1,
2020,3rse-fbp6,lime,23,57,1,
2020,3rse-fbp6,lime,23,61,1,
2020,3rse-fbp6,lime,23,66,1,
2020,3rse-fbp6,lime,23,77,4,
2020,3rse-fbp6,lime,24,,3,
2020,3rse-fbp6,lime,24,1,2,
2020,3rse-fbp6,lime,24,3,36,
2020,3rse-fbp6,lime,24,4,29,
2020,3rse-fbp6,lime,24,5,125,
2020,3rse-fbp6,lime,24,6,354,
2020,3rse-fbp6,lime,24,7,840,
2020,3rse-fbp6,lime,24,8,913,
2020,3rse-fbp6,lime,24,13,2,
2020,3rse-fbp6,lime,24,14,10,
2020,3rse-fbp6,lime,24,15,15,
2020,3rse-fbp6,lime,24,16,31,
2020,3rse-fbp6,lime,24,17,1,
2020,3rse-fbp6,lime,24,19,31,
2020,3rse-fbp6,lime,24,20,59,
2020,3rse-fbp6,lime,24,21,131,
2020,3rse-fbp6,lime,24,22,3211,
2020,3rse-fbp6,lime,24,23,631,
2020,3rse-fbp6,lime,24,24,22705,
2020,3rse-fbp6,lime,24,25,52,
2020,3rse-fbp6,lime,24,26,7,
2020,3rse-fbp6,lime,24,27,84,
2020,3rse-fbp6,lime,24,28,1877,
2020,3rse-fbp6,lime,24,29,12,
2020,3rse-fbp6,lime,24,30,13,
2020,3rse-fbp6,lime,24,31,82,
2020,3rse-fbp6,lime,24,32,6,
2020,3rse-fbp6,lime,24,33,11,
2020,3rse-fbp6,lime,24,34,5,
2020,3rse-fbp6,lime,24,38,1,
2020,3rse-fbp6,lime,24,39,1,
2020,3rse-fbp6,lime,24,49,1,
2020,3rse-fbp6,lime,24,56,1,
2020,3rse-fbp6,lime,24,58,3,
2020,3rse-fbp6,lime,24,59,7,
2020,3rse-fbp6,lime,24,60,8,
2020,3rse-fbp6,lime,24,61,3,
2020,3rse-fbp6,lime,24,62,1,
2020,3rse-fbp6,lime,24,66,1,
2020,3rse-fbp6,lime,24,67,1,
2020,3rse-fbp6,lime,24,77,13,
2020,3rse-fbp6,lime,25,,120,
2020,3rse-fbp6,lime,25,4,3,
2020,3rse-fbp6,lime,25,6,1,
2020,3rse-fbp6,lime,25,7,2,
2020,3rse-fbp6,lime,25,8,1,
2020,3rse-fbp6,lime,25,10,1,
2020,3rse-fbp6,lime,25,14,1,
2020,3rse-fbp6,lime,25,15,25,
2020,3rse-fbp6,lime,25,16,32,
2020,3rse-fbp6,lime,25,17,13,
2020,3rse-fbp6,lime,25,18,54,
2020,3rse-fbp6,lime,25,19,232,
2020,3rse-fbp6,lime,25,20,28,
2020,3rse-fbp6,lime,25,21,2,
2020,3rse-fbp6,lime,25,22,39,
2020,3rse-fbp6,lime,25,23,139,
2020,3rse-fbp6,lime,25,24,41,
2020,3rse-fbp6,lime,25,25,3758,
2020,3rse-fbp6,lime,25,26,111,
2020,3rse-fbp6,lime,25,27,60,
2020,3rse-fbp6,lime,25,28,18,
2020,3rse-fbp6,lime,25,29,29,
2020,3rse-fbp6,lime,25,30,6,
2020,3rse-fbp6,lime,25,31,4,
2020,3rse-fbp6,lime,25,32,2,
2020,3rse-fbp6,lime,25,40,1,
2020,3rse-fbp6,lime,25,42,1,
2020,3rse-fbp6,lime,25,46,1,
2020,3rse-fbp6,lime,25,56,1,
2020,3rse-fbp6,lime,25,61,1,
2020,3rse-fbp6,lime,25,66,1,
2020,3rse-fbp6,lime,25,67,1,
2020,3rse-fbp6,lime,26,,10,
2020,3rse-fbp6,lime,26,15,2,
2020,3rse-fbp6,lime,26,16,1,
2020,3rse-fbp6,lime,26,19,6,
2020,3rse-fbp6,lime,26,21,1,
2020,3rse-fbp6,lime,26,22,4,
2020,3rse-fbp6,lime,26,23,82,
2020,3rse-fbp6,lime,26,24,6,
2020,3rse-fbp6,lime,26,25,119,
2020,3rse-fbp6,lime,26,26,619,
2020,3rse-fbp6,lime,26,27,64,
2020,3rse-fbp6,lime,26,28,21,
2020,3rse-fbp6,lime,26,29,52,
2020,3rse-fbp6,lime,26,30,4,
2020,3rse-fbp6,lime,26,58,1,
2020,3rse-fbp6,lime,26,67,1,
2020,3rse-fbp6,lime,27,5,1,
2020,3rse-fbp6,lime,27,6,2,
2020,3rse-fbp6,lime,27,7,3,
2020,3rse-fbp6,lime,27,8,1,
2020,3rse-fbp6,lime,27,14,1,
2020,3rse-fbp6,lime,27,15,1,
2020,3rse-fbp6,lime,27,19,1,
2020,3rse-fbp6,lime,27,20,1,
2020,3rse-fbp6,lime,27,21,2,
2020,3rse-fbp6,lime,27,22,20,
2020,3rse-fbp6,lime,27,23,147,
2020,3rse-fbp6,lime,27,24,52,
2020,3rse-fbp6,lime,27,25,43,
2020,3rse-fbp6,lime,27,26,77,
2020,3rse-fbp6,lime,27,27,872,
2020,3rse-fbp6,lime,27,28,240,
2020,3rse-fbp6,lime,27,29,65,
2020,3rse-fbp6,lime,27,30,11,
2020,3rse-fbp6,lime,27,31,17,
2020,3rse-fbp6,lime,27,32,1,
2020,3rse-fbp6,lime,27,33,1,
2020,3rse-fbp6,lime,27,48,1,
2020,3rse-fbp6,lime,27,58,6,
2020,3rse-fbp6,lime,27,61,3,
2020,3rse-fbp6,lime,27,63,1,
2020,3rse-fbp6,lime,27,67,1,
2020,3rse-fbp6,lime,28,,5,
2020,3rse-fbp6,lime,28,3,5,
2020,3rse-fbp6,lime,28,4,4,
2020,3rse-fbp6,lime,28,5,12,
2020,3rse-fbp6,lime,28,6,81,
2020,3rse-fbp6,lime,28,7,118,
2020,3rse-fbp6,lime,28,8,180,
2020,3rse-fbp6,lime,28,15,1,
2020,3rse-fbp6,lime,28,16,3,
2020,3rse-fbp6,lime,28,17,1,
2020,3rse-fbp6,lime,28,19,8,
2020,3rse-fbp6,lime,28,20,2,
2020,3rse-fbp6,lime,28,21,3,
2020,3rse-fbp6,lime,28,22,117,
2020,3rse-fbp6,lime,28,23,41,
2020,3rse-fbp6,lime,28,24,2012,
2020,3rse-fbp6,lime,28,25,23,
2020,3rse-fbp6,lime,28,26,28,
2020,3rse-fbp6,lime,28,27,228,
2020,3rse-fbp6,lime,28,28,9416,
2020,3rse-fbp6,lime,28,29,64,
2020,3rse-fbp6,lime,28,30,57,
2020,3rse-fbp6,lime,28,31,261,
2020,3rse-fbp6,lime,28,32,18,
2020,3rse-fbp6,lime,28,33,67,
2020,3rse-fbp6,lime,28,34,55,
2020,3rse-fbp6,lime,28,35,16,
2020,3rse-fbp6,lime,28,37,2,
2020,3rse-fbp6,lime,28,38,1,
2020,3rse-fbp6,lime,28,41,1,
2020,3rse-fbp6,lime,28,49,1,
2020,3rse-fbp6,lime,28,56,1,
2020,3rse-fbp6,lime,28,58,10,
2020,3rse-fbp6,lime,28,59,27,
2020,3rse-fbp6,lime,28,60,62,
2020,3rse-fbp6,lime,28,61,17,
2020,3rse-fbp6,lime,28,63,3,
2020,3rse-fbp6,lime,28,66,6,
2020,3rse-fbp6,lime,28,67,3,
2020,3rse-fbp6,lime,28,71,1,
2020,3rse-fbp6,lime,28,77,4,
2020,3rse-fbp6,lime,29,,15,
2020,3rse-fbp6,lime,29,7,2,
2020,3rse-fbp6,lime,29,18,1,
2020,3rse-fbp6,lime,29,19,1,
2020,3rse-fbp6,lime,29,22,3,
2020,3rse-fbp6,lime,29,23,24,
2020,3rse-fbp6,lime,29,24,8,
2020,3rse-fbp6,lime,29,25,25,
2020,3rse-fbp6,lime,29,26,43,
2020,3rse-fbp6,lime,29,27,59,
2020,3rse-fbp6,lime,29,28,55,
2020,3rse-fbp6,lime,29,29,855,
2020,3rse-fbp6,lime,29,30,153,
2020,3rse-fbp6,lime,29,31,17,
2020,3rse-fbp6,lime,29,35,1,
2020,3rse-fbp6,lime,29,58,5,
2020,3rse-fbp6,lime,29,59,1,
2020,3rse-fbp6,lime,29,61,2,
2020,3rse-fbp6,lime,29,63,4,
2020,3rse-fbp6,lime,29,67,1,
2020,3rse-fbp6,lime,30,,28,
2020,3rse-fbp6,lime,30,6,1,
2020,3rse-fbp6,lime,30,7,1,
2020,3rse-fbp6,lime,30,14,1,
2020,3rse-fbp6,lime,30,16,2,
2020,3rse-fbp6,lime,30,22,6,
2020,3rse-fbp6,lime,30,23,6,
2020,3rse-fbp6,lime,30,24,9,
2020,3rse-fbp6,lime,30,25,6,
2020,3rse-fbp6,lime,30,26,4,
2020,3rse-fbp6,lime,30,27,14,
2020,3rse-fbp6,lime,30,28,48,
2020,3rse-fbp6,lime,30,29,235,
2020,3rse-fbp6,lime,30,30,2547,
2020,3rse-fbp6,lime,30,31,211,
2020,3rse-fbp6,lime,30,33,4,
2020,3rse-fbp6,lime,30,34,4,
2020,3rse-fbp6,lime,30,35,2,
2020,3rse-fbp6,lime,30,40,1,
2020,3rse-fbp6,lime,30,56,3,
2020,3rse-fbp6,lime,30,57,11,
2020,3rse-fbp6,lime,30,58,34,
2020,3rse-fbp6,lime,30,59,19,
2020,3rse-fbp6,lime,30,60,4,
2020,3rse-fbp6,lime,30,61,15,
2020,3rse-fbp6,lime,30,62,3,
2020,3rse-fbp6,lime,30,63,15,
2020,3rse-fbp6,lime,30,66,5,
2020,3rse-fbp6,lime,30,67,2,
2020,3rse-fbp6,lime,30,69,2,
2020,3rse-fbp6,lime,30,70,1,
2020,3rse-fbp6,lime,31,3,1,
2020,3rse-fbp6,lime,31,6,1,
2020,3rse-fbp6,lime,31,7,1,
2020,3rse-fbp6,lime,31,8,4,
2020,3rse-fbp6,lime,31,19,2,
2020,3rse-fbp6,lime,31,21,4,
2020,3rse-fbp6,lime,31,22,2,
2020,3rse-fbp6,lime,31,23,2,
2020,3rse-fbp6,lime,31,24,59,
2020,3rse-fbp6,lime,31,25,2,
2020,3rse-fbp6,lime,31,26,2,
2020,3rse-fbp6,lime,31,27,20,
2020,3rse-fbp6,lime,31,28,309,
2020,3rse-fbp6,lime,31,29,15,
2020,3rse-fbp6,lime,31,30,186,
2020,3rse-fbp6,lime,31,31,1424,
2020,3rse-fbp6,lime,31,33,49,
2020,3rse-fbp6,lime,31,34,41,
2020,3rse-fbp6,lime,31,35,6,
2020,3rse-fbp6,lime,31,38,2,
2020,3rse-fbp6,lime,31,39,1,
2020,3rse-fbp6,lime,31,41,1,
2020,3rse-fbp6,lime,31,54,1,
2020,3rse-fbp6,lime,31,57,1,
2020,3rse-fbp6,lime,31,58,11,
2020,3rse-fbp6,lime,31,59,52,
2020,3rse-fbp6,lime,31,60,40,
2020,3rse-fbp6,lime,31,61,13,
2020,3rse-fbp6,lime,31,65,2,
2020,3rse-fbp6,lime,31,66,1,
2020,3rse-fbp6,lime,31,67,4,
2020,3rse-fbp6,lime,31,71,1,
2020,3rse-fbp6,lime,32,,1,
2020,3rse-fbp6,lime,32,5,1,
2020,3rse-fbp6,lime,32,6,3,
2020,3rse-fbp6,lime,32,7,2,
2020,3rse-fbp6,lime,32,8,5,
2020,3rse-fbp6,lime,32,23,1,
2020,3rse-fbp6,lime,32,24,1,
2020,3rse-fbp6,lime,32,28,13,
2020,3rse-fbp6,lime,32,32,34,
2020,3rse-fbp6,lime,32,33,47,
2020,3rse-fbp6,lime,32,34,3,
2020,3rse-fbp6,lime,32,38,2,
2020,3rse-fbp6,lime,32,39,3,
2020,3rse-fbp6,lime,32,46,1,
2020,3rse-fbp6,lime,32,59,1,
2020,3rse-fbp6,lime,32,67,1,
2020,3rse-fbp6,lime,32,68,1,
2020,3rse-fbp6,lime,33,6,1,
2020,3rse-fbp6,lime,33,7,1,
2020,3rse-fbp6,lime,33,8,8,
2020,3rse-fbp6,lime,33,16,2,
2020,3rse-fbp6,lime,33,19,1,
2020,3rse-fbp6,lime,33,21,1,
2020,3rse-fbp6,lime,33,22,1,
2020,3rse-fbp6,lime,33,24,12,
2020,3rse-fbp6,lime,33,27,1,
2020,3rse-fbp6,lime,33,28,127,
2020,3rse-fbp6,lime,33,30,2,
2020,3rse-fbp6,lime,33,31,71,
2020,3rse-fbp6,lime,33,32,51,
2020,3rse-fbp6,lime,33,33,2519,
2020,3rse-fbp6,lime,33,34,238,
2020,3rse-fbp6,lime,33,35,107,
2020,3rse-fbp6,lime,33,36,7,
2020,3rse-fbp6,lime,33,37,2,
2020,3rse-fbp6,lime,33,38,24,
2020,3rse-fbp6,lime,33,39,8,
2020,3rse-fbp6,lime,33,40,6,
2020,3rse-fbp6,lime,33,41,5,
2020,3rse-fbp6,lime,33,42,4,
2020,3rse-fbp6,lime,33,43,2,
2020,3rse-fbp6,lime,33,57,2,
2020,3rse-fbp6,lime,33,58,4,
2020,3rse-fbp6,lime,33,59,6,
2020,3rse-fbp6,lime,33,60,19,
2020,3rse-fbp6,lime,33,61,3,
2020,3rse-fbp6,lime,33,69,1,
2020,3rse-fbp6,lime,33,71,2,
2020,3rse-fbp6,lime,34,,1,
2020,3rse-fbp6,lime,34,5,1,
2020,3rse-fbp6,lime,34,7,1,
2020,3rse-fbp6,lime,34,8,1,
2020,3rse-fbp6,lime,34,22,1,
2020,3rse-fbp6,lime,34,24,2,
2020,3rse-fbp6,lime,34,25,1,
2020,3rse-fbp6,lime,34,28,50,
2020,3rse-fbp6,lime,34,29,1,
2020,3rse-fbp6,lime,34,30,1,
2020,3rse-fbp6,lime,34,31,41,
2020,3rse-fbp6,lime,34,32,2,
2020,3rse-fbp6,lime,34,33,246,
2020,3rse-fbp6,lime,34,34,934,
2020,3rse-fbp6,lime,34,35,57,
2020,3rse-fbp6,lime,34,36,2,
2020,3rse-fbp6,lime,34,37,3,
2020,3rse-fbp6,lime,34,38,9,
2020,3rse-fbp6,lime,34,39,1,
2020,3rse-fbp6,lime,34,40,1,
2020,3rse-fbp6,lime,34,41,2,
2020,3rse-fbp6,lime,34,43,1,
2020,3rse-fbp6,lime,34,44,1,
2020,3rse-fbp6,lime,34,58,3,
2020,3rse-fbp6,lime,34,59,13,
2020,3rse-fbp6,lime,34,60,73,
2020,3rse-fbp6,lime,34,61,13,
2020,3rse-fbp6,lime,34,62,1,
2020,3rse-fbp6,lime,34,63,2,
2020,3rse-fbp6,lime,34,66,1,
2020,3rse-fbp6,lime,34,67,1,
2020,3rse-fbp6,lime,34,68,6,
2020,3rse-fbp6,lime,34,69,1,
2020,3rse-fbp6,lime,35,,2,
2020,3rse-fbp6,lime,35,22,1,
2020,3rse-fbp6,lime,35,24,2,
2020,3rse-fbp6,lime,35,28,14,
2020,3rse-fbp6,lime,35,29,1,
2020,3rse-fbp6,lime,35,30,2,
2020,3rse-fbp6,lime,35,31,14,
2020,3rse-fbp6,lime,35,32,5,
2020,3rse-fbp6,lime,35,33,139,
2020,3rse-fbp6,lime,35,34,69,
2020,3rse-fbp6,lime,35,35,1263,
2020,3rse-fbp6,lime,35,36,77,
2020,3rse-fbp6,lime,35,37,2,
2020,3rse-fbp6,lime,35,38,97,
2020,3rse-fbp6,lime,35,39,22,
2020,3rse-fbp6,lime,35,40,10,
2020,3rse-fbp6,lime,35,41,20,
2020,3rse-fbp6,lime,35,42,1,
2020,3rse-fbp6,lime,35,43,3,
2020,3rse-fbp6,lime,35,44,3,
2020,3rse-fbp6,lime,35,48,2,
2020,3rse-fbp6,lime,35,58,1,
2020,3rse-fbp6,lime,35,59,6,
2020,3rse-fbp6,lime,35,60,53,
2020,3rse-fbp6,lime,35,61,8,
2020,3rse-fbp6,lime,35,67,2,
2020,3rse-fbp6,lime,35,69,1,
2020,3rse-fbp6,lime,36,,2,
2020,3rse-fbp6,lime,36,28,3,
2020,3rse-fbp6,lime,36,30,1,
2020,3rse-fbp6,lime,36,31,1,
2020,3rse-fbp6,lime,36,33,6,
2020,3rse-fbp6,lime,36,34,3,
2020,3rse-fbp6,lime,36,35,73,
2020,3rse-fbp6,lime,36,36,237,
2020,3rse-fbp6,lime,36,38,39,
2020,3rse-fbp6,lime,36,39,35,
2020,3rse-fbp6,lime,36,40,1,
2020,3rse-fbp6,lime,36,41,19,
2020,3rse-fbp6,lime,36,42,4,
2020,3rse-fbp6,lime,36,44,2,
2020,3rse-fbp6,lime,36,49,1,
2020,3rse-fbp6,lime,36,59,1,
2020,3rse-fbp6,lime,36,60,2,
2020,3rse-fbp6,lime,37,,1,
2020,3rse-fbp6,lime,37,29,1,
2020,3rse-fbp6,lime,37,35,3,
2020,3rse-fbp6,lime,37,36,1,
2020,3rse-fbp6,lime,37,37,33,
2020,3rse-fbp6,lime,37,38,17,
2020,3rse-fbp6,lime,37,39,8,
2020,3rse-fbp6,lime,37,40,36,
2020,3rse-fbp6,lime,37,41,5,
2020,3rse-fbp6,lime,37,43,1,
2020,3rse-fbp6,lime,37,44,3,
2020,3rse-fbp6,lime,37,61,34,
2020,3rse-fbp6,lime,37,67,5,
2020,3rse-fbp6,lime,37,68,28,
2020,3rse-fbp6,lime,37,69,2,
2020,3rse-fbp6,lime,37,73,1,
2020,3rse-fbp6,lime,38,24,1,
2020,3rse-fbp6,lime,38,25,1,
2020,3rse-fbp6,lime,38,27,1,
2020,3rse-fbp6,lime,38,28,3,
2020,3rse-fbp6,lime,38,31,2,
2020,3rse-fbp6,lime,38,33,22,
2020,3rse-fbp6,lime,38,34,3,
2020,3rse-fbp6,lime,38,35,68,
2020,3rse-fbp6,lime,38,36,33,
2020,3rse-fbp6,lime,38,37,20,
2020,3rse-fbp6,lime,38,38,972,
2020,3rse-fbp6,lime,38,39,105,
2020,3rse-fbp6,lime,38,40,129,
2020,3rse-fbp6,lime,38,41,100,
2020,3rse-fbp6,lime,38,42,35,
2020,3rse-fbp6,lime,38,43,10,
2020,3rse-fbp6,lime,38,44,3,
2020,3rse-fbp6,lime,38,45,2,
2020,3rse-fbp6,lime,38,49,2,
2020,3rse-fbp6,lime,38,58,1,
2020,3rse-fbp6,lime,38,59,2,
2020,3rse-fbp6,lime,38,60,23,
2020,3rse-fbp6,lime,38,61,21,
2020,3rse-fbp6,lime,38,63,1,
2020,3rse-fbp6,lime,38,66,2,
2020,3rse-fbp6,lime,38,67,4,
2020,3rse-fbp6,lime,38,68,17,
2020,3rse-fbp6,lime,38,69,9,
2020,3rse-fbp6,lime,38,71,2,
2020,3rse-fbp6,lime,39,28,1,
2020,3rse-fbp6,lime,39,33,2,
2020,3rse-fbp6,lime,39,34,1,
2020,3rse-fbp6,lime,39,35,9,
2020,3rse-fbp6,lime,39,36,56,
2020,3rse-fbp6,lime,39,37,2,
2020,3rse-fbp6,lime,39,38,137,
2020,3rse-fbp6,lime,39,39,722,
2020,3rse-fbp6,lime,39,40,36,
2020,3rse-fbp6,lime,39,41,571,
2020,3rse-fbp6,lime,39,42,22,
2020,3rse-fbp6,lime,39,43,15,
2020,3rse-fbp6,lime,39,44,7,
2020,3rse-fbp6,lime,39,45,4,
2020,3rse-fbp6,lime,39,50,1,
2020,3rse-fbp6,lime,39,60,3,
2020,3rse-fbp6,lime,39,61,13,
2020,3rse-fbp6,lime,39,62,1,
2020,3rse-fbp6,lime,39,66,1,
2020,3rse-fbp6,lime,39,69,2,
2020,3rse-fbp6,lime,40,,1,
2020,3rse-fbp6,lime,40,23,1,
2020,3rse-fbp6,lime,40,28,5,
2020,3rse-fbp6,lime,40,30,2,
2020,3rse-fbp6,lime,40,31,4,
2020,3rse-fbp6,lime,40,33,11,
2020,3rse-fbp6,lime,40,34,4,
2020,3rse-fbp6,lime,40,35,10,
2020,3rse-fbp6,lime,40,36,3,
2020,3rse-fbp6,lime,40,37,56,
2020,3rse-fbp6,lime,40,38,156,
2020,3rse-fbp6,lime,40,39,40,
2020,3rse-fbp6,lime,40,40,1017,
2020,3rse-fbp6,lime,40,41,166,
2020,3rse-fbp6,lime,40,42,117,
2020,3rse-fbp6,lime,40,43,12,
2020,3rse-fbp6,lime,40,44,15,
2020,3rse-fbp6,lime,40,45,1,
2020,3rse-fbp6,lime,40,46,3,
2020,3rse-fbp6,lime,40,48,4,
2020,3rse-fbp6,lime,40,49,3,
2020,3rse-fbp6,lime,40,57,1,
2020,3rse-fbp6,lime,40,58,1,
2020,3rse-fbp6,lime,40,61,20,
2020,3rse-fbp6,lime,40,62,1,
2020,3rse-fbp6,lime,40,63,3,
2020,3rse-fbp6,lime,40,66,5,
2020,3rse-fbp6,lime,40,67,13,
2020,3rse-fbp6,lime,40,68,48,
2020,3rse-fbp6,lime,40,69,27,
2020,3rse-fbp6,lime,40,71,5,
2020,3rse-fbp6,lime,40,73,1,
2020,3rse-fbp6,lime,41,28,4,
2020,3rse-fbp6,lime,41,32,1,
2020,3rse-fbp6,lime,41,33,11,
2020,3rse-fbp6,lime,41,34,9,
2020,3rse-fbp6,lime,41,35,30,
2020,3rse-fbp6,lime,41,36,41,
2020,3rse-fbp6,lime,41,37,18,
2020,3rse-fbp6,lime,41,38,148,
2020,3rse-fbp6,lime,41,39,732,
2020,3rse-fbp6,lime,41,40,154,
2020,3rse-fbp6,lime,41,41,6922,
2020,3rse-fbp6,lime,41,42,357,
2020,3rse-fbp6,lime,41,43,62,
2020,3rse-fbp6,lime,41,44,13,
2020,3rse-fbp6,lime,41,45,13,
2020,3rse-fbp6,lime,41,46,3,
2020,3rse-fbp6,lime,41,47,1,
2020,3rse-fbp6,lime,41,49,1,
2020,3rse-fbp6,lime,41,53,1,
2020,3rse-fbp6,lime,41,55,1,
2020,3rse-fbp6,lime,41,60,2,
2020,3rse-fbp6,lime,41,61,2,
2020,3rse-fbp6,lime,41,63,1,
2020,3rse-fbp6,lime,41,66,1,
2020,3rse-fbp6,lime,41,67,6,
2020,3rse-fbp6,lime,41,68,11,
2020,3rse-fbp6,lime,41,69,12,
2020,3rse-fbp6,lime,41,75,1,
2020,3rse-fbp6,lime,42,,1,
2020,3rse-fbp6,lime,42,33,1,
2020,3rse-fbp6,lime,42,34,2,
2020,3rse-fbp6,lime,42,35,4,
2020,3rse-fbp6,lime,42,36,1,
2020,3rse-fbp6,lime,42,37,2,
2020,3rse-fbp6,lime,42,38,21,
2020,3rse-fbp6,lime,42,39,30,
2020,3rse-fbp6,lime,42,40,73,
2020,3rse-fbp6,lime,42,41,294,
2020,3rse-fbp6,lime,42,42,849,
2020,3rse-fbp6,lime,42,43,114,
2020,3rse-fbp6,lime,42,44,14,
2020,3rse-fbp6,lime,42,45,5,
2020,3rse-fbp6,lime,42,46,9,
2020,3rse-fbp6,lime,42,48,2,
2020,3rse-fbp6,lime,42,61,2,
2020,3rse-fbp6,lime,42,67,4,
2020,3rse-fbp6,lime,42,68,16,
2020,3rse-fbp6,lime,42,69,44,
2020,3rse-fbp6,lime,42,70,1,
2020,3rse-fbp6,lime,43,31,1,
2020,3rse-fbp6,lime,43,33,3,
2020,3rse-fbp6,lime,43,34,1,
2020,3rse-fbp6,lime,43,35,1,
2020,3rse-fbp6,lime,43,38,12,
2020,3rse-fbp6,lime,43,39,18,
2020,3rse-fbp6,lime,43,40,13,
2020,3rse-fbp6,lime,43,41,47,
2020,3rse-fbp6,lime,43,42,131,
2020,3rse-fbp6,lime,43,43,2294,
2020,3rse-fbp6,lime,43,44,56,
2020,3rse-fbp6,lime,43,45,63,
2020,3rse-fbp6,lime,43,46,281,
2020,3rse-fbp6,lime,43,48,21,
2020,3rse-fbp6,lime,43,49,8,
2020,3rse-fbp6,lime,43,50,1,
2020,3rse-fbp6,lime,43,51,9,
2020,3rse-fbp6,lime,43,52,2,
2020,3rse-fbp6,lime,43,53,1,
2020,3rse-fbp6,lime,43,60,2,
2020,3rse-fbp6,lime,43,61,1,
2020,3rse-fbp6,lime,43,67,2,
2020,3rse-fbp6,lime,43,68,7,
2020,3rse-fbp6,lime,43,69,81,
2020,3rse-fbp6,lime,43,71,9,
2020,3rse-fbp6,lime,43,73,4,
2020,3rse-fbp6,lime,44,,6,
2020,3rse-fbp6,lime,44,1,1,
2020,3rse-fbp6,lime,44,29,1,
2020,3rse-fbp6,lime,44,33,2,
2020,3rse-fbp6,lime,44,35,4,
2020,3rse-fbp6,lime,44,36,1,
2020,3rse-fbp6,lime,44,37,1,
2020,3rse-fbp6,lime,44,38,7,
2020,3rse-fbp6,lime,44,39,8,
2020,3rse-fbp6,lime,44,40,8,
2020,3rse-fbp6,lime,44,41,8,
2020,3rse-fbp6,lime,44,42,35,
2020,3rse-fbp6,lime,44,43,99,
2020,3rse-fbp6,lime,44,44,2626,
2020,3rse-fbp6,lime,44,45,83,
2020,3rse-fbp6,lime,44,46,30,
2020,3rse-fbp6,lime,44,47,21,
2020,3rse-fbp6,lime,44,48,35,
2020,3rse-fbp6,lime,44,49,123,
2020,3rse-fbp6,lime,44,50,12,
2020,3rse-fbp6,lime,44,51,10,
2020,3rse-fbp6,lime,44,53,10,
2020,3rse-fbp6,lime,44,54,2,
2020,3rse-fbp6,lime,44,61,2,
2020,3rse-fbp6,lime,44,63,1,
2020,3rse-fbp6,lime,44,66,1,
2020,3rse-fbp6,lime,44,67,7,
2020,3rse-fbp6,lime,44,68,32,
2020,3rse-fbp6,lime,44,69,365,
2020,3rse-fbp6,lime,44,70,3,
2020,3rse-fbp6,lime,44,71,237,
2020,3rse-fbp6,lime,44,72,2,
2020,3rse-fbp6,lime,44,73,74,
2020,3rse-fbp6,lime,44,75,4,
2020,3rse-fbp6,lime,45,,2,
2020,3rse-fbp6,lime,45,35,1,
2020,3rse-fbp6,lime,45,38,1,
2020,3rse-fbp6,lime,45,40,1,
2020,3rse-fbp6,lime,45,41,8,
2020,3rse-fbp6,lime,45,42,6,
2020,3rse-fbp6,lime,45,43,61,
2020,3rse-fbp6,lime,45,44,98,
2020,3rse-fbp6,lime,45,45,714,
2020,3rse-fbp6,lime,45,46,65,
2020,3rse-fbp6,lime,45,47,4,
2020,3rse-fbp6,lime,45,48,90,
2020,3rse-fbp6,lime,45,49,1,
2020,3rse-fbp6,lime,45,50,2,
2020,3rse-fbp6,lime,45,51,31,
2020,3rse-fbp6,lime,45,68,3,
2020,3rse-fbp6,lime,45,69,50,
2020,3rse-fbp6,lime,45,71,4,
2020,3rse-fbp6,lime,45,73,2,
2020,3rse-fbp6,lime,45,75,1,
2020,3rse-fbp6,lime,46,,1,
2020,3rse-fbp6,lime,46,8,1,
2020,3rse-fbp6,lime,46,38,5,
2020,3rse-fbp6,lime,46,41,2,
2020,3rse-fbp6,lime,46,42,16,
2020,3rse-fbp6,lime,46,43,280,
2020,3rse-fbp6,lime,46,44,35,
2020,3rse-fbp6,lime,46,45,59,
2020,3rse-fbp6,lime,46,46,1524,
2020,3rse-fbp6,lime,46,48,49,
2020,3rse-fbp6,lime,46,49,2,
2020,3rse-fbp6,lime,46,50,2,
2020,3rse-fbp6,lime,46,51,26,
2020,3rse-fbp6,lime,46,52,18,
2020,3rse-fbp6,lime,46,66,1,
2020,3rse-fbp6,lime,46,67,1,
2020,3rse-fbp6,lime,46,68,5,
2020,3rse-fbp6,lime,46,69,17,
2020,3rse-fbp6,lime,46,71,4,
2020,3rse-fbp6,lime,46,73,4,
2020,3rse-fbp6,lime,47,8,1,
2020,3rse-fbp6,lime,47,44,14,
2020,3rse-fbp6,lime,47,45,1,
2020,3rse-fbp6,lime,47,46,1,
2020,3rse-fbp6,lime,47,47,25,
2020,3rse-fbp6,lime,47,49,4,
2020,3rse-fbp6,lime,47,50,1,
2020,3rse-fbp6,lime,47,51,1,
2020,3rse-fbp6,lime,47,68,1,
2020,3rse-fbp6,lime,47,69,2,
2020,3rse-fbp6,lime,47,73,1,
2020,3rse-fbp6,lime,48,23,1,
2020,3rse-fbp6,lime,48,34,1,
2020,3rse-fbp6,lime,48,37,2,
2020,3rse-fbp6,lime,48,38,2,
2020,3rse-fbp6,lime,48,40,1,
2020,3rse-fbp6,lime,48,41,1,
2020,3rse-fbp6,lime,48,42,4,
2020,3rse-fbp6,lime,48,43,42,
2020,3rse-fbp6,lime,48,44,39,
2020,3rse-fbp6,lime,48,45,88,
2020,3rse-fbp6,lime,48,46,89,
2020,3rse-fbp6,lime,48,47,4,
2020,3rse-fbp6,lime,48,48,662,
2020,3rse-fbp6,lime,48,49,9,
2020,3rse-fbp6,lime,48,50,6,
2020,3rse-fbp6,lime,48,51,74,
2020,3rse-fbp6,lime,48,52,3,
2020,3rse-fbp6,lime,48,54,1,
2020,3rse-fbp6,lime,48,66,1,
2020,3rse-fbp6,lime,48,68,1,
2020,3rse-fbp6,lime,48,69,6,
2020,3rse-fbp6,lime,48,70,1,
2020,3rse-fbp6,lime,48,72,1,
2020,3rse-fbp6,lime,48,73,8,
2020,3rse-fbp6,lime,49,,8,
2020,3rse-fbp6,lime,49,33,1,
2020,3rse-fbp6,lime,49,34,1,
2020,3rse-fbp6,lime,49,40,3,
2020,3rse-fbp6,lime,49,42,2,
2020,3rse-fbp6,lime,49,43,4,
2020,3rse-fbp6,lime,49,44,98,
2020,3rse-fbp6,lime,49,45,4,
2020,3rse-fbp6,lime,49,46,7,
2020,3rse-fbp6,lime,49,47,8,
2020,3rse-fbp6,lime,49,48,9,
2020,3rse-fbp6,lime,49,49,2495,
2020,3rse-fbp6,lime,49,50,113,
2020,3rse-fbp6,lime,49,51,24,
2020,3rse-fbp6,lime,49,53,223,
2020,3rse-fbp6,lime,49,54,14,
2020,3rse-fbp6,lime,49,61,2,
2020,3rse-fbp6,lime,49,67,1,
2020,3rse-fbp6,lime,49,68,2,
2020,3rse-fbp6,lime,49,69,12,
2020,3rse-fbp6,lime,49,70,4,
2020,3rse-fbp6,lime,49,71,23,
2020,3rse-fbp6,lime,49,72,18,
2020,3rse-fbp6,lime,49,73,152,
2020,3rse-fbp6,lime,49,74,5,
2020,3rse-fbp6,lime,49,75,72,
2020,3rse-fbp6,lime,50,43,3,
2020,3rse-fbp6,lime,50,44,6,
2020,3rse-fbp6,lime,50,47,3,
2020,3rse-fbp6,lime,50,48,3,
2020,3rse-fbp6,lime,50,49,64,
2020,3rse-fbp6,lime,50,50,309,
2020,3rse-fbp6,lime,50,51,3,
2020,3rse-fbp6,lime,50,53,11,
2020,3rse-fbp6,lime,50,54,4,
2020,3rse-fbp6,lime,50,66,1,
2020,3rse-fbp6,lime,50,67,1,
2020,3rse-fbp6,lime,50,69,2,
2020,3rse-fbp6,lime,50,71,1,
2020,3rse-fbp6,lime,50,73,1,
2020,3rse-fbp6,lime,50,75,2,
2020,3rse-fbp6,lime,51,,2,
2020,3rse-fbp6,lime,51,40,2,
2020,3rse-fbp6,lime,51,42,2,
2020,3rse-fbp6,lime,51,43,8,
2020,3rse-fbp6,lime,51,44,11,
2020,3rse-fbp6,lime,51,45,17,
2020,3rse-fbp6,lime,51,46,46,
2020,3rse-fbp6,lime,51,47,2,
2020,3rse-fbp6,lime,51,48,76,
2020,3rse-fbp6,lime,51,49,8,
2020,3rse-fbp6,lime,51,50,7,
2020,3rse-fbp6,lime,51,51,660,
2020,3rse-fbp6,lime,51,52,9,
2020,3rse-fbp6,lime,51,54,1,
2020,3rse-fbp6,lime,51,55,1,
2020,3rse-fbp6,lime,51,69,3,
2020,3rse-fbp6,lime,51,71,1,
2020,3rse-fbp6,lime,51,73,2,
2020,3rse-fbp6,lime,51,75,1,
2020,3rse-fbp6,lime,52,44,1,
2020,3rse-fbp6,lime,52,46,5,
2020,3rse-fbp6,lime,52,51,13,
2020,3rse-fbp6,lime,52,52,98,
2020,3rse-fbp6,lime,52,55,3,
2020,3rse-fbp6,lime,52,69,1,
2020,3rse-fbp6,lime,53,,43,
2020,3rse-fbp6,lime,53,42,1,
2020,3rse-fbp6,lime,53,44,8,
2020,3rse-fbp6,lime,53,47,1,
2020,3rse-fbp6,lime,53,49,150,
2020,3rse-fbp6,lime,53,50,12,
2020,3rse-fbp6,lime,53,51,1,
2020,3rse-fbp6,lime,53,53,1357,
2020,3rse-fbp6,lime,53,54,16,
2020,3rse-fbp6,lime,53,67,1,
2020,3rse-fbp6,lime,53,68,1,
2020,3rse-fbp6,lime,53,69,1,
2020,3rse-fbp6,lime,53,70,1,
2020,3rse-fbp6,lime,53,71,6,
2020,3rse-fbp6,lime,53,72,6,
2020,3rse-fbp6,lime,53,73,24,
2020,3rse-fbp6,lime,53,75,61,
2020,3rse-fbp6,lime,54,,3,
2020,3rse-fbp6,lime,54,48,1,
2020,3rse-fbp6,lime,54,49,2,
2020,3rse-fbp6,lime,54,50,1,
2020,3rse-fbp6,lime,54,53,5,
2020,3rse-fbp6,lime,54,54,203,
2020,3rse-fbp6,lime,54,61,1,
2020,3rse-fbp6,lime,54,75,1,
2020,3rse-fbp6,lime,55,52,2,
2020,3rse-fbp6,lime,55,55,5,
2020,3rse-fbp6,lime,56,,12,
2020,3rse-fbp6,lime,56,25,1,
2020,3rse-fbp6,lime,56,30,1,
2020,3rse-fbp6,lime,56,31,1,
2020,3rse-fbp6,lime,56,56,289,
2020,3rse-fbp6,lime,56,57,52,
2020,3rse-fbp6,lime,56,58,4,
2020,3rse-fbp6,lime,56,62,18,
2020,3rse-fbp6,lime,56,63,14,
2020,3rse-fbp6,lime,56,64,32,
2020,3rse-fbp6,lime,56,65,39,
2020,3rse-fbp6,lime,56,66,10,
2020,3rse-fbp6,lime,57,,7,
2020,3rse-fbp6,lime,57,20,2,
2020,3rse-fbp6,lime,57,23,1,
2020,3rse-fbp6,lime,57,26,2,
2020,3rse-fbp6,lime,57,28,2,
2020,3rse-fbp6,lime,57,29,3,
2020,3rse-fbp6,lime,57,30,16,
2020,3rse-fbp6,lime,57,31,3,
2020,3rse-fbp6,lime,57,33,2,
2020,3rse-fbp6,lime,57,34,2,
2020,3rse-fbp6,lime,57,56,98,
2020,3rse-fbp6,lime,57,57,1157,
2020,3rse-fbp6,lime,57,58,86,
2020,3rse-fbp6,lime,57,59,5,
2020,3rse-fbp6,lime,57,60,2,
2020,3rse-fbp6,lime,57,61,5,
2020,3rse-fbp6,lime,57,62,259,
2020,3rse-fbp6,lime,57,63,69,
2020,3rse-fbp6,lime,57,64,3,
2020,3rse-fbp6,lime,57,65,32,
2020,3rse-fbp6,lime,57,66,47,
2020,3rse-fbp6,lime,57,67,1,
2020,3rse-fbp6,lime,57,68,1,
2020,3rse-fbp6,lime,57,70,4,
2020,3rse-fbp6,lime,58,,3,
2020,3rse-fbp6,lime,58,7,6,
2020,3rse-fbp6,lime,58,8,1,
2020,3rse-fbp6,lime,58,19,1,
2020,3rse-fbp6,lime,58,25,1,
2020,3rse-fbp6,lime,58,27,3,
2020,3rse-fbp6,lime,58,28,9,
2020,3rse-fbp6,lime,58,29,2,
2020,3rse-fbp6,lime,58,30,61,
2020,3rse-fbp6,lime,58,31,9,
2020,3rse-fbp6,lime,58,33,4,
2020,3rse-fbp6,lime,58,34,10,
2020,3rse-fbp6,lime,58,36,2,
2020,3rse-fbp6,lime,58,37,1,
2020,3rse-fbp6,lime,58,38,2,
2020,3rse-fbp6,lime,58,41,2,
2020,3rse-fbp6,lime,58,56,12,
2020,3rse-fbp6,lime,58,57,66,
2020,3rse-fbp6,lime,58,58,2361,
2020,3rse-fbp6,lime,58,59,182,
2020,3rse-fbp6,lime,58,60,11,
2020,3rse-fbp6,lime,58,61,138,
2020,3rse-fbp6,lime,58,62,20,
2020,3rse-fbp6,lime,58,63,226,
2020,3rse-fbp6,lime,58,64,6,
2020,3rse-fbp6,lime,58,65,5,
2020,3rse-fbp6,lime,58,66,51,
2020,3rse-fbp6,lime,58,67,11,
2020,3rse-fbp6,lime,58,68,20,
2020,3rse-fbp6,lime,58,70,6,
2020,3rse-fbp6,lime,58,71,4,
2020,3rse-fbp6,lime,59,,1,
2020,3rse-fbp6,lime,59,1,1,
2020,3rse-fbp6,lime,59,8,1,
2020,3rse-fbp6,lime,59,16,1,
2020,3rse-fbp6,lime,59,22,1,
2020,3rse-fbp6,lime,59,24,1,
2020,3rse-fbp6,lime,59,28,24,
2020,3rse-fbp6,lime,59,29,1,
2020,3rse-fbp6,lime,59,30,18,
2020,3rse-fbp6,lime,59,31,65,
2020,3rse-fbp6,lime,59,33,4,
2020,3rse-fbp6,lime,59,34,7,
2020,3rse-fbp6,lime,59,35,3,
2020,3rse-fbp6,lime,59,36,1,
2020,3rse-fbp6,lime,59,37,1,
2020,3rse-fbp6,lime,59,42,2,
2020,3rse-fbp6,lime,59,43,1,
2020,3rse-fbp6,lime,59,56,5,
2020,3rse-fbp6,lime,59,57,5,
2020,3rse-fbp6,lime,59,58,238,
2020,3rse-fbp6,lime,59,59,1310,
2020,3rse-fbp6,lime,59,60,55,
2020,3rse-fbp6,lime,59,61,95,
2020,3rse-fbp6,lime,59,62,1,
2020,3rse-fbp6,lime,59,63,9,
2020,3rse-fbp6,lime,59,66,5,
2020,3rse-fbp6,lime,59,67,2,
2020,3rse-fbp6,lime,59,68,2,
2020,3rse-fbp6,lime,59,71,1,
2020,3rse-fbp6,lime,60,,1,
2020,3rse-fbp6,lime,60,7,1,
2020,3rse-fbp6,lime,60,8,1,
2020,3rse-fbp6,lime,60,24,4,
2020,3rse-fbp6,lime,60,28,38,
2020,3rse-fbp6,lime,60,29,1,
2020,3rse-fbp6,lime,60,30,3,
2020,3rse-fbp6,lime,60,31,39,
2020,3rse-fbp6,lime,60,33,15,
2020,3rse-fbp6,lime,60,34,52,
2020,3rse-fbp6,lime,60,35,25,
2020,3rse-fbp6,lime,60,37,1,
2020,3rse-fbp6,lime,60,38,9,
2020,3rse-fbp6,lime,60,39,1,
2020,3rse-fbp6,lime,60,40,2,
2020,3rse-fbp6,lime,60,41,1,
2020,3rse-fbp6,lime,60,42,1,
2020,3rse-fbp6,lime,60,43,1,
2020,3rse-fbp6,lime,60,58,5,
2020,3rse-fbp6,lime,60,59,36,
2020,3rse-fbp6,lime,60,60,430,
2020,3rse-fbp6,lime,60,61,38,
2020,3rse-fbp6,lime,60,63,1,
2020,3rse-fbp6,lime,60,64,1,
2020,3rse-fbp6,lime,60,66,1,
2020,3rse-fbp6,lime,60,68,2,
2020,3rse-fbp6,lime,60,71,1,
2020,3rse-fbp6,lime,61,,1,
2020,3rse-fbp6,lime,61,5,1,
2020,3rse-fbp6,lime,61,22,1,
2020,3rse-fbp6,lime,61,23,4,
2020,3rse-fbp6,lime,61,27,2,
2020,3rse-fbp6,lime,61,28,7,
2020,3rse-fbp6,lime,61,29,2,
2020,3rse-fbp6,lime,61,30,24,
2020,3rse-fbp6,lime,61,31,13,
2020,3rse-fbp6,lime,61,32,1,
2020,3rse-fbp6,lime,61,33,4,
2020,3rse-fbp6,lime,61,34,13,
2020,3rse-fbp6,lime,61,35,21,
2020,3rse-fbp6,lime,61,36,2,
2020,3rse-fbp6,lime,61,37,35,
2020,3rse-fbp6,lime,61,38,14,
2020,3rse-fbp6,lime,61,39,10,
2020,3rse-fbp6,lime,61,40,21,
2020,3rse-fbp6,lime,61,41,8,
2020,3rse-fbp6,lime,61,42,1,
2020,3rse-fbp6,lime,61,43,2,
2020,3rse-fbp6,lime,61,44,1,
2020,3rse-fbp6,lime,61,49,1,
2020,3rse-fbp6,lime,61,56,1,
2020,3rse-fbp6,lime,61,57,12,
2020,3rse-fbp6,lime,61,58,129,
2020,3rse-fbp6,lime,61,59,100,
2020,3rse-fbp6,lime,61,60,49,
2020,3rse-fbp6,lime,61,61,3187,
2020,3rse-fbp6,lime,61,62,3,
2020,3rse-fbp6,lime,61,63,90,
2020,3rse-fbp6,lime,61,65,1,
2020,3rse-fbp6,lime,61,66,45,
2020,3rse-fbp6,lime,61,67,91,
2020,3rse-fbp6,lime,61,68,57,
2020,3rse-fbp6,lime,61,69,4,
2020,3rse-fbp6,lime,61,70,1,
2020,3rse-fbp6,lime,61,71,14,
2020,3rse-fbp6,lime,61,72,1,
2020,3rse-fbp6,lime,61,73,2,
2020,3rse-fbp6,lime,62,,6,
2020,3rse-fbp6,lime,62,23,2,
2020,3rse-fbp6,lime,62,24,1,
2020,3rse-fbp6,lime,62,30,7,
2020,3rse-fbp6,lime,62,34,1,
2020,3rse-fbp6,lime,62,37,1,
2020,3rse-fbp6,lime,62,45,1,
2020,3rse-fbp6,lime,62,56,71,
2020,3rse-fbp6,lime,62,57,249,
2020,3rse-fbp6,lime,62,58,29,
2020,3rse-fbp6,lime,62,59,5,
2020,3rse-fbp6,lime,62,61,3,
2020,3rse-fbp6,lime,62,62,1205,
2020,3rse-fbp6,lime,62,63,201,
2020,3rse-fbp6,lime,62,64,14,
2020,3rse-fbp6,lime,62,65,208,
2020,3rse-fbp6,lime,62,66,78,
2020,3rse-fbp6,lime,62,67,3,
2020,3rse-fbp6,lime,62,68,1,
2020,3rse-fbp6,lime,62,70,9,
2020,3rse-fbp6,lime,63,,5,
2020,3rse-fbp6,lime,63,21,1,
2020,3rse-fbp6,lime,63,26,2,
2020,3rse-fbp6,lime,63,28,2,
2020,3rse-fbp6,lime,63,30,9,
2020,3rse-fbp6,lime,63,31,5,
2020,3rse-fbp6,lime,63,34,1,
2020,3rse-fbp6,lime,63,38,1,
2020,3rse-fbp6,lime,63,44,1,
2020,3rse-fbp6,lime,63,56,15,
2020,3rse-fbp6,lime,63,57,72,
2020,3rse-fbp6,lime,63,58,242,
2020,3rse-fbp6,lime,63,59,13,
2020,3rse-fbp6,lime,63,60,5,
2020,3rse-fbp6,lime,63,61,97,
2020,3rse-fbp6,lime,63,62,189,
2020,3rse-fbp6,lime,63,63,2580,
2020,3rse-fbp6,lime,63,64,9,
2020,3rse-fbp6,lime,63,65,59,
2020,3rse-fbp6,lime,63,66,381,
2020,3rse-fbp6,lime,63,67,32,
2020,3rse-fbp6,lime,63,68,13,
2020,3rse-fbp6,lime,63,70,12,
2020,3rse-fbp6,lime,63,71,4,
2020,3rse-fbp6,lime,64,,2,
2020,3rse-fbp6,lime,64,38,1,
2020,3rse-fbp6,lime,64,56,27,
2020,3rse-fbp6,lime,64,57,3,
2020,3rse-fbp6,lime,64,58,1,
2020,3rse-fbp6,lime,64,62,4,
2020,3rse-fbp6,lime,64,63,10,
2020,3rse-fbp6,lime,64,64,168,
2020,3rse-fbp6,lime,64,65,28,
2020,3rse-fbp6,lime,64,66,6,
2020,3rse-fbp6,lime,64,70,2,
2020,3rse-fbp6,lime,65,,10,
2020,3rse-fbp6,lime,65,28,1,
2020,3rse-fbp6,lime,65,43,1,
2020,3rse-fbp6,lime,65,56,43,
2020,3rse-fbp6,lime,65,57,31,
2020,3rse-fbp6,lime,65,58,5,
2020,3rse-fbp6,lime,65,62,167,
2020,3rse-fbp6,lime,65,63,78,
2020,3rse-fbp6,lime,65,64,40,
2020,3rse-fbp6,lime,65,65,1136,
2020,3rse-fbp6,lime,65,66,196,
2020,3rse-fbp6,lime,65,67,2,
2020,3rse-fbp6,lime,65,68,2,
2020,3rse-fbp6,lime,65,70,27,
2020,3rse-fbp6,lime,65,74,1,
2020,3rse-fbp6,lime,66,,5,
2020,3rse-fbp6,lime,66,7,1,
2020,3rse-fbp6,lime,66,26,2,
2020,3rse-fbp6,lime,66,28,2,
2020,3rse-fbp6,lime,66,29,1,
2020,3rse-fbp6,lime,66,30,1,
2020,3rse-fbp6,lime,66,31,4,
2020,3rse-fbp6,lime,66,33,2,
2020,3rse-fbp6,lime,66,34,1,
2020,3rse-fbp6,lime,66,42,2,
2020,3rse-fbp6,lime,66,44,3,
2020,3rse-fbp6,lime,66,56,13,
2020,3rse-fbp6,lime,66,57,27,
2020,3rse-fbp6,lime,66,58,50,
2020,3rse-fbp6,lime,66,59,4,
2020,3rse-fbp6,lime,66,60,1,
2020,3rse-fbp6,lime,66,61,36,
2020,3rse-fbp6,lime,66,62,54,
2020,3rse-fbp6,lime,66,63,338,
2020,3rse-fbp6,lime,66,64,11,
2020,3rse-fbp6,lime,66,65,155,
2020,3rse-fbp6,lime,66,66,3025,
2020,3rse-fbp6,lime,66,67,110,
2020,3rse-fbp6,lime,66,68,31,
2020,3rse-fbp6,lime,66,69,1,
2020,3rse-fbp6,lime,66,70,66,
2020,3rse-fbp6,lime,66,71,13,
2020,3rse-fbp6,lime,66,72,1,
2020,3rse-fbp6,lime,67,,3,
2020,3rse-fbp6,lime,67,28,3,
2020,3rse-fbp6,lime,67,30,3,
2020,3rse-fbp6,lime,67,31,1,
2020,3rse-fbp6,lime,67,33,1,
2020,3rse-fbp6,lime,67,34,1,
2020,3rse-fbp6,lime,67,35,1,
2020,3rse-fbp6,lime,67,37,1,
2020,3rse-fbp6,lime,67,38,3,
2020,3rse-fbp6,lime,67,40,4,
2020,3rse-fbp6,lime,67,41,8,
2020,3rse-fbp6,lime,67,42,3,
2020,3rse-fbp6,lime,67,43,14,
2020,3rse-fbp6,lime,67,44,5,
2020,3rse-fbp6,lime,67,45,1,
2020,3rse-fbp6,lime,67,46,3,
2020,3rse-fbp6,lime,67,47,1,
2020,3rse-fbp6,lime,67,48,1,
2020,3rse-fbp6,lime,67,49,2,
2020,3rse-fbp6,lime,67,53,4,
2020,3rse-fbp6,lime,67,54,1,
2020,3rse-fbp6,lime,67,57,1,
2020,3rse-fbp6,lime,67,58,3,
2020,3rse-fbp6,lime,67,59,3,
2020,3rse-fbp6,lime,67,61,99,
2020,3rse-fbp6,lime,67,62,6,
2020,3rse-fbp6,lime,67,63,32,
2020,3rse-fbp6,lime,67,65,5,
2020,3rse-fbp6,lime,67,66,100,
2020,3rse-fbp6,lime,67,67,2274,
2020,3rse-fbp6,lime,67,68,196,
2020,3rse-fbp6,lime,67,69,27,
2020,3rse-fbp6,lime,67,70,9,
2020,3rse-fbp6,lime,67,71,88,
2020,3rse-fbp6,lime,67,72,4,
2020,3rse-fbp6,lime,67,73,8,
2020,3rse-fbp6,lime,67,75,1,
2020,3rse-fbp6,lime,68,,1,
2020,3rse-fbp6,lime,68,25,1,
2020,3rse-fbp6,lime,68,28,1,
2020,3rse-fbp6,lime,68,31,1,
2020,3rse-fbp6,lime,68,32,1,
2020,3rse-fbp6,lime,68,33,4,
2020,3rse-fbp6,lime,68,35,4,
2020,3rse-fbp6,lime,68,37,25,
2020,3rse-fbp6,lime,68,38,10,
2020,3rse-fbp6,lime,68,39,4,
2020,3rse-fbp6,lime,68,40,46,
2020,3rse-fbp6,lime,68,41,7,
2020,3rse-fbp6,lime,68,42,30,
2020,3rse-fbp6,lime,68,43,13,
2020,3rse-fbp6,lime,68,44,27,
2020,3rse-fbp6,lime,68,45,2,
2020,3rse-fbp6,lime,68,46,7,
2020,3rse-fbp6,lime,68,47,3,
2020,3rse-fbp6,lime,68,49,6,
2020,3rse-fbp6,lime,68,57,1,
2020,3rse-fbp6,lime,68,58,1,
2020,3rse-fbp6,lime,68,59,2,
2020,3rse-fbp6,lime,68,60,5,
2020,3rse-fbp6,lime,68,61,93,
2020,3rse-fbp6,lime,68,62,2,
2020,3rse-fbp6,lime,68,63,5,
2020,3rse-fbp6,lime,68,64,1,
2020,3rse-fbp6,lime,68,65,3,
2020,3rse-fbp6,lime,68,66,51,
2020,3rse-fbp6,lime,68,67,147,
2020,3rse-fbp6,lime,68,68,1816,
2020,3rse-fbp6,lime,68,69,168,
2020,3rse-fbp6,lime,68,70,3,
2020,3rse-fbp6,lime,68,71,93,
2020,3rse-fbp6,lime,68,73,8,
2020,3rse-fbp6,lime,69,15,1,
2020,3rse-fbp6,lime,69,25,1,
2020,3rse-fbp6,lime,69,30,3,
2020,3rse-fbp6,lime,69,37,2,
2020,3rse-fbp6,lime,69,38,21,
2020,3rse-fbp6,lime,69,39,1,
2020,3rse-fbp6,lime,69,40,28,
2020,3rse-fbp6,lime,69,41,5,
2020,3rse-fbp6,lime,69,42,61,
2020,3rse-fbp6,lime,69,43,84,
2020,3rse-fbp6,lime,69,44,248,
2020,3rse-fbp6,lime,69,45,46,
2020,3rse-fbp6,lime,69,46,13,
2020,3rse-fbp6,lime,69,48,6,
2020,3rse-fbp6,lime,69,49,9,
2020,3rse-fbp6,lime,69,50,1,
2020,3rse-fbp6,lime,69,51,3,
2020,3rse-fbp6,lime,69,53,1,
2020,3rse-fbp6,lime,69,61,3,
2020,3rse-fbp6,lime,69,65,1,
2020,3rse-fbp6,lime,69,66,1,
2020,3rse-fbp6,lime,69,67,21,
2020,3rse-fbp6,lime,69,68,159,
2020,3rse-fbp6,lime,69,69,1301,
2020,3rse-fbp6,lime,69,70,6,
2020,3rse-fbp6,lime,69,71,85,
2020,3rse-fbp6,lime,69,72,2,
2020,3rse-fbp6,lime,69,73,10,
2020,3rse-fbp6,lime,69,75,1,
2020,3rse-fbp6,lime,70,,3,
2020,3rse-fbp6,lime,70,42,1,
2020,3rse-fbp6,lime,70,50,1,
2020,3rse-fbp6,lime,70,53,3,
2020,3rse-fbp6,lime,70,56,1,
2020,3rse-fbp6,lime,70,57,2,
2020,3rse-fbp6,lime,70,58,1,
2020,3rse-fbp6,lime,70,60,2,
2020,3rse-fbp6,lime,70,62,2,
2020,3rse-fbp6,lime,70,63,4,
2020,3rse-fbp6,lime,70,64,1,
2020,3rse-fbp6,lime,70,65,19,
2020,3rse-fbp6,lime,70,66,56,
2020,3rse-fbp6,lime,70,67,6,
2020,3rse-fbp6,lime,70,68,1,
2020,3rse-fbp6,lime,70,69,2,
2020,3rse-fbp6,lime,70,70,412,
2020,3rse-fbp6,lime,70,71,38,
2020,3rse-fbp6,lime,70,72,2,
2020,3rse-fbp6,lime,70,73,5,
2020,3rse-fbp6,lime,71,,12,
2020,3rse-fbp6,lime,71,3,1,
2020,3rse-fbp6,lime,71,30,1,
2020,3rse-fbp6,lime,71,34,1,
2020,3rse-fbp6,lime,71,35,1,
2020,3rse-fbp6,lime,71,37,2,
2020,3rse-fbp6,lime,71,38,3,
2020,3rse-fbp6,lime,71,40,7,
2020,3rse-fbp6,lime,71,41,1,
2020,3rse-fbp6,lime,71,42,4,
2020,3rse-fbp6,lime,71,43,19,
2020,3rse-fbp6,lime,71,44,196,
2020,3rse-fbp6,lime,71,45,4,
2020,3rse-fbp6,lime,71,46,5,
2020,3rse-fbp6,lime,71,48,5,
2020,3rse-fbp6,lime,71,49,27,
2020,3rse-fbp6,lime,71,50,1,
2020,3rse-fbp6,lime,71,51,2,
2020,3rse-fbp6,lime,71,53,8,
2020,3rse-fbp6,lime,71,54,2,
2020,3rse-fbp6,lime,71,56,1,
2020,3rse-fbp6,lime,71,58,2,
2020,3rse-fbp6,lime,71,61,10,
2020,3rse-fbp6,lime,71,63,3,
2020,3rse-fbp6,lime,71,65,2,
2020,3rse-fbp6,lime,71,66,24,
2020,3rse-fbp6,lime,71,67,131,
2020,3rse-fbp6,lime,71,68,81,
2020,3rse-fbp6,lime,71,69,85,
2020,3rse-fbp6,lime,71,70,71,
2020,3rse-fbp6,lime,71,71,2535,
2020,3rse-fbp6,lime,71,72,38,
2020,3rse-fbp6,lime,71,73,174,
2020,3rse-fbp6,lime,71,75,37,
2020,3rse-fbp6,lime,72,,8,
2020,3rse-fbp6,lime,72,28,1,
2020,3rse-fbp6,lime,72,44,2,
2020,3rse-fbp6,lime,72,48,1,
2020,3rse-fbp6,lime,72,49,16,
2020,3rse-fbp6,lime,72,51,2,
2020,3rse-fbp6,lime,72,53,1,
2020,3rse-fbp6,lime,72,66,3,
2020,3rse-fbp6,lime,72,68,1,
2020,3rse-fbp6,lime,72,69,3,
2020,3rse-fbp6,lime,72,70,6,
2020,3rse-fbp6,lime,72,71,16,
2020,3rse-fbp6,lime,72,72,203,
2020,3rse-fbp6,lime,72,73,41,
2020,3rse-fbp6,lime,72,74,1,
2020,3rse-fbp6,lime,72,75,12,
2020,3rse-fbp6,lime,73,,15,
2020,3rse-fbp6,lime,73,33,1,
2020,3rse-fbp6,lime,73,36,1,
2020,3rse-fbp6,lime,73,37,1,
2020,3rse-fbp6,lime,73,38,1,
2020,3rse-fbp6,lime,73,40,1,
2020,3rse-fbp6,lime,73,42,3,
2020,3rse-fbp6,lime,73,43,5,
2020,3rse-fbp6,lime,73,44,46,
2020,3rse-fbp6,lime,73,45,1,
2020,3rse-fbp6,lime,73,46,2,
2020,3rse-fbp6,lime,73,47,1,
2020,3rse-fbp6,lime,73,48,5,
2020,3rse-fbp6,lime,73,49,160,
2020,3rse-fbp6,lime,73,50,9,
2020,3rse-fbp6,lime,73,51,2,
2020,3rse-fbp6,lime,73,53,20,
2020,3rse-fbp6,lime,73,54,2,
2020,3rse-fbp6,lime,73,67,10,
2020,3rse-fbp6,lime,73,68,9,
2020,3rse-fbp6,lime,73,69,14,
2020,3rse-fbp6,lime,73,70,10,
2020,3rse-fbp6,lime,73,71,165,
2020,3rse-fbp6,lime,73,72,90,
2020,3rse-fbp6,lime,73,73,1441,
2020,3rse-fbp6,lime,73,74,2,
2020,3rse-fbp6,lime,73,75,34,
2020,3rse-fbp6,lime,74,53,1,
2020,3rse-fbp6,lime,74,70,1,
2020,3rse-fbp6,lime,74,72,2,
2020,3rse-fbp6,lime,74,74,19,
2020,3rse-fbp6,lime,75,,9,
2020,3rse-fbp6,lime,75,24,1,
2020,3rse-fbp6,lime,75,42,2,
2020,3rse-fbp6,lime,75,44,3,
2020,3rse-fbp6,lime,75,45,1,
2020,3rse-fbp6,lime,75,49,95,
2020,3rse-fbp6,lime,75,50,6,
2020,3rse-fbp6,lime,75,51,1,
2020,3rse-fbp6,lime,75,53,61,
2020,3rse-fbp6,lime,75,54,4,
2020,3rse-fbp6,lime,75,67,1,
2020,3rse-fbp6,lime,75,68,2,
2020,3rse-fbp6,lime,75,69,2,
2020,3rse-fbp6,lime,75,70,3,
2020,3rse-fbp6,lime,75,71,8,
2020,3rse-fbp6,lime,75,72,14,
2020,3rse-fbp6,lime,75,73,42,
2020,3rse-fbp6,lime,75,74,2,
2020,3rse-fbp6,lime,75,75,324,
2020,3rse-fbp6,lime,76,,2,
2020,3rse-fbp6,lime,76,9,1,
2020,3rse-fbp6,lime,76,17,4,
2020,3rse-fbp6,lime,76,76,4,
2020,3rse-fbp6,lime,77,,1,
2020,3rse-fbp6,lime,77,1,478,
2020,3rse-fbp6,lime,77,2,81,
2020,3rse-fbp6,lime,77,3,646,
2020,3rse-fbp6,lime,77,4,135,
2020,3rse-fbp6,lime,77,5,10,
2020,3rse-fbp6,lime,77,6,214,
2020,3rse-fbp6,lime,77,7,20,
2020,3rse-fbp6,lime,77,8,5,
2020,3rse-fbp6,lime,77,11,1,
2020,3rse-fbp6,lime,77,13,8,
2020,3rse-fbp6,lime,77,14,17,
2020,3rse-fbp6,lime,77,16,3,
2020,3rse-fbp6,lime,77,21,6,
2020,3rse-fbp6,lime,77,22,11,
2020,3rse-fbp6,lime,77,24,5,
2020,3rse-fbp6,lime,77,77,2213,
2020,3rse-fbp6,spin,,,1,
2020,3rse-fbp6,spin,,1,1,
2020,3rse-fbp6,spin,,25,1,
2020,3rse-fbp6,spin,1,,2,
2020,3rse-fbp6,spin,1,1,3004,
2020,3rse-fbp6,spin,1,2,111,
2020,3rse-fbp6,spin,1,3,52,
2020,3rse-fbp6,spin,1,4,27,
2020,3rse-fbp6,spin,1,5,5,
2020,3rse-fbp6,spin,1,6,26,
2020,3rse-fbp6,spin,1,7,4,
2020,3rse-fbp6,spin,1,8,3,
2020,3rse-fbp6,spin,1,13,3,
2020,3rse-fbp6,spin,1,14,1,
2020,3rse-fbp6,spin,1,15,1,
2020,3rse-fbp6,spin,1,16,3,
2020,3rse-fbp6,spin,1,19,1,
2020,3rse-fbp6,spin,1,21,2,
2020,3rse-fbp6,spin,1,22,2,
2020,3rse-fbp6,spin,1,77,372,
2020,3rse-fbp6,spin,2,,2,
2020,3rse-fbp6,spin,2,1,84,
2020,3rse-fbp6,spin,2,2,806,
2020,3rse-fbp6,spin,2,3,9,
2020,3rse-fbp6,spin,2,4,84,
2020,3rse-fbp6,spin,2,5,3,
2020,3rse-fbp6,spin,2,6,8,
2020,3rse-fbp6,spin,2,12,5,
2020,3rse-fbp6,spin,2,13,37,
2020,3rse-fbp6,spin,2,14,6,
2020,3rse-fbp6,spin,2,16,7,
2020,3rse-fbp6,spin,2,22,1,
2020,3rse-fbp6,spin,2,28,1,
2020,3rse-fbp6,spin,2,77,74,
2020,3rse-fbp6,spin,3,,1,
2020,3rse-fbp6,spin,3,1,68,
2020,3rse-fbp6,spin,3,2,23,
2020,3rse-fbp6,spin,3,3,8704,
2020,3rse-fbp6,spin,3,4,524,
2020,3rse-fbp6,spin,3,5,132,
2020,3rse-fbp6,spin,3,6,1939,
2020,3rse-fbp6,spin,3,7,172,
2020,3rse-fbp6,spin,3,8,44,
2020,3rse-fbp6,spin,3,11,3,
2020,3rse-fbp6,spin,3,13,10,
2020,3rse-fbp6,spin,3,14,25,
2020,3rse-fbp6,spin,3,16,29,
2020,3rse-fbp6,spin,3,21,5,
2020,3rse-fbp6,spin,3,22,10,
2020,3rse-fbp6,spin,3,23,1,
2020,3rse-fbp6,spin,3,24,20,
2020,3rse-fbp6,spin,3,25,1,
2020,3rse-fbp6,spin,3,28,3,
2020,3rse-fbp6,spin,3,31,9,
2020,3rse-fbp6,spin,3,32,2,
2020,3rse-fbp6,spin,3,34,1,
2020,3rse-fbp6,spin,3,67,1,
2020,3rse-fbp6,spin,3,76,1,
2020,3rse-fbp6,spin,3,77,867,
2020,3rse-fbp6,spin,4,,1,
2020,3rse-fbp6,spin,4,1,26,
2020,3rse-fbp6,spin,4,2,88,
2020,3rse-fbp6,spin,4,3,528,
2020,3rse-fbp6,spin,4,4,4038,
2020,3rse-fbp6,spin,4,5,298,
2020,3rse-fbp6,spin,4,6,259,
2020,3rse-fbp6,spin,4,7,37,
2020,3rse-fbp6,spin,4,8,16,
2020,3rse-fbp6,spin,4,10,1,
2020,3rse-fbp6,spin,4,11,3,
2020,3rse-fbp6,spin,4,12,2,
2020,3rse-fbp6,spin,4,13,56,
2020,3rse-fbp6,spin,4,14,175,
2020,3rse-fbp6,spin,4,15,4,
2020,3rse-fbp6,spin,4,16,68,
2020,3rse-fbp6,spin,4,21,24,
2020,3rse-fbp6,spin,4,22,23,
2020,3rse-fbp6,spin,4,24,25,
2020,3rse-fbp6,spin,4,28,5,
2020,3rse-fbp6,spin,4,31,1,
2020,3rse-fbp6,spin,4,34,1,
2020,3rse-fbp6,spin,4,77,313,
2020,3rse-fbp6,spin,5,1,8,
2020,3rse-fbp6,spin,5,2,6,
2020,3rse-fbp6,spin,5,3,144,
2020,3rse-fbp6,spin,5,4,324,
2020,3rse-fbp6,spin,5,5,3408,
2020,3rse-fbp6,spin,5,6,1047,
2020,3rse-fbp6,spin,5,7,137,
2020,3rse-fbp6,spin,5,8,19,
2020,3rse-fbp6,spin,5,12,1,
2020,3rse-fbp6,spin,5,13,1,
2020,3rse-fbp6,spin,5,14,55,
2020,3rse-fbp6,spin,5,15,1,
2020,3rse-fbp6,spin,5,16,79,
2020,3rse-fbp6,spin,5,17,4,
2020,3rse-fbp6,spin,5,19,1,
2020,3rse-fbp6,spin,5,20,3,
2020,3rse-fbp6,spin,5,21,55,
2020,3rse-fbp6,spin,5,22,100,
2020,3rse-fbp6,spin,5,23,1,
2020,3rse-fbp6,spin,5,24,55,
2020,3rse-fbp6,spin,5,28,13,
2020,3rse-fbp6,spin,5,31,2,
2020,3rse-fbp6,spin,5,77,33,
2020,3rse-fbp6,spin,6,,2,
2020,3rse-fbp6,spin,6,1,48,
2020,3rse-fbp6,spin,6,2,11,
2020,3rse-fbp6,spin,6,3,1890,
2020,3rse-fbp6,spin,6,4,326,
2020,3rse-fbp6,spin,6,5,1077,
2020,3rse-fbp6,spin,6,6,36699,
2020,3rse-fbp6,spin,6,7,3661,
2020,3rse-fbp6,spin,6,8,528,
2020,3rse-fbp6,spin,6,12,3,
2020,3rse-fbp6,spin,6,13,22,
2020,3rse-fbp6,spin,6,14,25,
2020,3rse-fbp6,spin,6,15,9,
2020,3rse-fbp6,spin,6,16,49,
2020,3rse-fbp6,spin,6,17,1,
2020,3rse-fbp6,spin,6,19,4,
2020,3rse-fbp6,spin,6,20,1,
2020,3rse-fbp6,spin,6,21,71,
2020,3rse-fbp6,spin,6,22,173,
2020,3rse-fbp6,spin,6,23,13,
2020,3rse-fbp6,spin,6,24,241,
2020,3rse-fbp6,spin,6,25,2,
2020,3rse-fbp6,spin,6,27,1,
2020,3rse-fbp6,spin,6,28,62,
2020,3rse-fbp6,spin,6,31,5,
2020,3rse-fbp6,spin,6,59,1,
2020,3rse-fbp6,spin,6,61,1,
2020,3rse-fbp6,spin,6,73,1,
2020,3rse-fbp6,spin,6,77,238,
2020,3rse-fbp6,spin,7,,2,
2020,3rse-fbp6,spin,7,1,3,
2020,3rse-fbp6,spin,7,2,3,
2020,3rse-fbp6,spin,7,3,121,
2020,3rse-fbp6,spin,7,4,28,
2020,3rse-fbp6,spin,7,5,137,
2020,3rse-fbp6,spin,7,6,3104,
2020,3rse-fbp6,spin,7,7,12253,
2020,3rse-fbp6,spin,7,8,1188,
2020,3rse-fbp6,spin,7,12,1,
2020,3rse-fbp6,spin,7,13,1,
2020,3rse-fbp6,spin,7,14,8,
2020,3rse-fbp6,spin,7,15,1,
2020,3rse-fbp6,spin,7,16,13,
2020,3rse-fbp6,spin,7,18,1,
2020,3rse-fbp6,spin,7,19,2,
2020,3rse-fbp6,spin,7,20,3,
2020,3rse-fbp6,spin,7,21,18,
2020,3rse-fbp6,spin,7,22,195,
2020,3rse-fbp6,spin,7,23,7,
2020,3rse-fbp6,spin,7,24,269,
2020,3rse-fbp6,spin,7,25,3,
2020,3rse-fbp6,spin,7,27,1,
2020,3rse-fbp6,spin,7,28,77,
2020,3rse-fbp6,spin,7,29,1,
2020,3rse-fbp6,spin,7,31,4,
2020,3rse-fbp6,spin,7,33,1,
2020,3rse-fbp6,spin,7,34,2,
2020,3rse-fbp6,spin,7,77,22,
2020,3rse-fbp6,spin,8,1,2,
2020,3rse-fbp6,spin,8,2,1,
2020,3rse-fbp6,spin,8,3,25,
2020,3rse-fbp6,spin,8,4,8,
2020,3rse-fbp6,spin,8,5,9,
2020,3rse-fbp6,spin,8,6,364,
2020,3rse-fbp6,spin,8,7,1141,
2020,3rse-fbp6,spin,8,8,5141,
2020,3rse-fbp6,spin,8,11,1,
2020,3rse-fbp6,spin,8,14,1,
2020,3rse-fbp6,spin,8,16,3,
2020,3rse-fbp6,spin,8,19,1,
2020,3rse-fbp6,spin,8,21,10,
2020,3rse-fbp6,spin,8,22,42,
2020,3rse-fbp6,spin,8,23,28,
2020,3rse-fbp6,spin,8,24,325,
2020,3rse-fbp6,spin,8,25,1,
2020,3rse-fbp6,spin,8,26,1,
2020,3rse-fbp6,spin,8,28,107,
2020,3rse-fbp6,spin,8,29,1,
2020,3rse-fbp6,spin,8,30,1,
2020,3rse-fbp6,spin,8,31,7,
2020,3rse-fbp6,spin,8,33,2,
2020,3rse-fbp6,spin,8,34,1,
2020,3rse-fbp6,spin,8,35,1,
2020,3rse-fbp6,spin,8,61,1,
2020,3rse-fbp6,spin,8,69,1,
2020,3rse-fbp6,spin,8,77,13,
2020,3rse-fbp6,spin,9,9,9,
2020,3rse-fbp6,spin,9,10,2,
2020,3rse-fbp6,spin,9,17,1,
2020,3rse-fbp6,spin,10,9,2,
2020,3rse-fbp6,spin,10,10,17,
2020,3rse-fbp6,spin,10,11,1,
2020,3rse-fbp6,spin,10,12,5,
2020,3rse-fbp6,spin,10,22,1,
2020,3rse-fbp6,spin,11,3,4,
2020,3rse-fbp6,spin,11,5,1,
2020,3rse-fbp6,spin,11,10,2,
2020,3rse-fbp6,spin,11,11,54,
2020,3rse-fbp6,spin,11,12,2,
2020,3rse-fbp6,spin,11,14,2,
2020,3rse-fbp6,spin,11,15,10,
2020,3rse-fbp6,spin,11,16,1,
2020,3rse-fbp6,spin,11,21,1,
2020,3rse-fbp6,spin,11,24,3,
2020,3rse-fbp6,spin,12,,1,
2020,3rse-fbp6,spin,12,1,1,
2020,3rse-fbp6,spin,12,2,2,
2020,3rse-fbp6,spin,12,3,1,
2020,3rse-fbp6,spin,12,4,2,
2020,3rse-fbp6,spin,12,10,1,
2020,3rse-fbp6,spin,12,11,6,
2020,3rse-fbp6,spin,12,12,93,
2020,3rse-fbp6,spin,12,13,6,
2020,3rse-fbp6,spin,12,14,3,
2020,3rse-fbp6,spin,12,15,1,
2020,3rse-fbp6,spin,12,16,1,
2020,3rse-fbp6,spin,12,21,1,
2020,3rse-fbp6,spin,12,77,1,
2020,3rse-fbp6,spin,13,,1,
2020,3rse-fbp6,spin,13,1,5,
2020,3rse-fbp6,spin,13,2,41,
2020,3rse-fbp6,spin,13,3,10,
2020,3rse-fbp6,spin,13,4,48,
2020,3rse-fbp6,spin,13,5,4,
2020,3rse-fbp6,spin,13,6,2,
2020,3rse-fbp6,spin,13,8,1,
2020,3rse-fbp6,spin,13,11,1,
2020,3rse-fbp6,spin,13,12,14,
2020,3rse-fbp6,spin,13,13,636,
2020,3rse-fbp6,spin,13,14,88,
2020,3rse-fbp6,spin,13,15,3,
2020,3rse-fbp6,spin,13,16,7,
2020,3rse-fbp6,spin,13,19,1,
2020,3rse-fbp6,spin,13,21,5,
2020,3rse-fbp6,spin,13,22,2,
2020,3rse-fbp6,spin,13,23,1,
2020,3rse-fbp6,spin,13,24,1,
2020,3rse-fbp6,spin,13,77,2,
2020,3rse-fbp6,spin,14,1,2,
2020,3rse-fbp6,spin,14,2,17,
2020,3rse-fbp6,spin,14,3,31,
2020,3rse-fbp6,spin,14,4,130,
2020,3rse-fbp6,spin,14,5,40,
2020,3rse-fbp6,spin,14,6,22,
2020,3rse-fbp6,spin,14,7,4,
2020,3rse-fbp6,spin,14,9,1,
2020,3rse-fbp6,spin,14,10,4,
2020,3rse-fbp6,spin,14,11,10,
2020,3rse-fbp6,spin,14,12,4,
2020,3rse-fbp6,spin,14,13,83,
2020,3rse-fbp6,spin,14,14,1112,
2020,3rse-fbp6,spin,14,15,16,
2020,3rse-fbp6,spin,14,16,107,
2020,3rse-fbp6,spin,14,17,1,
2020,3rse-fbp6,spin,14,19,1,
2020,3rse-fbp6,spin,14,20,3,
2020,3rse-fbp6,spin,14,21,31,
2020,3rse-fbp6,spin,14,22,23,
2020,3rse-fbp6,spin,14,23,1,
2020,3rse-fbp6,spin,14,24,4,
2020,3rse-fbp6,spin,14,29,1,
2020,3rse-fbp6,spin,14,77,8,
2020,3rse-fbp6,spin,15,2,1,
2020,3rse-fbp6,spin,15,3,1,
2020,3rse-fbp6,spin,15,5,1,
2020,3rse-fbp6,spin,15,6,3,
2020,3rse-fbp6,spin,15,7,1,
2020,3rse-fbp6,spin,15,9,6,
2020,3rse-fbp6,spin,15,10,6,
2020,3rse-fbp6,spin,15,11,20,
2020,3rse-fbp6,spin,15,12,2,
2020,3rse-fbp6,spin,15,13,3,
2020,3rse-fbp6,spin,15,14,7,
2020,3rse-fbp6,spin,15,15,766,
2020,3rse-fbp6,spin,15,16,41,
2020,3rse-fbp6,spin,15,17,28,
2020,3rse-fbp6,spin,15,18,4,
2020,3rse-fbp6,spin,15,19,90,
2020,3rse-fbp6,spin,15,20,4,
2020,3rse-fbp6,spin,15,21,10,
2020,3rse-fbp6,spin,15,22,16,
2020,3rse-fbp6,spin,15,24,3,
2020,3rse-fbp6,spin,15,25,4,
2020,3rse-fbp6,spin,15,26,1,
2020,3rse-fbp6,spin,15,77,1,
2020,3rse-fbp6,spin,16,1,3,
2020,3rse-fbp6,spin,16,2,6,
2020,3rse-fbp6,spin,16,3,23,
2020,3rse-fbp6,spin,16,4,31,
2020,3rse-fbp6,spin,16,5,56,
2020,3rse-fbp6,spin,16,6,29,
2020,3rse-fbp6,spin,16,7,8,
2020,3rse-fbp6,spin,16,10,1,
2020,3rse-fbp6,spin,16,12,2,
2020,3rse-fbp6,spin,16,13,8,
2020,3rse-fbp6,spin,16,14,107,
2020,3rse-fbp6,spin,16,15,36,
2020,3rse-fbp6,spin,16,16,860,
2020,3rse-fbp6,spin,16,18,3,
2020,3rse-fbp6,spin,16,19,8,
2020,3rse-fbp6,spin,16,20,16,
2020,3rse-fbp6,spin,16,21,71,
2020,3rse-fbp6,spin,16,22,46,
2020,3rse-fbp6,spin,16,23,3,
2020,3rse-fbp6,spin,16,24,9,
2020,3rse-fbp6,spin,16,25,2,
2020,3rse-fbp6,spin,16,77,5,
2020,3rse-fbp6,spin,17,,2,
2020,3rse-fbp6,spin,17,11,2,
2020,3rse-fbp6,spin,17,15,18,
2020,3rse-fbp6,spin,17,16,2,
2020,3rse-fbp6,spin,17,17,264,
2020,3rse-fbp6,spin,17,18,25,
2020,3rse-fbp6,spin,17,19,18,
2020,3rse-fbp6,spin,17,25,3,
2020,3rse-fbp6,spin,17,76,2,
2020,3rse-fbp6,spin,18,,4,
2020,3rse-fbp6,spin,18,14,1,
2020,3rse-fbp6,spin,18,15,9,
2020,3rse-fbp6,spin,18,17,29,
2020,3rse-fbp6,spin,18,18,434,
2020,3rse-fbp6,spin,18,19,38,
2020,3rse-fbp6,spin,18,22,1,
2020,3rse-fbp6,spin,18,23,2,
2020,3rse-fbp6,spin,18,25,29,
2020,3rse-fbp6,spin,19,,3,
2020,3rse-fbp6,spin,19,5,4,
2020,3rse-fbp6,spin,19,6,3,
2020,3rse-fbp6,spin,19,7,1,
2020,3rse-fbp6,spin,19,8,1,
2020,3rse-fbp6,spin,19,11,2,
2020,3rse-fbp6,spin,19,13,4,
2020,3rse-fbp6,spin,19,15,69,
2020,3rse-fbp6,spin,19,16,17,
2020,3rse-fbp6,spin,19,17,26,
2020,3rse-fbp6,spin,19,18,52,
2020,3rse-fbp6,spin,19,19,1290,
2020,3rse-fbp6,spin,19,20,36,
2020,3rse-fbp6,spin,19,21,17,
2020,3rse-fbp6,spin,19,22,21,
2020,3rse-fbp6,spin,19,23,36,
2020,3rse-fbp6,spin,19,24,5,
2020,3rse-fbp6,spin,19,25,43,
2020,3rse-fbp6,spin,19,29,1,
2020,3rse-fbp6,spin,20,5,1,
2020,3rse-fbp6,spin,20,6,1,
2020,3rse-fbp6,spin,20,7,1,
2020,3rse-fbp6,spin,20,15,6,
2020,3rse-fbp6,spin,20,16,14,
2020,3rse-fbp6,spin,20,18,1,
2020,3rse-fbp6,spin,20,19,47,
2020,3rse-fbp6,spin,20,20,316,
2020,3rse-fbp6,spin,20,21,11,
2020,3rse-fbp6,spin,20,22,42,
2020,3rse-fbp6,spin,20,23,48,
2020,3rse-fbp6,spin,20,24,7,
2020,3rse-fbp6,spin,20,25,6,
2020,3rse-fbp6,spin,20,28,2,
2020,3rse-fbp6,spin,20,77,1,
2020,3rse-fbp6,spin,21,1,2,
2020,3rse-fbp6,spin,21,2,1,
2020,3rse-fbp6,spin,21,3,6,
2020,3rse-fbp6,spin,21,4,15,
2020,3rse-fbp6,spin,21,5,68,
2020,3rse-fbp6,spin,21,6,47,
2020,3rse-fbp6,spin,21,7,13,
2020,3rse-fbp6,spin,21,8,3,
2020,3rse-fbp6,spin,21,11,1,
2020,3rse-fbp6,spin,21,12,1,
2020,3rse-fbp6,spin,21,13,1,
2020,3rse-fbp6,spin,21,14,20,
2020,3rse-fbp6,spin,21,15,13,
2020,3rse-fbp6,spin,21,16,79,
2020,3rse-fbp6,spin,21,17,1,
2020,3rse-fbp6,spin,21,18,2,
2020,3rse-fbp6,spin,21,19,20,
2020,3rse-fbp6,spin,21,20,8,
2020,3rse-fbp6,spin,21,21,754,
2020,3rse-fbp6,spin,21,22,233,
2020,3rse-fbp6,spin,21,23,11,
2020,3rse-fbp6,spin,21,24,24,
2020,3rse-fbp6,spin,21,25,3,
2020,3rse-fbp6,spin,21,28,3,
2020,3rse-fbp6,spin,21,31,1,
2020,3rse-fbp6,spin,22,1,1,
2020,3rse-fbp6,spin,22,2,4,
2020,3rse-fbp6,spin,22,3,20,
2020,3rse-fbp6,spin,22,4,14,
2020,3rse-fbp6,spin,22,5,83,
2020,3rse-fbp6,spin,22,6,83,
2020,3rse-fbp6,spin,22,7,142,
2020,3rse-fbp6,spin,22,8,38,
2020,3rse-fbp6,spin,22,11,2,
2020,3rse-fbp6,spin,22,13,3,
2020,3rse-fbp6,spin,22,14,23,
2020,3rse-fbp6,spin,22,15,12,
2020,3rse-fbp6,spin,22,16,35,
2020,3rse-fbp6,spin,22,17,1,
2020,3rse-fbp6,spin,22,19,16,
2020,3rse-fbp6,spin,22,20,27,
2020,3rse-fbp6,spin,22,21,220,
2020,3rse-fbp6,spin,22,22,3103,
2020,3rse-fbp6,spin,22,23,72,
2020,3rse-fbp6,spin,22,24,543,
2020,3rse-fbp6,spin,22,25,1,
2020,3rse-fbp6,spin,22,26,2,
2020,3rse-fbp6,spin,22,27,6,
2020,3rse-fbp6,spin,22,28,36,
2020,3rse-fbp6,spin,22,29,2,
2020,3rse-fbp6,spin,22,31,5,
2020,3rse-fbp6,spin,22,33,1,
2020,3rse-fbp6,spin,22,34,1,
2020,3rse-fbp6,spin,22,61,1,
2020,3rse-fbp6,spin,22,77,6,
2020,3rse-fbp6,spin,23,,2,
2020,3rse-fbp6,spin,23,3,1,
2020,3rse-fbp6,spin,23,4,1,
2020,3rse-fbp6,spin,23,6,4,
2020,3rse-fbp6,spin,23,7,3,
2020,3rse-fbp6,spin,23,8,18,
2020,3rse-fbp6,spin,23,14,1,
2020,3rse-fbp6,spin,23,15,1,
2020,3rse-fbp6,spin,23,16,2,
2020,3rse-fbp6,spin,23,17,3,
2020,3rse-fbp6,spin,23,18,3,
2020,3rse-fbp6,spin,23,19,38,
2020,3rse-fbp6,spin,23,20,38,
2020,3rse-fbp6,spin,23,21,2,
2020,3rse-fbp6,spin,23,22,58,
2020,3rse-fbp6,spin,23,23,1018,
2020,3rse-fbp6,spin,23,24,109,
2020,3rse-fbp6,spin,23,25,36,
2020,3rse-fbp6,spin,23,26,18,
2020,3rse-fbp6,spin,23,27,20,
2020,3rse-fbp6,spin,23,28,13,
2020,3rse-fbp6,spin,23,29,6,
2020,3rse-fbp6,spin,23,30,1,
2020,3rse-fbp6,spin,24,2,1,
2020,3rse-fbp6,spin,24,3,18,
2020,3rse-fbp6,spin,24,4,12,
2020,3rse-fbp6,spin,24,5,17,
2020,3rse-fbp6,spin,24,6,115,
2020,3rse-fbp6,spin,24,7,267,
2020,3rse-fbp6,spin,24,8,237,
2020,3rse-fbp6,spin,24,11,2,
2020,3rse-fbp6,spin,24,13,2,
2020,3rse-fbp6,spin,24,14,3,
2020,3rse-fbp6,spin,24,16,4,
2020,3rse-fbp6,spin,24,17,1,
2020,3rse-fbp6,spin,24,18,1,
2020,3rse-fbp6,spin,24,19,3,
2020,3rse-fbp6,spin,24,20,11,
2020,3rse-fbp6,spin,24,21,41,
2020,3rse-fbp6,spin,24,22,562,
2020,3rse-fbp6,spin,24,23,111,
2020,3rse-fbp6,spin,24,24,7292,
2020,3rse-fbp6,spin,24,25,13,
2020,3rse-fbp6,spin,24,26,1,
2020,3rse-fbp6,spin,24,27,32,
2020,3rse-fbp6,spin,24,28,646,
2020,3rse-fbp6,spin,24,29,4,
2020,3rse-fbp6,spin,24,30,3,
2020,3rse-fbp6,spin,24,31,17,
2020,3rse-fbp6,spin,24,33,2,
2020,3rse-fbp6,spin,24,34,1,
2020,3rse-fbp6,spin,24,58,3,
2020,3rse-fbp6,spin,24,59,1,
2020,3rse-fbp6,spin,24,60,1,
2020,3rse-fbp6,spin,24,66,1,
2020,3rse-fbp6,spin,24,77,2,
2020,3rse-fbp6,spin,25,,17,
2020,3rse-fbp6,spin,25,5,1,
2020,3rse-fbp6,spin,25,10,1,
2020,3rse-fbp6,spin,25,15,7,
2020,3rse-fbp6,spin,25,16,2,
2020,3rse-fbp6,spin,25,17,1,
2020,3rse-fbp6,spin,25,18,18,
2020,3rse-fbp6,spin,25,19,40,
2020,3rse-fbp6,spin,25,22,8,
2020,3rse-fbp6,spin,25,23,35,
2020,3rse-fbp6,spin,25,24,4,
2020,3rse-fbp6,spin,25,25,1347,
2020,3rse-fbp6,spin,25,26,30,
2020,3rse-fbp6,spin,25,27,10,
2020,3rse-fbp6,spin,25,28,13,
2020,3rse-fbp6,spin,25,29,6,
2020,3rse-fbp6,spin,25,30,1,
2020,3rse-fbp6,spin,25,65,1,
2020,3rse-fbp6,spin,25,66,1,
2020,3rse-fbp6,spin,26,18,1,
2020,3rse-fbp6,spin,26,19,3,
2020,3rse-fbp6,spin,26,23,16,
2020,3rse-fbp6,spin,26,25,29,
2020,3rse-fbp6,spin,26,26,342,
2020,3rse-fbp6,spin,26,27,18,
2020,3rse-fbp6,spin,26,28,8,
2020,3rse-fbp6,spin,26,29,19,
2020,3rse-fbp6,spin,26,30,2,
2020,3rse-fbp6,spin,26,56,1,
2020,3rse-fbp6,spin,26,59,1,
2020,3rse-fbp6,spin,27,22,6,
2020,3rse-fbp6,spin,27,23,31,
2020,3rse-fbp6,spin,27,24,22,
2020,3rse-fbp6,spin,27,25,15,
2020,3rse-fbp6,spin,27,26,10,
2020,3rse-fbp6,spin,27,27,383,
2020,3rse-fbp6,spin,27,28,36,
2020,3rse-fbp6,spin,27,29,27,
2020,3rse-fbp6,spin,27,30,3,
2020,3rse-fbp6,spin,27,31,2,
2020,3rse-fbp6,spin,27,33,2,
2020,3rse-fbp6,spin,27,59,1,
2020,3rse-fbp6,spin,27,66,2,
2020,3rse-fbp6,spin,28,,2,
2020,3rse-fbp6,spin,28,3,5,
2020,3rse-fbp6,spin,28,4,4,
2020,3rse-fbp6,spin,28,5,11,
2020,3rse-fbp6,spin,28,6,41,
2020,3rse-fbp6,spin,28,7,72,
2020,3rse-fbp6,spin,28,8,92,
2020,3rse-fbp6,spin,28,19,1,
2020,3rse-fbp6,spin,28,20,1,
2020,3rse-fbp6,spin,28,21,5,
2020,3rse-fbp6,spin,28,22,35,
2020,3rse-fbp6,spin,28,23,11,
2020,3rse-fbp6,spin,28,24,786,
2020,3rse-fbp6,spin,28,25,7,
2020,3rse-fbp6,spin,28,26,3,
2020,3rse-fbp6,spin,28,27,30,
2020,3rse-fbp6,spin,28,28,6018,
2020,3rse-fbp6,spin,28,29,14,
2020,3rse-fbp6,spin,28,30,12,
2020,3rse-fbp6,spin,28,31,158,
2020,3rse-fbp6,spin,28,32,2,
2020,3rse-fbp6,spin,28,33,56,
2020,3rse-fbp6,spin,28,34,8,
2020,3rse-fbp6,spin,28,35,2,
2020,3rse-fbp6,spin,28,37,1,
2020,3rse-fbp6,spin,28,49,1,
2020,3rse-fbp6,spin,28,59,4,
2020,3rse-fbp6,spin,28,60,12,
2020,3rse-fbp6,spin,28,61,5,
2020,3rse-fbp6,spin,28,62,1,
2020,3rse-fbp6,spin,28,63,3,
2020,3rse-fbp6,spin,28,66,1,
2020,3rse-fbp6,spin,29,,1,
2020,3rse-fbp6,spin,29,4,1,
2020,3rse-fbp6,spin,29,7,2,
2020,3rse-fbp6,spin,29,14,1,
2020,3rse-fbp6,spin,29,15,2,
2020,3rse-fbp6,spin,29,16,1,
2020,3rse-fbp6,spin,29,22,1,
2020,3rse-fbp6,spin,29,23,3,
2020,3rse-fbp6,spin,29,24,6,
2020,3rse-fbp6,spin,29,25,8,
2020,3rse-fbp6,spin,29,26,21,
2020,3rse-fbp6,spin,29,27,28,
2020,3rse-fbp6,spin,29,28,23,
2020,3rse-fbp6,spin,29,29,633,
2020,3rse-fbp6,spin,29,30,40,
2020,3rse-fbp6,spin,29,31,11,
2020,3rse-fbp6,spin,29,33,2,
2020,3rse-fbp6,spin,29,57,1,
2020,3rse-fbp6,spin,30,23,2,
2020,3rse-fbp6,spin,30,25,2,
2020,3rse-fbp6,spin,30,26,3,
2020,3rse-fbp6,spin,30,27,1,
2020,3rse-fbp6,spin,30,28,9,
2020,3rse-fbp6,spin,30,29,59,
2020,3rse-fbp6,spin,30,30,932,
2020,3rse-fbp6,spin,30,31,42,
2020,3rse-fbp6,spin,30,33,5,
2020,3rse-fbp6,spin,30,34,1,
2020,3rse-fbp6,spin,30,40,1,
2020,3rse-fbp6,spin,30,57,2,
2020,3rse-fbp6,spin,30,58,8,
2020,3rse-fbp6,spin,30,59,5,
2020,3rse-fbp6,spin,30,60,3,
2020,3rse-fbp6,spin,30,61,1,
2020,3rse-fbp6,spin,30,62,4,
2020,3rse-fbp6,spin,30,63,1,
2020,3rse-fbp6,spin,30,67,1,
2020,3rse-fbp6,spin,31,3,2,
2020,3rse-fbp6,spin,31,4,1,
2020,3rse-fbp6,spin,31,5,1,
2020,3rse-fbp6,spin,31,6,1,
2020,3rse-fbp6,spin,31,7,3,
2020,3rse-fbp6,spin,31,8,4,
2020,3rse-fbp6,spin,31,16,1,
2020,3rse-fbp6,spin,31,21,2,
2020,3rse-fbp6,spin,31,22,2,
2020,3rse-fbp6,spin,31,24,44,
2020,3rse-fbp6,spin,31,25,1,
2020,3rse-fbp6,spin,31,27,1,
2020,3rse-fbp6,spin,31,28,199,
2020,3rse-fbp6,spin,31,29,6,
2020,3rse-fbp6,spin,31,30,54,
2020,3rse-fbp6,spin,31,31,1292,
2020,3rse-fbp6,spin,31,33,39,
2020,3rse-fbp6,spin,31,34,17,
2020,3rse-fbp6,spin,31,35,1,
2020,3rse-fbp6,spin,31,58,6,
2020,3rse-fbp6,spin,31,59,11,
2020,3rse-fbp6,spin,31,60,19,
2020,3rse-fbp6,spin,31,61,4,
2020,3rse-fbp6,spin,31,62,1,
2020,3rse-fbp6,spin,31,63,1,
2020,3rse-fbp6,spin,31,67,1,
2020,3rse-fbp6,spin,32,32,1,
2020,3rse-fbp6,spin,32,33,3,
2020,3rse-fbp6,spin,33,7,6,
2020,3rse-fbp6,spin,33,8,5,
2020,3rse-fbp6,spin,33,24,2,
2020,3rse-fbp6,spin,33,28,52,
2020,3rse-fbp6,spin,33,30,6,
2020,3rse-fbp6,spin,33,31,11,
2020,3rse-fbp6,spin,33,32,14,
2020,3rse-fbp6,spin,33,33,754,
2020,3rse-fbp6,spin,33,34,57,
2020,3rse-fbp6,spin,33,35,13,
2020,3rse-fbp6,spin,33,36,3,
2020,3rse-fbp6,spin,33,38,10,
2020,3rse-fbp6,spin,33,39,2,
2020,3rse-fbp6,spin,33,40,1,
2020,3rse-fbp6,spin,33,41,2,
2020,3rse-fbp6,spin,33,42,2,
2020,3rse-fbp6,spin,33,57,1,
2020,3rse-fbp6,spin,33,59,1,
2020,3rse-fbp6,spin,33,60,6,
2020,3rse-fbp6,spin,33,61,3,
2020,3rse-fbp6,spin,33,68,1,
2020,3rse-fbp6,spin,33,69,2,
2020,3rse-fbp6,spin,34,6,1,
2020,3rse-fbp6,spin,34,24,1,
2020,3rse-fbp6,spin,34,28,9,
2020,3rse-fbp6,spin,34,31,20,
2020,3rse-fbp6,spin,34,32,1,
2020,3rse-fbp6,spin,34,33,67,
2020,3rse-fbp6,spin,34,34,353,
2020,3rse-fbp6,spin,34,35,5,
2020,3rse-fbp6,spin,34,38,1,
2020,3rse-fbp6,spin,34,56,1,
2020,3rse-fbp6,spin,34,58,1,
2020,3rse-fbp6,spin,34,59,1,
2020,3rse-fbp6,spin,34,60,19,
2020,3rse-fbp6,spin,34,61,2,
2020,3rse-fbp6,spin,35,33,6,
2020,3rse-fbp6,spin,35,34,2,
2020,3rse-fbp6,spin,35,35,46,
2020,3rse-fbp6,spin,35,38,9,
2020,3rse-fbp6,spin,35,39,1,
2020,3rse-fbp6,spin,35,40,1,
2020,3rse-fbp6,spin,35,58,1,
2020,3rse-fbp6,spin,35,60,4,
2020,3rse-fbp6,spin,36,35,1,
2020,3rse-fbp6,spin,36,36,14,
2020,3rse-fbp6,spin,36,38,4,
2020,3rse-fbp6,spin,36,39,2,
2020,3rse-fbp6,spin,37,33,1,
2020,3rse-fbp6,spin,37,35,1,
2020,3rse-fbp6,spin,37,37,28,
2020,3rse-fbp6,spin,37,38,4,
2020,3rse-fbp6,spin,37,40,15,
2020,3rse-fbp6,spin,37,41,1,
2020,3rse-fbp6,spin,37,42,2,
2020,3rse-fbp6,spin,37,59,2,
2020,3rse-fbp6,spin,37,61,4,
2020,3rse-fbp6,spin,37,67,2,
2020,3rse-fbp6,spin,37,68,9,
2020,3rse-fbp6,spin,38,,1,
2020,3rse-fbp6,spin,38,24,1,
2020,3rse-fbp6,spin,38,25,1,
2020,3rse-fbp6,spin,38,32,2,
2020,3rse-fbp6,spin,38,33,3,
2020,3rse-fbp6,spin,38,35,5,
2020,3rse-fbp6,spin,38,36,4,
2020,3rse-fbp6,spin,38,38,240,
2020,3rse-fbp6,spin,38,39,11,
2020,3rse-fbp6,spin,38,40,27,
2020,3rse-fbp6,spin,38,41,22,
2020,3rse-fbp6,spin,38,42,1,
2020,3rse-fbp6,spin,38,43,5,
2020,3rse-fbp6,spin,38,61,4,
2020,3rse-fbp6,spin,38,68,6,
2020,3rse-fbp6,spin,38,69,2,
2020,3rse-fbp6,spin,38,71,2,
2020,3rse-fbp6,spin,38,73,1,
2020,3rse-fbp6,spin,39,28,2,
2020,3rse-fbp6,spin,39,33,5,
2020,3rse-fbp6,spin,39,34,1,
2020,3rse-fbp6,spin,39,35,2,
2020,3rse-fbp6,spin,39,36,7,
2020,3rse-fbp6,spin,39,38,11,
2020,3rse-fbp6,spin,39,39,147,
2020,3rse-fbp6,spin,39,40,5,
2020,3rse-fbp6,spin,39,41,47,
2020,3rse-fbp6,spin,39,42,2,
2020,3rse-fbp6,spin,39,43,1,
2020,3rse-fbp6,spin,39,46,1,
2020,3rse-fbp6,spin,39,48,1,
2020,3rse-fbp6,spin,39,49,1,
2020,3rse-fbp6,spin,39,68,1,
2020,3rse-fbp6,spin,40,26,1,
2020,3rse-fbp6,spin,40,28,1,
2020,3rse-fbp6,spin,40,33,5,
2020,3rse-fbp6,spin,40,34,1,
2020,3rse-fbp6,spin,40,35,4,
2020,3rse-fbp6,spin,40,36,2,
2020,3rse-fbp6,spin,40,37,15,
2020,3rse-fbp6,spin,40,38,53,
2020,3rse-fbp6,spin,40,39,11,
2020,3rse-fbp6,spin,40,40,609,
2020,3rse-fbp6,spin,40,41,76,
2020,3rse-fbp6,spin,40,42,27,
2020,3rse-fbp6,spin,40,43,4,
2020,3rse-fbp6,spin,40,44,1,
2020,3rse-fbp6,spin,40,46,7,
2020,3rse-fbp6,spin,40,49,1,
2020,3rse-fbp6,spin,40,61,3,
2020,3rse-fbp6,spin,40,67,1,
2020,3rse-fbp6,spin,40,68,11,
2020,3rse-fbp6,spin,40,69,4,
2020,3rse-fbp6,spin,40,71,1,
2020,3rse-fbp6,spin,40,73,1,
2020,3rse-fbp6,spin,41,32,1,
2020,3rse-fbp6,spin,41,33,1,
2020,3rse-fbp6,spin,41,34,1,
2020,3rse-fbp6,spin,41,35,4,
2020,3rse-fbp6,spin,41,37,1,
2020,3rse-fbp6,spin,41,38,19,
2020,3rse-fbp6,spin,41,39,53,
2020,3rse-fbp6,spin,41,40,33,
2020,3rse-fbp6,spin,41,41,1229,
2020,3rse-fbp6,spin,41,42,49,
2020,3rse-fbp6,spin,41,43,7,
2020,3rse-fbp6,spin,41,44,4,
2020,3rse-fbp6,spin,41,45,1,
2020,3rse-fbp6,spin,41,48,1,
2020,3rse-fbp6,spin,41,67,2,
2020,3rse-fbp6,spin,41,69,1,
2020,3rse-fbp6,spin,42,35,1,
2020,3rse-fbp6,spin,42,36,1,
2020,3rse-fbp6,spin,42,39,4,
2020,3rse-fbp6,spin,42,40,13,
2020,3rse-fbp6,spin,42,41,18,
2020,3rse-fbp6,spin,42,42,163,
2020,3rse-fbp6,spin,42,43,8,
2020,3rse-fbp6,spin,42,44,1,
2020,3rse-fbp6,spin,42,45,1,
2020,3rse-fbp6,spin,42,61,1,
2020,3rse-fbp6,spin,42,67,7,
2020,3rse-fbp6,spin,42,68,15,
2020,3rse-fbp6,spin,42,69,14,
2020,3rse-fbp6,spin,43,35,1,
2020,3rse-fbp6,spin,43,38,4,
2020,3rse-fbp6,spin,43,39,1,
2020,3rse-fbp6,spin,43,40,2,
2020,3rse-fbp6,spin,43,41,5,
2020,3rse-fbp6,spin,43,42,14,
2020,3rse-fbp6,spin,43,43,421,
2020,3rse-fbp6,spin,43,44,6,
2020,3rse-fbp6,spin,43,45,13,
2020,3rse-fbp6,spin,43,46,67,
2020,3rse-fbp6,spin,43,48,4,
2020,3rse-fbp6,spin,43,49,1,
2020,3rse-fbp6,spin,43,51,1,
2020,3rse-fbp6,spin,43,67,1,
2020,3rse-fbp6,spin,43,68,4,
2020,3rse-fbp6,spin,43,69,10,
2020,3rse-fbp6,spin,43,71,4,
2020,3rse-fbp6,spin,43,73,1,
2020,3rse-fbp6,spin,43,75,1,
2020,3rse-fbp6,spin,44,22,1,
2020,3rse-fbp6,spin,44,26,1,
2020,3rse-fbp6,spin,44,35,2,
2020,3rse-fbp6,spin,44,39,1,
2020,3rse-fbp6,spin,44,40,3,
2020,3rse-fbp6,spin,44,41,5,
2020,3rse-fbp6,spin,44,42,5,
2020,3rse-fbp6,spin,44,43,18,
2020,3rse-fbp6,spin,44,44,845,
2020,3rse-fbp6,spin,44,45,23,
2020,3rse-fbp6,spin,44,46,15,
2020,3rse-fbp6,spin,44,47,10,
2020,3rse-fbp6,spin,44,48,10,
2020,3rse-fbp6,spin,44,49,33,
2020,3rse-fbp6,spin,44,51,2,
2020,3rse-fbp6,spin,44,54,1,
2020,3rse-fbp6,spin,44,63,1,
2020,3rse-fbp6,spin,44,67,2,
2020,3rse-fbp6,spin,44,68,3,
2020,3rse-fbp6,spin,44,69,42,
2020,3rse-fbp6,spin,44,71,32,
2020,3rse-fbp6,spin,44,72,1,
2020,3rse-fbp6,spin,44,73,6,
2020,3rse-fbp6,spin,44,75,1,
2020,3rse-fbp6,spin,45,41,2,
2020,3rse-fbp6,spin,45,42,3,
2020,3rse-fbp6,spin,45,43,16,
2020,3rse-fbp6,spin,45,44,16,
2020,3rse-fbp6,spin,45,45,235,
2020,3rse-fbp6,spin,45,46,12,
2020,3rse-fbp6,spin,45,47,1,
2020,3rse-fbp6,spin,45,48,32,
2020,3rse-fbp6,spin,45,49,10,
2020,3rse-fbp6,spin,45,51,1,
2020,3rse-fbp6,spin,45,69,3,
2020,3rse-fbp6,spin,45,72,1,
2020,3rse-fbp6,spin,46,35,1,
2020,3rse-fbp6,spin,46,38,1,
2020,3rse-fbp6,spin,46,41,4,
2020,3rse-fbp6,spin,46,42,6,
2020,3rse-fbp6,spin,46,43,92,
2020,3rse-fbp6,spin,46,44,20,
2020,3rse-fbp6,spin,46,45,9,
2020,3rse-fbp6,spin,46,46,815,
2020,3rse-fbp6,spin,46,47,1,
2020,3rse-fbp6,spin,46,48,22,
2020,3rse-fbp6,spin,46,49,3,
2020,3rse-fbp6,spin,46,51,15,
2020,3rse-fbp6,spin,46,52,21,
2020,3rse-fbp6,spin,46,61,2,
2020,3rse-fbp6,spin,46,69,6,
2020,3rse-fbp6,spin,46,71,4,
2020,3rse-fbp6,spin,47,44,4,
2020,3rse-fbp6,spin,47,45,1,
2020,3rse-fbp6,spin,47,47,26,
2020,3rse-fbp6,spin,47,48,1,
2020,3rse-fbp6,spin,47,49,8,
2020,3rse-fbp6,spin,47,50,1,
2020,3rse-fbp6,spin,47,51,1,
2020,3rse-fbp6,spin,48,43,15,
2020,3rse-fbp6,spin,48,44,7,
2020,3rse-fbp6,spin,48,45,19,
2020,3rse-fbp6,spin,48,46,15,
2020,3rse-fbp6,spin,48,47,1,
2020,3rse-fbp6,spin,48,48,310,
2020,3rse-fbp6,spin,48,49,5,
2020,3rse-fbp6,spin,48,51,15,
2020,3rse-fbp6,spin,48,52,1,
2020,3rse-fbp6,spin,48,69,4,
2020,3rse-fbp6,spin,48,71,1,
2020,3rse-fbp6,spin,49,,3,
2020,3rse-fbp6,spin,49,33,1,
2020,3rse-fbp6,spin,49,37,1,
2020,3rse-fbp6,spin,49,40,2,
2020,3rse-fbp6,spin,49,43,4,
2020,3rse-fbp6,spin,49,44,33,
2020,3rse-fbp6,spin,49,45,7,
2020,3rse-fbp6,spin,49,47,6,
2020,3rse-fbp6,spin,49,48,7,
2020,3rse-fbp6,spin,49,49,1307,
2020,3rse-fbp6,spin,49,50,45,
2020,3rse-fbp6,spin,49,51,19,
2020,3rse-fbp6,spin,49,53,68,
2020,3rse-fbp6,spin,49,54,10,
2020,3rse-fbp6,spin,49,63,1,
2020,3rse-fbp6,spin,49,68,6,
2020,3rse-fbp6,spin,49,69,4,
2020,3rse-fbp6,spin,49,70,1,
2020,3rse-fbp6,spin,49,71,10,
2020,3rse-fbp6,spin,49,72,2,
2020,3rse-fbp6,spin,49,73,42,
2020,3rse-fbp6,spin,49,74,3,
2020,3rse-fbp6,spin,49,75,13,
2020,3rse-fbp6,spin,50,40,1,
2020,3rse-fbp6,spin,50,44,1,
2020,3rse-fbp6,spin,50,45,1,
2020,3rse-fbp6,spin,50,47,2,
2020,3rse-fbp6,spin,50,49,29,
2020,3rse-fbp6,spin,50,50,172,
2020,3rse-fbp6,spin,50,69,1,
2020,3rse-fbp6,spin,50,73,2,
2020,3rse-fbp6,spin,51,42,1,
2020,3rse-fbp6,spin,51,44,2,
2020,3rse-fbp6,spin,51,45,2,
2020,3rse-fbp6,spin,51,46,10,
2020,3rse-fbp6,spin,51,47,1,
2020,3rse-fbp6,spin,51,48,18,
2020,3rse-fbp6,spin,51,49,2,
2020,3rse-fbp6,spin,51,51,372,
2020,3rse-fbp6,spin,51,52,7,
2020,3rse-fbp6,spin,52,43,1,
2020,3rse-fbp6,spin,52,46,5,
2020,3rse-fbp6,spin,52,48,2,
2020,3rse-fbp6,spin,52,51,6,
2020,3rse-fbp6,spin,52,52,674,
2020,3rse-fbp6,spin,52,55,31,
2020,3rse-fbp6,spin,53,,13,
2020,3rse-fbp6,spin,53,33,1,
2020,3rse-fbp6,spin,53,42,1,
2020,3rse-fbp6,spin,53,44,1,
2020,3rse-fbp6,spin,53,49,65,
2020,3rse-fbp6,spin,53,50,4,
2020,3rse-fbp6,spin,53,51,1,
2020,3rse-fbp6,spin,53,53,759,
2020,3rse-fbp6,spin,53,54,12,
2020,3rse-fbp6,spin,53,55,1,
2020,3rse-fbp6,spin,53,61,1,
2020,3rse-fbp6,spin,53,68,1,
2020,3rse-fbp6,spin,53,69,1,
2020,3rse-fbp6,spin,53,71,1,
2020,3rse-fbp6,spin,53,72,4,
2020,3rse-fbp6,spin,53,73,3,
2020,3rse-fbp6,spin,53,75,17,
2020,3rse-fbp6,spin,54,49,3,
2020,3rse-fbp6,spin,54,50,1,
2020,3rse-fbp6,spin,54,53,3,
2020,3rse-fbp6,spin,54,54,31,
2020,3rse-fbp6,spin,55,49,1,
2020,3rse-fbp6,spin,55,51,2,
2020,3rse-fbp6,spin,55,52,12,
2020,3rse-fbp6,spin,55,55,77,
2020,3rse-fbp6,spin,56,,2,
2020,3rse-fbp6,spin,56,25,1,
2020,3rse-fbp6,spin,56,28,1,
2020,3rse-fbp6,spin,56,30,1,
2020,3rse-fbp6,spin,56,56,201,
2020,3rse-fbp6,spin,56,57,8,
2020,3rse-fbp6,spin,56,58,3,
2020,3rse-fbp6,spin,56,62,8,
2020,3rse-fbp6,spin,56,63,2,
2020,3rse-fbp6,spin,56,64,5,
2020,3rse-fbp6,spin,56,65,3,
2020,3rse-fbp6,spin,56,66,4,
2020,3rse-fbp6,spin,56,67,1,
2020,3rse-fbp6,spin,57,29,1,
2020,3rse-fbp6,spin,57,30,8,
2020,3rse-fbp6,spin,57,34,2,
2020,3rse-fbp6,spin,57,56,30,
2020,3rse-fbp6,spin,57,57,652,
2020,3rse-fbp6,spin,57,58,36,
2020,3rse-fbp6,spin,57,59,3,
2020,3rse-fbp6,spin,57,60,2,
2020,3rse-fbp6,spin,57,61,4,
2020,3rse-fbp6,spin,57,62,47,
2020,3rse-fbp6,spin,57,63,21,
2020,3rse-fbp6,spin,57,64,3,
2020,3rse-fbp6,spin,57,65,11,
2020,3rse-fbp6,spin,57,66,9,
2020,3rse-fbp6,spin,57,70,4,
2020,3rse-fbp6,spin,57,74,1,
2020,3rse-fbp6,spin,58,,2,
2020,3rse-fbp6,spin,58,26,1,
2020,3rse-fbp6,spin,58,27,2,
2020,3rse-fbp6,spin,58,28,2,
2020,3rse-fbp6,spin,58,29,2,
2020,3rse-fbp6,spin,58,30,8,
2020,3rse-fbp6,spin,58,31,7,
2020,3rse-fbp6,spin,58,33,2,
2020,3rse-fbp6,spin,58,34,4,
2020,3rse-fbp6,spin,58,46,1,
2020,3rse-fbp6,spin,58,56,2,
2020,3rse-fbp6,spin,58,57,31,
2020,3rse-fbp6,spin,58,58,1244,
2020,3rse-fbp6,spin,58,59,46,
2020,3rse-fbp6,spin,58,60,7,
2020,3rse-fbp6,spin,58,61,30,
2020,3rse-fbp6,spin,58,62,9,
2020,3rse-fbp6,spin,58,63,48,
2020,3rse-fbp6,spin,58,65,1,
2020,3rse-fbp6,spin,58,66,9,
2020,3rse-fbp6,spin,58,67,1,
2020,3rse-fbp6,spin,58,68,4,
2020,3rse-fbp6,spin,58,70,2,
2020,3rse-fbp6,spin,59,,1,
2020,3rse-fbp6,spin,59,28,3,
2020,3rse-fbp6,spin,59,30,2,
2020,3rse-fbp6,spin,59,31,9,
2020,3rse-fbp6,spin,59,33,1,
2020,3rse-fbp6,spin,59,34,2,
2020,3rse-fbp6,spin,59,56,1,
2020,3rse-fbp6,spin,59,57,1,
2020,3rse-fbp6,spin,59,58,39,
2020,3rse-fbp6,spin,59,59,396,
2020,3rse-fbp6,spin,59,60,14,
2020,3rse-fbp6,spin,59,61,10,
2020,3rse-fbp6,spin,59,63,3,
2020,3rse-fbp6,spin,59,65,1,
2020,3rse-fbp6,spin,59,66,1,
2020,3rse-fbp6,spin,59,67,1,
2020,3rse-fbp6,spin,60,28,7,
2020,3rse-fbp6,spin,60,29,1,
2020,3rse-fbp6,spin,60,30,4,
2020,3rse-fbp6,spin,60,31,10,
2020,3rse-fbp6,spin,60,33,5,
2020,3rse-fbp6,spin,60,34,7,
2020,3rse-fbp6,spin,60,35,6,
2020,3rse-fbp6,spin,60,36,1,
2020,3rse-fbp6,spin,60,38,1,
2020,3rse-fbp6,spin,60,58,3,
2020,3rse-fbp6,spin,60,59,9,
2020,3rse-fbp6,spin,60,60,103,
2020,3rse-fbp6,spin,60,61,9,
2020,3rse-fbp6,spin,60,68,1,
2020,3rse-fbp6,spin,60,71,1,
2020,3rse-fbp6,spin,61,20,1,
2020,3rse-fbp6,spin,61,28,4,
2020,3rse-fbp6,spin,61,31,3,
2020,3rse-fbp6,spin,61,32,1,
2020,3rse-fbp6,spin,61,33,7,
2020,3rse-fbp6,spin,61,34,3,
2020,3rse-fbp6,spin,61,37,12,
2020,3rse-fbp6,spin,61,38,4,
2020,3rse-fbp6,spin,61,40,3,
2020,3rse-fbp6,spin,61,41,1,
2020,3rse-fbp6,spin,61,42,2,
2020,3rse-fbp6,spin,61,43,1,
2020,3rse-fbp6,spin,61,46,1,
2020,3rse-fbp6,spin,61,57,1,
2020,3rse-fbp6,spin,61,58,16,
2020,3rse-fbp6,spin,61,59,5,
2020,3rse-fbp6,spin,61,60,11,
2020,3rse-fbp6,spin,61,61,1010,
2020,3rse-fbp6,spin,61,62,1,
2020,3rse-fbp6,spin,61,63,17,
2020,3rse-fbp6,spin,61,66,11,
2020,3rse-fbp6,spin,61,67,35,
2020,3rse-fbp6,spin,61,68,26,
2020,3rse-fbp6,spin,61,69,2,
2020,3rse-fbp6,spin,61,71,1,
2020,3rse-fbp6,spin,62,16,1,
2020,3rse-fbp6,spin,62,29,2,
2020,3rse-fbp6,spin,62,30,2,
2020,3rse-fbp6,spin,62,31,1,
2020,3rse-fbp6,spin,62,56,11,
2020,3rse-fbp6,spin,62,57,57,
2020,3rse-fbp6,spin,62,58,5,
2020,3rse-fbp6,spin,62,62,625,
2020,3rse-fbp6,spin,62,63,43,
2020,3rse-fbp6,spin,62,64,1,
2020,3rse-fbp6,spin,62,65,49,
2020,3rse-fbp6,spin,62,66,21,
2020,3rse-fbp6,spin,62,70,4,
2020,3rse-fbp6,spin,62,74,1,
2020,3rse-fbp6,spin,63,28,2,
2020,3rse-fbp6,spin,63,30,2,
2020,3rse-fbp6,spin,63,33,2,
2020,3rse-fbp6,spin,63,38,1,
2020,3rse-fbp6,spin,63,39,1,
2020,3rse-fbp6,spin,63,56,6,
2020,3rse-fbp6,spin,63,57,16,
2020,3rse-fbp6,spin,63,58,48,
2020,3rse-fbp6,spin,63,59,1,
2020,3rse-fbp6,spin,63,60,2,
2020,3rse-fbp6,spin,63,61,36,
2020,3rse-fbp6,spin,63,62,53,
2020,3rse-fbp6,spin,63,63,1399,
2020,3rse-fbp6,spin,63,64,2,
2020,3rse-fbp6,spin,63,65,12,
2020,3rse-fbp6,spin,63,66,114,
2020,3rse-fbp6,spin,63,67,22,
2020,3rse-fbp6,spin,63,70,1,
2020,3rse-fbp6,spin,64,56,3,
2020,3rse-fbp6,spin,64,64,19,
2020,3rse-fbp6,spin,64,65,3,
2020,3rse-fbp6,spin,64,66,1,
2020,3rse-fbp6,spin,65,56,5,
2020,3rse-fbp6,spin,65,57,9,
2020,3rse-fbp6,spin,65,61,2,
2020,3rse-fbp6,spin,65,62,40,
2020,3rse-fbp6,spin,65,63,9,
2020,3rse-fbp6,spin,65,64,5,
2020,3rse-fbp6,spin,65,65,398,
2020,3rse-fbp6,spin,65,66,10,
2020,3rse-fbp6,spin,65,70,2,
2020,3rse-fbp6,spin,66,,1,
2020,3rse-fbp6,spin,66,29,1,
2020,3rse-fbp6,spin,66,30,1,
2020,3rse-fbp6,spin,66,31,1,
2020,3rse-fbp6,spin,66,33,2,
2020,3rse-fbp6,spin,66,37,1,
2020,3rse-fbp6,spin,66,40,1,
2020,3rse-fbp6,spin,66,46,1,
2020,3rse-fbp6,spin,66,56,1,
2020,3rse-fbp6,spin,66,57,3,
2020,3rse-fbp6,spin,66,58,8,
2020,3rse-fbp6,spin,66,61,7,
2020,3rse-fbp6,spin,66,62,15,
2020,3rse-fbp6,spin,66,63,85,
2020,3rse-fbp6,spin,66,64,4,
2020,3rse-fbp6,spin,66,65,12,
2020,3rse-fbp6,spin,66,66,846,
2020,3rse-fbp6,spin,66,67,28,
2020,3rse-fbp6,spin,66,68,12,
2020,3rse-fbp6,spin,66,69,1,
2020,3rse-fbp6,spin,66,70,9,
2020,3rse-fbp6,spin,66,71,2,
2020,3rse-fbp6,spin,66,72,1,
2020,3rse-fbp6,spin,67,26,1,
2020,3rse-fbp6,spin,67,31,2,
2020,3rse-fbp6,spin,67,33,1,
2020,3rse-fbp6,spin,67,37,1,
2020,3rse-fbp6,spin,67,38,1,
2020,3rse-fbp6,spin,67,39,2,
2020,3rse-fbp6,spin,67,41,2,
2020,3rse-fbp6,spin,67,42,9,
2020,3rse-fbp6,spin,67,43,3,
2020,3rse-fbp6,spin,67,44,3,
2020,3rse-fbp6,spin,67,57,1,
2020,3rse-fbp6,spin,67,58,1,
2020,3rse-fbp6,spin,67,59,1,
2020,3rse-fbp6,spin,67,61,30,
2020,3rse-fbp6,spin,67,62,3,
2020,3rse-fbp6,spin,67,63,10,
2020,3rse-fbp6,spin,67,66,36,
2020,3rse-fbp6,spin,67,67,938,
2020,3rse-fbp6,spin,67,68,54,
2020,3rse-fbp6,spin,67,69,5,
2020,3rse-fbp6,spin,67,70,8,
2020,3rse-fbp6,spin,67,71,40,
2020,3rse-fbp6,spin,67,73,10,
2020,3rse-fbp6,spin,67,75,1,
2020,3rse-fbp6,spin,68,,1,
2020,3rse-fbp6,spin,68,7,1,
2020,3rse-fbp6,spin,68,28,1,
2020,3rse-fbp6,spin,68,30,2,
2020,3rse-fbp6,spin,68,31,1,
2020,3rse-fbp6,spin,68,33,1,
2020,3rse-fbp6,spin,68,37,15,
2020,3rse-fbp6,spin,68,38,8,
2020,3rse-fbp6,spin,68,40,6,
2020,3rse-fbp6,spin,68,41,4,
2020,3rse-fbp6,spin,68,42,18,
2020,3rse-fbp6,spin,68,43,6,
2020,3rse-fbp6,spin,68,44,8,
2020,3rse-fbp6,spin,68,49,4,
2020,3rse-fbp6,spin,68,50,2,
2020,3rse-fbp6,spin,68,51,1,
2020,3rse-fbp6,spin,68,53,1,
2020,3rse-fbp6,spin,68,60,1,
2020,3rse-fbp6,spin,68,61,28,
2020,3rse-fbp6,spin,68,66,10,
2020,3rse-fbp6,spin,68,67,83,
2020,3rse-fbp6,spin,68,68,1001,
2020,3rse-fbp6,spin,68,69,42,
2020,3rse-fbp6,spin,68,70,1,
2020,3rse-fbp6,spin,68,71,17,
2020,3rse-fbp6,spin,68,72,2,
2020,3rse-fbp6,spin,68,73,3,
2020,3rse-fbp6,spin,69,8,1,
2020,3rse-fbp6,spin,69,28,2,
2020,3rse-fbp6,spin,69,37,2,
2020,3rse-fbp6,spin,69,39,1,
2020,3rse-fbp6,spin,69,40,4,
2020,3rse-fbp6,spin,69,41,5,
2020,3rse-fbp6,spin,69,42,18,
2020,3rse-fbp6,spin,69,43,10,
2020,3rse-fbp6,spin,69,44,27,
2020,3rse-fbp6,spin,69,45,6,
2020,3rse-fbp6,spin,69,46,2,
2020,3rse-fbp6,spin,69,49,1,
2020,3rse-fbp6,spin,69,51,1,
2020,3rse-fbp6,spin,69,61,1,
2020,3rse-fbp6,spin,69,66,4,
2020,3rse-fbp6,spin,69,67,9,
2020,3rse-fbp6,spin,69,68,28,
2020,3rse-fbp6,spin,69,69,419,
2020,3rse-fbp6,spin,69,70,1,
2020,3rse-fbp6,spin,69,71,9,
2020,3rse-fbp6,spin,70,41,1,
2020,3rse-fbp6,spin,70,66,4,
2020,3rse-fbp6,spin,70,67,2,
2020,3rse-fbp6,spin,70,70,199,
2020,3rse-fbp6,spin,70,71,28,
2020,3rse-fbp6,spin,70,72,2,
2020,3rse-fbp6,spin,70,75,2,
2020,3rse-fbp6,spin,71,,4,
2020,3rse-fbp6,spin,71,38,4,
2020,3rse-fbp6,spin,71,40,2,
2020,3rse-fbp6,spin,71,41,1,
2020,3rse-fbp6,spin,71,42,2,
2020,3rse-fbp6,spin,71,43,7,
2020,3rse-fbp6,spin,71,44,40,
2020,3rse-fbp6,spin,71,46,1,
2020,3rse-fbp6,spin,71,48,1,
2020,3rse-fbp6,spin,71,49,19,
2020,3rse-fbp6,spin,71,50,1,
2020,3rse-fbp6,spin,71,51,1,
2020,3rse-fbp6,spin,71,53,2,
2020,3rse-fbp6,spin,71,54,1,
2020,3rse-fbp6,spin,71,61,3,
2020,3rse-fbp6,spin,71,63,1,
2020,3rse-fbp6,spin,71,66,7,
2020,3rse-fbp6,spin,71,67,28,
2020,3rse-fbp6,spin,71,68,31,
2020,3rse-fbp6,spin,71,69,18,
2020,3rse-fbp6,spin,71,70,49,
2020,3rse-fbp6,spin,71,71,1264,
2020,3rse-fbp6,spin,71,72,27,
2020,3rse-fbp6,spin,71,73,25,
2020,3rse-fbp6,spin,71,74,2,
2020,3rse-fbp6,spin,72,,1,
2020,3rse-fbp6,spin,72,49,1,
2020,3rse-fbp6,spin,72,51,3,
2020,3rse-fbp6,spin,72,66,3,
2020,3rse-fbp6,spin,72,68,1,
2020,3rse-fbp6,spin,72,70,3,
2020,3rse-fbp6,spin,72,71,7,
2020,3rse-fbp6,spin,72,72,23,
2020,3rse-fbp6,spin,72,73,7,
2020,3rse-fbp6,spin,72,75,5,
2020,3rse-fbp6,spin,73,,2,
2020,3rse-fbp6,spin,73,40,1,
2020,3rse-fbp6,spin,73,43,3,
2020,3rse-fbp6,spin,73,44,5,
2020,3rse-fbp6,spin,73,46,1,
2020,3rse-fbp6,spin,73,49,48,
2020,3rse-fbp6,spin,73,50,2,
2020,3rse-fbp6,spin,73,53,4,
2020,3rse-fbp6,spin,73,67,8,
2020,3rse-fbp6,spin,73,68,7,
2020,3rse-fbp6,spin,73,69,3,
2020,3rse-fbp6,spin,73,70,4,
2020,3rse-fbp6,spin,73,71,35,
2020,3rse-fbp6,spin,73,72,15,
2020,3rse-fbp6,spin,73,73,517,
2020,3rse-fbp6,spin,73,75,4,
2020,3rse-fbp6,spin,74,74,1,
2020,3rse-fbp6,spin,75,44,1,
2020,3rse-fbp6,spin,75,46,1,
2020,3rse-fbp6,spin,75,49,24,
2020,3rse-fbp6,spin,75,53,21,
2020,3rse-fbp6,spin,75,66,1,
2020,3rse-fbp6,spin,75,72,5,
2020,3rse-fbp6,spin,75,73,3,
2020,3rse-fbp6,spin,75,75,111,
2020,3rse-fbp6,spin,76,76,1,
2020,3rse-fbp6,spin,77,,1,
2020,3rse-fbp6,spin,77,1,395,
2020,3rse-fbp6,spin,77,2,98,
2020,3rse-fbp6,spin,77,3,698,
2020,3rse-fbp6,spin,77,4,266,
2020,3rse-fbp6,spin,77,5,38,
2020,3rse-fbp6,spin,77,6,177,
2020,3rse-fbp6,spin,77,7,22,
2020,3rse-fbp6,spin,77,8,16,
2020,3rse-fbp6,spin,77,11,1,
2020,3rse-fbp6,spin,77,13,8,
2020,3rse-fbp6,spin,77,14,13,
2020,3rse-fbp6,spin,77,16,5,
2020,3rse-fbp6,spin,77,17,1,
2020,3rse-fbp6,spin,77,21,3,
2020,3rse-fbp6,spin,77,22,6,
2020,3rse-fbp6,spin,77,77,4676,
2022,2i5w-ykuw,Lime,,,38,
2022,2i5w-ykuw,Lime,,1,46,
2022,2i5w-ykuw,Lime,,2,52,
2022,2i5w-ykuw,Lime,,3,4,
2022,2i5w-ykuw,Lime,,4,3,
2022,2i5w-ykuw,Lime,,5,1,
2022,2i5w-ykuw,Lime,,6,6,
2022,2i5w-ykuw,Lime,,7,9,
2022,2i5w-ykuw,Lime,,8,1,
2022,2i5w-ykuw,Lime,,9,7,
2022,2i5w-ykuw,Lime,,10,15,
2022,2i5w-ykuw,Lime,,11,6,
2022,2i5w-ykuw,Lime,,12,9,
2022,2i5w-ykuw,Lime,,13,15,
2022,2i5w-ykuw,Lime,,14,11,
2022,2i5w-ykuw,Lime,,15,28,
2022,2i5w-ykuw,Lime,,16,6,
2022,2i5w-ykuw,Lime,,17,61,
2022,2i5w-ykuw,Lime,,18,15,
2022,2i5w-ykuw,Lime,,19,59,
2022,2i5w-ykuw,Lime,,20,6,
2022,2i5w-ykuw,Lime,,21,1,
2022,2i5w-ykuw,Lime,,22,4,
2022,2i5w-ykuw,Lime,,23,8,
2022,2i5w-ykuw,Lime,,24,5,
2022,2i5w-ykuw,Lime,,25,109,
2022,2i5w-ykuw,Lime,,26,6,
2022,2i5w-ykuw,Lime,,27,8,
2022,2i5w-ykuw,Lime,,28,5,
2022,2i5w-ykuw,Lime,,29,15,
2022,2i5w-ykuw,Lime,,30,10,
2022,2i5w-ykuw,Lime,,41,2,
2022,2i5w-ykuw,Lime,,42,2,
2022,2i5w-ykuw,Lime,,43,2,
2022,2i5w-ykuw,Lime,,44,3,
2022,2i5w-ykuw,Lime,,46,1,
2022,2i5w-ykuw,Lime,,49,7,
2022,2i5w-ykuw,Lime,,52,8,
2022,2i5w-ykuw,Lime,,53,18,
2022,2i5w-ykuw,Lime,,54,4,
2022,2i5w-ykuw,Lime,,55,1,
2022,2i5w-ykuw,Lime,,56,29,
2022,2i5w-ykuw,Lime,,57,6,
2022,2i5w-ykuw,Lime,,58,4,
2022,2i5w-ykuw,Lime,,62,2,
2022,2i5w-ykuw,Lime,,63,1,
2022,2i5w-ykuw,Lime,,64,10,
2022,2i5w-ykuw,Lime,,65,27,
2022,2i5w-ykuw,Lime,,66,17,
2022,2i5w-ykuw,Lime,,68,1,
2022,2i5w-ykuw,Lime,,69,2,
2022,2i5w-ykuw,Lime,,70,29,
2022,2i5w-ykuw,Lime,,71,12,
2022,2i5w-ykuw,Lime,,72,12,
2022,2i5w-ykuw,Lime,,73,3,
2022,2i5w-ykuw,Lime,,74,7,
2022,2i5w-ykuw,Lime,,75,2,
2022,2i5w-ykuw,Lime,,76,5,
2022,2i5w-ykuw,Lime,,77,5,
2022,2i5w-ykuw,Lime,1,,54,
2022,2i5w-ykuw,Lime,1,1,8552,
2022,2i5w-ykuw,Lime,1,2,1238,
2022,2i5w-ykuw,Lime,1,3,279,
2022,2i5w-ykuw,Lime,1,4,91,
2022,2i5w-ykuw,Lime,1,5,15,
2022,2i5w-ykuw,Lime,1,6,110,
2022,2i5w-ykuw,Lime,1,7,25,
2022,2i5w-ykuw,Lime,1,8,17,
2022,2i5w-ykuw,Lime,1,11,3,
2022,2i5w-ykuw,Lime,1,12,4,
2022,2i5w-ykuw,Lime,1,13,33,
2022,2i5w-ykuw,Lime,1,14,27,
2022,2i5w-ykuw,Lime,1,15,2,
2022,2i5w-ykuw,Lime,1,16,5,
2022,2i5w-ykuw,Lime,1,18,1,
2022,2i5w-ykuw,Lime,1,20,2,
2022,2i5w-ykuw,Lime,1,21,7,
2022,2i5w-ykuw,Lime,1,22,13,
2022,2i5w-ykuw,Lime,1,23,6,
2022,2i5w-ykuw,Lime,1,24,11,
2022,2i5w-ykuw,Lime,1,27,1,
2022,2i5w-ykuw,Lime,1,28,3,
2022,2i5w-ykuw,Lime,1,32,2,
2022,2i5w-ykuw,Lime,1,68,1,
2022,2i5w-ykuw,Lime,1,77,1508,
2022,2i5w-ykuw,Lime,2,,66,
2022,2i5w-ykuw,Lime,2,1,1041,
2022,2i5w-ykuw,Lime,2,2,4055,
2022,2i5w-ykuw,Lime,2,3,95,
2022,2i5w-ykuw,Lime,2,4,407,
2022,2i5w-ykuw,Lime,2,5,36,
2022,2i5w-ykuw,Lime,2,6,56,
2022,2i5w-ykuw,Lime,2,7,17,
2022,2i5w-ykuw,Lime,2,8,1,
2022,2i5w-ykuw,Lime,2,10,1,
2022,2i5w-ykuw,Lime,2,11,13,
2022,2i5w-ykuw,Lime,2,12,10,
2022,2i5w-ykuw,Lime,2,13,335,
2022,2i5w-ykuw,Lime,2,14,115,
2022,2i5w-ykuw,Lime,2,15,3,
2022,2i5w-ykuw,Lime,2,16,31,
2022,2i5w-ykuw,Lime,2,17,2,
2022,2i5w-ykuw,Lime,2,19,2,
2022,2i5w-ykuw,Lime,2,20,2,
2022,2i5w-ykuw,Lime,2,21,24,
2022,2i5w-ykuw,Lime,2,22,15,
2022,2i5w-ykuw,Lime,2,23,14,
2022,2i5w-ykuw,Lime,2,24,9,
2022,2i5w-ykuw,Lime,2,26,1,
2022,2i5w-ykuw,Lime,2,29,2,
2022,2i5w-ykuw,Lime,2,40,1,
2022,2i5w-ykuw,Lime,2,77,444,
2022,2i5w-ykuw,Lime,3,,7,
2022,2i5w-ykuw,Lime,3,1,271,
2022,2i5w-ykuw,Lime,3,2,133,
2022,2i5w-ykuw,Lime,3,3,8288,
2022,2i5w-ykuw,Lime,3,4,972,
2022,2i5w-ykuw,Lime,3,5,316,
2022,2i5w-ykuw,Lime,3,6,3374,
2022,2i5w-ykuw,Lime,3,7,414,
2022,2i5w-ykuw,Lime,3,8,60,
2022,2i5w-ykuw,Lime,3,10,3,
2022,2i5w-ykuw,Lime,3,11,8,
2022,2i5w-ykuw,Lime,3,12,5,
2022,2i5w-ykuw,Lime,3,13,51,
2022,2i5w-ykuw,Lime,3,14,121,
2022,2i5w-ykuw,Lime,3,15,22,
2022,2i5w-ykuw,Lime,3,16,62,
2022,2i5w-ykuw,Lime,3,17,2,
2022,2i5w-ykuw,Lime,3,18,1,
2022,2i5w-ykuw,Lime,3,19,10,
2022,2i5w-ykuw,Lime,3,20,11,
2022,2i5w-ykuw,Lime,3,21,101,
2022,2i5w-ykuw,Lime,3,22,68,
2022,2i5w-ykuw,Lime,3,23,6,
2022,2i5w-ykuw,Lime,3,24,85,
2022,2i5w-ykuw,Lime,3,25,3,
2022,2i5w-ykuw,Lime,3,26,2,
2022,2i5w-ykuw,Lime,3,28,17,
2022,2i5w-ykuw,Lime,3,29,2,
2022,2i5w-ykuw,Lime,3,31,3,
2022,2i5w-ykuw,Lime,3,32,11,
2022,2i5w-ykuw,Lime,3,33,1,
2022,2i5w-ykuw,Lime,3,35,1,
2022,2i5w-ykuw,Lime,3,56,1,
2022,2i5w-ykuw,Lime,3,58,1,
2022,2i5w-ykuw,Lime,3,71,2,
2022,2i5w-ykuw,Lime,3,77,2090,
2022,2i5w-ykuw,Lime,4,,3,
2022,2i5w-ykuw,Lime,4,1,109,
2022,2i5w-ykuw,Lime,4,2,428,
2022,2i5w-ykuw,Lime,4,3,960,
2022,2i5w-ykuw,Lime,4,4,4166,
2022,2i5w-ykuw,Lime,4,5,645,
2022,2i5w-ykuw,Lime,4,6,655,
2022,2i5w-ykuw,Lime,4,7,111,
2022,2i5w-ykuw,Lime,4,8,25,
2022,2i5w-ykuw,Lime,4,9,1,
2022,2i5w-ykuw,Lime,4,10,6,
2022,2i5w-ykuw,Lime,4,11,6,
2022,2i5w-ykuw,Lime,4,12,4,
2022,2i5w-ykuw,Lime,4,13,137,
2022,2i5w-ykuw,Lime,4,14,458,
2022,2i5w-ykuw,Lime,4,15,26,
2022,2i5w-ykuw,Lime,4,16,160,
2022,2i5w-ykuw,Lime,4,17,6,
2022,2i5w-ykuw,Lime,4,19,5,
2022,2i5w-ykuw,Lime,4,20,5,
2022,2i5w-ykuw,Lime,4,21,69,
2022,2i5w-ykuw,Lime,4,22,86,
2022,2i5w-ykuw,Lime,4,23,6,
2022,2i5w-ykuw,Lime,4,24,60,
2022,2i5w-ykuw,Lime,4,25,5,
2022,2i5w-ykuw,Lime,4,28,7,
2022,2i5w-ykuw,Lime,4,29,3,
2022,2i5w-ykuw,Lime,4,30,2,
2022,2i5w-ykuw,Lime,4,31,1,
2022,2i5w-ykuw,Lime,4,32,1,
2022,2i5w-ykuw,Lime,4,76,1,
2022,2i5w-ykuw,Lime,4,77,543,
2022,2i5w-ykuw,Lime,5,,1,
2022,2i5w-ykuw,Lime,5,1,20,
2022,2i5w-ykuw,Lime,5,2,42,
2022,2i5w-ykuw,Lime,5,3,315,
2022,2i5w-ykuw,Lime,5,4,765,
2022,2i5w-ykuw,Lime,5,5,3795,
2022,2i5w-ykuw,Lime,5,6,2160,
2022,2i5w-ykuw,Lime,5,7,557,
2022,2i5w-ykuw,Lime,5,8,58,
2022,2i5w-ykuw,Lime,5,9,1,
2022,2i5w-ykuw,Lime,5,11,3,
2022,2i5w-ykuw,Lime,5,12,3,
2022,2i5w-ykuw,Lime,5,13,22,
2022,2i5w-ykuw,Lime,5,14,136,
2022,2i5w-ykuw,Lime,5,15,46,
2022,2i5w-ykuw,Lime,5,16,419,
2022,2i5w-ykuw,Lime,5,17,10,
2022,2i5w-ykuw,Lime,5,18,6,
2022,2i5w-ykuw,Lime,5,19,37,
2022,2i5w-ykuw,Lime,5,20,27,
2022,2i5w-ykuw,Lime,5,21,451,
2022,2i5w-ykuw,Lime,5,22,512,
2022,2i5w-ykuw,Lime,5,23,29,
2022,2i5w-ykuw,Lime,5,24,234,
2022,2i5w-ykuw,Lime,5,25,6,
2022,2i5w-ykuw,Lime,5,26,1,
2022,2i5w-ykuw,Lime,5,27,12,
2022,2i5w-ykuw,Lime,5,28,34,
2022,2i5w-ykuw,Lime,5,29,5,
2022,2i5w-ykuw,Lime,5,30,1,
2022,2i5w-ykuw,Lime,5,31,5,
2022,2i5w-ykuw,Lime,5,32,6,
2022,2i5w-ykuw,Lime,5,33,1,
2022,2i5w-ykuw,Lime,5,34,1,
2022,2i5w-ykuw,Lime,5,41,1,
2022,2i5w-ykuw,Lime,5,56,1,
2022,2i5w-ykuw,Lime,5,58,2,
2022,2i5w-ykuw,Lime,5,68,1,
2022,2i5w-ykuw,Lime,5,77,116,
2022,2i5w-ykuw,Lime,6,,11,
2022,2i5w-ykuw,Lime,6,1,143,
2022,2i5w-ykuw,Lime,6,2,74,
2022,2i5w-ykuw,Lime,6,3,3374,
2022,2i5w-ykuw,Lime,6,4,635,
2022,2i5w-ykuw,Lime,6,5,2509,
2022,2i5w-ykuw,Lime,6,6,27180,
2022,2i5w-ykuw,Lime,6,7,6845,
2022,2i5w-ykuw,Lime,6,8,633,
2022,2i5w-ykuw,Lime,6,10,8,
2022,2i5w-ykuw,Lime,6,11,7,
2022,2i5w-ykuw,Lime,6,12,2,
2022,2i5w-ykuw,Lime,6,13,12,
2022,2i5w-ykuw,Lime,6,14,132,
2022,2i5w-ykuw,Lime,6,15,39,
2022,2i5w-ykuw,Lime,6,16,272,
2022,2i5w-ykuw,Lime,6,17,7,
2022,2i5w-ykuw,Lime,6,18,5,
2022,2i5w-ykuw,Lime,6,19,62,
2022,2i5w-ykuw,Lime,6,20,37,
2022,2i5w-ykuw,Lime,6,21,370,
2022,2i5w-ykuw,Lime,6,22,657,
2022,2i5w-ykuw,Lime,6,23,71,
2022,2i5w-ykuw,Lime,6,24,668,
2022,2i5w-ykuw,Lime,6,25,9,
2022,2i5w-ykuw,Lime,6,26,1,
2022,2i5w-ykuw,Lime,6,27,7,
2022,2i5w-ykuw,Lime,6,28,123,
2022,2i5w-ykuw,Lime,6,29,8,
2022,2i5w-ykuw,Lime,6,30,1,
2022,2i5w-ykuw,Lime,6,31,5,
2022,2i5w-ykuw,Lime,6,32,73,
2022,2i5w-ykuw,Lime,6,33,5,
2022,2i5w-ykuw,Lime,6,34,2,
2022,2i5w-ykuw,Lime,6,35,2,
2022,2i5w-ykuw,Lime,6,38,1,
2022,2i5w-ykuw,Lime,6,42,1,
2022,2i5w-ykuw,Lime,6,57,1,
2022,2i5w-ykuw,Lime,6,58,1,
2022,2i5w-ykuw,Lime,6,60,1,
2022,2i5w-ykuw,Lime,6,61,2,
2022,2i5w-ykuw,Lime,6,73,1,
2022,2i5w-ykuw,Lime,6,76,1,
2022,2i5w-ykuw,Lime,6,77,717,
2022,2i5w-ykuw,Lime,7,,23,
2022,2i5w-ykuw,Lime,7,1,47,
2022,2i5w-ykuw,Lime,7,2,15,
2022,2i5w-ykuw,Lime,7,3,435,
2022,2i5w-ykuw,Lime,7,4,111,
2022,2i5w-ykuw,Lime,7,5,643,
2022,2i5w-ykuw,Lime,7,6,7135,
2022,2i5w-ykuw,Lime,7,7,25879,
2022,2i5w-ykuw,Lime,7,8,2733,
2022,2i5w-ykuw,Lime,7,10,6,
2022,2i5w-ykuw,Lime,7,11,1,
2022,2i5w-ykuw,Lime,7,12,2,
2022,2i5w-ykuw,Lime,7,13,5,
2022,2i5w-ykuw,Lime,7,14,40,
2022,2i5w-ykuw,Lime,7,15,18,
2022,2i5w-ykuw,Lime,7,16,87,
2022,2i5w-ykuw,Lime,7,17,5,
2022,2i5w-ykuw,Lime,7,18,8,
2022,2i5w-ykuw,Lime,7,19,50,
2022,2i5w-ykuw,Lime,7,20,68,
2022,2i5w-ykuw,Lime,7,21,157,
2022,2i5w-ykuw,Lime,7,22,1464,
2022,2i5w-ykuw,Lime,7,23,119,
2022,2i5w-ykuw,Lime,7,24,1394,
2022,2i5w-ykuw,Lime,7,25,23,
2022,2i5w-ykuw,Lime,7,26,2,
2022,2i5w-ykuw,Lime,7,27,8,
2022,2i5w-ykuw,Lime,7,28,286,
2022,2i5w-ykuw,Lime,7,29,13,
2022,2i5w-ykuw,Lime,7,30,2,
2022,2i5w-ykuw,Lime,7,31,12,
2022,2i5w-ykuw,Lime,7,32,360,
2022,2i5w-ykuw,Lime,7,33,10,
2022,2i5w-ykuw,Lime,7,34,2,
2022,2i5w-ykuw,Lime,7,35,2,
2022,2i5w-ykuw,Lime,7,37,2,
2022,2i5w-ykuw,Lime,7,41,1,
2022,2i5w-ykuw,Lime,7,49,1,
2022,2i5w-ykuw,Lime,7,59,3,
2022,2i5w-ykuw,Lime,7,60,2,
2022,2i5w-ykuw,Lime,7,61,3,
2022,2i5w-ykuw,Lime,7,62,1,
2022,2i5w-ykuw,Lime,7,65,1,
2022,2i5w-ykuw,Lime,7,66,4,
2022,2i5w-ykuw,Lime,7,67,1,
2022,2i5w-ykuw,Lime,7,76,1,
2022,2i5w-ykuw,Lime,7,77,113,
2022,2i5w-ykuw,Lime,8,,2,
2022,2i5w-ykuw,Lime,8,1,18,
2022,2i5w-ykuw,Lime,8,2,1,
2022,2i5w-ykuw,Lime,8,3,50,
2022,2i5w-ykuw,Lime,8,4,39,
2022,2i5w-ykuw,Lime,8,5,34,
2022,2i5w-ykuw,Lime,8,6,462,
2022,2i5w-ykuw,Lime,8,7,1609,
2022,2i5w-ykuw,Lime,8,8,5295,
2022,2i5w-ykuw,Lime,8,10,1,
2022,2i5w-ykuw,Lime,8,14,7,
2022,2i5w-ykuw,Lime,8,15,6,
2022,2i5w-ykuw,Lime,8,16,5,
2022,2i5w-ykuw,Lime,8,19,8,
2022,2i5w-ykuw,Lime,8,20,9,
2022,2i5w-ykuw,Lime,8,21,17,
2022,2i5w-ykuw,Lime,8,22,181,
2022,2i5w-ykuw,Lime,8,23,52,
2022,2i5w-ykuw,Lime,8,24,768,
2022,2i5w-ykuw,Lime,8,25,17,
2022,2i5w-ykuw,Lime,8,26,9,
2022,2i5w-ykuw,Lime,8,27,5,
2022,2i5w-ykuw,Lime,8,28,464,
2022,2i5w-ykuw,Lime,8,29,12,
2022,2i5w-ykuw,Lime,8,30,5,
2022,2i5w-ykuw,Lime,8,31,38,
2022,2i5w-ykuw,Lime,8,32,957,
2022,2i5w-ykuw,Lime,8,33,50,
2022,2i5w-ykuw,Lime,8,34,11,
2022,2i5w-ykuw,Lime,8,35,8,
2022,2i5w-ykuw,Lime,8,38,6,
2022,2i5w-ykuw,Lime,8,40,1,
2022,2i5w-ykuw,Lime,8,41,3,
2022,2i5w-ykuw,Lime,8,43,1,
2022,2i5w-ykuw,Lime,8,57,2,
2022,2i5w-ykuw,Lime,8,58,2,
2022,2i5w-ykuw,Lime,8,59,4,
2022,2i5w-ykuw,Lime,8,60,15,
2022,2i5w-ykuw,Lime,8,61,2,
2022,2i5w-ykuw,Lime,8,66,1,
2022,2i5w-ykuw,Lime,8,67,1,
2022,2i5w-ykuw,Lime,8,71,5,
2022,2i5w-ykuw,Lime,8,77,29,
2022,2i5w-ykuw,Lime,9,,5,
2022,2i5w-ykuw,Lime,9,6,1,
2022,2i5w-ykuw,Lime,9,9,161,
2022,2i5w-ykuw,Lime,9,10,53,
2022,2i5w-ykuw,Lime,9,11,9,
2022,2i5w-ykuw,Lime,9,12,2,
2022,2i5w-ykuw,Lime,9,13,2,
2022,2i5w-ykuw,Lime,9,14,14,
2022,2i5w-ykuw,Lime,9,15,3,
2022,2i5w-ykuw,Lime,9,16,1,
2022,2i5w-ykuw,Lime,9,17,1,
2022,2i5w-ykuw,Lime,9,18,2,
2022,2i5w-ykuw,Lime,9,19,1,
2022,2i5w-ykuw,Lime,9,24,1,
2022,2i5w-ykuw,Lime,9,25,2,
2022,2i5w-ykuw,Lime,9,76,1,
2022,2i5w-ykuw,Lime,10,,16,
2022,2i5w-ykuw,Lime,10,1,1,
2022,2i5w-ykuw,Lime,10,3,11,
2022,2i5w-ykuw,Lime,10,4,2,
2022,2i5w-ykuw,Lime,10,6,1,
2022,2i5w-ykuw,Lime,10,7,1,
2022,2i5w-ykuw,Lime,10,9,79,
2022,2i5w-ykuw,Lime,10,10,607,
2022,2i5w-ykuw,Lime,10,11,99,
2022,2i5w-ykuw,Lime,10,12,27,
2022,2i5w-ykuw,Lime,10,13,6,
2022,2i5w-ykuw,Lime,10,14,17,
2022,2i5w-ykuw,Lime,10,15,78,
2022,2i5w-ykuw,Lime,10,16,3,
2022,2i5w-ykuw,Lime,10,17,22,
2022,2i5w-ykuw,Lime,10,19,5,
2022,2i5w-ykuw,Lime,10,20,1,
2022,2i5w-ykuw,Lime,10,23,2,
2022,2i5w-ykuw,Lime,10,24,3,
2022,2i5w-ykuw,Lime,10,25,2,
2022,2i5w-ykuw,Lime,10,76,5,
2022,2i5w-ykuw,Lime,11,,4,
2022,2i5w-ykuw,Lime,11,1,3,
2022,2i5w-ykuw,Lime,11,2,6,
2022,2i5w-ykuw,Lime,11,3,7,
2022,2i5w-ykuw,Lime,11,4,9,
2022,2i5w-ykuw,Lime,11,6,6,
2022,2i5w-ykuw,Lime,11,7,2,
2022,2i5w-ykuw,Lime,11,9,9,
2022,2i5w-ykuw,Lime,11,10,124,
2022,2i5w-ykuw,Lime,11,11,561,
2022,2i5w-ykuw,Lime,11,12,53,
2022,2i5w-ykuw,Lime,11,13,20,
2022,2i5w-ykuw,Lime,11,14,70,
2022,2i5w-ykuw,Lime,11,15,282,
2022,2i5w-ykuw,Lime,11,16,71,
2022,2i5w-ykuw,Lime,11,17,17,
2022,2i5w-ykuw,Lime,11,18,3,
2022,2i5w-ykuw,Lime,11,19,36,
2022,2i5w-ykuw,Lime,11,20,11,
2022,2i5w-ykuw,Lime,11,21,8,
2022,2i5w-ykuw,Lime,11,22,5,
2022,2i5w-ykuw,Lime,11,23,5,
2022,2i5w-ykuw,Lime,11,24,3,
2022,2i5w-ykuw,Lime,11,25,4,
2022,2i5w-ykuw,Lime,11,28,1,
2022,2i5w-ykuw,Lime,11,32,1,
2022,2i5w-ykuw,Lime,11,76,1,
2022,2i5w-ykuw,Lime,11,77,1,
2022,2i5w-ykuw,Lime,12,,5,
2022,2i5w-ykuw,Lime,12,1,1,
2022,2i5w-ykuw,Lime,12,2,13,
2022,2i5w-ykuw,Lime,12,3,1,
2022,2i5w-ykuw,Lime,12,4,4,
2022,2i5w-ykuw,Lime,12,5,2,
2022,2i5w-ykuw,Lime,12,9,3,
2022,2i5w-ykuw,Lime,12,10,19,
2022,2i5w-ykuw,Lime,12,11,41,
2022,2i5w-ykuw,Lime,12,12,149,
2022,2i5w-ykuw,Lime,12,13,25,
2022,2i5w-ykuw,Lime,12,14,44,
2022,2i5w-ykuw,Lime,12,15,29,
2022,2i5w-ykuw,Lime,12,16,20,
2022,2i5w-ykuw,Lime,12,17,2,
2022,2i5w-ykuw,Lime,12,19,18,
2022,2i5w-ykuw,Lime,12,20,2,
2022,2i5w-ykuw,Lime,12,21,1,
2022,2i5w-ykuw,Lime,12,22,2,
2022,2i5w-ykuw,Lime,12,25,2,
2022,2i5w-ykuw,Lime,12,28,1,
2022,2i5w-ykuw,Lime,12,77,2,
2022,2i5w-ykuw,Lime,13,,22,
2022,2i5w-ykuw,Lime,13,1,28,
2022,2i5w-ykuw,Lime,13,2,315,
2022,2i5w-ykuw,Lime,13,3,17,
2022,2i5w-ykuw,Lime,13,4,140,
2022,2i5w-ykuw,Lime,13,5,18,
2022,2i5w-ykuw,Lime,13,6,12,
2022,2i5w-ykuw,Lime,13,7,3,
2022,2i5w-ykuw,Lime,13,8,2,
2022,2i5w-ykuw,Lime,13,9,2,
2022,2i5w-ykuw,Lime,13,10,8,
2022,2i5w-ykuw,Lime,13,11,19,
2022,2i5w-ykuw,Lime,13,12,30,
2022,2i5w-ykuw,Lime,13,13,965,
2022,2i5w-ykuw,Lime,13,14,365,
2022,2i5w-ykuw,Lime,13,15,41,
2022,2i5w-ykuw,Lime,13,16,80,
2022,2i5w-ykuw,Lime,13,17,3,
2022,2i5w-ykuw,Lime,13,19,5,
2022,2i5w-ykuw,Lime,13,20,10,
2022,2i5w-ykuw,Lime,13,21,29,
2022,2i5w-ykuw,Lime,13,22,24,
2022,2i5w-ykuw,Lime,13,23,13,
2022,2i5w-ykuw,Lime,13,24,11,
2022,2i5w-ykuw,Lime,13,25,4,
2022,2i5w-ykuw,Lime,13,26,2,
2022,2i5w-ykuw,Lime,13,27,1,
2022,2i5w-ykuw,Lime,13,30,1,
2022,2i5w-ykuw,Lime,13,76,1,
2022,2i5w-ykuw,Lime,13,77,61,
2022,2i5w-ykuw,Lime,14,,6,
2022,2i5w-ykuw,Lime,14,1,15,
2022,2i5w-ykuw,Lime,14,2,116,
2022,2i5w-ykuw,Lime,14,3,117,
2022,2i5w-ykuw,Lime,14,4,359,
2022,2i5w-ykuw,Lime,14,5,115,
2022,2i5w-ykuw,Lime,14,6,83,
2022,2i5w-ykuw,Lime,14,7,59,
2022,2i5w-ykuw,Lime,14,8,7,
2022,2i5w-ykuw,Lime,14,9,10,
2022,2i5w-ykuw,Lime,14,10,38,
2022,2i5w-ykuw,Lime,14,11,120,
2022,2i5w-ykuw,Lime,14,12,47,
2022,2i5w-ykuw,Lime,14,13,434,
2022,2i5w-ykuw,Lime,14,14,3327,
2022,2i5w-ykuw,Lime,14,15,130,
2022,2i5w-ykuw,Lime,14,16,969,
2022,2i5w-ykuw,Lime,14,17,22,
2022,2i5w-ykuw,Lime,14,18,1,
2022,2i5w-ykuw,Lime,14,19,39,
2022,2i5w-ykuw,Lime,14,20,30,
2022,2i5w-ykuw,Lime,14,21,176,
2022,2i5w-ykuw,Lime,14,22,84,
2022,2i5w-ykuw,Lime,14,23,51,
2022,2i5w-ykuw,Lime,14,24,22,
2022,2i5w-ykuw,Lime,14,25,24,
2022,2i5w-ykuw,Lime,14,26,1,
2022,2i5w-ykuw,Lime,14,27,2,
2022,2i5w-ykuw,Lime,14,28,1,
2022,2i5w-ykuw,Lime,14,29,2,
2022,2i5w-ykuw,Lime,14,30,2,
2022,2i5w-ykuw,Lime,14,31,1,
2022,2i5w-ykuw,Lime,14,32,3,
2022,2i5w-ykuw,Lime,14,34,1,
2022,2i5w-ykuw,Lime,14,59,1,
2022,2i5w-ykuw,Lime,14,60,1,
2022,2i5w-ykuw,Lime,14,77,32,
2022,2i5w-ykuw,Lime,15,,28,
2022,2i5w-ykuw,Lime,15,1,2,
2022,2i5w-ykuw,Lime,15,2,6,
2022,2i5w-ykuw,Lime,15,3,16,
2022,2i5w-ykuw,Lime,15,4,25,
2022,2i5w-ykuw,Lime,15,5,14,
2022,2i5w-ykuw,Lime,15,6,32,
2022,2i5w-ykuw,Lime,15,7,14,
2022,2i5w-ykuw,Lime,15,8,6,
2022,2i5w-ykuw,Lime,15,9,7,
2022,2i5w-ykuw,Lime,15,10,113,
2022,2i5w-ykuw,Lime,15,11,283,
2022,2i5w-ykuw,Lime,15,12,49,
2022,2i5w-ykuw,Lime,15,13,21,
2022,2i5w-ykuw,Lime,15,14,101,
2022,2i5w-ykuw,Lime,15,15,4112,
2022,2i5w-ykuw,Lime,15,16,617,
2022,2i5w-ykuw,Lime,15,17,447,
2022,2i5w-ykuw,Lime,15,18,31,
2022,2i5w-ykuw,Lime,15,19,916,
2022,2i5w-ykuw,Lime,15,20,140,
2022,2i5w-ykuw,Lime,15,21,201,
2022,2i5w-ykuw,Lime,15,22,125,
2022,2i5w-ykuw,Lime,15,23,44,
2022,2i5w-ykuw,Lime,15,24,40,
2022,2i5w-ykuw,Lime,15,25,100,
2022,2i5w-ykuw,Lime,15,26,1,
2022,2i5w-ykuw,Lime,15,27,6,
2022,2i5w-ykuw,Lime,15,28,3,
2022,2i5w-ykuw,Lime,15,29,5,
2022,2i5w-ykuw,Lime,15,76,5,
2022,2i5w-ykuw,Lime,16,,11,
2022,2i5w-ykuw,Lime,16,1,8,
2022,2i5w-ykuw,Lime,16,2,27,
2022,2i5w-ykuw,Lime,16,3,68,
2022,2i5w-ykuw,Lime,16,4,166,
2022,2i5w-ykuw,Lime,16,5,332,
2022,2i5w-ykuw,Lime,16,6,212,
2022,2i5w-ykuw,Lime,16,7,73,
2022,2i5w-ykuw,Lime,16,8,16,
2022,2i5w-ykuw,Lime,16,9,2,
2022,2i5w-ykuw,Lime,16,10,22,
2022,2i5w-ykuw,Lime,16,11,70,
2022,2i5w-ykuw,Lime,16,12,39,
2022,2i5w-ykuw,Lime,16,13,102,
2022,2i5w-ykuw,Lime,16,14,968,
2022,2i5w-ykuw,Lime,16,15,668,
2022,2i5w-ykuw,Lime,16,16,3863,
2022,2i5w-ykuw,Lime,16,17,55,
2022,2i5w-ykuw,Lime,16,18,13,
2022,2i5w-ykuw,Lime,16,19,334,
2022,2i5w-ykuw,Lime,16,20,193,
2022,2i5w-ykuw,Lime,16,21,838,
2022,2i5w-ykuw,Lime,16,22,362,
2022,2i5w-ykuw,Lime,16,23,90,
2022,2i5w-ykuw,Lime,16,24,75,
2022,2i5w-ykuw,Lime,16,25,37,
2022,2i5w-ykuw,Lime,16,26,7,
2022,2i5w-ykuw,Lime,16,27,8,
2022,2i5w-ykuw,Lime,16,28,3,
2022,2i5w-ykuw,Lime,16,29,4,
2022,2i5w-ykuw,Lime,16,30,2,
2022,2i5w-ykuw,Lime,16,31,3,
2022,2i5w-ykuw,Lime,16,32,4,
2022,2i5w-ykuw,Lime,16,60,1,
2022,2i5w-ykuw,Lime,16,65,1,
2022,2i5w-ykuw,Lime,16,76,1,
2022,2i5w-ykuw,Lime,16,77,21,
2022,2i5w-ykuw,Lime,17,,59,
2022,2i5w-ykuw,Lime,17,2,3,
2022,2i5w-ykuw,Lime,17,3,3,
2022,2i5w-ykuw,Lime,17,4,3,
2022,2i5w-ykuw,Lime,17,5,3,
2022,2i5w-ykuw,Lime,17,6,3,
2022,2i5w-ykuw,Lime,17,7,7,
2022,2i5w-ykuw,Lime,17,9,1,
2022,2i5w-ykuw,Lime,17,10,39,
2022,2i5w-ykuw,Lime,17,11,26,
2022,2i5w-ykuw,Lime,17,12,3,
2022,2i5w-ykuw,Lime,17,13,5,
2022,2i5w-ykuw,Lime,17,14,13,
2022,2i5w-ykuw,Lime,17,15,383,
2022,2i5w-ykuw,Lime,17,16,50,
2022,2i5w-ykuw,Lime,17,17,1471,
2022,2i5w-ykuw,Lime,17,18,133,
2022,2i5w-ykuw,Lime,17,19,290,
2022,2i5w-ykuw,Lime,17,20,18,
2022,2i5w-ykuw,Lime,17,21,32,
2022,2i5w-ykuw,Lime,17,22,15,
2022,2i5w-ykuw,Lime,17,23,12,
2022,2i5w-ykuw,Lime,17,24,6,
2022,2i5w-ykuw,Lime,17,25,36,
2022,2i5w-ykuw,Lime,17,27,2,
2022,2i5w-ykuw,Lime,17,28,1,
2022,2i5w-ykuw,Lime,17,29,1,
2022,2i5w-ykuw,Lime,17,76,9,
2022,2i5w-ykuw,Lime,18,,17,
2022,2i5w-ykuw,Lime,18,4,2,
2022,2i5w-ykuw,Lime,18,5,1,
2022,2i5w-ykuw,Lime,18,7,5,
2022,2i5w-ykuw,Lime,18,9,3,
2022,2i5w-ykuw,Lime,18,14,1,
2022,2i5w-ykuw,Lime,18,15,32,
2022,2i5w-ykuw,Lime,18,16,13,
2022,2i5w-ykuw,Lime,18,17,161,
2022,2i5w-ykuw,Lime,18,18,560,
2022,2i5w-ykuw,Lime,18,19,436,
2022,2i5w-ykuw,Lime,18,20,23,
2022,2i5w-ykuw,Lime,18,21,12,
2022,2i5w-ykuw,Lime,18,22,24,
2022,2i5w-ykuw,Lime,18,23,7,
2022,2i5w-ykuw,Lime,18,24,5,
2022,2i5w-ykuw,Lime,18,25,74,
2022,2i5w-ykuw,Lime,18,26,2,
2022,2i5w-ykuw,Lime,18,27,1,
2022,2i5w-ykuw,Lime,18,28,1,
2022,2i5w-ykuw,Lime,19,,53,
2022,2i5w-ykuw,Lime,19,1,4,
2022,2i5w-ykuw,Lime,19,2,3,
2022,2i5w-ykuw,Lime,19,3,9,
2022,2i5w-ykuw,Lime,19,4,12,
2022,2i5w-ykuw,Lime,19,5,12,
2022,2i5w-ykuw,Lime,19,6,45,
2022,2i5w-ykuw,Lime,19,7,54,
2022,2i5w-ykuw,Lime,19,8,12,
2022,2i5w-ykuw,Lime,19,9,1,
2022,2i5w-ykuw,Lime,19,10,11,
2022,2i5w-ykuw,Lime,19,11,52,
2022,2i5w-ykuw,Lime,19,12,16,
2022,2i5w-ykuw,Lime,19,13,7,
2022,2i5w-ykuw,Lime,19,14,56,
2022,2i5w-ykuw,Lime,19,15,954,
2022,2i5w-ykuw,Lime,19,16,310,
2022,2i5w-ykuw,Lime,19,17,338,
2022,2i5w-ykuw,Lime,19,18,512,
2022,2i5w-ykuw,Lime,19,19,12220,
2022,2i5w-ykuw,Lime,19,20,968,
2022,2i5w-ykuw,Lime,19,21,318,
2022,2i5w-ykuw,Lime,19,22,680,
2022,2i5w-ykuw,Lime,19,23,393,
2022,2i5w-ykuw,Lime,19,24,99,
2022,2i5w-ykuw,Lime,19,25,1244,
2022,2i5w-ykuw,Lime,19,26,10,
2022,2i5w-ykuw,Lime,19,27,23,
2022,2i5w-ykuw,Lime,19,28,15,
2022,2i5w-ykuw,Lime,19,29,14,
2022,2i5w-ykuw,Lime,19,30,3,
2022,2i5w-ykuw,Lime,19,31,5,
2022,2i5w-ykuw,Lime,19,32,1,
2022,2i5w-ykuw,Lime,19,34,2,
2022,2i5w-ykuw,Lime,19,35,1,
2022,2i5w-ykuw,Lime,19,57,1,
2022,2i5w-ykuw,Lime,19,59,6,
2022,2i5w-ykuw,Lime,19,65,1,
2022,2i5w-ykuw,Lime,19,67,1,
2022,2i5w-ykuw,Lime,19,69,1,
2022,2i5w-ykuw,Lime,19,76,9,
2022,2i5w-ykuw,Lime,19,77,3,
2022,2i5w-ykuw,Lime,20,,4,
2022,2i5w-ykuw,Lime,20,2,2,
2022,2i5w-ykuw,Lime,20,3,9,
2022,2i5w-ykuw,Lime,20,4,13,
2022,2i5w-ykuw,Lime,20,5,18,
2022,2i5w-ykuw,Lime,20,6,32,
2022,2i5w-ykuw,Lime,20,7,53,
2022,2i5w-ykuw,Lime,20,8,13,
2022,2i5w-ykuw,Lime,20,10,2,
2022,2i5w-ykuw,Lime,20,11,10,
2022,2i5w-ykuw,Lime,20,12,4,
2022,2i5w-ykuw,Lime,20,13,4,
2022,2i5w-ykuw,Lime,20,14,52,
2022,2i5w-ykuw,Lime,20,15,139,
2022,2i5w-ykuw,Lime,20,16,194,
2022,2i5w-ykuw,Lime,20,17,13,
2022,2i5w-ykuw,Lime,20,18,16,
2022,2i5w-ykuw,Lime,20,19,1043,
2022,2i5w-ykuw,Lime,20,20,2621,
2022,2i5w-ykuw,Lime,20,21,250,
2022,2i5w-ykuw,Lime,20,22,1104,
2022,2i5w-ykuw,Lime,20,23,786,
2022,2i5w-ykuw,Lime,20,24,194,
2022,2i5w-ykuw,Lime,20,25,173,
2022,2i5w-ykuw,Lime,20,26,33,
2022,2i5w-ykuw,Lime,20,27,18,
2022,2i5w-ykuw,Lime,20,28,10,
2022,2i5w-ykuw,Lime,20,29,25,
2022,2i5w-ykuw,Lime,20,30,30,
2022,2i5w-ykuw,Lime,20,31,1,
2022,2i5w-ykuw,Lime,20,32,2,
2022,2i5w-ykuw,Lime,20,56,1,
2022,2i5w-ykuw,Lime,20,58,1,
2022,2i5w-ykuw,Lime,20,59,1,
2022,2i5w-ykuw,Lime,20,61,1,
2022,2i5w-ykuw,Lime,20,63,2,
2022,2i5w-ykuw,Lime,20,66,1,
2022,2i5w-ykuw,Lime,20,76,1,
2022,2i5w-ykuw,Lime,20,77,12,
2022,2i5w-ykuw,Lime,21,,4,
2022,2i5w-ykuw,Lime,21,1,4,
2022,2i5w-ykuw,Lime,21,2,28,
2022,2i5w-ykuw,Lime,21,3,66,
2022,2i5w-ykuw,Lime,21,4,65,
2022,2i5w-ykuw,Lime,21,5,379,
2022,2i5w-ykuw,Lime,21,6,284,
2022,2i5w-ykuw,Lime,21,7,105,
2022,2i5w-ykuw,Lime,21,8,16,
2022,2i5w-ykuw,Lime,21,9,1,
2022,2i5w-ykuw,Lime,21,10,3,
2022,2i5w-ykuw,Lime,21,11,8,
2022,2i5w-ykuw,Lime,21,12,7,
2022,2i5w-ykuw,Lime,21,13,25,
2022,2i5w-ykuw,Lime,21,14,203,
2022,2i5w-ykuw,Lime,21,15,282,
2022,2i5w-ykuw,Lime,21,16,880,
2022,2i5w-ykuw,Lime,21,17,46,
2022,2i5w-ykuw,Lime,21,18,13,
2022,2i5w-ykuw,Lime,21,19,410,
2022,2i5w-ykuw,Lime,21,20,325,
2022,2i5w-ykuw,Lime,21,21,3665,
2022,2i5w-ykuw,Lime,21,22,1641,
2022,2i5w-ykuw,Lime,21,23,213,
2022,2i5w-ykuw,Lime,21,24,262,
2022,2i5w-ykuw,Lime,21,25,55,
2022,2i5w-ykuw,Lime,21,26,3,
2022,2i5w-ykuw,Lime,21,27,34,
2022,2i5w-ykuw,Lime,21,28,14,
2022,2i5w-ykuw,Lime,21,29,12,
2022,2i5w-ykuw,Lime,21,30,5,
2022,2i5w-ykuw,Lime,21,31,4,
2022,2i5w-ykuw,Lime,21,32,7,
2022,2i5w-ykuw,Lime,21,34,1,
2022,2i5w-ykuw,Lime,21,58,1,
2022,2i5w-ykuw,Lime,21,62,1,
2022,2i5w-ykuw,Lime,21,66,2,
2022,2i5w-ykuw,Lime,21,77,31,
2022,2i5w-ykuw,Lime,22,,4,
2022,2i5w-ykuw,Lime,22,1,17,
2022,2i5w-ykuw,Lime,22,2,19,
2022,2i5w-ykuw,Lime,22,3,104,
2022,2i5w-ykuw,Lime,22,4,126,
2022,2i5w-ykuw,Lime,22,5,600,
2022,2i5w-ykuw,Lime,22,6,811,
2022,2i5w-ykuw,Lime,22,7,1523,
2022,2i5w-ykuw,Lime,22,8,188,
2022,2i5w-ykuw,Lime,22,9,1,
2022,2i5w-ykuw,Lime,22,10,5,
2022,2i5w-ykuw,Lime,22,11,17,
2022,2i5w-ykuw,Lime,22,12,7,
2022,2i5w-ykuw,Lime,22,13,22,
2022,2i5w-ykuw,Lime,22,14,97,
2022,2i5w-ykuw,Lime,22,15,176,
2022,2i5w-ykuw,Lime,22,16,540,
2022,2i5w-ykuw,Lime,22,17,37,
2022,2i5w-ykuw,Lime,22,18,33,
2022,2i5w-ykuw,Lime,22,19,867,
2022,2i5w-ykuw,Lime,22,20,1160,
2022,2i5w-ykuw,Lime,22,21,1992,
2022,2i5w-ykuw,Lime,22,22,18997,
2022,2i5w-ykuw,Lime,22,23,1635,
2022,2i5w-ykuw,Lime,22,24,5340,
2022,2i5w-ykuw,Lime,22,25,155,
2022,2i5w-ykuw,Lime,22,26,14,
2022,2i5w-ykuw,Lime,22,27,87,
2022,2i5w-ykuw,Lime,22,28,238,
2022,2i5w-ykuw,Lime,22,29,51,
2022,2i5w-ykuw,Lime,22,30,17,
2022,2i5w-ykuw,Lime,22,31,37,
2022,2i5w-ykuw,Lime,22,32,28,
2022,2i5w-ykuw,Lime,22,34,1,
2022,2i5w-ykuw,Lime,22,38,1,
2022,2i5w-ykuw,Lime,22,58,4,
2022,2i5w-ykuw,Lime,22,59,4,
2022,2i5w-ykuw,Lime,22,60,6,
2022,2i5w-ykuw,Lime,22,61,4,
2022,2i5w-ykuw,Lime,22,62,3,
2022,2i5w-ykuw,Lime,22,66,4,
2022,2i5w-ykuw,Lime,22,67,1,
2022,2i5w-ykuw,Lime,22,69,1,
2022,2i5w-ykuw,Lime,22,77,39,
2022,2i5w-ykuw,Lime,23,,10,
2022,2i5w-ykuw,Lime,23,1,3,
2022,2i5w-ykuw,Lime,23,2,19,
2022,2i5w-ykuw,Lime,23,3,9,
2022,2i5w-ykuw,Lime,23,4,13,
2022,2i5w-ykuw,Lime,23,5,46,
2022,2i5w-ykuw,Lime,23,6,81,
2022,2i5w-ykuw,Lime,23,7,69,
2022,2i5w-ykuw,Lime,23,8,77,
2022,2i5w-ykuw,Lime,23,11,16,
2022,2i5w-ykuw,Lime,23,13,11,
2022,2i5w-ykuw,Lime,23,14,68,
2022,2i5w-ykuw,Lime,23,15,57,
2022,2i5w-ykuw,Lime,23,16,120,
2022,2i5w-ykuw,Lime,23,17,17,
2022,2i5w-ykuw,Lime,23,18,11,
2022,2i5w-ykuw,Lime,23,19,466,
2022,2i5w-ykuw,Lime,23,20,740,
2022,2i5w-ykuw,Lime,23,21,250,
2022,2i5w-ykuw,Lime,23,22,1600,
2022,2i5w-ykuw,Lime,23,23,10870,
2022,2i5w-ykuw,Lime,23,24,2009,
2022,2i5w-ykuw,Lime,23,25,1066,
2022,2i5w-ykuw,Lime,23,26,310,
2022,2i5w-ykuw,Lime,23,27,649,
2022,2i5w-ykuw,Lime,23,28,254,
2022,2i5w-ykuw,Lime,23,29,197,
2022,2i5w-ykuw,Lime,23,30,43,
2022,2i5w-ykuw,Lime,23,31,20,
2022,2i5w-ykuw,Lime,23,32,20,
2022,2i5w-ykuw,Lime,23,33,1,
2022,2i5w-ykuw,Lime,23,34,2,
2022,2i5w-ykuw,Lime,23,35,5,
2022,2i5w-ykuw,Lime,23,38,1,
2022,2i5w-ykuw,Lime,23,39,1,
2022,2i5w-ykuw,Lime,23,40,1,
2022,2i5w-ykuw,Lime,23,57,2,
2022,2i5w-ykuw,Lime,23,58,7,
2022,2i5w-ykuw,Lime,23,59,3,
2022,2i5w-ykuw,Lime,23,60,1,
2022,2i5w-ykuw,Lime,23,61,4,
2022,2i5w-ykuw,Lime,23,62,2,
2022,2i5w-ykuw,Lime,23,63,1,
2022,2i5w-ykuw,Lime,23,64,1,
2022,2i5w-ykuw,Lime,23,65,1,
2022,2i5w-ykuw,Lime,23,66,4,
2022,2i5w-ykuw,Lime,23,67,1,
2022,2i5w-ykuw,Lime,23,68,1,
2022,2i5w-ykuw,Lime,23,69,3,
2022,2i5w-ykuw,Lime,23,73,1,
2022,2i5w-ykuw,Lime,23,77,5,
2022,2i5w-ykuw,Lime,24,,11,
2022,2i5w-ykuw,Lime,24,1,21,
2022,2i5w-ykuw,Lime,24,2,15,
2022,2i5w-ykuw,Lime,24,3,88,
2022,2i5w-ykuw,Lime,24,4,61,
2022,2i5w-ykuw,Lime,24,5,296,
2022,2i5w-ykuw,Lime,24,6,753,
2022,2i5w-ykuw,Lime,24,7,1454,
2022,2i5w-ykuw,Lime,24,8,1288,
2022,2i5w-ykuw,Lime,24,10,5,
2022,2i5w-ykuw,Lime,24,11,8,
2022,2i5w-ykuw,Lime,24,12,2,
2022,2i5w-ykuw,Lime,24,13,6,
2022,2i5w-ykuw,Lime,24,14,40,
2022,2i5w-ykuw,Lime,24,15,112,
2022,2i5w-ykuw,Lime,24,16,74,
2022,2i5w-ykuw,Lime,24,17,14,
2022,2i5w-ykuw,Lime,24,18,12,
2022,2i5w-ykuw,Lime,24,19,140,
2022,2i5w-ykuw,Lime,24,20,219,
2022,2i5w-ykuw,Lime,24,21,362,
2022,2i5w-ykuw,Lime,24,22,6432,
2022,2i5w-ykuw,Lime,24,23,2530,
2022,2i5w-ykuw,Lime,24,24,34966,
2022,2i5w-ykuw,Lime,24,25,276,
2022,2i5w-ykuw,Lime,24,26,59,
2022,2i5w-ykuw,Lime,24,27,264,
2022,2i5w-ykuw,Lime,24,28,2526,
2022,2i5w-ykuw,Lime,24,29,145,
2022,2i5w-ykuw,Lime,24,30,101,
2022,2i5w-ykuw,Lime,24,31,137,
2022,2i5w-ykuw,Lime,24,32,310,
2022,2i5w-ykuw,Lime,24,33,27,
2022,2i5w-ykuw,Lime,24,34,17,
2022,2i5w-ykuw,Lime,24,35,2,
2022,2i5w-ykuw,Lime,24,37,1,
2022,2i5w-ykuw,Lime,24,39,3,
2022,2i5w-ykuw,Lime,24,41,3,
2022,2i5w-ykuw,Lime,24,42,3,
2022,2i5w-ykuw,Lime,24,43,1,
2022,2i5w-ykuw,Lime,24,44,1,
2022,2i5w-ykuw,Lime,24,51,1,
2022,2i5w-ykuw,Lime,24,56,2,
2022,2i5w-ykuw,Lime,24,57,1,
2022,2i5w-ykuw,Lime,24,58,37,
2022,2i5w-ykuw,Lime,24,59,66,
2022,2i5w-ykuw,Lime,24,60,23,
2022,2i5w-ykuw,Lime,24,61,18,
2022,2i5w-ykuw,Lime,24,62,1,
2022,2i5w-ykuw,Lime,24,63,2,
2022,2i5w-ykuw,Lime,24,65,1,
2022,2i5w-ykuw,Lime,24,66,12,
2022,2i5w-ykuw,Lime,24,67,8,
2022,2i5w-ykuw,Lime,24,68,1,
2022,2i5w-ykuw,Lime,24,69,3,
2022,2i5w-ykuw,Lime,24,70,2,
2022,2i5w-ykuw,Lime,24,77,39,
2022,2i5w-ykuw,Lime,25,,139,
2022,2i5w-ykuw,Lime,25,1,1,
2022,2i5w-ykuw,Lime,25,2,2,
2022,2i5w-ykuw,Lime,25,3,15,
2022,2i5w-ykuw,Lime,25,4,5,
2022,2i5w-ykuw,Lime,25,5,4,
2022,2i5w-ykuw,Lime,25,6,14,
2022,2i5w-ykuw,Lime,25,7,15,
2022,2i5w-ykuw,Lime,25,8,10,
2022,2i5w-ykuw,Lime,25,9,4,
2022,2i5w-ykuw,Lime,25,10,3,
2022,2i5w-ykuw,Lime,25,11,14,
2022,2i5w-ykuw,Lime,25,13,3,
2022,2i5w-ykuw,Lime,25,14,24,
2022,2i5w-ykuw,Lime,25,15,80,
2022,2i5w-ykuw,Lime,25,16,32,
2022,2i5w-ykuw,Lime,25,17,48,
2022,2i5w-ykuw,Lime,25,18,64,
2022,2i5w-ykuw,Lime,25,19,1121,
2022,2i5w-ykuw,Lime,25,20,138,
2022,2i5w-ykuw,Lime,25,21,16,
2022,2i5w-ykuw,Lime,25,22,137,
2022,2i5w-ykuw,Lime,25,23,987,
2022,2i5w-ykuw,Lime,25,24,179,
2022,2i5w-ykuw,Lime,25,25,14306,
2022,2i5w-ykuw,Lime,25,26,593,
2022,2i5w-ykuw,Lime,25,27,242,
2022,2i5w-ykuw,Lime,25,28,86,
2022,2i5w-ykuw,Lime,25,29,307,
2022,2i5w-ykuw,Lime,25,30,24,
2022,2i5w-ykuw,Lime,25,31,11,
2022,2i5w-ykuw,Lime,25,32,9,
2022,2i5w-ykuw,Lime,25,34,1,
2022,2i5w-ykuw,Lime,25,39,1,
2022,2i5w-ykuw,Lime,25,40,1,
2022,2i5w-ykuw,Lime,25,42,1,
2022,2i5w-ykuw,Lime,25,44,2,
2022,2i5w-ykuw,Lime,25,58,5,
2022,2i5w-ykuw,Lime,25,59,2,
2022,2i5w-ykuw,Lime,25,60,1,
2022,2i5w-ykuw,Lime,25,61,10,
2022,2i5w-ykuw,Lime,25,62,1,
2022,2i5w-ykuw,Lime,25,63,6,
2022,2i5w-ykuw,Lime,25,66,3,
2022,2i5w-ykuw,Lime,25,68,2,
2022,2i5w-ykuw,Lime,25,69,2,
2022,2i5w-ykuw,Lime,25,70,4,
2022,2i5w-ykuw,Lime,25,71,3,
2022,2i5w-ykuw,Lime,25,77,2,
2022,2i5w-ykuw,Lime,26,,9,
2022,2i5w-ykuw,Lime,26,5,1,
2022,2i5w-ykuw,Lime,26,6,3,
2022,2i5w-ykuw,Lime,26,7,2,
2022,2i5w-ykuw,Lime,26,8,1,
2022,2i5w-ykuw,Lime,26,12,1,
2022,2i5w-ykuw,Lime,26,13,2,
2022,2i5w-ykuw,Lime,26,14,3,
2022,2i5w-ykuw,Lime,26,16,11,
2022,2i5w-ykuw,Lime,26,17,3,
2022,2i5w-ykuw,Lime,26,18,1,
2022,2i5w-ykuw,Lime,26,19,14,
2022,2i5w-ykuw,Lime,26,20,18,
2022,2i5w-ykuw,Lime,26,21,1,
2022,2i5w-ykuw,Lime,26,22,17,
2022,2i5w-ykuw,Lime,26,23,298,
2022,2i5w-ykuw,Lime,26,24,49,
2022,2i5w-ykuw,Lime,26,25,673,
2022,2i5w-ykuw,Lime,26,26,4544,
2022,2i5w-ykuw,Lime,26,27,380,
2022,2i5w-ykuw,Lime,26,28,84,
2022,2i5w-ykuw,Lime,26,29,451,
2022,2i5w-ykuw,Lime,26,30,41,
2022,2i5w-ykuw,Lime,26,31,4,
2022,2i5w-ykuw,Lime,26,32,7,
2022,2i5w-ykuw,Lime,26,33,1,
2022,2i5w-ykuw,Lime,26,38,1,
2022,2i5w-ykuw,Lime,26,39,1,
2022,2i5w-ykuw,Lime,26,43,1,
2022,2i5w-ykuw,Lime,26,57,2,
2022,2i5w-ykuw,Lime,26,58,3,
2022,2i5w-ykuw,Lime,26,59,1,
2022,2i5w-ykuw,Lime,26,61,6,
2022,2i5w-ykuw,Lime,26,63,1,
2022,2i5w-ykuw,Lime,26,66,1,
2022,2i5w-ykuw,Lime,26,68,1,
2022,2i5w-ykuw,Lime,26,72,1,
2022,2i5w-ykuw,Lime,26,77,1,
2022,2i5w-ykuw,Lime,27,,11,
2022,2i5w-ykuw,Lime,27,1,16,
2022,2i5w-ykuw,Lime,27,3,1,
2022,2i5w-ykuw,Lime,27,5,5,
2022,2i5w-ykuw,Lime,27,6,5,
2022,2i5w-ykuw,Lime,27,7,4,
2022,2i5w-ykuw,Lime,27,8,4,
2022,2i5w-ykuw,Lime,27,11,1,
2022,2i5w-ykuw,Lime,27,13,1,
2022,2i5w-ykuw,Lime,27,14,3,
2022,2i5w-ykuw,Lime,27,15,4,
2022,2i5w-ykuw,Lime,27,16,2,
2022,2i5w-ykuw,Lime,27,17,2,
2022,2i5w-ykuw,Lime,27,18,3,
2022,2i5w-ykuw,Lime,27,19,29,
2022,2i5w-ykuw,Lime,27,20,9,
2022,2i5w-ykuw,Lime,27,21,26,
2022,2i5w-ykuw,Lime,27,22,50,
2022,2i5w-ykuw,Lime,27,23,610,
2022,2i5w-ykuw,Lime,27,24,195,
2022,2i5w-ykuw,Lime,27,25,300,
2022,2i5w-ykuw,Lime,27,26,394,
2022,2i5w-ykuw,Lime,27,27,3781,
2022,2i5w-ykuw,Lime,27,28,535,
2022,2i5w-ykuw,Lime,27,29,674,
2022,2i5w-ykuw,Lime,27,30,59,
2022,2i5w-ykuw,Lime,27,31,21,
2022,2i5w-ykuw,Lime,27,32,20,
2022,2i5w-ykuw,Lime,27,33,6,
2022,2i5w-ykuw,Lime,27,43,1,
2022,2i5w-ykuw,Lime,27,56,2,
2022,2i5w-ykuw,Lime,27,58,14,
2022,2i5w-ykuw,Lime,27,59,2,
2022,2i5w-ykuw,Lime,27,60,3,
2022,2i5w-ykuw,Lime,27,61,2,
2022,2i5w-ykuw,Lime,27,63,3,
2022,2i5w-ykuw,Lime,27,65,1,
2022,2i5w-ykuw,Lime,27,66,1,
2022,2i5w-ykuw,Lime,27,67,2,
2022,2i5w-ykuw,Lime,27,68,2,
2022,2i5w-ykuw,Lime,27,69,1,
2022,2i5w-ykuw,Lime,27,70,1,
2022,2i5w-ykuw,Lime,27,71,4,
2022,2i5w-ykuw,Lime,27,77,1,
2022,2i5w-ykuw,Lime,28,,6,
2022,2i5w-ykuw,Lime,28,1,4,
2022,2i5w-ykuw,Lime,28,2,2,
2022,2i5w-ykuw,Lime,28,3,20,
2022,2i5w-ykuw,Lime,28,4,8,
2022,2i5w-ykuw,Lime,28,5,19,
2022,2i5w-ykuw,Lime,28,6,120,
2022,2i5w-ykuw,Lime,28,7,162,
2022,2i5w-ykuw,Lime,28,8,498,
2022,2i5w-ykuw,Lime,28,11,1,
2022,2i5w-ykuw,Lime,28,14,3,
2022,2i5w-ykuw,Lime,28,15,6,
2022,2i5w-ykuw,Lime,28,16,5,
2022,2i5w-ykuw,Lime,28,17,2,
2022,2i5w-ykuw,Lime,28,19,11,
2022,2i5w-ykuw,Lime,28,20,7,
2022,2i5w-ykuw,Lime,28,21,17,
2022,2i5w-ykuw,Lime,28,22,183,
2022,2i5w-ykuw,Lime,28,23,223,
2022,2i5w-ykuw,Lime,28,24,1806,
2022,2i5w-ykuw,Lime,28,25,73,
2022,2i5w-ykuw,Lime,28,26,90,
2022,2i5w-ykuw,Lime,28,27,615,
2022,2i5w-ykuw,Lime,28,28,7795,
2022,2i5w-ykuw,Lime,28,29,398,
2022,2i5w-ykuw,Lime,28,30,138,
2022,2i5w-ykuw,Lime,28,31,313,
2022,2i5w-ykuw,Lime,28,32,562,
2022,2i5w-ykuw,Lime,28,33,82,
2022,2i5w-ykuw,Lime,28,34,35,
2022,2i5w-ykuw,Lime,28,35,11,
2022,2i5w-ykuw,Lime,28,36,1,
2022,2i5w-ykuw,Lime,28,37,2,
2022,2i5w-ykuw,Lime,28,38,4,
2022,2i5w-ykuw,Lime,28,39,8,
2022,2i5w-ykuw,Lime,28,40,1,
2022,2i5w-ykuw,Lime,28,41,3,
2022,2i5w-ykuw,Lime,28,42,2,
2022,2i5w-ykuw,Lime,28,43,3,
2022,2i5w-ykuw,Lime,28,44,3,
2022,2i5w-ykuw,Lime,28,48,1,
2022,2i5w-ykuw,Lime,28,51,1,
2022,2i5w-ykuw,Lime,28,56,14,
2022,2i5w-ykuw,Lime,28,57,6,
2022,2i5w-ykuw,Lime,28,58,57,
2022,2i5w-ykuw,Lime,28,59,63,
2022,2i5w-ykuw,Lime,28,60,71,
2022,2i5w-ykuw,Lime,28,61,34,
2022,2i5w-ykuw,Lime,28,62,2,
2022,2i5w-ykuw,Lime,28,63,8,
2022,2i5w-ykuw,Lime,28,64,3,
2022,2i5w-ykuw,Lime,28,65,1,
2022,2i5w-ykuw,Lime,28,66,7,
2022,2i5w-ykuw,Lime,28,67,17,
2022,2i5w-ykuw,Lime,28,68,1,
2022,2i5w-ykuw,Lime,28,69,3,
2022,2i5w-ykuw,Lime,28,70,5,
2022,2i5w-ykuw,Lime,28,71,3,
2022,2i5w-ykuw,Lime,28,73,1,
2022,2i5w-ykuw,Lime,28,77,10,
2022,2i5w-ykuw,Lime,29,,38,
2022,2i5w-ykuw,Lime,29,4,2,
2022,2i5w-ykuw,Lime,29,5,22,
2022,2i5w-ykuw,Lime,29,6,3,
2022,2i5w-ykuw,Lime,29,7,5,
2022,2i5w-ykuw,Lime,29,8,12,
2022,2i5w-ykuw,Lime,29,13,1,
2022,2i5w-ykuw,Lime,29,14,6,
2022,2i5w-ykuw,Lime,29,15,9,
2022,2i5w-ykuw,Lime,29,16,4,
2022,2i5w-ykuw,Lime,29,19,15,
2022,2i5w-ykuw,Lime,29,20,9,
2022,2i5w-ykuw,Lime,29,21,5,
2022,2i5w-ykuw,Lime,29,22,30,
2022,2i5w-ykuw,Lime,29,23,177,
2022,2i5w-ykuw,Lime,29,24,106,
2022,2i5w-ykuw,Lime,29,25,258,
2022,2i5w-ykuw,Lime,29,26,462,
2022,2i5w-ykuw,Lime,29,27,642,
2022,2i5w-ykuw,Lime,29,28,334,
2022,2i5w-ykuw,Lime,29,29,6441,
2022,2i5w-ykuw,Lime,29,30,540,
2022,2i5w-ykuw,Lime,29,31,108,
2022,2i5w-ykuw,Lime,29,32,17,
2022,2i5w-ykuw,Lime,29,33,7,
2022,2i5w-ykuw,Lime,29,34,7,
2022,2i5w-ykuw,Lime,29,35,6,
2022,2i5w-ykuw,Lime,29,38,4,
2022,2i5w-ykuw,Lime,29,40,2,
2022,2i5w-ykuw,Lime,29,43,1,
2022,2i5w-ykuw,Lime,29,44,3,
2022,2i5w-ykuw,Lime,29,56,3,
2022,2i5w-ykuw,Lime,29,57,12,
2022,2i5w-ykuw,Lime,29,58,15,
2022,2i5w-ykuw,Lime,29,59,7,
2022,2i5w-ykuw,Lime,29,60,16,
2022,2i5w-ykuw,Lime,29,61,18,
2022,2i5w-ykuw,Lime,29,62,3,
2022,2i5w-ykuw,Lime,29,63,9,
2022,2i5w-ykuw,Lime,29,64,1,
2022,2i5w-ykuw,Lime,29,65,2,
2022,2i5w-ykuw,Lime,29,66,15,
2022,2i5w-ykuw,Lime,29,67,5,
2022,2i5w-ykuw,Lime,29,68,1,
2022,2i5w-ykuw,Lime,29,69,3,
2022,2i5w-ykuw,Lime,29,70,6,
2022,2i5w-ykuw,Lime,29,71,2,
2022,2i5w-ykuw,Lime,29,73,1,
2022,2i5w-ykuw,Lime,30,,16,
2022,2i5w-ykuw,Lime,30,1,1,
2022,2i5w-ykuw,Lime,30,3,1,
2022,2i5w-ykuw,Lime,30,4,7,
2022,2i5w-ykuw,Lime,30,5,3,
2022,2i5w-ykuw,Lime,30,6,3,
2022,2i5w-ykuw,Lime,30,7,4,
2022,2i5w-ykuw,Lime,30,8,6,
2022,2i5w-ykuw,Lime,30,13,3,
2022,2i5w-ykuw,Lime,30,19,6,
2022,2i5w-ykuw,Lime,30,20,17,
2022,2i5w-ykuw,Lime,30,21,3,
2022,2i5w-ykuw,Lime,30,22,13,
2022,2i5w-ykuw,Lime,30,23,36,
2022,2i5w-ykuw,Lime,30,24,47,
2022,2i5w-ykuw,Lime,30,25,30,
2022,2i5w-ykuw,Lime,30,26,26,
2022,2i5w-ykuw,Lime,30,27,63,
2022,2i5w-ykuw,Lime,30,28,134,
2022,2i5w-ykuw,Lime,30,29,515,
2022,2i5w-ykuw,Lime,30,30,4867,
2022,2i5w-ykuw,Lime,30,31,432,
2022,2i5w-ykuw,Lime,30,32,14,
2022,2i5w-ykuw,Lime,30,33,8,
2022,2i5w-ykuw,Lime,30,34,12,
2022,2i5w-ykuw,Lime,30,35,9,
2022,2i5w-ykuw,Lime,30,38,1,
2022,2i5w-ykuw,Lime,30,40,1,
2022,2i5w-ykuw,Lime,30,43,3,
2022,2i5w-ykuw,Lime,30,44,1,
2022,2i5w-ykuw,Lime,30,49,1,
2022,2i5w-ykuw,Lime,30,56,6,
2022,2i5w-ykuw,Lime,30,57,44,
2022,2i5w-ykuw,Lime,30,58,163,
2022,2i5w-ykuw,Lime,30,59,37,
2022,2i5w-ykuw,Lime,30,60,56,
2022,2i5w-ykuw,Lime,30,61,37,
2022,2i5w-ykuw,Lime,30,62,28,
2022,2i5w-ykuw,Lime,30,63,48,
2022,2i5w-ykuw,Lime,30,64,3,
2022,2i5w-ykuw,Lime,30,65,20,
2022,2i5w-ykuw,Lime,30,66,46,
2022,2i5w-ykuw,Lime,30,67,5,
2022,2i5w-ykuw,Lime,30,68,2,
2022,2i5w-ykuw,Lime,30,69,1,
2022,2i5w-ykuw,Lime,30,70,5,
2022,2i5w-ykuw,Lime,30,71,2,
2022,2i5w-ykuw,Lime,30,72,1,
2022,2i5w-ykuw,Lime,30,73,2,
2022,2i5w-ykuw,Lime,31,,1,
2022,2i5w-ykuw,Lime,31,3,1,
2022,2i5w-ykuw,Lime,31,4,2,
2022,2i5w-ykuw,Lime,31,5,1,
2022,2i5w-ykuw,Lime,31,6,3,
2022,2i5w-ykuw,Lime,31,7,6,
2022,2i5w-ykuw,Lime,31,8,17,
2022,2i5w-ykuw,Lime,31,13,1,
2022,2i5w-ykuw,Lime,31,14,1,
2022,2i5w-ykuw,Lime,31,16,3,
2022,2i5w-ykuw,Lime,31,19,4,
2022,2i5w-ykuw,Lime,31,22,7,
2022,2i5w-ykuw,Lime,31,23,7,
2022,2i5w-ykuw,Lime,31,24,77,
2022,2i5w-ykuw,Lime,31,25,14,
2022,2i5w-ykuw,Lime,31,26,4,
2022,2i5w-ykuw,Lime,31,27,17,
2022,2i5w-ykuw,Lime,31,28,246,
2022,2i5w-ykuw,Lime,31,29,107,
2022,2i5w-ykuw,Lime,31,30,443,
2022,2i5w-ykuw,Lime,31,31,1771,
2022,2i5w-ykuw,Lime,31,32,35,
2022,2i5w-ykuw,Lime,31,33,35,
2022,2i5w-ykuw,Lime,31,34,29,
2022,2i5w-ykuw,Lime,31,35,5,
2022,2i5w-ykuw,Lime,31,38,2,
2022,2i5w-ykuw,Lime,31,39,3,
2022,2i5w-ykuw,Lime,31,43,1,
2022,2i5w-ykuw,Lime,31,56,5,
2022,2i5w-ykuw,Lime,31,57,7,
2022,2i5w-ykuw,Lime,31,58,95,
2022,2i5w-ykuw,Lime,31,59,120,
2022,2i5w-ykuw,Lime,31,60,115,
2022,2i5w-ykuw,Lime,31,61,48,
2022,2i5w-ykuw,Lime,31,62,7,
2022,2i5w-ykuw,Lime,31,63,23,
2022,2i5w-ykuw,Lime,31,65,6,
2022,2i5w-ykuw,Lime,31,66,30,
2022,2i5w-ykuw,Lime,31,67,14,
2022,2i5w-ykuw,Lime,31,68,2,
2022,2i5w-ykuw,Lime,31,69,1,
2022,2i5w-ykuw,Lime,31,70,3,
2022,2i5w-ykuw,Lime,31,71,2,
2022,2i5w-ykuw,Lime,32,1,2,
2022,2i5w-ykuw,Lime,32,2,1,
2022,2i5w-ykuw,Lime,32,3,8,
2022,2i5w-ykuw,Lime,32,4,4,
2022,2i5w-ykuw,Lime,32,5,3,
2022,2i5w-ykuw,Lime,32,6,29,
2022,2i5w-ykuw,Lime,32,7,124,
2022,2i5w-ykuw,Lime,32,8,785,
2022,2i5w-ykuw,Lime,32,11,2,
2022,2i5w-ykuw,Lime,32,13,1,
2022,2i5w-ykuw,Lime,32,14,2,
2022,2i5w-ykuw,Lime,32,15,2,
2022,2i5w-ykuw,Lime,32,16,3,
2022,2i5w-ykuw,Lime,32,17,1,
2022,2i5w-ykuw,Lime,32,19,5,
2022,2i5w-ykuw,Lime,32,20,1,
2022,2i5w-ykuw,Lime,32,21,3,
2022,2i5w-ykuw,Lime,32,22,8,
2022,2i5w-ykuw,Lime,32,23,11,
2022,2i5w-ykuw,Lime,32,24,122,
2022,2i5w-ykuw,Lime,32,25,6,
2022,2i5w-ykuw,Lime,32,26,4,
2022,2i5w-ykuw,Lime,32,27,5,
2022,2i5w-ykuw,Lime,32,28,431,
2022,2i5w-ykuw,Lime,32,29,13,
2022,2i5w-ykuw,Lime,32,30,11,
2022,2i5w-ykuw,Lime,32,31,41,
2022,2i5w-ykuw,Lime,32,32,2400,
2022,2i5w-ykuw,Lime,32,33,154,
2022,2i5w-ykuw,Lime,32,34,27,
2022,2i5w-ykuw,Lime,32,35,15,
2022,2i5w-ykuw,Lime,32,37,1,
2022,2i5w-ykuw,Lime,32,38,4,
2022,2i5w-ykuw,Lime,32,39,2,
2022,2i5w-ykuw,Lime,32,40,8,
2022,2i5w-ykuw,Lime,32,41,13,
2022,2i5w-ykuw,Lime,32,42,1,
2022,2i5w-ykuw,Lime,32,43,4,
2022,2i5w-ykuw,Lime,32,44,1,
2022,2i5w-ykuw,Lime,32,45,1,
2022,2i5w-ykuw,Lime,32,51,1,
2022,2i5w-ykuw,Lime,32,56,1,
2022,2i5w-ykuw,Lime,32,57,1,
2022,2i5w-ykuw,Lime,32,59,3,
2022,2i5w-ykuw,Lime,32,60,9,
2022,2i5w-ykuw,Lime,32,61,18,
2022,2i5w-ykuw,Lime,32,66,1,
2022,2i5w-ykuw,Lime,32,67,2,
2022,2i5w-ykuw,Lime,32,69,3,
2022,2i5w-ykuw,Lime,32,71,3,
2022,2i5w-ykuw,Lime,32,77,3,
2022,2i5w-ykuw,Lime,33,4,1,
2022,2i5w-ykuw,Lime,33,6,1,
2022,2i5w-ykuw,Lime,33,7,7,
2022,2i5w-ykuw,Lime,33,8,24,
2022,2i5w-ykuw,Lime,33,22,1,
2022,2i5w-ykuw,Lime,33,23,2,
2022,2i5w-ykuw,Lime,33,24,13,
2022,2i5w-ykuw,Lime,33,25,1,
2022,2i5w-ykuw,Lime,33,27,1,
2022,2i5w-ykuw,Lime,33,28,56,
2022,2i5w-ykuw,Lime,33,29,7,
2022,2i5w-ykuw,Lime,33,30,1,
2022,2i5w-ykuw,Lime,33,31,15,
2022,2i5w-ykuw,Lime,33,32,221,
2022,2i5w-ykuw,Lime,33,33,525,
2022,2i5w-ykuw,Lime,33,34,66,
2022,2i5w-ykuw,Lime,33,35,90,
2022,2i5w-ykuw,Lime,33,36,1,
2022,2i5w-ykuw,Lime,33,37,15,
2022,2i5w-ykuw,Lime,33,38,18,
2022,2i5w-ykuw,Lime,33,39,3,
2022,2i5w-ykuw,Lime,33,40,5,
2022,2i5w-ykuw,Lime,33,41,6,
2022,2i5w-ykuw,Lime,33,42,4,
2022,2i5w-ykuw,Lime,33,43,8,
2022,2i5w-ykuw,Lime,33,44,3,
2022,2i5w-ykuw,Lime,33,46,2,
2022,2i5w-ykuw,Lime,33,59,3,
2022,2i5w-ykuw,Lime,33,60,22,
2022,2i5w-ykuw,Lime,33,61,7,
2022,2i5w-ykuw,Lime,33,63,2,
2022,2i5w-ykuw,Lime,33,64,1,
2022,2i5w-ykuw,Lime,33,67,1,
2022,2i5w-ykuw,Lime,33,68,4,
2022,2i5w-ykuw,Lime,33,69,3,
2022,2i5w-ykuw,Lime,33,70,2,
2022,2i5w-ykuw,Lime,33,71,2,
2022,2i5w-ykuw,Lime,34,6,2,
2022,2i5w-ykuw,Lime,34,7,1,
2022,2i5w-ykuw,Lime,34,8,11,
2022,2i5w-ykuw,Lime,34,14,1,
2022,2i5w-ykuw,Lime,34,20,1,
2022,2i5w-ykuw,Lime,34,22,1,
2022,2i5w-ykuw,Lime,34,23,2,
2022,2i5w-ykuw,Lime,34,24,7,
2022,2i5w-ykuw,Lime,34,25,1,
2022,2i5w-ykuw,Lime,34,28,30,
2022,2i5w-ykuw,Lime,34,29,6,
2022,2i5w-ykuw,Lime,34,30,6,
2022,2i5w-ykuw,Lime,34,31,38,
2022,2i5w-ykuw,Lime,34,32,56,
2022,2i5w-ykuw,Lime,34,33,61,
2022,2i5w-ykuw,Lime,34,34,349,
2022,2i5w-ykuw,Lime,34,35,62,
2022,2i5w-ykuw,Lime,34,36,3,
2022,2i5w-ykuw,Lime,34,37,12,
2022,2i5w-ykuw,Lime,34,38,18,
2022,2i5w-ykuw,Lime,34,39,2,
2022,2i5w-ykuw,Lime,34,40,8,
2022,2i5w-ykuw,Lime,34,41,5,
2022,2i5w-ykuw,Lime,34,42,3,
2022,2i5w-ykuw,Lime,34,43,3,
2022,2i5w-ykuw,Lime,34,44,6,
2022,2i5w-ykuw,Lime,34,49,2,
2022,2i5w-ykuw,Lime,34,56,3,
2022,2i5w-ykuw,Lime,34,57,1,
2022,2i5w-ykuw,Lime,34,58,4,
2022,2i5w-ykuw,Lime,34,59,21,
2022,2i5w-ykuw,Lime,34,60,146,
2022,2i5w-ykuw,Lime,34,61,27,
2022,2i5w-ykuw,Lime,34,62,2,
2022,2i5w-ykuw,Lime,34,63,1,
2022,2i5w-ykuw,Lime,34,66,1,
2022,2i5w-ykuw,Lime,34,67,1,
2022,2i5w-ykuw,Lime,34,68,9,
2022,2i5w-ykuw,Lime,34,69,5,
2022,2i5w-ykuw,Lime,34,72,1,
2022,2i5w-ykuw,Lime,34,73,1,
2022,2i5w-ykuw,Lime,35,,1,
2022,2i5w-ykuw,Lime,35,8,8,
2022,2i5w-ykuw,Lime,35,24,3,
2022,2i5w-ykuw,Lime,35,28,14,
2022,2i5w-ykuw,Lime,35,29,7,
2022,2i5w-ykuw,Lime,35,30,3,
2022,2i5w-ykuw,Lime,35,31,6,
2022,2i5w-ykuw,Lime,35,32,23,
2022,2i5w-ykuw,Lime,35,33,87,
2022,2i5w-ykuw,Lime,35,34,63,
2022,2i5w-ykuw,Lime,35,35,705,
2022,2i5w-ykuw,Lime,35,36,63,
2022,2i5w-ykuw,Lime,35,37,14,
2022,2i5w-ykuw,Lime,35,38,260,
2022,2i5w-ykuw,Lime,35,39,48,
2022,2i5w-ykuw,Lime,35,40,27,
2022,2i5w-ykuw,Lime,35,41,34,
2022,2i5w-ykuw,Lime,35,42,25,
2022,2i5w-ykuw,Lime,35,43,21,
2022,2i5w-ykuw,Lime,35,44,11,
2022,2i5w-ykuw,Lime,35,45,1,
2022,2i5w-ykuw,Lime,35,46,1,
2022,2i5w-ykuw,Lime,35,48,5,
2022,2i5w-ykuw,Lime,35,49,7,
2022,2i5w-ykuw,Lime,35,57,2,
2022,2i5w-ykuw,Lime,35,58,3,
2022,2i5w-ykuw,Lime,35,59,12,
2022,2i5w-ykuw,Lime,35,60,70,
2022,2i5w-ykuw,Lime,35,61,22,
2022,2i5w-ykuw,Lime,35,62,1,
2022,2i5w-ykuw,Lime,35,63,1,
2022,2i5w-ykuw,Lime,35,66,9,
2022,2i5w-ykuw,Lime,35,67,5,
2022,2i5w-ykuw,Lime,35,68,17,
2022,2i5w-ykuw,Lime,35,69,11,
2022,2i5w-ykuw,Lime,35,71,4,
2022,2i5w-ykuw,Lime,35,73,4,
2022,2i5w-ykuw,Lime,36,22,1,
2022,2i5w-ykuw,Lime,36,28,2,
2022,2i5w-ykuw,Lime,36,33,5,
2022,2i5w-ykuw,Lime,36,34,3,
2022,2i5w-ykuw,Lime,36,35,56,
2022,2i5w-ykuw,Lime,36,36,225,
2022,2i5w-ykuw,Lime,36,37,1,
2022,2i5w-ykuw,Lime,36,38,75,
2022,2i5w-ykuw,Lime,36,39,59,
2022,2i5w-ykuw,Lime,36,40,16,
2022,2i5w-ykuw,Lime,36,41,30,
2022,2i5w-ykuw,Lime,36,42,5,
2022,2i5w-ykuw,Lime,36,43,6,
2022,2i5w-ykuw,Lime,36,44,4,
2022,2i5w-ykuw,Lime,36,46,3,
2022,2i5w-ykuw,Lime,36,59,1,
2022,2i5w-ykuw,Lime,36,60,1,
2022,2i5w-ykuw,Lime,36,61,13,
2022,2i5w-ykuw,Lime,36,66,12,
2022,2i5w-ykuw,Lime,36,67,2,
2022,2i5w-ykuw,Lime,36,68,5,
2022,2i5w-ykuw,Lime,36,69,7,
2022,2i5w-ykuw,Lime,37,8,2,
2022,2i5w-ykuw,Lime,37,27,1,
2022,2i5w-ykuw,Lime,37,28,3,
2022,2i5w-ykuw,Lime,37,31,3,
2022,2i5w-ykuw,Lime,37,32,3,
2022,2i5w-ykuw,Lime,37,33,8,
2022,2i5w-ykuw,Lime,37,34,8,
2022,2i5w-ykuw,Lime,37,35,11,
2022,2i5w-ykuw,Lime,37,36,1,
2022,2i5w-ykuw,Lime,37,37,234,
2022,2i5w-ykuw,Lime,37,38,100,
2022,2i5w-ykuw,Lime,37,39,32,
2022,2i5w-ykuw,Lime,37,40,59,
2022,2i5w-ykuw,Lime,37,41,32,
2022,2i5w-ykuw,Lime,37,42,13,
2022,2i5w-ykuw,Lime,37,43,8,
2022,2i5w-ykuw,Lime,37,44,11,
2022,2i5w-ykuw,Lime,37,45,2,
2022,2i5w-ykuw,Lime,37,49,1,
2022,2i5w-ykuw,Lime,37,58,2,
2022,2i5w-ykuw,Lime,37,59,1,
2022,2i5w-ykuw,Lime,37,60,10,
2022,2i5w-ykuw,Lime,37,61,141,
2022,2i5w-ykuw,Lime,37,63,3,
2022,2i5w-ykuw,Lime,37,65,1,
2022,2i5w-ykuw,Lime,37,66,11,
2022,2i5w-ykuw,Lime,37,67,18,
2022,2i5w-ykuw,Lime,37,68,61,
2022,2i5w-ykuw,Lime,37,69,19,
2022,2i5w-ykuw,Lime,37,70,2,
2022,2i5w-ykuw,Lime,37,71,6,
2022,2i5w-ykuw,Lime,37,73,1,
2022,2i5w-ykuw,Lime,37,75,2,
2022,2i5w-ykuw,Lime,38,,1,
2022,2i5w-ykuw,Lime,38,8,2,
2022,2i5w-ykuw,Lime,38,23,1,
2022,2i5w-ykuw,Lime,38,24,1,
2022,2i5w-ykuw,Lime,38,26,1,
2022,2i5w-ykuw,Lime,38,27,1,
2022,2i5w-ykuw,Lime,38,28,2,
2022,2i5w-ykuw,Lime,38,29,7,
2022,2i5w-ykuw,Lime,38,31,3,
2022,2i5w-ykuw,Lime,38,32,13,
2022,2i5w-ykuw,Lime,38,33,31,
2022,2i5w-ykuw,Lime,38,34,25,
2022,2i5w-ykuw,Lime,38,35,230,
2022,2i5w-ykuw,Lime,38,36,82,
2022,2i5w-ykuw,Lime,38,37,108,
2022,2i5w-ykuw,Lime,38,38,1762,
2022,2i5w-ykuw,Lime,38,39,323,
2022,2i5w-ykuw,Lime,38,40,361,
2022,2i5w-ykuw,Lime,38,41,229,
2022,2i5w-ykuw,Lime,38,42,51,
2022,2i5w-ykuw,Lime,38,43,45,
2022,2i5w-ykuw,Lime,38,44,16,
2022,2i5w-ykuw,Lime,38,45,2,
2022,2i5w-ykuw,Lime,38,46,1,
2022,2i5w-ykuw,Lime,38,48,1,
2022,2i5w-ykuw,Lime,38,49,4,
2022,2i5w-ykuw,Lime,38,50,1,
2022,2i5w-ykuw,Lime,38,54,1,
2022,2i5w-ykuw,Lime,38,56,1,
2022,2i5w-ykuw,Lime,38,57,1,
2022,2i5w-ykuw,Lime,38,58,2,
2022,2i5w-ykuw,Lime,38,59,3,
2022,2i5w-ykuw,Lime,38,60,20,
2022,2i5w-ykuw,Lime,38,61,69,
2022,2i5w-ykuw,Lime,38,65,1,
2022,2i5w-ykuw,Lime,38,66,10,
2022,2i5w-ykuw,Lime,38,67,13,
2022,2i5w-ykuw,Lime,38,68,70,
2022,2i5w-ykuw,Lime,38,69,31,
2022,2i5w-ykuw,Lime,38,71,10,
2022,2i5w-ykuw,Lime,38,73,3,
2022,2i5w-ykuw,Lime,39,6,1,
2022,2i5w-ykuw,Lime,39,8,4,
2022,2i5w-ykuw,Lime,39,23,1,
2022,2i5w-ykuw,Lime,39,26,1,
2022,2i5w-ykuw,Lime,39,28,4,
2022,2i5w-ykuw,Lime,39,31,1,
2022,2i5w-ykuw,Lime,39,32,5,
2022,2i5w-ykuw,Lime,39,33,6,
2022,2i5w-ykuw,Lime,39,34,4,
2022,2i5w-ykuw,Lime,39,35,56,
2022,2i5w-ykuw,Lime,39,36,62,
2022,2i5w-ykuw,Lime,39,37,33,
2022,2i5w-ykuw,Lime,39,38,320,
2022,2i5w-ykuw,Lime,39,39,1172,
2022,2i5w-ykuw,Lime,39,40,62,
2022,2i5w-ykuw,Lime,39,41,682,
2022,2i5w-ykuw,Lime,39,42,72,
2022,2i5w-ykuw,Lime,39,43,45,
2022,2i5w-ykuw,Lime,39,44,15,
2022,2i5w-ykuw,Lime,39,45,1,
2022,2i5w-ykuw,Lime,39,46,4,
2022,2i5w-ykuw,Lime,39,48,3,
2022,2i5w-ykuw,Lime,39,58,6,
2022,2i5w-ykuw,Lime,39,59,2,
2022,2i5w-ykuw,Lime,39,60,5,
2022,2i5w-ykuw,Lime,39,61,14,
2022,2i5w-ykuw,Lime,39,63,2,
2022,2i5w-ykuw,Lime,39,66,2,
2022,2i5w-ykuw,Lime,39,67,10,
2022,2i5w-ykuw,Lime,39,68,22,
2022,2i5w-ykuw,Lime,39,69,11,
2022,2i5w-ykuw,Lime,39,71,17,
2022,2i5w-ykuw,Lime,39,72,1,
2022,2i5w-ykuw,Lime,40,,2,
2022,2i5w-ykuw,Lime,40,8,22,
2022,2i5w-ykuw,Lime,40,25,1,
2022,2i5w-ykuw,Lime,40,26,1,
2022,2i5w-ykuw,Lime,40,28,2,
2022,2i5w-ykuw,Lime,40,31,1,
2022,2i5w-ykuw,Lime,40,32,5,
2022,2i5w-ykuw,Lime,40,33,8,
2022,2i5w-ykuw,Lime,40,34,10,
2022,2i5w-ykuw,Lime,40,35,39,
2022,2i5w-ykuw,Lime,40,36,13,
2022,2i5w-ykuw,Lime,40,37,61,
2022,2i5w-ykuw,Lime,40,38,328,
2022,2i5w-ykuw,Lime,40,39,52,
2022,2i5w-ykuw,Lime,40,40,1287,
2022,2i5w-ykuw,Lime,40,41,207,
2022,2i5w-ykuw,Lime,40,42,191,
2022,2i5w-ykuw,Lime,40,43,37,
2022,2i5w-ykuw,Lime,40,44,45,
2022,2i5w-ykuw,Lime,40,45,4,
2022,2i5w-ykuw,Lime,40,46,3,
2022,2i5w-ykuw,Lime,40,47,2,
2022,2i5w-ykuw,Lime,40,48,4,
2022,2i5w-ykuw,Lime,40,49,17,
2022,2i5w-ykuw,Lime,40,50,1,
2022,2i5w-ykuw,Lime,40,53,6,
2022,2i5w-ykuw,Lime,40,56,1,
2022,2i5w-ykuw,Lime,40,58,8,
2022,2i5w-ykuw,Lime,40,60,5,
2022,2i5w-ykuw,Lime,40,61,40,
2022,2i5w-ykuw,Lime,40,63,8,
2022,2i5w-ykuw,Lime,40,65,6,
2022,2i5w-ykuw,Lime,40,66,12,
2022,2i5w-ykuw,Lime,40,67,24,
2022,2i5w-ykuw,Lime,40,68,96,
2022,2i5w-ykuw,Lime,40,69,112,
2022,2i5w-ykuw,Lime,40,70,4,
2022,2i5w-ykuw,Lime,40,71,20,
2022,2i5w-ykuw,Lime,40,72,1,
2022,2i5w-ykuw,Lime,40,73,4,
2022,2i5w-ykuw,Lime,41,,1,
2022,2i5w-ykuw,Lime,41,8,5,
2022,2i5w-ykuw,Lime,41,24,1,
2022,2i5w-ykuw,Lime,41,28,4,
2022,2i5w-ykuw,Lime,41,29,1,
2022,2i5w-ykuw,Lime,41,30,1,
2022,2i5w-ykuw,Lime,41,31,1,
2022,2i5w-ykuw,Lime,41,32,13,
2022,2i5w-ykuw,Lime,41,33,13,
2022,2i5w-ykuw,Lime,41,34,3,
2022,2i5w-ykuw,Lime,41,35,70,
2022,2i5w-ykuw,Lime,41,36,49,
2022,2i5w-ykuw,Lime,41,37,40,
2022,2i5w-ykuw,Lime,41,38,248,
2022,2i5w-ykuw,Lime,41,39,678,
2022,2i5w-ykuw,Lime,41,40,198,
2022,2i5w-ykuw,Lime,41,41,4110,
2022,2i5w-ykuw,Lime,41,42,404,
2022,2i5w-ykuw,Lime,41,43,140,
2022,2i5w-ykuw,Lime,41,44,30,
2022,2i5w-ykuw,Lime,41,45,13,
2022,2i5w-ykuw,Lime,41,46,19,
2022,2i5w-ykuw,Lime,41,48,10,
2022,2i5w-ykuw,Lime,41,49,3,
2022,2i5w-ykuw,Lime,41,50,1,
2022,2i5w-ykuw,Lime,41,51,3,
2022,2i5w-ykuw,Lime,41,52,3,
2022,2i5w-ykuw,Lime,41,53,1,
2022,2i5w-ykuw,Lime,41,57,1,
2022,2i5w-ykuw,Lime,41,58,3,
2022,2i5w-ykuw,Lime,41,59,1,
2022,2i5w-ykuw,Lime,41,60,5,
2022,2i5w-ykuw,Lime,41,61,22,
2022,2i5w-ykuw,Lime,41,63,26,
2022,2i5w-ykuw,Lime,41,66,12,
2022,2i5w-ykuw,Lime,41,67,11,
2022,2i5w-ykuw,Lime,41,68,19,
2022,2i5w-ykuw,Lime,41,69,36,
2022,2i5w-ykuw,Lime,41,70,2,
2022,2i5w-ykuw,Lime,41,71,17,
2022,2i5w-ykuw,Lime,41,72,1,
2022,2i5w-ykuw,Lime,42,,1,
2022,2i5w-ykuw,Lime,42,25,1,
2022,2i5w-ykuw,Lime,42,28,2,
2022,2i5w-ykuw,Lime,42,29,1,
2022,2i5w-ykuw,Lime,42,32,3,
2022,2i5w-ykuw,Lime,42,33,9,
2022,2i5w-ykuw,Lime,42,34,1,
2022,2i5w-ykuw,Lime,42,35,34,
2022,2i5w-ykuw,Lime,42,36,6,
2022,2i5w-ykuw,Lime,42,37,8,
2022,2i5w-ykuw,Lime,42,38,58,
2022,2i5w-ykuw,Lime,42,39,49,
2022,2i5w-ykuw,Lime,42,40,162,
2022,2i5w-ykuw,Lime,42,41,341,
2022,2i5w-ykuw,Lime,42,42,1510,
2022,2i5w-ykuw,Lime,42,43,391,
2022,2i5w-ykuw,Lime,42,44,77,
2022,2i5w-ykuw,Lime,42,45,19,
2022,2i5w-ykuw,Lime,42,46,20,
2022,2i5w-ykuw,Lime,42,48,8,
2022,2i5w-ykuw,Lime,42,49,7,
2022,2i5w-ykuw,Lime,42,50,4,
2022,2i5w-ykuw,Lime,42,51,4,
2022,2i5w-ykuw,Lime,42,52,1,
2022,2i5w-ykuw,Lime,42,53,2,
2022,2i5w-ykuw,Lime,42,54,1,
2022,2i5w-ykuw,Lime,42,56,2,
2022,2i5w-ykuw,Lime,42,58,2,
2022,2i5w-ykuw,Lime,42,59,1,
2022,2i5w-ykuw,Lime,42,60,2,
2022,2i5w-ykuw,Lime,42,61,7,
2022,2i5w-ykuw,Lime,42,63,7,
2022,2i5w-ykuw,Lime,42,65,1,
2022,2i5w-ykuw,Lime,42,66,14,
2022,2i5w-ykuw,Lime,42,67,24,
2022,2i5w-ykuw,Lime,42,68,90,
2022,2i5w-ykuw,Lime,42,69,301,
2022,2i5w-ykuw,Lime,42,70,6,
2022,2i5w-ykuw,Lime,42,71,33,
2022,2i5w-ykuw,Lime,42,72,3,
2022,2i5w-ykuw,Lime,42,73,12,
2022,2i5w-ykuw,Lime,43,,4,
2022,2i5w-ykuw,Lime,43,8,4,
2022,2i5w-ykuw,Lime,43,24,1,
2022,2i5w-ykuw,Lime,43,25,1,
2022,2i5w-ykuw,Lime,43,26,1,
2022,2i5w-ykuw,Lime,43,27,1,
2022,2i5w-ykuw,Lime,43,28,6,
2022,2i5w-ykuw,Lime,43,29,2,
2022,2i5w-ykuw,Lime,43,30,2,
2022,2i5w-ykuw,Lime,43,31,1,
2022,2i5w-ykuw,Lime,43,32,1,
2022,2i5w-ykuw,Lime,43,33,8,
2022,2i5w-ykuw,Lime,43,34,3,
2022,2i5w-ykuw,Lime,43,35,19,
2022,2i5w-ykuw,Lime,43,36,1,
2022,2i5w-ykuw,Lime,43,37,8,
2022,2i5w-ykuw,Lime,43,38,73,
2022,2i5w-ykuw,Lime,43,39,33,
2022,2i5w-ykuw,Lime,43,40,40,
2022,2i5w-ykuw,Lime,43,41,154,
2022,2i5w-ykuw,Lime,43,42,373,
2022,2i5w-ykuw,Lime,43,43,6254,
2022,2i5w-ykuw,Lime,43,44,196,
2022,2i5w-ykuw,Lime,43,45,188,
2022,2i5w-ykuw,Lime,43,46,428,
2022,2i5w-ykuw,Lime,43,47,6,
2022,2i5w-ykuw,Lime,43,48,83,
2022,2i5w-ykuw,Lime,43,49,21,
2022,2i5w-ykuw,Lime,43,50,14,
2022,2i5w-ykuw,Lime,43,51,21,
2022,2i5w-ykuw,Lime,43,52,17,
2022,2i5w-ykuw,Lime,43,53,9,
2022,2i5w-ykuw,Lime,43,54,2,
2022,2i5w-ykuw,Lime,43,55,1,
2022,2i5w-ykuw,Lime,43,59,2,
2022,2i5w-ykuw,Lime,43,60,7,
2022,2i5w-ykuw,Lime,43,61,29,
2022,2i5w-ykuw,Lime,43,65,1,
2022,2i5w-ykuw,Lime,43,66,60,
2022,2i5w-ykuw,Lime,43,67,29,
2022,2i5w-ykuw,Lime,43,68,74,
2022,2i5w-ykuw,Lime,43,69,411,
2022,2i5w-ykuw,Lime,43,70,3,
2022,2i5w-ykuw,Lime,43,71,39,
2022,2i5w-ykuw,Lime,43,72,1,
2022,2i5w-ykuw,Lime,43,73,6,
2022,2i5w-ykuw,Lime,43,74,1,
2022,2i5w-ykuw,Lime,44,,6,
2022,2i5w-ykuw,Lime,44,7,1,
2022,2i5w-ykuw,Lime,44,24,2,
2022,2i5w-ykuw,Lime,44,27,1,
2022,2i5w-ykuw,Lime,44,28,3,
2022,2i5w-ykuw,Lime,44,30,3,
2022,2i5w-ykuw,Lime,44,31,1,
2022,2i5w-ykuw,Lime,44,32,4,
2022,2i5w-ykuw,Lime,44,33,4,
2022,2i5w-ykuw,Lime,44,34,10,
2022,2i5w-ykuw,Lime,44,35,11,
2022,2i5w-ykuw,Lime,44,36,5,
2022,2i5w-ykuw,Lime,44,37,9,
2022,2i5w-ykuw,Lime,44,38,13,
2022,2i5w-ykuw,Lime,44,39,12,
2022,2i5w-ykuw,Lime,44,40,29,
2022,2i5w-ykuw,Lime,44,41,17,
2022,2i5w-ykuw,Lime,44,42,97,
2022,2i5w-ykuw,Lime,44,43,237,
2022,2i5w-ykuw,Lime,44,44,4741,
2022,2i5w-ykuw,Lime,44,45,202,
2022,2i5w-ykuw,Lime,44,46,132,
2022,2i5w-ykuw,Lime,44,47,99,
2022,2i5w-ykuw,Lime,44,48,80,
2022,2i5w-ykuw,Lime,44,49,375,
2022,2i5w-ykuw,Lime,44,50,57,
2022,2i5w-ykuw,Lime,44,51,18,
2022,2i5w-ykuw,Lime,44,52,3,
2022,2i5w-ykuw,Lime,44,53,33,
2022,2i5w-ykuw,Lime,44,54,1,
2022,2i5w-ykuw,Lime,44,55,1,
2022,2i5w-ykuw,Lime,44,56,1,
2022,2i5w-ykuw,Lime,44,59,1,
2022,2i5w-ykuw,Lime,44,60,2,
2022,2i5w-ykuw,Lime,44,61,17,
2022,2i5w-ykuw,Lime,44,62,1,
2022,2i5w-ykuw,Lime,44,65,2,
2022,2i5w-ykuw,Lime,44,66,25,
2022,2i5w-ykuw,Lime,44,67,51,
2022,2i5w-ykuw,Lime,44,68,169,
2022,2i5w-ykuw,Lime,44,69,839,
2022,2i5w-ykuw,Lime,44,70,27,
2022,2i5w-ykuw,Lime,44,71,485,
2022,2i5w-ykuw,Lime,44,72,9,
2022,2i5w-ykuw,Lime,44,73,79,
2022,2i5w-ykuw,Lime,44,74,3,
2022,2i5w-ykuw,Lime,44,75,7,
2022,2i5w-ykuw,Lime,45,30,1,
2022,2i5w-ykuw,Lime,45,32,1,
2022,2i5w-ykuw,Lime,45,33,2,
2022,2i5w-ykuw,Lime,45,34,3,
2022,2i5w-ykuw,Lime,45,35,1,
2022,2i5w-ykuw,Lime,45,37,2,
2022,2i5w-ykuw,Lime,45,38,3,
2022,2i5w-ykuw,Lime,45,39,3,
2022,2i5w-ykuw,Lime,45,40,3,
2022,2i5w-ykuw,Lime,45,41,16,
2022,2i5w-ykuw,Lime,45,42,11,
2022,2i5w-ykuw,Lime,45,43,221,
2022,2i5w-ykuw,Lime,45,44,156,
2022,2i5w-ykuw,Lime,45,45,614,
2022,2i5w-ykuw,Lime,45,46,87,
2022,2i5w-ykuw,Lime,45,47,12,
2022,2i5w-ykuw,Lime,45,48,125,
2022,2i5w-ykuw,Lime,45,49,7,
2022,2i5w-ykuw,Lime,45,50,8,
2022,2i5w-ykuw,Lime,45,51,22,
2022,2i5w-ykuw,Lime,45,52,2,
2022,2i5w-ykuw,Lime,45,53,3,
2022,2i5w-ykuw,Lime,45,58,1,
2022,2i5w-ykuw,Lime,45,61,16,
2022,2i5w-ykuw,Lime,45,62,1,
2022,2i5w-ykuw,Lime,45,66,4,
2022,2i5w-ykuw,Lime,45,67,2,
2022,2i5w-ykuw,Lime,45,68,4,
2022,2i5w-ykuw,Lime,45,69,54,
2022,2i5w-ykuw,Lime,45,70,2,
2022,2i5w-ykuw,Lime,45,71,10,
2022,2i5w-ykuw,Lime,45,72,1,
2022,2i5w-ykuw,Lime,45,73,16,
2022,2i5w-ykuw,Lime,46,,1,
2022,2i5w-ykuw,Lime,46,8,1,
2022,2i5w-ykuw,Lime,46,33,2,
2022,2i5w-ykuw,Lime,46,35,5,
2022,2i5w-ykuw,Lime,46,36,2,
2022,2i5w-ykuw,Lime,46,38,3,
2022,2i5w-ykuw,Lime,46,39,2,
2022,2i5w-ykuw,Lime,46,40,7,
2022,2i5w-ykuw,Lime,46,41,20,
2022,2i5w-ykuw,Lime,46,42,23,
2022,2i5w-ykuw,Lime,46,43,441,
2022,2i5w-ykuw,Lime,46,44,98,
2022,2i5w-ykuw,Lime,46,45,102,
2022,2i5w-ykuw,Lime,46,46,1884,
2022,2i5w-ykuw,Lime,46,47,27,
2022,2i5w-ykuw,Lime,46,48,63,
2022,2i5w-ykuw,Lime,46,49,25,
2022,2i5w-ykuw,Lime,46,50,9,
2022,2i5w-ykuw,Lime,46,51,79,
2022,2i5w-ykuw,Lime,46,52,72,
2022,2i5w-ykuw,Lime,46,53,3,
2022,2i5w-ykuw,Lime,46,54,2,
2022,2i5w-ykuw,Lime,46,55,5,
2022,2i5w-ykuw,Lime,46,60,2,
2022,2i5w-ykuw,Lime,46,61,2,
2022,2i5w-ykuw,Lime,46,66,3,
2022,2i5w-ykuw,Lime,46,67,5,
2022,2i5w-ykuw,Lime,46,68,10,
2022,2i5w-ykuw,Lime,46,69,57,
2022,2i5w-ykuw,Lime,46,71,20,
2022,2i5w-ykuw,Lime,46,73,5,
2022,2i5w-ykuw,Lime,46,75,2,
2022,2i5w-ykuw,Lime,47,,1,
2022,2i5w-ykuw,Lime,47,37,1,
2022,2i5w-ykuw,Lime,47,38,1,
2022,2i5w-ykuw,Lime,47,40,2,
2022,2i5w-ykuw,Lime,47,42,1,
2022,2i5w-ykuw,Lime,47,43,4,
2022,2i5w-ykuw,Lime,47,44,89,
2022,2i5w-ykuw,Lime,47,45,13,
2022,2i5w-ykuw,Lime,47,46,26,
2022,2i5w-ykuw,Lime,47,47,202,
2022,2i5w-ykuw,Lime,47,48,33,
2022,2i5w-ykuw,Lime,47,49,9,
2022,2i5w-ykuw,Lime,47,50,1,
2022,2i5w-ykuw,Lime,47,51,24,
2022,2i5w-ykuw,Lime,47,53,1,
2022,2i5w-ykuw,Lime,47,58,1,
2022,2i5w-ykuw,Lime,47,61,1,
2022,2i5w-ykuw,Lime,47,69,8,
2022,2i5w-ykuw,Lime,47,71,13,
2022,2i5w-ykuw,Lime,47,72,1,
2022,2i5w-ykuw,Lime,47,73,1,
2022,2i5w-ykuw,Lime,48,29,1,
2022,2i5w-ykuw,Lime,48,34,1,
2022,2i5w-ykuw,Lime,48,38,1,
2022,2i5w-ykuw,Lime,48,40,6,
2022,2i5w-ykuw,Lime,48,41,4,
2022,2i5w-ykuw,Lime,48,42,9,
2022,2i5w-ykuw,Lime,48,43,70,
2022,2i5w-ykuw,Lime,48,44,75,
2022,2i5w-ykuw,Lime,48,45,122,
2022,2i5w-ykuw,Lime,48,46,89,
2022,2i5w-ykuw,Lime,48,47,31,
2022,2i5w-ykuw,Lime,48,48,593,
2022,2i5w-ykuw,Lime,48,49,44,
2022,2i5w-ykuw,Lime,48,50,5,
2022,2i5w-ykuw,Lime,48,51,103,
2022,2i5w-ykuw,Lime,48,52,13,
2022,2i5w-ykuw,Lime,48,55,2,
2022,2i5w-ykuw,Lime,48,60,1,
2022,2i5w-ykuw,Lime,48,61,3,
2022,2i5w-ykuw,Lime,48,63,2,
2022,2i5w-ykuw,Lime,48,64,1,
2022,2i5w-ykuw,Lime,48,66,2,
2022,2i5w-ykuw,Lime,48,68,5,
2022,2i5w-ykuw,Lime,48,69,29,
2022,2i5w-ykuw,Lime,48,71,10,
2022,2i5w-ykuw,Lime,48,73,7,
2022,2i5w-ykuw,Lime,49,,14,
2022,2i5w-ykuw,Lime,49,3,1,
2022,2i5w-ykuw,Lime,49,28,1,
2022,2i5w-ykuw,Lime,49,32,2,
2022,2i5w-ykuw,Lime,49,33,2,
2022,2i5w-ykuw,Lime,49,34,5,
2022,2i5w-ykuw,Lime,49,35,2,
2022,2i5w-ykuw,Lime,49,37,3,
2022,2i5w-ykuw,Lime,49,38,3,
2022,2i5w-ykuw,Lime,49,39,1,
2022,2i5w-ykuw,Lime,49,40,10,
2022,2i5w-ykuw,Lime,49,41,1,
2022,2i5w-ykuw,Lime,49,42,4,
2022,2i5w-ykuw,Lime,49,43,23,
2022,2i5w-ykuw,Lime,49,44,370,
2022,2i5w-ykuw,Lime,49,45,4,
2022,2i5w-ykuw,Lime,49,46,30,
2022,2i5w-ykuw,Lime,49,47,20,
2022,2i5w-ykuw,Lime,49,48,34,
2022,2i5w-ykuw,Lime,49,49,3967,
2022,2i5w-ykuw,Lime,49,50,469,
2022,2i5w-ykuw,Lime,49,51,55,
2022,2i5w-ykuw,Lime,49,52,1,
2022,2i5w-ykuw,Lime,49,53,478,
2022,2i5w-ykuw,Lime,49,54,24,
2022,2i5w-ykuw,Lime,49,60,2,
2022,2i5w-ykuw,Lime,49,61,4,
2022,2i5w-ykuw,Lime,49,65,8,
2022,2i5w-ykuw,Lime,49,66,4,
2022,2i5w-ykuw,Lime,49,67,10,
2022,2i5w-ykuw,Lime,49,68,23,
2022,2i5w-ykuw,Lime,49,69,54,
2022,2i5w-ykuw,Lime,49,70,11,
2022,2i5w-ykuw,Lime,49,71,110,
2022,2i5w-ykuw,Lime,49,72,41,
2022,2i5w-ykuw,Lime,49,73,345,
2022,2i5w-ykuw,Lime,49,74,6,
2022,2i5w-ykuw,Lime,49,75,189,
2022,2i5w-ykuw,Lime,50,,4,
2022,2i5w-ykuw,Lime,50,34,1,
2022,2i5w-ykuw,Lime,50,37,1,
2022,2i5w-ykuw,Lime,50,38,1,
2022,2i5w-ykuw,Lime,50,40,1,
2022,2i5w-ykuw,Lime,50,41,7,
2022,2i5w-ykuw,Lime,50,42,4,
2022,2i5w-ykuw,Lime,50,43,14,
2022,2i5w-ykuw,Lime,50,44,41,
2022,2i5w-ykuw,Lime,50,45,8,
2022,2i5w-ykuw,Lime,50,46,6,
2022,2i5w-ykuw,Lime,50,47,1,
2022,2i5w-ykuw,Lime,50,48,11,
2022,2i5w-ykuw,Lime,50,49,437,
2022,2i5w-ykuw,Lime,50,50,655,
2022,2i5w-ykuw,Lime,50,51,15,
2022,2i5w-ykuw,Lime,50,53,143,
2022,2i5w-ykuw,Lime,50,54,3,
2022,2i5w-ykuw,Lime,50,65,4,
2022,2i5w-ykuw,Lime,50,68,2,
2022,2i5w-ykuw,Lime,50,69,7,
2022,2i5w-ykuw,Lime,50,71,10,
2022,2i5w-ykuw,Lime,50,73,21,
2022,2i5w-ykuw,Lime,50,75,21,
2022,2i5w-ykuw,Lime,51,,1,
2022,2i5w-ykuw,Lime,51,27,1,
2022,2i5w-ykuw,Lime,51,40,1,
2022,2i5w-ykuw,Lime,51,41,1,
2022,2i5w-ykuw,Lime,51,42,4,
2022,2i5w-ykuw,Lime,51,43,16,
2022,2i5w-ykuw,Lime,51,44,18,
2022,2i5w-ykuw,Lime,51,45,14,
2022,2i5w-ykuw,Lime,51,46,80,
2022,2i5w-ykuw,Lime,51,47,21,
2022,2i5w-ykuw,Lime,51,48,90,
2022,2i5w-ykuw,Lime,51,49,39,
2022,2i5w-ykuw,Lime,51,50,17,
2022,2i5w-ykuw,Lime,51,51,1199,
2022,2i5w-ykuw,Lime,51,52,98,
2022,2i5w-ykuw,Lime,51,53,2,
2022,2i5w-ykuw,Lime,51,55,18,
2022,2i5w-ykuw,Lime,51,63,1,
2022,2i5w-ykuw,Lime,51,66,9,
2022,2i5w-ykuw,Lime,51,67,1,
2022,2i5w-ykuw,Lime,51,68,3,
2022,2i5w-ykuw,Lime,51,69,14,
2022,2i5w-ykuw,Lime,51,71,2,
2022,2i5w-ykuw,Lime,51,72,1,
2022,2i5w-ykuw,Lime,51,73,9,
2022,2i5w-ykuw,Lime,52,,5,
2022,2i5w-ykuw,Lime,52,33,3,
2022,2i5w-ykuw,Lime,52,40,1,
2022,2i5w-ykuw,Lime,52,41,4,
2022,2i5w-ykuw,Lime,52,43,25,
2022,2i5w-ykuw,Lime,52,44,2,
2022,2i5w-ykuw,Lime,52,46,73,
2022,2i5w-ykuw,Lime,52,48,6,
2022,2i5w-ykuw,Lime,52,49,2,
2022,2i5w-ykuw,Lime,52,51,111,
2022,2i5w-ykuw,Lime,52,52,4724,
2022,2i5w-ykuw,Lime,52,53,1,
2022,2i5w-ykuw,Lime,52,54,1,
2022,2i5w-ykuw,Lime,52,55,494,
2022,2i5w-ykuw,Lime,52,60,1,
2022,2i5w-ykuw,Lime,52,63,2,
2022,2i5w-ykuw,Lime,52,68,1,
2022,2i5w-ykuw,Lime,52,69,2,
2022,2i5w-ykuw,Lime,52,71,2,
2022,2i5w-ykuw,Lime,52,73,2,
2022,2i5w-ykuw,Lime,53,,25,
2022,2i5w-ykuw,Lime,53,35,1,
2022,2i5w-ykuw,Lime,53,36,2,
2022,2i5w-ykuw,Lime,53,40,4,
2022,2i5w-ykuw,Lime,53,41,1,
2022,2i5w-ykuw,Lime,53,42,6,
2022,2i5w-ykuw,Lime,53,43,6,
2022,2i5w-ykuw,Lime,53,44,16,
2022,2i5w-ykuw,Lime,53,46,1,
2022,2i5w-ykuw,Lime,53,48,2,
2022,2i5w-ykuw,Lime,53,49,379,
2022,2i5w-ykuw,Lime,53,50,140,
2022,2i5w-ykuw,Lime,53,51,2,
2022,2i5w-ykuw,Lime,53,53,2364,
2022,2i5w-ykuw,Lime,53,54,27,
2022,2i5w-ykuw,Lime,53,61,2,
2022,2i5w-ykuw,Lime,53,66,7,
2022,2i5w-ykuw,Lime,53,67,2,
2022,2i5w-ykuw,Lime,53,68,6,
2022,2i5w-ykuw,Lime,53,69,14,
2022,2i5w-ykuw,Lime,53,70,1,
2022,2i5w-ykuw,Lime,53,71,11,
2022,2i5w-ykuw,Lime,53,72,16,
2022,2i5w-ykuw,Lime,53,73,42,
2022,2i5w-ykuw,Lime,53,74,6,
2022,2i5w-ykuw,Lime,53,75,96,
2022,2i5w-ykuw,Lime,54,,7,
2022,2i5w-ykuw,Lime,54,43,1,
2022,2i5w-ykuw,Lime,54,44,2,
2022,2i5w-ykuw,Lime,54,48,1,
2022,2i5w-ykuw,Lime,54,49,5,
2022,2i5w-ykuw,Lime,54,50,3,
2022,2i5w-ykuw,Lime,54,53,8,
2022,2i5w-ykuw,Lime,54,54,1202,
2022,2i5w-ykuw,Lime,54,55,2,
2022,2i5w-ykuw,Lime,54,68,1,
2022,2i5w-ykuw,Lime,54,71,2,
2022,2i5w-ykuw,Lime,54,73,1,
2022,2i5w-ykuw,Lime,54,74,1,
2022,2i5w-ykuw,Lime,54,75,3,
2022,2i5w-ykuw,Lime,55,,7,
2022,2i5w-ykuw,Lime,55,43,2,
2022,2i5w-ykuw,Lime,55,44,1,
2022,2i5w-ykuw,Lime,55,46,2,
2022,2i5w-ykuw,Lime,55,49,2,
2022,2i5w-ykuw,Lime,55,51,23,
2022,2i5w-ykuw,Lime,55,52,489,
2022,2i5w-ykuw,Lime,55,53,1,
2022,2i5w-ykuw,Lime,55,54,1,
2022,2i5w-ykuw,Lime,55,55,1116,
2022,2i5w-ykuw,Lime,56,,18,
2022,2i5w-ykuw,Lime,56,27,1,
2022,2i5w-ykuw,Lime,56,29,8,
2022,2i5w-ykuw,Lime,56,30,9,
2022,2i5w-ykuw,Lime,56,31,3,
2022,2i5w-ykuw,Lime,56,33,2,
2022,2i5w-ykuw,Lime,56,40,1,
2022,2i5w-ykuw,Lime,56,42,1,
2022,2i5w-ykuw,Lime,56,48,1,
2022,2i5w-ykuw,Lime,56,56,942,
2022,2i5w-ykuw,Lime,56,57,220,
2022,2i5w-ykuw,Lime,56,58,56,
2022,2i5w-ykuw,Lime,56,59,2,
2022,2i5w-ykuw,Lime,56,60,2,
2022,2i5w-ykuw,Lime,56,61,8,
2022,2i5w-ykuw,Lime,56,62,181,
2022,2i5w-ykuw,Lime,56,63,35,
2022,2i5w-ykuw,Lime,56,64,136,
2022,2i5w-ykuw,Lime,56,65,143,
2022,2i5w-ykuw,Lime,56,66,40,
2022,2i5w-ykuw,Lime,56,67,3,
2022,2i5w-ykuw,Lime,56,68,3,
2022,2i5w-ykuw,Lime,56,69,1,
2022,2i5w-ykuw,Lime,56,70,10,
2022,2i5w-ykuw,Lime,56,71,1,
2022,2i5w-ykuw,Lime,57,,4,
2022,2i5w-ykuw,Lime,57,8,1,
2022,2i5w-ykuw,Lime,57,21,1,
2022,2i5w-ykuw,Lime,57,25,9,
2022,2i5w-ykuw,Lime,57,27,1,
2022,2i5w-ykuw,Lime,57,28,7,
2022,2i5w-ykuw,Lime,57,29,14,
2022,2i5w-ykuw,Lime,57,30,64,
2022,2i5w-ykuw,Lime,57,31,2,
2022,2i5w-ykuw,Lime,57,32,3,
2022,2i5w-ykuw,Lime,57,34,1,
2022,2i5w-ykuw,Lime,57,39,1,
2022,2i5w-ykuw,Lime,57,40,2,
2022,2i5w-ykuw,Lime,57,42,2,
2022,2i5w-ykuw,Lime,57,56,332,
2022,2i5w-ykuw,Lime,57,57,2165,
2022,2i5w-ykuw,Lime,57,58,342,
2022,2i5w-ykuw,Lime,57,59,7,
2022,2i5w-ykuw,Lime,57,60,8,
2022,2i5w-ykuw,Lime,57,61,33,
2022,2i5w-ykuw,Lime,57,62,550,
2022,2i5w-ykuw,Lime,57,63,336,
2022,2i5w-ykuw,Lime,57,64,31,
2022,2i5w-ykuw,Lime,57,65,229,
2022,2i5w-ykuw,Lime,57,66,79,
2022,2i5w-ykuw,Lime,57,67,4,
2022,2i5w-ykuw,Lime,57,68,2,
2022,2i5w-ykuw,Lime,57,70,24,
2022,2i5w-ykuw,Lime,57,71,1,
2022,2i5w-ykuw,Lime,58,,6,
2022,2i5w-ykuw,Lime,58,8,3,
2022,2i5w-ykuw,Lime,58,15,7,
2022,2i5w-ykuw,Lime,58,17,1,
2022,2i5w-ykuw,Lime,58,19,1,
2022,2i5w-ykuw,Lime,58,20,1,
2022,2i5w-ykuw,Lime,58,21,1,
2022,2i5w-ykuw,Lime,58,22,1,
2022,2i5w-ykuw,Lime,58,23,15,
2022,2i5w-ykuw,Lime,58,24,15,
2022,2i5w-ykuw,Lime,58,25,17,
2022,2i5w-ykuw,Lime,58,26,8,
2022,2i5w-ykuw,Lime,58,27,12,
2022,2i5w-ykuw,Lime,58,28,37,
2022,2i5w-ykuw,Lime,58,29,29,
2022,2i5w-ykuw,Lime,58,30,187,
2022,2i5w-ykuw,Lime,58,31,60,
2022,2i5w-ykuw,Lime,58,32,2,
2022,2i5w-ykuw,Lime,58,33,2,
2022,2i5w-ykuw,Lime,58,34,13,
2022,2i5w-ykuw,Lime,58,35,4,
2022,2i5w-ykuw,Lime,58,37,5,
2022,2i5w-ykuw,Lime,58,38,2,
2022,2i5w-ykuw,Lime,58,39,3,
2022,2i5w-ykuw,Lime,58,40,9,
2022,2i5w-ykuw,Lime,58,41,3,
2022,2i5w-ykuw,Lime,58,42,1,
2022,2i5w-ykuw,Lime,58,43,1,
2022,2i5w-ykuw,Lime,58,44,1,
2022,2i5w-ykuw,Lime,58,49,1,
2022,2i5w-ykuw,Lime,58,56,50,
2022,2i5w-ykuw,Lime,58,57,363,
2022,2i5w-ykuw,Lime,58,58,4847,
2022,2i5w-ykuw,Lime,58,59,374,
2022,2i5w-ykuw,Lime,58,60,46,
2022,2i5w-ykuw,Lime,58,61,464,
2022,2i5w-ykuw,Lime,58,62,155,
2022,2i5w-ykuw,Lime,58,63,1110,
2022,2i5w-ykuw,Lime,58,64,16,
2022,2i5w-ykuw,Lime,58,65,56,
2022,2i5w-ykuw,Lime,58,66,358,
2022,2i5w-ykuw,Lime,58,67,19,
2022,2i5w-ykuw,Lime,58,68,8,
2022,2i5w-ykuw,Lime,58,69,2,
2022,2i5w-ykuw,Lime,58,70,24,
2022,2i5w-ykuw,Lime,58,71,4,
2022,2i5w-ykuw,Lime,58,72,1,
2022,2i5w-ykuw,Lime,58,73,1,
2022,2i5w-ykuw,Lime,59,6,1,
2022,2i5w-ykuw,Lime,59,7,1,
2022,2i5w-ykuw,Lime,59,19,1,
2022,2i5w-ykuw,Lime,59,20,1,
2022,2i5w-ykuw,Lime,59,22,3,
2022,2i5w-ykuw,Lime,59,23,1,
2022,2i5w-ykuw,Lime,59,24,41,
2022,2i5w-ykuw,Lime,59,25,2,
2022,2i5w-ykuw,Lime,59,26,1,
2022,2i5w-ykuw,Lime,59,28,42,
2022,2i5w-ykuw,Lime,59,29,27,
2022,2i5w-ykuw,Lime,59,30,29,
2022,2i5w-ykuw,Lime,59,31,95,
2022,2i5w-ykuw,Lime,59,32,2,
2022,2i5w-ykuw,Lime,59,33,3,
2022,2i5w-ykuw,Lime,59,34,33,
2022,2i5w-ykuw,Lime,59,35,9,
2022,2i5w-ykuw,Lime,59,37,1,
2022,2i5w-ykuw,Lime,59,38,5,
2022,2i5w-ykuw,Lime,59,39,1,
2022,2i5w-ykuw,Lime,59,40,3,
2022,2i5w-ykuw,Lime,59,41,2,
2022,2i5w-ykuw,Lime,59,43,1,
2022,2i5w-ykuw,Lime,59,56,12,
2022,2i5w-ykuw,Lime,59,57,9,
2022,2i5w-ykuw,Lime,59,58,422,
2022,2i5w-ykuw,Lime,59,59,1105,
2022,2i5w-ykuw,Lime,59,60,96,
2022,2i5w-ykuw,Lime,59,61,176,
2022,2i5w-ykuw,Lime,59,62,2,
2022,2i5w-ykuw,Lime,59,63,33,
2022,2i5w-ykuw,Lime,59,65,3,
2022,2i5w-ykuw,Lime,59,66,17,
2022,2i5w-ykuw,Lime,59,67,21,
2022,2i5w-ykuw,Lime,59,68,1,
2022,2i5w-ykuw,Lime,59,69,1,
2022,2i5w-ykuw,Lime,59,70,1,
2022,2i5w-ykuw,Lime,59,71,2,
2022,2i5w-ykuw,Lime,60,5,1,
2022,2i5w-ykuw,Lime,60,6,2,
2022,2i5w-ykuw,Lime,60,7,4,
2022,2i5w-ykuw,Lime,60,8,11,
2022,2i5w-ykuw,Lime,60,19,1,
2022,2i5w-ykuw,Lime,60,22,6,
2022,2i5w-ykuw,Lime,60,23,5,
2022,2i5w-ykuw,Lime,60,24,20,
2022,2i5w-ykuw,Lime,60,27,2,
2022,2i5w-ykuw,Lime,60,28,89,
2022,2i5w-ykuw,Lime,60,29,13,
2022,2i5w-ykuw,Lime,60,30,48,
2022,2i5w-ykuw,Lime,60,31,96,
2022,2i5w-ykuw,Lime,60,32,7,
2022,2i5w-ykuw,Lime,60,33,28,
2022,2i5w-ykuw,Lime,60,34,157,
2022,2i5w-ykuw,Lime,60,35,69,
2022,2i5w-ykuw,Lime,60,36,1,
2022,2i5w-ykuw,Lime,60,37,12,
2022,2i5w-ykuw,Lime,60,38,17,
2022,2i5w-ykuw,Lime,60,39,2,
2022,2i5w-ykuw,Lime,60,40,3,
2022,2i5w-ykuw,Lime,60,41,3,
2022,2i5w-ykuw,Lime,60,42,3,
2022,2i5w-ykuw,Lime,60,43,3,
2022,2i5w-ykuw,Lime,60,44,1,
2022,2i5w-ykuw,Lime,60,48,3,
2022,2i5w-ykuw,Lime,60,56,1,
2022,2i5w-ykuw,Lime,60,57,2,
2022,2i5w-ykuw,Lime,60,58,43,
2022,2i5w-ykuw,Lime,60,59,76,
2022,2i5w-ykuw,Lime,60,60,1206,
2022,2i5w-ykuw,Lime,60,61,150,
2022,2i5w-ykuw,Lime,60,63,5,
2022,2i5w-ykuw,Lime,60,65,6,
2022,2i5w-ykuw,Lime,60,66,9,
2022,2i5w-ykuw,Lime,60,67,1,
2022,2i5w-ykuw,Lime,60,68,14,
2022,2i5w-ykuw,Lime,60,69,6,
2022,2i5w-ykuw,Lime,60,70,1,
2022,2i5w-ykuw,Lime,60,71,5,
2022,2i5w-ykuw,Lime,61,,4,
2022,2i5w-ykuw,Lime,61,6,1,
2022,2i5w-ykuw,Lime,61,7,2,
2022,2i5w-ykuw,Lime,61,8,2,
2022,2i5w-ykuw,Lime,61,22,1,
2022,2i5w-ykuw,Lime,61,23,5,
2022,2i5w-ykuw,Lime,61,24,11,
2022,2i5w-ykuw,Lime,61,25,8,
2022,2i5w-ykuw,Lime,61,26,2,
2022,2i5w-ykuw,Lime,61,27,3,
2022,2i5w-ykuw,Lime,61,28,38,
2022,2i5w-ykuw,Lime,61,29,16,
2022,2i5w-ykuw,Lime,61,30,31,
2022,2i5w-ykuw,Lime,61,31,53,
2022,2i5w-ykuw,Lime,61,32,6,
2022,2i5w-ykuw,Lime,61,33,4,
2022,2i5w-ykuw,Lime,61,34,33,
2022,2i5w-ykuw,Lime,61,35,9,
2022,2i5w-ykuw,Lime,61,36,19,
2022,2i5w-ykuw,Lime,61,37,151,
2022,2i5w-ykuw,Lime,61,38,63,
2022,2i5w-ykuw,Lime,61,39,14,
2022,2i5w-ykuw,Lime,61,40,29,
2022,2i5w-ykuw,Lime,61,41,12,
2022,2i5w-ykuw,Lime,61,42,19,
2022,2i5w-ykuw,Lime,61,43,32,
2022,2i5w-ykuw,Lime,61,44,13,
2022,2i5w-ykuw,Lime,61,45,5,
2022,2i5w-ykuw,Lime,61,46,4,
2022,2i5w-ykuw,Lime,61,47,2,
2022,2i5w-ykuw,Lime,61,49,4,
2022,2i5w-ykuw,Lime,61,51,1,
2022,2i5w-ykuw,Lime,61,53,2,
2022,2i5w-ykuw,Lime,61,56,12,
2022,2i5w-ykuw,Lime,61,57,33,
2022,2i5w-ykuw,Lime,61,58,439,
2022,2i5w-ykuw,Lime,61,59,198,
2022,2i5w-ykuw,Lime,61,60,161,
2022,2i5w-ykuw,Lime,61,61,8294,
2022,2i5w-ykuw,Lime,61,62,36,
2022,2i5w-ykuw,Lime,61,63,405,
2022,2i5w-ykuw,Lime,61,64,3,
2022,2i5w-ykuw,Lime,61,65,41,
2022,2i5w-ykuw,Lime,61,66,157,
2022,2i5w-ykuw,Lime,61,67,298,
2022,2i5w-ykuw,Lime,61,68,152,
2022,2i5w-ykuw,Lime,61,69,65,
2022,2i5w-ykuw,Lime,61,70,44,
2022,2i5w-ykuw,Lime,61,71,49,
2022,2i5w-ykuw,Lime,61,73,3,
2022,2i5w-ykuw,Lime,61,75,1,
2022,2i5w-ykuw,Lime,62,,8,
2022,2i5w-ykuw,Lime,62,23,4,
2022,2i5w-ykuw,Lime,62,26,3,
2022,2i5w-ykuw,Lime,62,29,1,
2022,2i5w-ykuw,Lime,62,30,21,
2022,2i5w-ykuw,Lime,62,31,5,
2022,2i5w-ykuw,Lime,62,34,4,
2022,2i5w-ykuw,Lime,62,43,1,
2022,2i5w-ykuw,Lime,62,56,220,
2022,2i5w-ykuw,Lime,62,57,593,
2022,2i5w-ykuw,Lime,62,58,129,
2022,2i5w-ykuw,Lime,62,59,4,
2022,2i5w-ykuw,Lime,62,60,4,
2022,2i5w-ykuw,Lime,62,61,22,
2022,2i5w-ykuw,Lime,62,62,2701,
2022,2i5w-ykuw,Lime,62,63,630,
2022,2i5w-ykuw,Lime,62,64,129,
2022,2i5w-ykuw,Lime,62,65,821,
2022,2i5w-ykuw,Lime,62,66,216,
2022,2i5w-ykuw,Lime,62,67,9,
2022,2i5w-ykuw,Lime,62,68,3,
2022,2i5w-ykuw,Lime,62,69,2,
2022,2i5w-ykuw,Lime,62,70,57,
2022,2i5w-ykuw,Lime,62,71,2,
2022,2i5w-ykuw,Lime,62,72,3,
2022,2i5w-ykuw,Lime,63,,7,
2022,2i5w-ykuw,Lime,63,7,2,
2022,2i5w-ykuw,Lime,63,14,1,
2022,2i5w-ykuw,Lime,63,19,3,
2022,2i5w-ykuw,Lime,63,22,1,
2022,2i5w-ykuw,Lime,63,23,1,
2022,2i5w-ykuw,Lime,63,24,3,
2022,2i5w-ykuw,Lime,63,25,4,
2022,2i5w-ykuw,Lime,63,26,4,
2022,2i5w-ykuw,Lime,63,27,5,
2022,2i5w-ykuw,Lime,63,28,19,
2022,2i5w-ykuw,Lime,63,29,11,
2022,2i5w-ykuw,Lime,63,30,55,
2022,2i5w-ykuw,Lime,63,31,29,
2022,2i5w-ykuw,Lime,63,32,1,
2022,2i5w-ykuw,Lime,63,33,1,
2022,2i5w-ykuw,Lime,63,35,3,
2022,2i5w-ykuw,Lime,63,37,4,
2022,2i5w-ykuw,Lime,63,39,1,
2022,2i5w-ykuw,Lime,63,40,8,
2022,2i5w-ykuw,Lime,63,41,28,
2022,2i5w-ykuw,Lime,63,44,2,
2022,2i5w-ykuw,Lime,63,48,1,
2022,2i5w-ykuw,Lime,63,51,2,
2022,2i5w-ykuw,Lime,63,52,1,
2022,2i5w-ykuw,Lime,63,56,64,
2022,2i5w-ykuw,Lime,63,57,326,
2022,2i5w-ykuw,Lime,63,58,1003,
2022,2i5w-ykuw,Lime,63,59,35,
2022,2i5w-ykuw,Lime,63,60,12,
2022,2i5w-ykuw,Lime,63,61,347,
2022,2i5w-ykuw,Lime,63,62,671,
2022,2i5w-ykuw,Lime,63,63,7029,
2022,2i5w-ykuw,Lime,63,64,42,
2022,2i5w-ykuw,Lime,63,65,450,
2022,2i5w-ykuw,Lime,63,66,1603,
2022,2i5w-ykuw,Lime,63,67,125,
2022,2i5w-ykuw,Lime,63,68,22,
2022,2i5w-ykuw,Lime,63,69,8,
2022,2i5w-ykuw,Lime,63,70,36,
2022,2i5w-ykuw,Lime,63,71,7,
2022,2i5w-ykuw,Lime,64,,13,
2022,2i5w-ykuw,Lime,64,23,2,
2022,2i5w-ykuw,Lime,64,29,1,
2022,2i5w-ykuw,Lime,64,30,1,
2022,2i5w-ykuw,Lime,64,53,1,
2022,2i5w-ykuw,Lime,64,56,99,
2022,2i5w-ykuw,Lime,64,57,24,
2022,2i5w-ykuw,Lime,64,58,14,
2022,2i5w-ykuw,Lime,64,61,1,
2022,2i5w-ykuw,Lime,64,62,75,
2022,2i5w-ykuw,Lime,64,63,15,
2022,2i5w-ykuw,Lime,64,64,429,
2022,2i5w-ykuw,Lime,64,65,153,
2022,2i5w-ykuw,Lime,64,66,40,
2022,2i5w-ykuw,Lime,64,67,9,
2022,2i5w-ykuw,Lime,64,68,2,
2022,2i5w-ykuw,Lime,64,70,17,
2022,2i5w-ykuw,Lime,64,71,1,
2022,2i5w-ykuw,Lime,65,,26,
2022,2i5w-ykuw,Lime,65,25,1,
2022,2i5w-ykuw,Lime,65,28,3,
2022,2i5w-ykuw,Lime,65,29,6,
2022,2i5w-ykuw,Lime,65,30,22,
2022,2i5w-ykuw,Lime,65,31,12,
2022,2i5w-ykuw,Lime,65,34,1,
2022,2i5w-ykuw,Lime,65,35,5,
2022,2i5w-ykuw,Lime,65,37,2,
2022,2i5w-ykuw,Lime,65,40,8,
2022,2i5w-ykuw,Lime,65,43,1,
2022,2i5w-ykuw,Lime,65,45,2,
2022,2i5w-ykuw,Lime,65,49,1,
2022,2i5w-ykuw,Lime,65,53,5,
2022,2i5w-ykuw,Lime,65,56,264,
2022,2i5w-ykuw,Lime,65,57,261,
2022,2i5w-ykuw,Lime,65,58,68,
2022,2i5w-ykuw,Lime,65,59,5,
2022,2i5w-ykuw,Lime,65,60,4,
2022,2i5w-ykuw,Lime,65,61,29,
2022,2i5w-ykuw,Lime,65,62,640,
2022,2i5w-ykuw,Lime,65,63,458,
2022,2i5w-ykuw,Lime,65,64,322,
2022,2i5w-ykuw,Lime,65,65,5212,
2022,2i5w-ykuw,Lime,65,66,1225,
2022,2i5w-ykuw,Lime,65,67,89,
2022,2i5w-ykuw,Lime,65,68,24,
2022,2i5w-ykuw,Lime,65,69,7,
2022,2i5w-ykuw,Lime,65,70,274,
2022,2i5w-ykuw,Lime,65,71,30,
2022,2i5w-ykuw,Lime,65,72,4,
2022,2i5w-ykuw,Lime,65,73,1,
2022,2i5w-ykuw,Lime,65,74,1,
2022,2i5w-ykuw,Lime,65,75,1,
2022,2i5w-ykuw,Lime,66,,26,
2022,2i5w-ykuw,Lime,66,23,5,
2022,2i5w-ykuw,Lime,66,24,8,
2022,2i5w-ykuw,Lime,66,25,2,
2022,2i5w-ykuw,Lime,66,27,1,
2022,2i5w-ykuw,Lime,66,28,10,
2022,2i5w-ykuw,Lime,66,29,35,
2022,2i5w-ykuw,Lime,66,30,51,
2022,2i5w-ykuw,Lime,66,31,48,
2022,2i5w-ykuw,Lime,66,32,3,
2022,2i5w-ykuw,Lime,66,33,1,
2022,2i5w-ykuw,Lime,66,34,6,
2022,2i5w-ykuw,Lime,66,35,5,
2022,2i5w-ykuw,Lime,66,36,14,
2022,2i5w-ykuw,Lime,66,37,8,
2022,2i5w-ykuw,Lime,66,38,8,
2022,2i5w-ykuw,Lime,66,39,2,
2022,2i5w-ykuw,Lime,66,40,8,
2022,2i5w-ykuw,Lime,66,41,7,
2022,2i5w-ykuw,Lime,66,42,8,
2022,2i5w-ykuw,Lime,66,43,47,
2022,2i5w-ykuw,Lime,66,44,26,
2022,2i5w-ykuw,Lime,66,45,3,
2022,2i5w-ykuw,Lime,66,46,2,
2022,2i5w-ykuw,Lime,66,49,7,
2022,2i5w-ykuw,Lime,66,50,1,
2022,2i5w-ykuw,Lime,66,51,4,
2022,2i5w-ykuw,Lime,66,52,2,
2022,2i5w-ykuw,Lime,66,53,6,
2022,2i5w-ykuw,Lime,66,56,69,
2022,2i5w-ykuw,Lime,66,57,79,
2022,2i5w-ykuw,Lime,66,58,405,
2022,2i5w-ykuw,Lime,66,59,17,
2022,2i5w-ykuw,Lime,66,60,6,
2022,2i5w-ykuw,Lime,66,61,190,
2022,2i5w-ykuw,Lime,66,62,198,
2022,2i5w-ykuw,Lime,66,63,1423,
2022,2i5w-ykuw,Lime,66,64,63,
2022,2i5w-ykuw,Lime,66,65,1188,
2022,2i5w-ykuw,Lime,66,66,9708,
2022,2i5w-ykuw,Lime,66,67,412,
2022,2i5w-ykuw,Lime,66,68,181,
2022,2i5w-ykuw,Lime,66,69,69,
2022,2i5w-ykuw,Lime,66,70,378,
2022,2i5w-ykuw,Lime,66,71,261,
2022,2i5w-ykuw,Lime,66,72,15,
2022,2i5w-ykuw,Lime,66,73,8,
2022,2i5w-ykuw,Lime,66,74,3,
2022,2i5w-ykuw,Lime,66,75,4,
2022,2i5w-ykuw,Lime,67,,7,
2022,2i5w-ykuw,Lime,67,6,1,
2022,2i5w-ykuw,Lime,67,7,4,
2022,2i5w-ykuw,Lime,67,8,2,
2022,2i5w-ykuw,Lime,67,19,1,
2022,2i5w-ykuw,Lime,67,24,4,
2022,2i5w-ykuw,Lime,67,25,1,
2022,2i5w-ykuw,Lime,67,27,1,
2022,2i5w-ykuw,Lime,67,28,3,
2022,2i5w-ykuw,Lime,67,29,7,
2022,2i5w-ykuw,Lime,67,30,14,
2022,2i5w-ykuw,Lime,67,31,13,
2022,2i5w-ykuw,Lime,67,32,5,
2022,2i5w-ykuw,Lime,67,33,2,
2022,2i5w-ykuw,Lime,67,34,1,
2022,2i5w-ykuw,Lime,67,35,9,
2022,2i5w-ykuw,Lime,67,36,4,
2022,2i5w-ykuw,Lime,67,37,17,
2022,2i5w-ykuw,Lime,67,38,11,
2022,2i5w-ykuw,Lime,67,39,9,
2022,2i5w-ykuw,Lime,67,40,31,
2022,2i5w-ykuw,Lime,67,41,9,
2022,2i5w-ykuw,Lime,67,42,25,
2022,2i5w-ykuw,Lime,67,43,38,
2022,2i5w-ykuw,Lime,67,44,39,
2022,2i5w-ykuw,Lime,67,45,4,
2022,2i5w-ykuw,Lime,67,46,3,
2022,2i5w-ykuw,Lime,67,49,5,
2022,2i5w-ykuw,Lime,67,50,1,
2022,2i5w-ykuw,Lime,67,51,3,
2022,2i5w-ykuw,Lime,67,53,4,
2022,2i5w-ykuw,Lime,67,57,4,
2022,2i5w-ykuw,Lime,67,58,14,
2022,2i5w-ykuw,Lime,67,59,27,
2022,2i5w-ykuw,Lime,67,60,5,
2022,2i5w-ykuw,Lime,67,61,298,
2022,2i5w-ykuw,Lime,67,62,8,
2022,2i5w-ykuw,Lime,67,63,105,
2022,2i5w-ykuw,Lime,67,64,15,
2022,2i5w-ykuw,Lime,67,65,101,
2022,2i5w-ykuw,Lime,67,66,321,
2022,2i5w-ykuw,Lime,67,67,3056,
2022,2i5w-ykuw,Lime,67,68,408,
2022,2i5w-ykuw,Lime,67,69,124,
2022,2i5w-ykuw,Lime,67,70,51,
2022,2i5w-ykuw,Lime,67,71,291,
2022,2i5w-ykuw,Lime,67,72,12,
2022,2i5w-ykuw,Lime,67,73,21,
2022,2i5w-ykuw,Lime,67,74,2,
2022,2i5w-ykuw,Lime,67,75,1,
2022,2i5w-ykuw,Lime,68,,2,
2022,2i5w-ykuw,Lime,68,6,1,
2022,2i5w-ykuw,Lime,68,7,3,
2022,2i5w-ykuw,Lime,68,8,2,
2022,2i5w-ykuw,Lime,68,23,1,
2022,2i5w-ykuw,Lime,68,24,3,
2022,2i5w-ykuw,Lime,68,25,3,
2022,2i5w-ykuw,Lime,68,26,3,
2022,2i5w-ykuw,Lime,68,27,2,
2022,2i5w-ykuw,Lime,68,28,6,
2022,2i5w-ykuw,Lime,68,29,3,
2022,2i5w-ykuw,Lime,68,30,5,
2022,2i5w-ykuw,Lime,68,31,4,
2022,2i5w-ykuw,Lime,68,32,4,
2022,2i5w-ykuw,Lime,68,33,6,
2022,2i5w-ykuw,Lime,68,34,4,
2022,2i5w-ykuw,Lime,68,35,11,
2022,2i5w-ykuw,Lime,68,36,3,
2022,2i5w-ykuw,Lime,68,37,49,
2022,2i5w-ykuw,Lime,68,38,59,
2022,2i5w-ykuw,Lime,68,39,22,
2022,2i5w-ykuw,Lime,68,40,104,
2022,2i5w-ykuw,Lime,68,41,30,
2022,2i5w-ykuw,Lime,68,42,103,
2022,2i5w-ykuw,Lime,68,43,64,
2022,2i5w-ykuw,Lime,68,44,141,
2022,2i5w-ykuw,Lime,68,45,6,
2022,2i5w-ykuw,Lime,68,46,10,
2022,2i5w-ykuw,Lime,68,47,1,
2022,2i5w-ykuw,Lime,68,48,13,
2022,2i5w-ykuw,Lime,68,49,22,
2022,2i5w-ykuw,Lime,68,50,4,
2022,2i5w-ykuw,Lime,68,52,2,
2022,2i5w-ykuw,Lime,68,53,4,
2022,2i5w-ykuw,Lime,68,56,2,
2022,2i5w-ykuw,Lime,68,58,4,
2022,2i5w-ykuw,Lime,68,59,1,
2022,2i5w-ykuw,Lime,68,60,19,
2022,2i5w-ykuw,Lime,68,61,138,
2022,2i5w-ykuw,Lime,68,62,3,
2022,2i5w-ykuw,Lime,68,63,17,
2022,2i5w-ykuw,Lime,68,64,1,
2022,2i5w-ykuw,Lime,68,65,16,
2022,2i5w-ykuw,Lime,68,66,191,
2022,2i5w-ykuw,Lime,68,67,414,
2022,2i5w-ykuw,Lime,68,68,3014,
2022,2i5w-ykuw,Lime,68,69,384,
2022,2i5w-ykuw,Lime,68,70,13,
2022,2i5w-ykuw,Lime,68,71,250,
2022,2i5w-ykuw,Lime,68,72,3,
2022,2i5w-ykuw,Lime,68,73,12,
2022,2i5w-ykuw,Lime,69,,2,
2022,2i5w-ykuw,Lime,69,7,1,
2022,2i5w-ykuw,Lime,69,8,4,
2022,2i5w-ykuw,Lime,69,22,1,
2022,2i5w-ykuw,Lime,69,23,2,
2022,2i5w-ykuw,Lime,69,25,1,
2022,2i5w-ykuw,Lime,69,28,6,
2022,2i5w-ykuw,Lime,69,29,1,
2022,2i5w-ykuw,Lime,69,31,1,
2022,2i5w-ykuw,Lime,69,32,8,
2022,2i5w-ykuw,Lime,69,33,8,
2022,2i5w-ykuw,Lime,69,34,4,
2022,2i5w-ykuw,Lime,69,35,14,
2022,2i5w-ykuw,Lime,69,36,7,
2022,2i5w-ykuw,Lime,69,37,8,
2022,2i5w-ykuw,Lime,69,38,49,
2022,2i5w-ykuw,Lime,69,39,10,
2022,2i5w-ykuw,Lime,69,40,87,
2022,2i5w-ykuw,Lime,69,41,41,
2022,2i5w-ykuw,Lime,69,42,289,
2022,2i5w-ykuw,Lime,69,43,395,
2022,2i5w-ykuw,Lime,69,44,767,
2022,2i5w-ykuw,Lime,69,45,62,
2022,2i5w-ykuw,Lime,69,46,58,
2022,2i5w-ykuw,Lime,69,47,4,
2022,2i5w-ykuw,Lime,69,48,20,
2022,2i5w-ykuw,Lime,69,49,67,
2022,2i5w-ykuw,Lime,69,50,3,
2022,2i5w-ykuw,Lime,69,51,12,
2022,2i5w-ykuw,Lime,69,52,6,
2022,2i5w-ykuw,Lime,69,53,11,
2022,2i5w-ykuw,Lime,69,54,2,
2022,2i5w-ykuw,Lime,69,56,1,
2022,2i5w-ykuw,Lime,69,59,2,
2022,2i5w-ykuw,Lime,69,60,6,
2022,2i5w-ykuw,Lime,69,61,73,
2022,2i5w-ykuw,Lime,69,62,1,
2022,2i5w-ykuw,Lime,69,63,4,
2022,2i5w-ykuw,Lime,69,65,3,
2022,2i5w-ykuw,Lime,69,66,63,
2022,2i5w-ykuw,Lime,69,67,99,
2022,2i5w-ykuw,Lime,69,68,386,
2022,2i5w-ykuw,Lime,69,69,4555,
2022,2i5w-ykuw,Lime,69,70,20,
2022,2i5w-ykuw,Lime,69,71,237,
2022,2i5w-ykuw,Lime,69,72,7,
2022,2i5w-ykuw,Lime,69,73,17,
2022,2i5w-ykuw,Lime,69,75,6,
2022,2i5w-ykuw,Lime,70,,21,
2022,2i5w-ykuw,Lime,70,3,1,
2022,2i5w-ykuw,Lime,70,25,1,
2022,2i5w-ykuw,Lime,70,29,5,
2022,2i5w-ykuw,Lime,70,30,2,
2022,2i5w-ykuw,Lime,70,31,1,
2022,2i5w-ykuw,Lime,70,32,1,
2022,2i5w-ykuw,Lime,70,33,2,
2022,2i5w-ykuw,Lime,70,35,1,
2022,2i5w-ykuw,Lime,70,37,1,
2022,2i5w-ykuw,Lime,70,38,1,
2022,2i5w-ykuw,Lime,70,40,3,
2022,2i5w-ykuw,Lime,70,42,1,
2022,2i5w-ykuw,Lime,70,43,4,
2022,2i5w-ykuw,Lime,70,44,36,
2022,2i5w-ykuw,Lime,70,49,7,
2022,2i5w-ykuw,Lime,70,52,1,
2022,2i5w-ykuw,Lime,70,53,1,
2022,2i5w-ykuw,Lime,70,56,9,
2022,2i5w-ykuw,Lime,70,57,18,
2022,2i5w-ykuw,Lime,70,58,15,
2022,2i5w-ykuw,Lime,70,59,1,
2022,2i5w-ykuw,Lime,70,60,2,
2022,2i5w-ykuw,Lime,70,61,23,
2022,2i5w-ykuw,Lime,70,62,20,
2022,2i5w-ykuw,Lime,70,63,22,
2022,2i5w-ykuw,Lime,70,64,12,
2022,2i5w-ykuw,Lime,70,65,225,
2022,2i5w-ykuw,Lime,70,66,259,
2022,2i5w-ykuw,Lime,70,67,33,
2022,2i5w-ykuw,Lime,70,68,7,
2022,2i5w-ykuw,Lime,70,69,17,
2022,2i5w-ykuw,Lime,70,70,2374,
2022,2i5w-ykuw,Lime,70,71,138,
2022,2i5w-ykuw,Lime,70,72,23,
2022,2i5w-ykuw,Lime,70,73,19,
2022,2i5w-ykuw,Lime,70,74,1,
2022,2i5w-ykuw,Lime,70,75,1,
2022,2i5w-ykuw,Lime,71,,30,
2022,2i5w-ykuw,Lime,71,8,2,
2022,2i5w-ykuw,Lime,71,25,1,
2022,2i5w-ykuw,Lime,71,26,2,
2022,2i5w-ykuw,Lime,71,27,3,
2022,2i5w-ykuw,Lime,71,28,2,
2022,2i5w-ykuw,Lime,71,29,2,
2022,2i5w-ykuw,Lime,71,31,4,
2022,2i5w-ykuw,Lime,71,32,1,
2022,2i5w-ykuw,Lime,71,33,3,
2022,2i5w-ykuw,Lime,71,34,1,
2022,2i5w-ykuw,Lime,71,35,6,
2022,2i5w-ykuw,Lime,71,36,1,
2022,2i5w-ykuw,Lime,71,37,3,
2022,2i5w-ykuw,Lime,71,38,17,
2022,2i5w-ykuw,Lime,71,39,18,
2022,2i5w-ykuw,Lime,71,40,29,
2022,2i5w-ykuw,Lime,71,41,3,
2022,2i5w-ykuw,Lime,71,42,24,
2022,2i5w-ykuw,Lime,71,43,46,
2022,2i5w-ykuw,Lime,71,44,484,
2022,2i5w-ykuw,Lime,71,45,16,
2022,2i5w-ykuw,Lime,71,46,12,
2022,2i5w-ykuw,Lime,71,47,6,
2022,2i5w-ykuw,Lime,71,48,7,
2022,2i5w-ykuw,Lime,71,49,102,
2022,2i5w-ykuw,Lime,71,50,13,
2022,2i5w-ykuw,Lime,71,51,5,
2022,2i5w-ykuw,Lime,71,53,20,
2022,2i5w-ykuw,Lime,71,56,2,
2022,2i5w-ykuw,Lime,71,58,1,
2022,2i5w-ykuw,Lime,71,59,1,
2022,2i5w-ykuw,Lime,71,60,6,
2022,2i5w-ykuw,Lime,71,61,37,
2022,2i5w-ykuw,Lime,71,62,4,
2022,2i5w-ykuw,Lime,71,63,4,
2022,2i5w-ykuw,Lime,71,64,1,
2022,2i5w-ykuw,Lime,71,65,32,
2022,2i5w-ykuw,Lime,71,66,200,
2022,2i5w-ykuw,Lime,71,67,314,
2022,2i5w-ykuw,Lime,71,68,262,
2022,2i5w-ykuw,Lime,71,69,249,
2022,2i5w-ykuw,Lime,71,70,172,
2022,2i5w-ykuw,Lime,71,71,4177,
2022,2i5w-ykuw,Lime,71,72,46,
2022,2i5w-ykuw,Lime,71,73,334,
2022,2i5w-ykuw,Lime,71,74,1,
2022,2i5w-ykuw,Lime,71,75,23,
2022,2i5w-ykuw,Lime,72,,11,
2022,2i5w-ykuw,Lime,72,35,1,
2022,2i5w-ykuw,Lime,72,36,1,
2022,2i5w-ykuw,Lime,72,39,1,
2022,2i5w-ykuw,Lime,72,40,2,
2022,2i5w-ykuw,Lime,72,42,2,
2022,2i5w-ykuw,Lime,72,43,3,
2022,2i5w-ykuw,Lime,72,44,4,
2022,2i5w-ykuw,Lime,72,45,1,
2022,2i5w-ykuw,Lime,72,48,1,
2022,2i5w-ykuw,Lime,72,49,23,
2022,2i5w-ykuw,Lime,72,51,1,
2022,2i5w-ykuw,Lime,72,53,9,
2022,2i5w-ykuw,Lime,72,58,1,
2022,2i5w-ykuw,Lime,72,62,1,
2022,2i5w-ykuw,Lime,72,65,2,
2022,2i5w-ykuw,Lime,72,66,3,
2022,2i5w-ykuw,Lime,72,67,4,
2022,2i5w-ykuw,Lime,72,68,4,
2022,2i5w-ykuw,Lime,72,69,1,
2022,2i5w-ykuw,Lime,72,70,22,
2022,2i5w-ykuw,Lime,72,71,25,
2022,2i5w-ykuw,Lime,72,72,234,
2022,2i5w-ykuw,Lime,72,73,99,
2022,2i5w-ykuw,Lime,72,74,12,
2022,2i5w-ykuw,Lime,72,75,50,
2022,2i5w-ykuw,Lime,73,,20,
2022,2i5w-ykuw,Lime,73,20,1,
2022,2i5w-ykuw,Lime,73,28,1,
2022,2i5w-ykuw,Lime,73,29,2,
2022,2i5w-ykuw,Lime,73,30,1,
2022,2i5w-ykuw,Lime,73,33,1,
2022,2i5w-ykuw,Lime,73,38,2,
2022,2i5w-ykuw,Lime,73,39,2,
2022,2i5w-ykuw,Lime,73,40,8,
2022,2i5w-ykuw,Lime,73,42,11,
2022,2i5w-ykuw,Lime,73,43,5,
2022,2i5w-ykuw,Lime,73,44,89,
2022,2i5w-ykuw,Lime,73,45,15,
2022,2i5w-ykuw,Lime,73,46,3,
2022,2i5w-ykuw,Lime,73,47,1,
2022,2i5w-ykuw,Lime,73,48,6,
2022,2i5w-ykuw,Lime,73,49,372,
2022,2i5w-ykuw,Lime,73,50,29,
2022,2i5w-ykuw,Lime,73,51,12,
2022,2i5w-ykuw,Lime,73,53,44,
2022,2i5w-ykuw,Lime,73,54,3,
2022,2i5w-ykuw,Lime,73,60,1,
2022,2i5w-ykuw,Lime,73,61,3,
2022,2i5w-ykuw,Lime,73,63,1,
2022,2i5w-ykuw,Lime,73,65,6,
2022,2i5w-ykuw,Lime,73,66,4,
2022,2i5w-ykuw,Lime,73,67,26,
2022,2i5w-ykuw,Lime,73,68,18,
2022,2i5w-ykuw,Lime,73,69,16,
2022,2i5w-ykuw,Lime,73,70,16,
2022,2i5w-ykuw,Lime,73,71,329,
2022,2i5w-ykuw,Lime,73,72,143,
2022,2i5w-ykuw,Lime,73,73,2536,
2022,2i5w-ykuw,Lime,73,74,1,
2022,2i5w-ykuw,Lime,73,75,111,
2022,2i5w-ykuw,Lime,74,,4,
2022,2i5w-ykuw,Lime,74,44,2,
2022,2i5w-ykuw,Lime,74,45,1,
2022,2i5w-ykuw,Lime,74,49,2,
2022,2i5w-ykuw,Lime,74,53,1,
2022,2i5w-ykuw,Lime,74,66,1,
2022,2i5w-ykuw,Lime,74,70,1,
2022,2i5w-ykuw,Lime,74,72,5,
2022,2i5w-ykuw,Lime,74,74,80,
2022,2i5w-ykuw,Lime,74,75,12,
2022,2i5w-ykuw,Lime,75,,11,
2022,2i5w-ykuw,Lime,75,38,1,
2022,2i5w-ykuw,Lime,75,42,3,
2022,2i5w-ykuw,Lime,75,43,3,
2022,2i5w-ykuw,Lime,75,44,4,
2022,2i5w-ykuw,Lime,75,48,2,
2022,2i5w-ykuw,Lime,75,49,151,
2022,2i5w-ykuw,Lime,75,50,14,
2022,2i5w-ykuw,Lime,75,51,1,
2022,2i5w-ykuw,Lime,75,53,114,
2022,2i5w-ykuw,Lime,75,54,3,
2022,2i5w-ykuw,Lime,75,66,2,
2022,2i5w-ykuw,Lime,75,69,13,
2022,2i5w-ykuw,Lime,75,70,1,
2022,2i5w-ykuw,Lime,75,71,14,
2022,2i5w-ykuw,Lime,75,72,60,
2022,2i5w-ykuw,Lime,75,73,92,
2022,2i5w-ykuw,Lime,75,74,17,
2022,2i5w-ykuw,Lime,75,75,1167,
2022,2i5w-ykuw,Lime,76,,6,
2022,2i5w-ykuw,Lime,76,6,1,
2022,2i5w-ykuw,Lime,76,7,1,
2022,2i5w-ykuw,Lime,76,10,4,
2022,2i5w-ykuw,Lime,76,11,1,
2022,2i5w-ykuw,Lime,76,13,1,
2022,2i5w-ykuw,Lime,76,15,1,
2022,2i5w-ykuw,Lime,76,16,1,
2022,2i5w-ykuw,Lime,76,17,2,
2022,2i5w-ykuw,Lime,76,19,4,
2022,2i5w-ykuw,Lime,76,76,104,
2022,2i5w-ykuw,Lime,77,,5,
2022,2i5w-ykuw,Lime,77,1,1549,
2022,2i5w-ykuw,Lime,77,2,652,
2022,2i5w-ykuw,Lime,77,3,1904,
2022,2i5w-ykuw,Lime,77,4,600,
2022,2i5w-ykuw,Lime,77,5,134,
2022,2i5w-ykuw,Lime,77,6,564,
2022,2i5w-ykuw,Lime,77,7,108,
2022,2i5w-ykuw,Lime,77,8,14,
2022,2i5w-ykuw,Lime,77,10,2,
2022,2i5w-ykuw,Lime,77,11,5,
2022,2i5w-ykuw,Lime,77,12,3,
2022,2i5w-ykuw,Lime,77,13,84,
2022,2i5w-ykuw,Lime,77,14,52,
2022,2i5w-ykuw,Lime,77,16,39,
2022,2i5w-ykuw,Lime,77,20,6,
2022,2i5w-ykuw,Lime,77,21,19,
2022,2i5w-ykuw,Lime,77,22,70,
2022,2i5w-ykuw,Lime,77,23,5,
2022,2i5w-ykuw,Lime,77,24,20,
2022,2i5w-ykuw,Lime,77,25,1,
2022,2i5w-ykuw,Lime,77,27,3,
2022,2i5w-ykuw,Lime,77,28,8,
2022,2i5w-ykuw,Lime,77,30,1,
2022,2i5w-ykuw,Lime,77,32,2,
2022,2i5w-ykuw,Lime,77,77,7240,
2022,2i5w-ykuw,Link,,,9,
2022,2i5w-ykuw,Link,,1,2,
2022,2i5w-ykuw,Link,,2,1,
2022,2i5w-ykuw,Link,,9,1,
2022,2i5w-ykuw,Link,,10,7,
2022,2i5w-ykuw,Link,,11,1,
2022,2i5w-ykuw,Link,,15,4,
2022,2i5w-ykuw,Link,,16,1,
2022,2i5w-ykuw,Link,,17,12,
2022,2i5w-ykuw,Link,,18,4,
2022,2i5w-ykuw,Link,,19,8,
2022,2i5w-ykuw,Link,,21,1,
2022,2i5w-ykuw,Link,,23,2,
2022,2i5w-ykuw,Link,,25,29,
2022,2i5w-ykuw,Link,,29,10,
2022,2i5w-ykuw,Link,,30,8,
2022,2i5w-ykuw,Link,,49,1,
2022,2i5w-ykuw,Link,,50,1,
2022,2i5w-ykuw,Link,,52,2,
2022,2i5w-ykuw,Link,,53,5,
2022,2i5w-ykuw,Link,,54,1,
2022,2i5w-ykuw,Link,,55,1,
2022,2i5w-ykuw,Link,,56,5,
2022,2i5w-ykuw,Link,,57,1,
2022,2i5w-ykuw,Link,,58,1,
2022,2i5w-ykuw,Link,,61,2,
2022,2i5w-ykuw,Link,,62,1,
2022,2i5w-ykuw,Link,,64,3,
2022,2i5w-ykuw,Link,,65,4,
2022,2i5w-ykuw,Link,,66,4,
2022,2i5w-ykuw,Link,,67,1,
2022,2i5w-ykuw,Link,,70,9,
2022,2i5w-ykuw,Link,,71,3,
2022,2i5w-ykuw,Link,,72,4,
2022,2i5w-ykuw,Link,,73,3,
2022,2i5w-ykuw,Link,,74,7,
2022,2i5w-ykuw,Link,,75,2,
2022,2i5w-ykuw,Link,1,,2,
2022,2i5w-ykuw,Link,1,1,349,
2022,2i5w-ykuw,Link,1,2,52,
2022,2i5w-ykuw,Link,1,3,7,
2022,2i5w-ykuw,Link,1,4,1,
2022,2i5w-ykuw,Link,1,6,2,
2022,2i5w-ykuw,Link,1,14,6,
2022,2i5w-ykuw,Link,1,72,1,
2022,2i5w-ykuw,Link,1,77,31,
2022,2i5w-ykuw,Link,2,,2,
2022,2i5w-ykuw,Link,2,1,28,
2022,2i5w-ykuw,Link,2,2,124,
2022,2i5w-ykuw,Link,2,3,1,
2022,2i5w-ykuw,Link,2,4,32,
2022,2i5w-ykuw,Link,2,6,3,
2022,2i5w-ykuw,Link,2,12,2,
2022,2i5w-ykuw,Link,2,13,10,
2022,2i5w-ykuw,Link,2,14,5,
2022,2i5w-ykuw,Link,2,16,1,
2022,2i5w-ykuw,Link,2,21,1,
2022,2i5w-ykuw,Link,2,24,1,
2022,2i5w-ykuw,Link,2,77,5,
2022,2i5w-ykuw,Link,3,1,6,
2022,2i5w-ykuw,Link,3,2,3,
2022,2i5w-ykuw,Link,3,3,290,
2022,2i5w-ykuw,Link,3,4,71,
2022,2i5w-ykuw,Link,3,5,10,
2022,2i5w-ykuw,Link,3,6,87,
2022,2i5w-ykuw,Link,3,7,22,
2022,2i5w-ykuw,Link,3,10,2,
2022,2i5w-ykuw,Link,3,11,2,
2022,2i5w-ykuw,Link,3,13,2,
2022,2i5w-ykuw,Link,3,14,8,
2022,2i5w-ykuw,Link,3,15,1,
2022,2i5w-ykuw,Link,3,16,6,
2022,2i5w-ykuw,Link,3,19,1,
2022,2i5w-ykuw,Link,3,21,4,
2022,2i5w-ykuw,Link,3,22,2,
2022,2i5w-ykuw,Link,3,24,4,
2022,2i5w-ykuw,Link,3,77,54,
2022,2i5w-ykuw,Link,4,1,5,
2022,2i5w-ykuw,Link,4,2,24,
2022,2i5w-ykuw,Link,4,3,108,
2022,2i5w-ykuw,Link,4,4,565,
2022,2i5w-ykuw,Link,4,5,85,
2022,2i5w-ykuw,Link,4,6,50,
2022,2i5w-ykuw,Link,4,7,4,
2022,2i5w-ykuw,Link,4,10,1,
2022,2i5w-ykuw,Link,4,11,5,
2022,2i5w-ykuw,Link,4,12,2,
2022,2i5w-ykuw,Link,4,13,29,
2022,2i5w-ykuw,Link,4,14,83,
2022,2i5w-ykuw,Link,4,15,2,
2022,2i5w-ykuw,Link,4,16,20,
2022,2i5w-ykuw,Link,4,21,4,
2022,2i5w-ykuw,Link,4,22,3,
2022,2i5w-ykuw,Link,4,24,8,
2022,2i5w-ykuw,Link,4,29,1,
2022,2i5w-ykuw,Link,4,77,46,
2022,2i5w-ykuw,Link,5,1,2,
2022,2i5w-ykuw,Link,5,3,17,
2022,2i5w-ykuw,Link,5,4,44,
2022,2i5w-ykuw,Link,5,5,286,
2022,2i5w-ykuw,Link,5,6,111,
2022,2i5w-ykuw,Link,5,7,26,
2022,2i5w-ykuw,Link,5,13,3,
2022,2i5w-ykuw,Link,5,14,6,
2022,2i5w-ykuw,Link,5,15,3,
2022,2i5w-ykuw,Link,5,16,34,
2022,2i5w-ykuw,Link,5,17,2,
2022,2i5w-ykuw,Link,5,19,1,
2022,2i5w-ykuw,Link,5,20,1,
2022,2i5w-ykuw,Link,5,21,24,
2022,2i5w-ykuw,Link,5,22,27,
2022,2i5w-ykuw,Link,5,23,3,
2022,2i5w-ykuw,Link,5,24,2,
2022,2i5w-ykuw,Link,5,25,4,
2022,2i5w-ykuw,Link,5,29,1,
2022,2i5w-ykuw,Link,5,77,6,
2022,2i5w-ykuw,Link,6,1,2,
2022,2i5w-ykuw,Link,6,2,8,
2022,2i5w-ykuw,Link,6,3,93,
2022,2i5w-ykuw,Link,6,4,34,
2022,2i5w-ykuw,Link,6,5,88,
2022,2i5w-ykuw,Link,6,6,1209,
2022,2i5w-ykuw,Link,6,7,235,
2022,2i5w-ykuw,Link,6,8,2,
2022,2i5w-ykuw,Link,6,14,9,
2022,2i5w-ykuw,Link,6,16,20,
2022,2i5w-ykuw,Link,6,17,1,
2022,2i5w-ykuw,Link,6,19,2,
2022,2i5w-ykuw,Link,6,20,3,
2022,2i5w-ykuw,Link,6,21,19,
2022,2i5w-ykuw,Link,6,22,16,
2022,2i5w-ykuw,Link,6,24,16,
2022,2i5w-ykuw,Link,6,25,1,
2022,2i5w-ykuw,Link,6,30,2,
2022,2i5w-ykuw,Link,6,77,18,
2022,2i5w-ykuw,Link,7,,1,
2022,2i5w-ykuw,Link,7,1,6,
2022,2i5w-ykuw,Link,7,2,2,
2022,2i5w-ykuw,Link,7,3,22,
2022,2i5w-ykuw,Link,7,4,3,
2022,2i5w-ykuw,Link,7,5,16,
2022,2i5w-ykuw,Link,7,6,225,
2022,2i5w-ykuw,Link,7,7,844,
2022,2i5w-ykuw,Link,7,8,10,
2022,2i5w-ykuw,Link,7,16,1,
2022,2i5w-ykuw,Link,7,19,4,
2022,2i5w-ykuw,Link,7,20,4,
2022,2i5w-ykuw,Link,7,21,5,
2022,2i5w-ykuw,Link,7,22,55,
2022,2i5w-ykuw,Link,7,23,1,
2022,2i5w-ykuw,Link,7,24,16,
2022,2i5w-ykuw,Link,7,27,1,
2022,2i5w-ykuw,Link,7,28,1,
2022,2i5w-ykuw,Link,7,30,1,
2022,2i5w-ykuw,Link,7,65,1,
2022,2i5w-ykuw,Link,7,77,5,
2022,2i5w-ykuw,Link,8,,1,
2022,2i5w-ykuw,Link,8,7,4,
2022,2i5w-ykuw,Link,8,8,3,
2022,2i5w-ykuw,Link,8,24,1,
2022,2i5w-ykuw,Link,9,9,7,
2022,2i5w-ykuw,Link,9,10,7,
2022,2i5w-ykuw,Link,9,11,1,
2022,2i5w-ykuw,Link,9,14,2,
2022,2i5w-ykuw,Link,9,15,1,
2022,2i5w-ykuw,Link,10,,18,
2022,2i5w-ykuw,Link,10,3,8,
2022,2i5w-ykuw,Link,10,4,1,
2022,2i5w-ykuw,Link,10,9,16,
2022,2i5w-ykuw,Link,10,10,146,
2022,2i5w-ykuw,Link,10,11,28,
2022,2i5w-ykuw,Link,10,12,8,
2022,2i5w-ykuw,Link,10,14,3,
2022,2i5w-ykuw,Link,10,15,5,
2022,2i5w-ykuw,Link,10,16,3,
2022,2i5w-ykuw,Link,10,17,5,
2022,2i5w-ykuw,Link,10,18,1,
2022,2i5w-ykuw,Link,10,21,2,
2022,2i5w-ykuw,Link,10,76,1,
2022,2i5w-ykuw,Link,11,,4,
2022,2i5w-ykuw,Link,11,2,1,
2022,2i5w-ykuw,Link,11,3,9,
2022,2i5w-ykuw,Link,11,4,3,
2022,2i5w-ykuw,Link,11,7,1,
2022,2i5w-ykuw,Link,11,10,26,
2022,2i5w-ykuw,Link,11,11,184,
2022,2i5w-ykuw,Link,11,12,24,
2022,2i5w-ykuw,Link,11,13,5,
2022,2i5w-ykuw,Link,11,14,24,
2022,2i5w-ykuw,Link,11,15,64,
2022,2i5w-ykuw,Link,11,16,11,
2022,2i5w-ykuw,Link,11,17,5,
2022,2i5w-ykuw,Link,11,18,6,
2022,2i5w-ykuw,Link,11,19,8,
2022,2i5w-ykuw,Link,11,22,2,
2022,2i5w-ykuw,Link,11,25,4,
2022,2i5w-ykuw,Link,12,,2,
2022,2i5w-ykuw,Link,12,4,2,
2022,2i5w-ykuw,Link,12,10,5,
2022,2i5w-ykuw,Link,12,11,22,
2022,2i5w-ykuw,Link,12,12,60,
2022,2i5w-ykuw,Link,12,13,2,
2022,2i5w-ykuw,Link,12,14,2,
2022,2i5w-ykuw,Link,12,15,1,
2022,2i5w-ykuw,Link,12,16,1,
2022,2i5w-ykuw,Link,12,19,1,
2022,2i5w-ykuw,Link,12,21,4,
2022,2i5w-ykuw,Link,13,,1,
2022,2i5w-ykuw,Link,13,1,3,
2022,2i5w-ykuw,Link,13,2,12,
2022,2i5w-ykuw,Link,13,3,3,
2022,2i5w-ykuw,Link,13,4,12,
2022,2i5w-ykuw,Link,13,5,1,
2022,2i5w-ykuw,Link,13,11,4,
2022,2i5w-ykuw,Link,13,12,4,
2022,2i5w-ykuw,Link,13,13,33,
2022,2i5w-ykuw,Link,13,14,14,
2022,2i5w-ykuw,Link,13,19,3,
2022,2i5w-ykuw,Link,13,77,4,
2022,2i5w-ykuw,Link,14,1,1,
2022,2i5w-ykuw,Link,14,2,6,
2022,2i5w-ykuw,Link,14,3,5,
2022,2i5w-ykuw,Link,14,4,57,
2022,2i5w-ykuw,Link,14,5,8,
2022,2i5w-ykuw,Link,14,6,7,
2022,2i5w-ykuw,Link,14,9,1,
2022,2i5w-ykuw,Link,14,11,17,
2022,2i5w-ykuw,Link,14,12,1,
2022,2i5w-ykuw,Link,14,13,19,
2022,2i5w-ykuw,Link,14,14,143,
2022,2i5w-ykuw,Link,14,15,6,
2022,2i5w-ykuw,Link,14,16,26,
2022,2i5w-ykuw,Link,14,19,1,
2022,2i5w-ykuw,Link,14,20,1,
2022,2i5w-ykuw,Link,14,21,17,
2022,2i5w-ykuw,Link,14,22,11,
2022,2i5w-ykuw,Link,14,23,1,
2022,2i5w-ykuw,Link,14,24,1,
2022,2i5w-ykuw,Link,14,25,6,
2022,2i5w-ykuw,Link,14,29,1,
2022,2i5w-ykuw,Link,14,30,5,
2022,2i5w-ykuw,Link,14,31,1,
2022,2i5w-ykuw,Link,14,59,1,
2022,2i5w-ykuw,Link,14,77,4,
2022,2i5w-ykuw,Link,15,,5,
2022,2i5w-ykuw,Link,15,3,1,
2022,2i5w-ykuw,Link,15,4,2,
2022,2i5w-ykuw,Link,15,5,3,
2022,2i5w-ykuw,Link,15,6,2,
2022,2i5w-ykuw,Link,15,7,1,
2022,2i5w-ykuw,Link,15,9,1,
2022,2i5w-ykuw,Link,15,10,8,
2022,2i5w-ykuw,Link,15,11,56,
2022,2i5w-ykuw,Link,15,12,1,
2022,2i5w-ykuw,Link,15,14,17,
2022,2i5w-ykuw,Link,15,15,751,
2022,2i5w-ykuw,Link,15,16,62,
2022,2i5w-ykuw,Link,15,17,47,
2022,2i5w-ykuw,Link,15,18,4,
2022,2i5w-ykuw,Link,15,19,193,
2022,2i5w-ykuw,Link,15,20,11,
2022,2i5w-ykuw,Link,15,21,22,
2022,2i5w-ykuw,Link,15,22,11,
2022,2i5w-ykuw,Link,15,23,3,
2022,2i5w-ykuw,Link,15,24,1,
2022,2i5w-ykuw,Link,15,25,13,
2022,2i5w-ykuw,Link,15,77,1,
2022,2i5w-ykuw,Link,16,1,1,
2022,2i5w-ykuw,Link,16,2,2,
2022,2i5w-ykuw,Link,16,3,2,
2022,2i5w-ykuw,Link,16,4,10,
2022,2i5w-ykuw,Link,16,5,21,
2022,2i5w-ykuw,Link,16,6,15,
2022,2i5w-ykuw,Link,16,7,4,
2022,2i5w-ykuw,Link,16,9,1,
2022,2i5w-ykuw,Link,16,10,3,
2022,2i5w-ykuw,Link,16,11,5,
2022,2i5w-ykuw,Link,16,13,1,
2022,2i5w-ykuw,Link,16,14,44,
2022,2i5w-ykuw,Link,16,15,62,
2022,2i5w-ykuw,Link,16,16,296,
2022,2i5w-ykuw,Link,16,18,1,
2022,2i5w-ykuw,Link,16,19,43,
2022,2i5w-ykuw,Link,16,20,13,
2022,2i5w-ykuw,Link,16,21,38,
2022,2i5w-ykuw,Link,16,22,18,
2022,2i5w-ykuw,Link,16,23,13,
2022,2i5w-ykuw,Link,16,24,4,
2022,2i5w-ykuw,Link,16,25,2,
2022,2i5w-ykuw,Link,16,28,1,
2022,2i5w-ykuw,Link,16,29,3,
2022,2i5w-ykuw,Link,16,31,1,
2022,2i5w-ykuw,Link,16,77,3,
2022,2i5w-ykuw,Link,17,,9,
2022,2i5w-ykuw,Link,17,1,1,
2022,2i5w-ykuw,Link,17,10,6,
2022,2i5w-ykuw,Link,17,11,3,
2022,2i5w-ykuw,Link,17,12,1,
2022,2i5w-ykuw,Link,17,13,1,
2022,2i5w-ykuw,Link,17,15,25,
2022,2i5w-ykuw,Link,17,17,146,
2022,2i5w-ykuw,Link,17,18,12,
2022,2i5w-ykuw,Link,17,19,35,
2022,2i5w-ykuw,Link,17,20,2,
2022,2i5w-ykuw,Link,17,21,3,
2022,2i5w-ykuw,Link,17,22,1,
2022,2i5w-ykuw,Link,17,25,7,
2022,2i5w-ykuw,Link,17,26,1,
2022,2i5w-ykuw,Link,18,,1,
2022,2i5w-ykuw,Link,18,11,1,
2022,2i5w-ykuw,Link,18,15,1,
2022,2i5w-ykuw,Link,18,17,6,
2022,2i5w-ykuw,Link,18,18,74,
2022,2i5w-ykuw,Link,18,19,73,
2022,2i5w-ykuw,Link,18,20,1,
2022,2i5w-ykuw,Link,18,21,3,
2022,2i5w-ykuw,Link,18,22,7,
2022,2i5w-ykuw,Link,18,24,2,
2022,2i5w-ykuw,Link,18,25,14,
2022,2i5w-ykuw,Link,19,,22,
2022,2i5w-ykuw,Link,19,5,2,
2022,2i5w-ykuw,Link,19,6,2,
2022,2i5w-ykuw,Link,19,7,4,
2022,2i5w-ykuw,Link,19,10,9,
2022,2i5w-ykuw,Link,19,11,8,
2022,2i5w-ykuw,Link,19,12,3,
2022,2i5w-ykuw,Link,19,14,8,
2022,2i5w-ykuw,Link,19,15,172,
2022,2i5w-ykuw,Link,19,16,46,
2022,2i5w-ykuw,Link,19,17,62,
2022,2i5w-ykuw,Link,19,18,111,
2022,2i5w-ykuw,Link,19,19,2798,
2022,2i5w-ykuw,Link,19,20,107,
2022,2i5w-ykuw,Link,19,21,26,
2022,2i5w-ykuw,Link,19,22,87,
2022,2i5w-ykuw,Link,19,23,43,
2022,2i5w-ykuw,Link,19,24,7,
2022,2i5w-ykuw,Link,19,25,234,
2022,2i5w-ykuw,Link,19,27,8,
2022,2i5w-ykuw,Link,19,28,1,
2022,2i5w-ykuw,Link,19,76,2,
2022,2i5w-ykuw,Link,20,3,1,
2022,2i5w-ykuw,Link,20,5,1,
2022,2i5w-ykuw,Link,20,6,1,
2022,2i5w-ykuw,Link,20,7,6,
2022,2i5w-ykuw,Link,20,13,3,
2022,2i5w-ykuw,Link,20,14,1,
2022,2i5w-ykuw,Link,20,15,28,
2022,2i5w-ykuw,Link,20,16,25,
2022,2i5w-ykuw,Link,20,17,1,
2022,2i5w-ykuw,Link,20,18,2,
2022,2i5w-ykuw,Link,20,19,115,
2022,2i5w-ykuw,Link,20,20,312,
2022,2i5w-ykuw,Link,20,21,24,
2022,2i5w-ykuw,Link,20,22,127,
2022,2i5w-ykuw,Link,20,23,30,
2022,2i5w-ykuw,Link,20,24,7,
2022,2i5w-ykuw,Link,20,25,24,
2022,2i5w-ykuw,Link,20,26,1,
2022,2i5w-ykuw,Link,20,28,1,
2022,2i5w-ykuw,Link,20,29,1,
2022,2i5w-ykuw,Link,20,30,9,
2022,2i5w-ykuw,Link,20,63,1,
2022,2i5w-ykuw,Link,21,,2,
2022,2i5w-ykuw,Link,21,1,1,
2022,2i5w-ykuw,Link,21,3,3,
2022,2i5w-ykuw,Link,21,4,3,
2022,2i5w-ykuw,Link,21,5,21,
2022,2i5w-ykuw,Link,21,6,19,
2022,2i5w-ykuw,Link,21,7,3,
2022,2i5w-ykuw,Link,21,10,2,
2022,2i5w-ykuw,Link,21,13,5,
2022,2i5w-ykuw,Link,21,14,24,
2022,2i5w-ykuw,Link,21,15,19,
2022,2i5w-ykuw,Link,21,16,45,
2022,2i5w-ykuw,Link,21,17,2,
2022,2i5w-ykuw,Link,21,19,27,
2022,2i5w-ykuw,Link,21,20,24,
2022,2i5w-ykuw,Link,21,21,296,
2022,2i5w-ykuw,Link,21,22,125,
2022,2i5w-ykuw,Link,21,23,13,
2022,2i5w-ykuw,Link,21,24,7,
2022,2i5w-ykuw,Link,21,25,1,
2022,2i5w-ykuw,Link,21,26,2,
2022,2i5w-ykuw,Link,21,27,1,
2022,2i5w-ykuw,Link,21,28,1,
2022,2i5w-ykuw,Link,22,,1,
2022,2i5w-ykuw,Link,22,1,2,
2022,2i5w-ykuw,Link,22,2,1,
2022,2i5w-ykuw,Link,22,3,1,
2022,2i5w-ykuw,Link,22,4,7,
2022,2i5w-ykuw,Link,22,5,36,
2022,2i5w-ykuw,Link,22,6,31,
2022,2i5w-ykuw,Link,22,7,43,
2022,2i5w-ykuw,Link,22,8,1,
2022,2i5w-ykuw,Link,22,10,2,
2022,2i5w-ykuw,Link,22,11,3,
2022,2i5w-ykuw,Link,22,12,1,
2022,2i5w-ykuw,Link,22,13,1,
2022,2i5w-ykuw,Link,22,14,9,
2022,2i5w-ykuw,Link,22,15,15,
2022,2i5w-ykuw,Link,22,16,28,
2022,2i5w-ykuw,Link,22,17,1,
2022,2i5w-ykuw,Link,22,18,11,
2022,2i5w-ykuw,Link,22,19,59,
2022,2i5w-ykuw,Link,22,20,120,
2022,2i5w-ykuw,Link,22,21,163,
2022,2i5w-ykuw,Link,22,22,1377,
2022,2i5w-ykuw,Link,22,23,93,
2022,2i5w-ykuw,Link,22,24,215,
2022,2i5w-ykuw,Link,22,25,23,
2022,2i5w-ykuw,Link,22,26,1,
2022,2i5w-ykuw,Link,22,27,5,
2022,2i5w-ykuw,Link,22,28,14,
2022,2i5w-ykuw,Link,22,57,1,
2022,2i5w-ykuw,Link,22,59,1,
2022,2i5w-ykuw,Link,22,77,2,
2022,2i5w-ykuw,Link,23,,1,
2022,2i5w-ykuw,Link,23,3,1,
2022,2i5w-ykuw,Link,23,4,1,
2022,2i5w-ykuw,Link,23,5,2,
2022,2i5w-ykuw,Link,23,16,24,
2022,2i5w-ykuw,Link,23,17,1,
2022,2i5w-ykuw,Link,23,18,3,
2022,2i5w-ykuw,Link,23,19,44,
2022,2i5w-ykuw,Link,23,20,21,
2022,2i5w-ykuw,Link,23,21,3,
2022,2i5w-ykuw,Link,23,22,52,
2022,2i5w-ykuw,Link,23,23,1029,
2022,2i5w-ykuw,Link,23,24,54,
2022,2i5w-ykuw,Link,23,25,45,
2022,2i5w-ykuw,Link,23,26,12,
2022,2i5w-ykuw,Link,23,27,34,
2022,2i5w-ykuw,Link,23,28,7,
2022,2i5w-ykuw,Link,23,29,29,
2022,2i5w-ykuw,Link,23,30,3,
2022,2i5w-ykuw,Link,23,31,1,
2022,2i5w-ykuw,Link,23,34,1,
2022,2i5w-ykuw,Link,23,38,4,
2022,2i5w-ykuw,Link,24,1,2,
2022,2i5w-ykuw,Link,24,3,2,
2022,2i5w-ykuw,Link,24,4,4,
2022,2i5w-ykuw,Link,24,5,3,
2022,2i5w-ykuw,Link,24,6,10,
2022,2i5w-ykuw,Link,24,7,22,
2022,2i5w-ykuw,Link,24,8,2,
2022,2i5w-ykuw,Link,24,15,2,
2022,2i5w-ykuw,Link,24,16,6,
2022,2i5w-ykuw,Link,24,18,1,
2022,2i5w-ykuw,Link,24,19,8,
2022,2i5w-ykuw,Link,24,20,11,
2022,2i5w-ykuw,Link,24,21,11,
2022,2i5w-ykuw,Link,24,22,158,
2022,2i5w-ykuw,Link,24,23,68,
2022,2i5w-ykuw,Link,24,24,866,
2022,2i5w-ykuw,Link,24,25,17,
2022,2i5w-ykuw,Link,24,26,1,
2022,2i5w-ykuw,Link,24,27,11,
2022,2i5w-ykuw,Link,24,28,43,
2022,2i5w-ykuw,Link,24,29,7,
2022,2i5w-ykuw,Link,24,30,3,
2022,2i5w-ykuw,Link,24,31,2,
2022,2i5w-ykuw,Link,24,32,1,
2022,2i5w-ykuw,Link,24,66,1,
2022,2i5w-ykuw,Link,25,,26,
2022,2i5w-ykuw,Link,25,5,1,
2022,2i5w-ykuw,Link,25,7,1,
2022,2i5w-ykuw,Link,25,11,1,
2022,2i5w-ykuw,Link,25,14,3,
2022,2i5w-ykuw,Link,25,15,11,
2022,2i5w-ykuw,Link,25,16,1,
2022,2i5w-ykuw,Link,25,17,8,
2022,2i5w-ykuw,Link,25,18,13,
2022,2i5w-ykuw,Link,25,19,159,
2022,2i5w-ykuw,Link,25,20,14,
2022,2i5w-ykuw,Link,25,21,1,
2022,2i5w-ykuw,Link,25,22,23,
2022,2i5w-ykuw,Link,25,23,45,
2022,2i5w-ykuw,Link,25,24,15,
2022,2i5w-ykuw,Link,25,25,1361,
2022,2i5w-ykuw,Link,25,26,68,
2022,2i5w-ykuw,Link,25,27,21,
2022,2i5w-ykuw,Link,25,28,13,
2022,2i5w-ykuw,Link,25,29,34,
2022,2i5w-ykuw,Link,25,30,8,
2022,2i5w-ykuw,Link,25,49,1,
2022,2i5w-ykuw,Link,25,63,1,
2022,2i5w-ykuw,Link,25,66,1,
2022,2i5w-ykuw,Link,26,,1,
2022,2i5w-ykuw,Link,26,17,1,
2022,2i5w-ykuw,Link,26,19,1,
2022,2i5w-ykuw,Link,26,20,2,
2022,2i5w-ykuw,Link,26,23,32,
2022,2i5w-ykuw,Link,26,24,3,
2022,2i5w-ykuw,Link,26,25,53,
2022,2i5w-ykuw,Link,26,26,342,
2022,2i5w-ykuw,Link,26,27,41,
2022,2i5w-ykuw,Link,26,28,14,
2022,2i5w-ykuw,Link,26,29,40,
2022,2i5w-ykuw,Link,26,30,51,
2022,2i5w-ykuw,Link,26,57,5,
2022,2i5w-ykuw,Link,27,,2,
2022,2i5w-ykuw,Link,27,17,2,
2022,2i5w-ykuw,Link,27,19,1,
2022,2i5w-ykuw,Link,27,21,2,
2022,2i5w-ykuw,Link,27,22,6,
2022,2i5w-ykuw,Link,27,23,80,
2022,2i5w-ykuw,Link,27,24,27,
2022,2i5w-ykuw,Link,27,25,42,
2022,2i5w-ykuw,Link,27,26,51,
2022,2i5w-ykuw,Link,27,27,522,
2022,2i5w-ykuw,Link,27,28,65,
2022,2i5w-ykuw,Link,27,29,88,
2022,2i5w-ykuw,Link,27,30,12,
2022,2i5w-ykuw,Link,27,31,2,
2022,2i5w-ykuw,Link,27,38,1,
2022,2i5w-ykuw,Link,27,58,12,
2022,2i5w-ykuw,Link,27,67,1,
2022,2i5w-ykuw,Link,27,77,1,
2022,2i5w-ykuw,Link,28,6,1,
2022,2i5w-ykuw,Link,28,7,3,
2022,2i5w-ykuw,Link,28,19,3,
2022,2i5w-ykuw,Link,28,21,2,
2022,2i5w-ykuw,Link,28,22,15,
2022,2i5w-ykuw,Link,28,23,6,
2022,2i5w-ykuw,Link,28,24,33,
2022,2i5w-ykuw,Link,28,25,8,
2022,2i5w-ykuw,Link,28,26,15,
2022,2i5w-ykuw,Link,28,27,48,
2022,2i5w-ykuw,Link,28,28,461,
2022,2i5w-ykuw,Link,28,29,41,
2022,2i5w-ykuw,Link,28,30,23,
2022,2i5w-ykuw,Link,28,31,12,
2022,2i5w-ykuw,Link,28,34,2,
2022,2i5w-ykuw,Link,28,38,2,
2022,2i5w-ykuw,Link,28,57,2,
2022,2i5w-ykuw,Link,28,58,3,
2022,2i5w-ykuw,Link,28,59,3,
2022,2i5w-ykuw,Link,28,61,6,
2022,2i5w-ykuw,Link,28,63,2,
2022,2i5w-ykuw,Link,28,66,2,
2022,2i5w-ykuw,Link,28,67,1,
2022,2i5w-ykuw,Link,28,68,1,
2022,2i5w-ykuw,Link,28,70,1,
2022,2i5w-ykuw,Link,29,,19,
2022,2i5w-ykuw,Link,29,4,2,
2022,2i5w-ykuw,Link,29,6,2,
2022,2i5w-ykuw,Link,29,14,6,
2022,2i5w-ykuw,Link,29,15,1,
2022,2i5w-ykuw,Link,29,16,4,
2022,2i5w-ykuw,Link,29,17,1,
2022,2i5w-ykuw,Link,29,19,3,
2022,2i5w-ykuw,Link,29,20,3,
2022,2i5w-ykuw,Link,29,22,12,
2022,2i5w-ykuw,Link,29,23,40,
2022,2i5w-ykuw,Link,29,24,13,
2022,2i5w-ykuw,Link,29,25,40,
2022,2i5w-ykuw,Link,29,26,51,
2022,2i5w-ykuw,Link,29,27,76,
2022,2i5w-ykuw,Link,29,28,74,
2022,2i5w-ykuw,Link,29,29,884,
2022,2i5w-ykuw,Link,29,30,310,
2022,2i5w-ykuw,Link,29,31,32,
2022,2i5w-ykuw,Link,29,57,1,
2022,2i5w-ykuw,Link,29,58,9,
2022,2i5w-ykuw,Link,29,59,2,
2022,2i5w-ykuw,Link,29,61,5,
2022,2i5w-ykuw,Link,29,62,2,
2022,2i5w-ykuw,Link,29,70,2,
2022,2i5w-ykuw,Link,30,,66,
2022,2i5w-ykuw,Link,30,7,4,
2022,2i5w-ykuw,Link,30,14,2,
2022,2i5w-ykuw,Link,30,20,10,
2022,2i5w-ykuw,Link,30,22,5,
2022,2i5w-ykuw,Link,30,23,5,
2022,2i5w-ykuw,Link,30,24,9,
2022,2i5w-ykuw,Link,30,25,18,
2022,2i5w-ykuw,Link,30,26,57,
2022,2i5w-ykuw,Link,30,27,16,
2022,2i5w-ykuw,Link,30,28,21,
2022,2i5w-ykuw,Link,30,29,322,
2022,2i5w-ykuw,Link,30,30,3171,
2022,2i5w-ykuw,Link,30,31,162,
2022,2i5w-ykuw,Link,30,32,1,
2022,2i5w-ykuw,Link,30,35,1,
2022,2i5w-ykuw,Link,30,43,1,
2022,2i5w-ykuw,Link,30,44,1,
2022,2i5w-ykuw,Link,30,46,1,
2022,2i5w-ykuw,Link,30,53,1,
2022,2i5w-ykuw,Link,30,56,5,
2022,2i5w-ykuw,Link,30,57,36,
2022,2i5w-ykuw,Link,30,58,39,
2022,2i5w-ykuw,Link,30,59,18,
2022,2i5w-ykuw,Link,30,60,2,
2022,2i5w-ykuw,Link,30,61,7,
2022,2i5w-ykuw,Link,30,62,1,
2022,2i5w-ykuw,Link,30,63,7,
2022,2i5w-ykuw,Link,30,64,2,
2022,2i5w-ykuw,Link,30,65,7,
2022,2i5w-ykuw,Link,30,66,10,
2022,2i5w-ykuw,Link,30,67,2,
2022,2i5w-ykuw,Link,30,70,1,
2022,2i5w-ykuw,Link,30,71,1,
2022,2i5w-ykuw,Link,30,73,1,
2022,2i5w-ykuw,Link,31,14,1,
2022,2i5w-ykuw,Link,31,20,1,
2022,2i5w-ykuw,Link,31,24,1,
2022,2i5w-ykuw,Link,31,25,2,
2022,2i5w-ykuw,Link,31,27,3,
2022,2i5w-ykuw,Link,31,28,21,
2022,2i5w-ykuw,Link,31,29,6,
2022,2i5w-ykuw,Link,31,30,106,
2022,2i5w-ykuw,Link,31,31,160,
2022,2i5w-ykuw,Link,31,34,4,
2022,2i5w-ykuw,Link,31,57,2,
2022,2i5w-ykuw,Link,31,58,13,
2022,2i5w-ykuw,Link,31,59,11,
2022,2i5w-ykuw,Link,31,60,4,
2022,2i5w-ykuw,Link,31,61,4,
2022,2i5w-ykuw,Link,31,65,1,
2022,2i5w-ykuw,Link,31,66,1,
2022,2i5w-ykuw,Link,31,67,1,
2022,2i5w-ykuw,Link,31,70,2,
2022,2i5w-ykuw,Link,32,8,1,
2022,2i5w-ykuw,Link,32,28,2,
2022,2i5w-ykuw,Link,32,32,7,
2022,2i5w-ykuw,Link,33,33,2,
2022,2i5w-ykuw,Link,33,35,3,
2022,2i5w-ykuw,Link,33,38,1,
2022,2i5w-ykuw,Link,33,59,2,
2022,2i5w-ykuw,Link,33,60,1,
2022,2i5w-ykuw,Link,34,28,2,
2022,2i5w-ykuw,Link,34,34,90,
2022,2i5w-ykuw,Link,34,35,26,
2022,2i5w-ykuw,Link,34,36,1,
2022,2i5w-ykuw,Link,34,37,2,
2022,2i5w-ykuw,Link,34,38,4,
2022,2i5w-ykuw,Link,34,40,1,
2022,2i5w-ykuw,Link,34,43,1,
2022,2i5w-ykuw,Link,34,60,44,
2022,2i5w-ykuw,Link,34,61,6,
2022,2i5w-ykuw,Link,34,68,2,
2022,2i5w-ykuw,Link,34,71,1,
2022,2i5w-ykuw,Link,35,,1,
2022,2i5w-ykuw,Link,35,30,1,
2022,2i5w-ykuw,Link,35,33,6,
2022,2i5w-ykuw,Link,35,34,12,
2022,2i5w-ykuw,Link,35,35,240,
2022,2i5w-ykuw,Link,35,36,11,
2022,2i5w-ykuw,Link,35,37,2,
2022,2i5w-ykuw,Link,35,38,40,
2022,2i5w-ykuw,Link,35,39,6,
2022,2i5w-ykuw,Link,35,40,8,
2022,2i5w-ykuw,Link,35,41,9,
2022,2i5w-ykuw,Link,35,42,6,
2022,2i5w-ykuw,Link,35,43,4,
2022,2i5w-ykuw,Link,35,44,2,
2022,2i5w-ykuw,Link,35,45,2,
2022,2i5w-ykuw,Link,35,46,2,
2022,2i5w-ykuw,Link,35,60,6,
2022,2i5w-ykuw,Link,35,63,1,
2022,2i5w-ykuw,Link,35,68,7,
2022,2i5w-ykuw,Link,35,69,4,
2022,2i5w-ykuw,Link,35,71,1,
2022,2i5w-ykuw,Link,36,35,8,
2022,2i5w-ykuw,Link,36,36,42,
2022,2i5w-ykuw,Link,36,38,19,
2022,2i5w-ykuw,Link,36,39,9,
2022,2i5w-ykuw,Link,36,40,1,
2022,2i5w-ykuw,Link,36,41,4,
2022,2i5w-ykuw,Link,36,42,2,
2022,2i5w-ykuw,Link,36,45,1,
2022,2i5w-ykuw,Link,36,58,1,
2022,2i5w-ykuw,Link,36,67,1,
2022,2i5w-ykuw,Link,36,68,1,
2022,2i5w-ykuw,Link,37,34,3,
2022,2i5w-ykuw,Link,37,35,3,
2022,2i5w-ykuw,Link,37,36,1,
2022,2i5w-ykuw,Link,37,37,67,
2022,2i5w-ykuw,Link,37,38,52,
2022,2i5w-ykuw,Link,37,39,6,
2022,2i5w-ykuw,Link,37,40,15,
2022,2i5w-ykuw,Link,37,41,3,
2022,2i5w-ykuw,Link,37,42,7,
2022,2i5w-ykuw,Link,37,43,1,
2022,2i5w-ykuw,Link,37,44,4,
2022,2i5w-ykuw,Link,37,60,1,
2022,2i5w-ykuw,Link,37,61,38,
2022,2i5w-ykuw,Link,37,65,1,
2022,2i5w-ykuw,Link,37,67,6,
2022,2i5w-ykuw,Link,37,68,11,
2022,2i5w-ykuw,Link,37,69,2,
2022,2i5w-ykuw,Link,37,71,1,
2022,2i5w-ykuw,Link,38,28,1,
2022,2i5w-ykuw,Link,38,32,1,
2022,2i5w-ykuw,Link,38,34,5,
2022,2i5w-ykuw,Link,38,35,58,
2022,2i5w-ykuw,Link,38,36,32,
2022,2i5w-ykuw,Link,38,37,63,
2022,2i5w-ykuw,Link,38,38,823,
2022,2i5w-ykuw,Link,38,39,96,
2022,2i5w-ykuw,Link,38,40,75,
2022,2i5w-ykuw,Link,38,41,60,
2022,2i5w-ykuw,Link,38,42,25,
2022,2i5w-ykuw,Link,38,43,5,
2022,2i5w-ykuw,Link,38,44,6,
2022,2i5w-ykuw,Link,38,45,1,
2022,2i5w-ykuw,Link,38,46,2,
2022,2i5w-ykuw,Link,38,48,1,
2022,2i5w-ykuw,Link,38,49,1,
2022,2i5w-ykuw,Link,38,60,1,
2022,2i5w-ykuw,Link,38,61,11,
2022,2i5w-ykuw,Link,38,66,3,
2022,2i5w-ykuw,Link,38,67,6,
2022,2i5w-ykuw,Link,38,68,33,
2022,2i5w-ykuw,Link,38,69,20,
2022,2i5w-ykuw,Link,38,71,6,
2022,2i5w-ykuw,Link,38,73,1,
2022,2i5w-ykuw,Link,39,34,1,
2022,2i5w-ykuw,Link,39,35,4,
2022,2i5w-ykuw,Link,39,36,5,
2022,2i5w-ykuw,Link,39,37,6,
2022,2i5w-ykuw,Link,39,38,68,
2022,2i5w-ykuw,Link,39,39,84,
2022,2i5w-ykuw,Link,39,40,6,
2022,2i5w-ykuw,Link,39,41,21,
2022,2i5w-ykuw,Link,39,42,5,
2022,2i5w-ykuw,Link,39,44,3,
2022,2i5w-ykuw,Link,39,53,2,
2022,2i5w-ykuw,Link,39,61,2,
2022,2i5w-ykuw,Link,39,68,1,
2022,2i5w-ykuw,Link,39,69,5,
2022,2i5w-ykuw,Link,40,,1,
2022,2i5w-ykuw,Link,40,25,1,
2022,2i5w-ykuw,Link,40,32,2,
2022,2i5w-ykuw,Link,40,33,3,
2022,2i5w-ykuw,Link,40,34,1,
2022,2i5w-ykuw,Link,40,35,28,
2022,2i5w-ykuw,Link,40,36,6,
2022,2i5w-ykuw,Link,40,37,18,
2022,2i5w-ykuw,Link,40,38,78,
2022,2i5w-ykuw,Link,40,39,14,
2022,2i5w-ykuw,Link,40,40,384,
2022,2i5w-ykuw,Link,40,41,58,
2022,2i5w-ykuw,Link,40,42,75,
2022,2i5w-ykuw,Link,40,43,15,
2022,2i5w-ykuw,Link,40,44,17,
2022,2i5w-ykuw,Link,40,45,5,
2022,2i5w-ykuw,Link,40,46,2,
2022,2i5w-ykuw,Link,40,48,2,
2022,2i5w-ykuw,Link,40,49,4,
2022,2i5w-ykuw,Link,40,53,1,
2022,2i5w-ykuw,Link,40,58,1,
2022,2i5w-ykuw,Link,40,60,4,
2022,2i5w-ykuw,Link,40,61,14,
2022,2i5w-ykuw,Link,40,65,1,
2022,2i5w-ykuw,Link,40,67,8,
2022,2i5w-ykuw,Link,40,68,37,
2022,2i5w-ykuw,Link,40,69,35,
2022,2i5w-ykuw,Link,40,70,1,
2022,2i5w-ykuw,Link,40,71,6,
2022,2i5w-ykuw,Link,40,75,1,
2022,2i5w-ykuw,Link,41,34,1,
2022,2i5w-ykuw,Link,41,35,18,
2022,2i5w-ykuw,Link,41,36,7,
2022,2i5w-ykuw,Link,41,37,13,
2022,2i5w-ykuw,Link,41,38,41,
2022,2i5w-ykuw,Link,41,39,28,
2022,2i5w-ykuw,Link,41,40,31,
2022,2i5w-ykuw,Link,41,41,356,
2022,2i5w-ykuw,Link,41,42,125,
2022,2i5w-ykuw,Link,41,43,16,
2022,2i5w-ykuw,Link,41,44,8,
2022,2i5w-ykuw,Link,41,46,7,
2022,2i5w-ykuw,Link,41,48,2,
2022,2i5w-ykuw,Link,41,49,1,
2022,2i5w-ykuw,Link,41,51,2,
2022,2i5w-ykuw,Link,41,61,2,
2022,2i5w-ykuw,Link,41,66,2,
2022,2i5w-ykuw,Link,41,67,8,
2022,2i5w-ykuw,Link,41,68,6,
2022,2i5w-ykuw,Link,41,69,5,
2022,2i5w-ykuw,Link,41,71,2,
2022,2i5w-ykuw,Link,42,32,1,
2022,2i5w-ykuw,Link,42,34,1,
2022,2i5w-ykuw,Link,42,35,13,
2022,2i5w-ykuw,Link,42,37,2,
2022,2i5w-ykuw,Link,42,38,35,
2022,2i5w-ykuw,Link,42,39,10,
2022,2i5w-ykuw,Link,42,40,54,
2022,2i5w-ykuw,Link,42,41,173,
2022,2i5w-ykuw,Link,42,42,716,
2022,2i5w-ykuw,Link,42,43,76,
2022,2i5w-ykuw,Link,42,44,43,
2022,2i5w-ykuw,Link,42,45,8,
2022,2i5w-ykuw,Link,42,46,3,
2022,2i5w-ykuw,Link,42,48,6,
2022,2i5w-ykuw,Link,42,49,4,
2022,2i5w-ykuw,Link,42,50,2,
2022,2i5w-ykuw,Link,42,51,1,
2022,2i5w-ykuw,Link,42,52,2,
2022,2i5w-ykuw,Link,42,56,1,
2022,2i5w-ykuw,Link,42,59,2,
2022,2i5w-ykuw,Link,42,60,1,
2022,2i5w-ykuw,Link,42,61,4,
2022,2i5w-ykuw,Link,42,63,1,
2022,2i5w-ykuw,Link,42,66,2,
2022,2i5w-ykuw,Link,42,67,10,
2022,2i5w-ykuw,Link,42,68,64,
2022,2i5w-ykuw,Link,42,69,90,
2022,2i5w-ykuw,Link,42,71,4,
2022,2i5w-ykuw,Link,42,72,2,
2022,2i5w-ykuw,Link,42,73,4,
2022,2i5w-ykuw,Link,42,75,2,
2022,2i5w-ykuw,Link,43,,1,
2022,2i5w-ykuw,Link,43,34,1,
2022,2i5w-ykuw,Link,43,35,2,
2022,2i5w-ykuw,Link,43,38,4,
2022,2i5w-ykuw,Link,43,39,2,
2022,2i5w-ykuw,Link,43,40,5,
2022,2i5w-ykuw,Link,43,41,40,
2022,2i5w-ykuw,Link,43,42,101,
2022,2i5w-ykuw,Link,43,43,967,
2022,2i5w-ykuw,Link,43,44,69,
2022,2i5w-ykuw,Link,43,45,26,
2022,2i5w-ykuw,Link,43,46,79,
2022,2i5w-ykuw,Link,43,47,4,
2022,2i5w-ykuw,Link,43,48,15,
2022,2i5w-ykuw,Link,43,49,13,
2022,2i5w-ykuw,Link,43,50,12,
2022,2i5w-ykuw,Link,43,51,2,
2022,2i5w-ykuw,Link,43,52,15,
2022,2i5w-ykuw,Link,43,53,1,
2022,2i5w-ykuw,Link,43,60,3,
2022,2i5w-ykuw,Link,43,61,5,
2022,2i5w-ykuw,Link,43,66,10,
2022,2i5w-ykuw,Link,43,67,6,
2022,2i5w-ykuw,Link,43,68,12,
2022,2i5w-ykuw,Link,43,69,68,
2022,2i5w-ykuw,Link,43,71,14,
2022,2i5w-ykuw,Link,43,73,1,
2022,2i5w-ykuw,Link,44,,3,
2022,2i5w-ykuw,Link,44,31,1,
2022,2i5w-ykuw,Link,44,32,1,
2022,2i5w-ykuw,Link,44,35,4,
2022,2i5w-ykuw,Link,44,36,2,
2022,2i5w-ykuw,Link,44,37,2,
2022,2i5w-ykuw,Link,44,38,12,
2022,2i5w-ykuw,Link,44,40,6,
2022,2i5w-ykuw,Link,44,41,13,
2022,2i5w-ykuw,Link,44,42,25,
2022,2i5w-ykuw,Link,44,43,96,
2022,2i5w-ykuw,Link,44,44,1091,
2022,2i5w-ykuw,Link,44,45,77,
2022,2i5w-ykuw,Link,44,46,35,
2022,2i5w-ykuw,Link,44,47,72,
2022,2i5w-ykuw,Link,44,48,48,
2022,2i5w-ykuw,Link,44,49,183,
2022,2i5w-ykuw,Link,44,50,22,
2022,2i5w-ykuw,Link,44,51,4,
2022,2i5w-ykuw,Link,44,52,1,
2022,2i5w-ykuw,Link,44,53,12,
2022,2i5w-ykuw,Link,44,59,1,
2022,2i5w-ykuw,Link,44,61,1,
2022,2i5w-ykuw,Link,44,65,1,
2022,2i5w-ykuw,Link,44,66,1,
2022,2i5w-ykuw,Link,44,67,7,
2022,2i5w-ykuw,Link,44,68,49,
2022,2i5w-ykuw,Link,44,69,163,
2022,2i5w-ykuw,Link,44,70,2,
2022,2i5w-ykuw,Link,44,71,118,
2022,2i5w-ykuw,Link,44,72,4,
2022,2i5w-ykuw,Link,44,73,26,
2022,2i5w-ykuw,Link,44,75,1,
2022,2i5w-ykuw,Link,45,,2,
2022,2i5w-ykuw,Link,45,28,1,
2022,2i5w-ykuw,Link,45,35,6,
2022,2i5w-ykuw,Link,45,38,1,
2022,2i5w-ykuw,Link,45,39,1,
2022,2i5w-ykuw,Link,45,40,1,
2022,2i5w-ykuw,Link,45,41,3,
2022,2i5w-ykuw,Link,45,42,6,
2022,2i5w-ykuw,Link,45,43,23,
2022,2i5w-ykuw,Link,45,44,75,
2022,2i5w-ykuw,Link,45,45,248,
2022,2i5w-ykuw,Link,45,46,26,
2022,2i5w-ykuw,Link,45,47,2,
2022,2i5w-ykuw,Link,45,48,13,
2022,2i5w-ykuw,Link,45,49,5,
2022,2i5w-ykuw,Link,45,50,4,
2022,2i5w-ykuw,Link,45,51,14,
2022,2i5w-ykuw,Link,45,53,1,
2022,2i5w-ykuw,Link,45,61,3,
2022,2i5w-ykuw,Link,45,67,5,
2022,2i5w-ykuw,Link,45,69,19,
2022,2i5w-ykuw,Link,45,70,2,
2022,2i5w-ykuw,Link,45,71,4,
2022,2i5w-ykuw,Link,45,73,4,
2022,2i5w-ykuw,Link,46,34,1,
2022,2i5w-ykuw,Link,46,35,3,
2022,2i5w-ykuw,Link,46,40,1,
2022,2i5w-ykuw,Link,46,41,8,
2022,2i5w-ykuw,Link,46,42,5,
2022,2i5w-ykuw,Link,46,43,88,
2022,2i5w-ykuw,Link,46,44,27,
2022,2i5w-ykuw,Link,46,45,23,
2022,2i5w-ykuw,Link,46,46,351,
2022,2i5w-ykuw,Link,46,48,41,
2022,2i5w-ykuw,Link,46,49,13,
2022,2i5w-ykuw,Link,46,50,8,
2022,2i5w-ykuw,Link,46,51,30,
2022,2i5w-ykuw,Link,46,52,17,
2022,2i5w-ykuw,Link,46,55,1,
2022,2i5w-ykuw,Link,46,66,1,
2022,2i5w-ykuw,Link,46,67,1,
2022,2i5w-ykuw,Link,46,68,9,
2022,2i5w-ykuw,Link,46,69,10,
2022,2i5w-ykuw,Link,46,70,1,
2022,2i5w-ykuw,Link,46,71,4,
2022,2i5w-ykuw,Link,47,44,71,
2022,2i5w-ykuw,Link,47,45,2,
2022,2i5w-ykuw,Link,47,47,46,
2022,2i5w-ykuw,Link,47,48,4,
2022,2i5w-ykuw,Link,47,49,5,
2022,2i5w-ykuw,Link,47,69,3,
2022,2i5w-ykuw,Link,47,70,1,
2022,2i5w-ykuw,Link,47,71,1,
2022,2i5w-ykuw,Link,48,39,1,
2022,2i5w-ykuw,Link,48,40,1,
2022,2i5w-ykuw,Link,48,41,1,
2022,2i5w-ykuw,Link,48,42,4,
2022,2i5w-ykuw,Link,48,43,14,
2022,2i5w-ykuw,Link,48,44,26,
2022,2i5w-ykuw,Link,48,45,33,
2022,2i5w-ykuw,Link,48,46,47,
2022,2i5w-ykuw,Link,48,47,6,
2022,2i5w-ykuw,Link,48,48,175,
2022,2i5w-ykuw,Link,48,49,7,
2022,2i5w-ykuw,Link,48,50,2,
2022,2i5w-ykuw,Link,48,51,23,
2022,2i5w-ykuw,Link,48,56,1,
2022,2i5w-ykuw,Link,48,60,1,
2022,2i5w-ykuw,Link,48,61,1,
2022,2i5w-ykuw,Link,48,67,1,
2022,2i5w-ykuw,Link,48,68,3,
2022,2i5w-ykuw,Link,48,69,1,
2022,2i5w-ykuw,Link,48,71,2,
2022,2i5w-ykuw,Link,48,73,1,
2022,2i5w-ykuw,Link,49,,10,
2022,2i5w-ykuw,Link,49,24,1,
2022,2i5w-ykuw,Link,49,32,1,
2022,2i5w-ykuw,Link,49,35,1,
2022,2i5w-ykuw,Link,49,38,4,
2022,2i5w-ykuw,Link,49,40,10,
2022,2i5w-ykuw,Link,49,41,1,
2022,2i5w-ykuw,Link,49,42,7,
2022,2i5w-ykuw,Link,49,43,15,
2022,2i5w-ykuw,Link,49,44,138,
2022,2i5w-ykuw,Link,49,45,7,
2022,2i5w-ykuw,Link,49,46,11,
2022,2i5w-ykuw,Link,49,47,26,
2022,2i5w-ykuw,Link,49,48,15,
2022,2i5w-ykuw,Link,49,49,1526,
2022,2i5w-ykuw,Link,49,50,157,
2022,2i5w-ykuw,Link,49,51,22,
2022,2i5w-ykuw,Link,49,52,2,
2022,2i5w-ykuw,Link,49,53,128,
2022,2i5w-ykuw,Link,49,54,5,
2022,2i5w-ykuw,Link,49,59,1,
2022,2i5w-ykuw,Link,49,60,1,
2022,2i5w-ykuw,Link,49,61,1,
2022,2i5w-ykuw,Link,49,65,5,
2022,2i5w-ykuw,Link,49,66,3,
2022,2i5w-ykuw,Link,49,67,6,
2022,2i5w-ykuw,Link,49,68,6,
2022,2i5w-ykuw,Link,49,69,21,
2022,2i5w-ykuw,Link,49,70,5,
2022,2i5w-ykuw,Link,49,71,57,
2022,2i5w-ykuw,Link,49,72,30,
2022,2i5w-ykuw,Link,49,73,79,
2022,2i5w-ykuw,Link,49,74,1,
2022,2i5w-ykuw,Link,49,75,72,
2022,2i5w-ykuw,Link,50,,3,
2022,2i5w-ykuw,Link,50,38,1,
2022,2i5w-ykuw,Link,50,41,2,
2022,2i5w-ykuw,Link,50,42,4,
2022,2i5w-ykuw,Link,50,43,18,
2022,2i5w-ykuw,Link,50,44,29,
2022,2i5w-ykuw,Link,50,45,1,
2022,2i5w-ykuw,Link,50,46,6,
2022,2i5w-ykuw,Link,50,47,3,
2022,2i5w-ykuw,Link,50,48,4,
2022,2i5w-ykuw,Link,50,49,153,
2022,2i5w-ykuw,Link,50,50,213,
2022,2i5w-ykuw,Link,50,51,3,
2022,2i5w-ykuw,Link,50,53,23,
2022,2i5w-ykuw,Link,50,67,1,
2022,2i5w-ykuw,Link,50,69,4,
2022,2i5w-ykuw,Link,50,71,5,
2022,2i5w-ykuw,Link,50,73,9,
2022,2i5w-ykuw,Link,50,75,10,
2022,2i5w-ykuw,Link,51,,1,
2022,2i5w-ykuw,Link,51,40,1,
2022,2i5w-ykuw,Link,51,42,3,
2022,2i5w-ykuw,Link,51,43,3,
2022,2i5w-ykuw,Link,51,44,5,
2022,2i5w-ykuw,Link,51,45,15,
2022,2i5w-ykuw,Link,51,46,22,
2022,2i5w-ykuw,Link,51,48,18,
2022,2i5w-ykuw,Link,51,49,20,
2022,2i5w-ykuw,Link,51,50,4,
2022,2i5w-ykuw,Link,51,51,213,
2022,2i5w-ykuw,Link,51,52,18,
2022,2i5w-ykuw,Link,51,53,1,
2022,2i5w-ykuw,Link,51,54,1,
2022,2i5w-ykuw,Link,51,55,14,
2022,2i5w-ykuw,Link,51,67,1,
2022,2i5w-ykuw,Link,51,69,1,
2022,2i5w-ykuw,Link,51,73,2,
2022,2i5w-ykuw,Link,52,,2,
2022,2i5w-ykuw,Link,52,43,7,
2022,2i5w-ykuw,Link,52,46,5,
2022,2i5w-ykuw,Link,52,51,9,
2022,2i5w-ykuw,Link,52,52,438,
2022,2i5w-ykuw,Link,52,55,84,
2022,2i5w-ykuw,Link,53,,17,
2022,2i5w-ykuw,Link,53,40,1,
2022,2i5w-ykuw,Link,53,42,2,
2022,2i5w-ykuw,Link,53,44,13,
2022,2i5w-ykuw,Link,53,47,1,
2022,2i5w-ykuw,Link,53,49,92,
2022,2i5w-ykuw,Link,53,50,43,
2022,2i5w-ykuw,Link,53,51,2,
2022,2i5w-ykuw,Link,53,53,808,
2022,2i5w-ykuw,Link,53,54,6,
2022,2i5w-ykuw,Link,53,67,5,
2022,2i5w-ykuw,Link,53,68,5,
2022,2i5w-ykuw,Link,53,69,3,
2022,2i5w-ykuw,Link,53,70,1,
2022,2i5w-ykuw,Link,53,71,8,
2022,2i5w-ykuw,Link,53,72,13,
2022,2i5w-ykuw,Link,53,73,16,
2022,2i5w-ykuw,Link,53,74,1,
2022,2i5w-ykuw,Link,53,75,67,
2022,2i5w-ykuw,Link,54,,1,
2022,2i5w-ykuw,Link,54,49,1,
2022,2i5w-ykuw,Link,54,52,1,
2022,2i5w-ykuw,Link,54,53,2,
2022,2i5w-ykuw,Link,54,54,37,
2022,2i5w-ykuw,Link,55,,8,
2022,2i5w-ykuw,Link,55,46,3,
2022,2i5w-ykuw,Link,55,51,24,
2022,2i5w-ykuw,Link,55,52,119,
2022,2i5w-ykuw,Link,55,53,1,
2022,2i5w-ykuw,Link,55,54,2,
2022,2i5w-ykuw,Link,55,55,1546,
2022,2i5w-ykuw,Link,55,71,1,
2022,2i5w-ykuw,Link,56,,14,
2022,2i5w-ykuw,Link,56,27,1,
2022,2i5w-ykuw,Link,56,30,5,
2022,2i5w-ykuw,Link,56,37,1,
2022,2i5w-ykuw,Link,56,56,168,
2022,2i5w-ykuw,Link,56,57,18,
2022,2i5w-ykuw,Link,56,58,4,
2022,2i5w-ykuw,Link,56,62,25,
2022,2i5w-ykuw,Link,56,63,6,
2022,2i5w-ykuw,Link,56,64,30,
2022,2i5w-ykuw,Link,56,65,29,
2022,2i5w-ykuw,Link,56,66,1,
2022,2i5w-ykuw,Link,56,70,2,
2022,2i5w-ykuw,Link,57,,2,
2022,2i5w-ykuw,Link,57,25,2,
2022,2i5w-ykuw,Link,57,26,6,
2022,2i5w-ykuw,Link,57,28,1,
2022,2i5w-ykuw,Link,57,29,8,
2022,2i5w-ykuw,Link,57,30,31,
2022,2i5w-ykuw,Link,57,31,5,
2022,2i5w-ykuw,Link,57,37,1,
2022,2i5w-ykuw,Link,57,56,63,
2022,2i5w-ykuw,Link,57,57,782,
2022,2i5w-ykuw,Link,57,58,81,
2022,2i5w-ykuw,Link,57,59,1,
2022,2i5w-ykuw,Link,57,60,1,
2022,2i5w-ykuw,Link,57,61,10,
2022,2i5w-ykuw,Link,57,62,205,
2022,2i5w-ykuw,Link,57,63,38,
2022,2i5w-ykuw,Link,57,64,6,
2022,2i5w-ykuw,Link,57,65,67,
2022,2i5w-ykuw,Link,57,66,20,
2022,2i5w-ykuw,Link,57,67,1,
2022,2i5w-ykuw,Link,57,70,8,
2022,2i5w-ykuw,Link,57,73,1,
2022,2i5w-ykuw,Link,58,,2,
2022,2i5w-ykuw,Link,58,20,2,
2022,2i5w-ykuw,Link,58,23,5,
2022,2i5w-ykuw,Link,58,27,19,
2022,2i5w-ykuw,Link,58,28,5,
2022,2i5w-ykuw,Link,58,29,2,
2022,2i5w-ykuw,Link,58,30,31,
2022,2i5w-ykuw,Link,58,31,9,
2022,2i5w-ykuw,Link,58,34,4,
2022,2i5w-ykuw,Link,58,35,4,
2022,2i5w-ykuw,Link,58,36,1,
2022,2i5w-ykuw,Link,58,37,1,
2022,2i5w-ykuw,Link,58,38,1,
2022,2i5w-ykuw,Link,58,39,3,
2022,2i5w-ykuw,Link,58,42,1,
2022,2i5w-ykuw,Link,58,56,17,
2022,2i5w-ykuw,Link,58,57,44,
2022,2i5w-ykuw,Link,58,58,1117,
2022,2i5w-ykuw,Link,58,59,85,
2022,2i5w-ykuw,Link,58,60,8,
2022,2i5w-ykuw,Link,58,61,64,
2022,2i5w-ykuw,Link,58,62,29,
2022,2i5w-ykuw,Link,58,63,235,
2022,2i5w-ykuw,Link,58,64,5,
2022,2i5w-ykuw,Link,58,65,12,
2022,2i5w-ykuw,Link,58,66,53,
2022,2i5w-ykuw,Link,58,67,3,
2022,2i5w-ykuw,Link,58,68,1,
2022,2i5w-ykuw,Link,58,70,2,
2022,2i5w-ykuw,Link,58,71,3,
2022,2i5w-ykuw,Link,58,73,1,
2022,2i5w-ykuw,Link,59,,1,
2022,2i5w-ykuw,Link,59,16,1,
2022,2i5w-ykuw,Link,59,24,1,
2022,2i5w-ykuw,Link,59,28,1,
2022,2i5w-ykuw,Link,59,29,3,
2022,2i5w-ykuw,Link,59,30,9,
2022,2i5w-ykuw,Link,59,31,13,
2022,2i5w-ykuw,Link,59,33,1,
2022,2i5w-ykuw,Link,59,34,1,
2022,2i5w-ykuw,Link,59,37,1,
2022,2i5w-ykuw,Link,59,40,1,
2022,2i5w-ykuw,Link,59,44,1,
2022,2i5w-ykuw,Link,59,49,1,
2022,2i5w-ykuw,Link,59,56,3,
2022,2i5w-ykuw,Link,59,57,2,
2022,2i5w-ykuw,Link,59,58,89,
2022,2i5w-ykuw,Link,59,59,243,
2022,2i5w-ykuw,Link,59,60,6,
2022,2i5w-ykuw,Link,59,61,20,
2022,2i5w-ykuw,Link,59,63,3,
2022,2i5w-ykuw,Link,59,66,1,
2022,2i5w-ykuw,Link,59,68,4,
2022,2i5w-ykuw,Link,59,70,1,
2022,2i5w-ykuw,Link,60,29,1,
2022,2i5w-ykuw,Link,60,30,2,
2022,2i5w-ykuw,Link,60,31,3,
2022,2i5w-ykuw,Link,60,34,36,
2022,2i5w-ykuw,Link,60,35,8,
2022,2i5w-ykuw,Link,60,36,1,
2022,2i5w-ykuw,Link,60,37,2,
2022,2i5w-ykuw,Link,60,38,2,
2022,2i5w-ykuw,Link,60,40,4,
2022,2i5w-ykuw,Link,60,42,1,
2022,2i5w-ykuw,Link,60,44,1,
2022,2i5w-ykuw,Link,60,58,6,
2022,2i5w-ykuw,Link,60,59,3,
2022,2i5w-ykuw,Link,60,60,185,
2022,2i5w-ykuw,Link,60,61,10,
2022,2i5w-ykuw,Link,60,62,2,
2022,2i5w-ykuw,Link,60,66,1,
2022,2i5w-ykuw,Link,60,68,2,
2022,2i5w-ykuw,Link,61,26,1,
2022,2i5w-ykuw,Link,61,28,4,
2022,2i5w-ykuw,Link,61,29,2,
2022,2i5w-ykuw,Link,61,30,5,
2022,2i5w-ykuw,Link,61,31,11,
2022,2i5w-ykuw,Link,61,32,1,
2022,2i5w-ykuw,Link,61,34,2,
2022,2i5w-ykuw,Link,61,35,2,
2022,2i5w-ykuw,Link,61,37,31,
2022,2i5w-ykuw,Link,61,38,13,
2022,2i5w-ykuw,Link,61,39,2,
2022,2i5w-ykuw,Link,61,40,6,
2022,2i5w-ykuw,Link,61,41,2,
2022,2i5w-ykuw,Link,61,42,4,
2022,2i5w-ykuw,Link,61,43,4,
2022,2i5w-ykuw,Link,61,44,2,
2022,2i5w-ykuw,Link,61,46,1,
2022,2i5w-ykuw,Link,61,57,7,
2022,2i5w-ykuw,Link,61,58,80,
2022,2i5w-ykuw,Link,61,59,23,
2022,2i5w-ykuw,Link,61,60,9,
2022,2i5w-ykuw,Link,61,61,792,
2022,2i5w-ykuw,Link,61,62,13,
2022,2i5w-ykuw,Link,61,63,77,
2022,2i5w-ykuw,Link,61,64,1,
2022,2i5w-ykuw,Link,61,65,6,
2022,2i5w-ykuw,Link,61,66,33,
2022,2i5w-ykuw,Link,61,67,46,
2022,2i5w-ykuw,Link,61,68,50,
2022,2i5w-ykuw,Link,61,69,10,
2022,2i5w-ykuw,Link,61,70,7,
2022,2i5w-ykuw,Link,61,71,1,
2022,2i5w-ykuw,Link,61,73,1,
2022,2i5w-ykuw,Link,62,29,2,
2022,2i5w-ykuw,Link,62,30,3,
2022,2i5w-ykuw,Link,62,56,68,
2022,2i5w-ykuw,Link,62,57,137,
2022,2i5w-ykuw,Link,62,58,35,
2022,2i5w-ykuw,Link,62,59,1,
2022,2i5w-ykuw,Link,62,60,4,
2022,2i5w-ykuw,Link,62,61,4,
2022,2i5w-ykuw,Link,62,62,573,
2022,2i5w-ykuw,Link,62,63,28,
2022,2i5w-ykuw,Link,62,64,13,
2022,2i5w-ykuw,Link,62,65,115,
2022,2i5w-ykuw,Link,62,66,19,
2022,2i5w-ykuw,Link,62,67,4,
2022,2i5w-ykuw,Link,62,68,1,
2022,2i5w-ykuw,Link,62,69,1,
2022,2i5w-ykuw,Link,62,70,13,
2022,2i5w-ykuw,Link,63,,4,
2022,2i5w-ykuw,Link,63,30,8,
2022,2i5w-ykuw,Link,63,31,1,
2022,2i5w-ykuw,Link,63,40,1,
2022,2i5w-ykuw,Link,63,41,1,
2022,2i5w-ykuw,Link,63,44,1,
2022,2i5w-ykuw,Link,63,46,1,
2022,2i5w-ykuw,Link,63,49,1,
2022,2i5w-ykuw,Link,63,56,7,
2022,2i5w-ykuw,Link,63,57,17,
2022,2i5w-ykuw,Link,63,58,130,
2022,2i5w-ykuw,Link,63,59,2,
2022,2i5w-ykuw,Link,63,60,1,
2022,2i5w-ykuw,Link,63,61,46,
2022,2i5w-ykuw,Link,63,62,34,
2022,2i5w-ykuw,Link,63,63,644,
2022,2i5w-ykuw,Link,63,64,1,
2022,2i5w-ykuw,Link,63,65,15,
2022,2i5w-ykuw,Link,63,66,123,
2022,2i5w-ykuw,Link,63,67,14,
2022,2i5w-ykuw,Link,63,68,4,
2022,2i5w-ykuw,Link,63,69,1,
2022,2i5w-ykuw,Link,63,70,5,
2022,2i5w-ykuw,Link,63,71,4,
2022,2i5w-ykuw,Link,63,72,2,
2022,2i5w-ykuw,Link,64,,7,
2022,2i5w-ykuw,Link,64,56,23,
2022,2i5w-ykuw,Link,64,57,1,
2022,2i5w-ykuw,Link,64,62,18,
2022,2i5w-ykuw,Link,64,63,2,
2022,2i5w-ykuw,Link,64,64,59,
2022,2i5w-ykuw,Link,64,65,22,
2022,2i5w-ykuw,Link,64,66,6,
2022,2i5w-ykuw,Link,64,67,8,
2022,2i5w-ykuw,Link,64,70,2,
2022,2i5w-ykuw,Link,65,,10,
2022,2i5w-ykuw,Link,65,30,7,
2022,2i5w-ykuw,Link,65,49,2,
2022,2i5w-ykuw,Link,65,50,1,
2022,2i5w-ykuw,Link,65,53,1,
2022,2i5w-ykuw,Link,65,56,22,
2022,2i5w-ykuw,Link,65,57,65,
2022,2i5w-ykuw,Link,65,58,7,
2022,2i5w-ykuw,Link,65,61,8,
2022,2i5w-ykuw,Link,65,62,122,
2022,2i5w-ykuw,Link,65,63,24,
2022,2i5w-ykuw,Link,65,64,47,
2022,2i5w-ykuw,Link,65,65,912,
2022,2i5w-ykuw,Link,65,66,171,
2022,2i5w-ykuw,Link,65,67,11,
2022,2i5w-ykuw,Link,65,68,3,
2022,2i5w-ykuw,Link,65,70,44,
2022,2i5w-ykuw,Link,65,71,3,
2022,2i5w-ykuw,Link,65,72,3,
2022,2i5w-ykuw,Link,66,,11,
2022,2i5w-ykuw,Link,66,24,2,
2022,2i5w-ykuw,Link,66,30,4,
2022,2i5w-ykuw,Link,66,31,2,
2022,2i5w-ykuw,Link,66,38,1,
2022,2i5w-ykuw,Link,66,42,5,
2022,2i5w-ykuw,Link,66,43,8,
2022,2i5w-ykuw,Link,66,44,1,
2022,2i5w-ykuw,Link,66,45,1,
2022,2i5w-ykuw,Link,66,46,1,
2022,2i5w-ykuw,Link,66,49,1,
2022,2i5w-ykuw,Link,66,50,1,
2022,2i5w-ykuw,Link,66,56,11,
2022,2i5w-ykuw,Link,66,57,9,
2022,2i5w-ykuw,Link,66,58,31,
2022,2i5w-ykuw,Link,66,59,6,
2022,2i5w-ykuw,Link,66,61,19,
2022,2i5w-ykuw,Link,66,62,8,
2022,2i5w-ykuw,Link,66,63,90,
2022,2i5w-ykuw,Link,66,64,13,
2022,2i5w-ykuw,Link,66,65,128,
2022,2i5w-ykuw,Link,66,66,1237,
2022,2i5w-ykuw,Link,66,67,47,
2022,2i5w-ykuw,Link,66,68,84,
2022,2i5w-ykuw,Link,66,69,10,
2022,2i5w-ykuw,Link,66,70,61,
2022,2i5w-ykuw,Link,66,71,20,
2022,2i5w-ykuw,Link,66,72,5,
2022,2i5w-ykuw,Link,67,,4,
2022,2i5w-ykuw,Link,67,28,1,
2022,2i5w-ykuw,Link,67,30,3,
2022,2i5w-ykuw,Link,67,34,1,
2022,2i5w-ykuw,Link,67,35,1,
2022,2i5w-ykuw,Link,67,36,1,
2022,2i5w-ykuw,Link,67,37,4,
2022,2i5w-ykuw,Link,67,38,5,
2022,2i5w-ykuw,Link,67,40,3,
2022,2i5w-ykuw,Link,67,41,5,
2022,2i5w-ykuw,Link,67,42,7,
2022,2i5w-ykuw,Link,67,43,9,
2022,2i5w-ykuw,Link,67,44,11,
2022,2i5w-ykuw,Link,67,45,3,
2022,2i5w-ykuw,Link,67,46,2,
2022,2i5w-ykuw,Link,67,49,2,
2022,2i5w-ykuw,Link,67,53,7,
2022,2i5w-ykuw,Link,67,57,1,
2022,2i5w-ykuw,Link,67,59,2,
2022,2i5w-ykuw,Link,67,61,50,
2022,2i5w-ykuw,Link,67,63,11,
2022,2i5w-ykuw,Link,67,64,13,
2022,2i5w-ykuw,Link,67,65,13,
2022,2i5w-ykuw,Link,67,66,63,
2022,2i5w-ykuw,Link,67,67,941,
2022,2i5w-ykuw,Link,67,68,194,
2022,2i5w-ykuw,Link,67,69,29,
2022,2i5w-ykuw,Link,67,70,15,
2022,2i5w-ykuw,Link,67,71,190,
2022,2i5w-ykuw,Link,67,72,4,
2022,2i5w-ykuw,Link,67,73,11,
2022,2i5w-ykuw,Link,68,,2,
2022,2i5w-ykuw,Link,68,28,1,
2022,2i5w-ykuw,Link,68,33,1,
2022,2i5w-ykuw,Link,68,35,20,
2022,2i5w-ykuw,Link,68,36,1,
2022,2i5w-ykuw,Link,68,37,14,
2022,2i5w-ykuw,Link,68,38,38,
2022,2i5w-ykuw,Link,68,39,2,
2022,2i5w-ykuw,Link,68,40,32,
2022,2i5w-ykuw,Link,68,41,10,
2022,2i5w-ykuw,Link,68,42,112,
2022,2i5w-ykuw,Link,68,43,16,
2022,2i5w-ykuw,Link,68,44,42,
2022,2i5w-ykuw,Link,68,45,1,
2022,2i5w-ykuw,Link,68,46,4,
2022,2i5w-ykuw,Link,68,48,3,
2022,2i5w-ykuw,Link,68,49,6,
2022,2i5w-ykuw,Link,68,52,1,
2022,2i5w-ykuw,Link,68,53,1,
2022,2i5w-ykuw,Link,68,56,2,
2022,2i5w-ykuw,Link,68,58,2,
2022,2i5w-ykuw,Link,68,59,5,
2022,2i5w-ykuw,Link,68,60,5,
2022,2i5w-ykuw,Link,68,61,66,
2022,2i5w-ykuw,Link,68,62,1,
2022,2i5w-ykuw,Link,68,63,2,
2022,2i5w-ykuw,Link,68,65,4,
2022,2i5w-ykuw,Link,68,66,86,
2022,2i5w-ykuw,Link,68,67,289,
2022,2i5w-ykuw,Link,68,68,1824,
2022,2i5w-ykuw,Link,68,69,141,
2022,2i5w-ykuw,Link,68,70,3,
2022,2i5w-ykuw,Link,68,71,151,
2022,2i5w-ykuw,Link,68,72,1,
2022,2i5w-ykuw,Link,68,73,10,
2022,2i5w-ykuw,Link,68,75,1,
2022,2i5w-ykuw,Link,69,32,1,
2022,2i5w-ykuw,Link,69,34,1,
2022,2i5w-ykuw,Link,69,35,7,
2022,2i5w-ykuw,Link,69,36,1,
2022,2i5w-ykuw,Link,69,37,2,
2022,2i5w-ykuw,Link,69,38,15,
2022,2i5w-ykuw,Link,69,39,2,
2022,2i5w-ykuw,Link,69,40,18,
2022,2i5w-ykuw,Link,69,41,12,
2022,2i5w-ykuw,Link,69,42,73,
2022,2i5w-ykuw,Link,69,43,82,
2022,2i5w-ykuw,Link,69,44,114,
2022,2i5w-ykuw,Link,69,45,20,
2022,2i5w-ykuw,Link,69,46,9,
2022,2i5w-ykuw,Link,69,47,3,
2022,2i5w-ykuw,Link,69,48,2,
2022,2i5w-ykuw,Link,69,49,11,
2022,2i5w-ykuw,Link,69,50,2,
2022,2i5w-ykuw,Link,69,51,2,
2022,2i5w-ykuw,Link,69,53,3,
2022,2i5w-ykuw,Link,69,60,1,
2022,2i5w-ykuw,Link,69,61,15,
2022,2i5w-ykuw,Link,69,66,3,
2022,2i5w-ykuw,Link,69,67,31,
2022,2i5w-ykuw,Link,69,68,98,
2022,2i5w-ykuw,Link,69,69,568,
2022,2i5w-ykuw,Link,69,70,2,
2022,2i5w-ykuw,Link,69,71,41,
2022,2i5w-ykuw,Link,69,73,1,
2022,2i5w-ykuw,Link,69,75,3,
2022,2i5w-ykuw,Link,70,,6,
2022,2i5w-ykuw,Link,70,28,2,
2022,2i5w-ykuw,Link,70,30,1,
2022,2i5w-ykuw,Link,70,44,5,
2022,2i5w-ykuw,Link,70,48,1,
2022,2i5w-ykuw,Link,70,49,1,
2022,2i5w-ykuw,Link,70,51,1,
2022,2i5w-ykuw,Link,70,57,3,
2022,2i5w-ykuw,Link,70,58,1,
2022,2i5w-ykuw,Link,70,59,1,
2022,2i5w-ykuw,Link,70,61,5,
2022,2i5w-ykuw,Link,70,62,1,
2022,2i5w-ykuw,Link,70,63,1,
2022,2i5w-ykuw,Link,70,65,33,
2022,2i5w-ykuw,Link,70,66,36,
2022,2i5w-ykuw,Link,70,67,9,
2022,2i5w-ykuw,Link,70,68,2,
2022,2i5w-ykuw,Link,70,69,1,
2022,2i5w-ykuw,Link,70,70,289,
2022,2i5w-ykuw,Link,70,71,25,
2022,2i5w-ykuw,Link,70,72,9,
2022,2i5w-ykuw,Link,70,73,1,
2022,2i5w-ykuw,Link,71,,6,
2022,2i5w-ykuw,Link,71,28,1,
2022,2i5w-ykuw,Link,71,30,2,
2022,2i5w-ykuw,Link,71,34,1,
2022,2i5w-ykuw,Link,71,35,5,
2022,2i5w-ykuw,Link,71,37,3,
2022,2i5w-ykuw,Link,71,38,4,
2022,2i5w-ykuw,Link,71,40,9,
2022,2i5w-ykuw,Link,71,42,3,
2022,2i5w-ykuw,Link,71,43,6,
2022,2i5w-ykuw,Link,71,44,110,
2022,2i5w-ykuw,Link,71,45,1,
2022,2i5w-ykuw,Link,71,46,2,
2022,2i5w-ykuw,Link,71,47,1,
2022,2i5w-ykuw,Link,71,49,48,
2022,2i5w-ykuw,Link,71,50,2,
2022,2i5w-ykuw,Link,71,51,1,
2022,2i5w-ykuw,Link,71,53,7,
2022,2i5w-ykuw,Link,71,56,1,
2022,2i5w-ykuw,Link,71,59,1,
2022,2i5w-ykuw,Link,71,60,2,
2022,2i5w-ykuw,Link,71,61,10,
2022,2i5w-ykuw,Link,71,65,2,
2022,2i5w-ykuw,Link,71,66,19,
2022,2i5w-ykuw,Link,71,67,125,
2022,2i5w-ykuw,Link,71,68,157,
2022,2i5w-ykuw,Link,71,69,46,
2022,2i5w-ykuw,Link,71,70,41,
2022,2i5w-ykuw,Link,71,71,1396,
2022,2i5w-ykuw,Link,71,72,13,
2022,2i5w-ykuw,Link,71,73,65,
2022,2i5w-ykuw,Link,71,75,2,
2022,2i5w-ykuw,Link,72,,3,
2022,2i5w-ykuw,Link,72,44,3,
2022,2i5w-ykuw,Link,72,49,16,
2022,2i5w-ykuw,Link,72,53,3,
2022,2i5w-ykuw,Link,72,65,4,
2022,2i5w-ykuw,Link,72,66,1,
2022,2i5w-ykuw,Link,72,67,1,
2022,2i5w-ykuw,Link,72,68,1,
2022,2i5w-ykuw,Link,72,70,5,
2022,2i5w-ykuw,Link,72,71,12,
2022,2i5w-ykuw,Link,72,72,134,
2022,2i5w-ykuw,Link,72,73,33,
2022,2i5w-ykuw,Link,72,74,1,
2022,2i5w-ykuw,Link,72,75,15,
2022,2i5w-ykuw,Link,73,,5,
2022,2i5w-ykuw,Link,73,38,1,
2022,2i5w-ykuw,Link,73,40,2,
2022,2i5w-ykuw,Link,73,42,11,
2022,2i5w-ykuw,Link,73,44,16,
2022,2i5w-ykuw,Link,73,45,4,
2022,2i5w-ykuw,Link,73,46,2,
2022,2i5w-ykuw,Link,73,47,1,
2022,2i5w-ykuw,Link,73,49,78,
2022,2i5w-ykuw,Link,73,50,7,
2022,2i5w-ykuw,Link,73,53,7,
2022,2i5w-ykuw,Link,73,66,1,
2022,2i5w-ykuw,Link,73,67,6,
2022,2i5w-ykuw,Link,73,68,6,
2022,2i5w-ykuw,Link,73,69,13,
2022,2i5w-ykuw,Link,73,70,2,
2022,2i5w-ykuw,Link,73,71,46,
2022,2i5w-ykuw,Link,73,72,42,
2022,2i5w-ykuw,Link,73,73,404,
2022,2i5w-ykuw,Link,73,74,1,
2022,2i5w-ykuw,Link,73,75,11,
2022,2i5w-ykuw,Link,74,,11,
2022,2i5w-ykuw,Link,74,53,1,
2022,2i5w-ykuw,Link,74,58,1,
2022,2i5w-ykuw,Link,74,61,2,
2022,2i5w-ykuw,Link,74,70,2,
2022,2i5w-ykuw,Link,74,72,2,
2022,2i5w-ykuw,Link,74,74,381,
2022,2i5w-ykuw,Link,74,75,9,
2022,2i5w-ykuw,Link,75,,2,
2022,2i5w-ykuw,Link,75,40,1,
2022,2i5w-ykuw,Link,75,41,1,
2022,2i5w-ykuw,Link,75,42,4,
2022,2i5w-ykuw,Link,75,44,4,
2022,2i5w-ykuw,Link,75,49,57,
2022,2i5w-ykuw,Link,75,50,6,
2022,2i5w-ykuw,Link,75,53,55,
2022,2i5w-ykuw,Link,75,66,1,
2022,2i5w-ykuw,Link,75,67,5,
2022,2i5w-ykuw,Link,75,69,2,
2022,2i5w-ykuw,Link,75,71,3,
2022,2i5w-ykuw,Link,75,72,20,
2022,2i5w-ykuw,Link,75,73,8,
2022,2i5w-ykuw,Link,75,74,11,
2022,2i5w-ykuw,Link,75,75,308,
2022,2i5w-ykuw,Link,76,15,1,
2022,2i5w-ykuw,Link,76,17,2,
2022,2i5w-ykuw,Link,76,76,1,
2022,2i5w-ykuw,Link,77,1,47,
2022,2i5w-ykuw,Link,77,2,9,
2022,2i5w-ykuw,Link,77,3,61,
2022,2i5w-ykuw,Link,77,4,30,
2022,2i5w-ykuw,Link,77,5,8,
2022,2i5w-ykuw,Link,77,6,23,
2022,2i5w-ykuw,Link,77,7,8,
2022,2i5w-ykuw,Link,77,10,1,
2022,2i5w-ykuw,Link,77,13,3,
2022,2i5w-ykuw,Link,77,14,4,
2022,2i5w-ykuw,Link,77,15,1,
2022,2i5w-ykuw,Link,77,21,1,
2022,2i5w-ykuw,Link,77,22,2,
2022,2i5w-ykuw,Link,77,77,216,
2022,2i5w-ykuw,Lyft,,,2,
2022,2i5w-ykuw,Lyft,,8,1,
2022,2i5w-ykuw,Lyft,,32,1,
2022,2i5w-ykuw,Lyft,3,3,1,
2022,2i5w-ykuw,Lyft,7,6,1,
2022,2i5w-ykuw,Lyft,7,7,26805,
2022,2i5w-ykuw,Lyft,7,8,15706,
2022,2i5w-ykuw,Lyft,7,22,966,
2022,2i5w-ykuw,Lyft,7,24,2057,
2022,2i5w-ykuw,Lyft,7,28,1668,
2022,2i5w-ykuw,Lyft,7,31,35,
2022,2i5w-ykuw,Lyft,7,32,1788,
2022,2i5w-ykuw,Lyft,7,33,60,
2022,2i5w-ykuw,Lyft,7,34,9,
2022,2i5w-ykuw,Lyft,7,35,8,
2022,2i5w-ykuw,Lyft,7,60,7,
2022,2i5w-ykuw,Lyft,8,,7,
2022,2i5w-ykuw,Lyft,8,6,1,
2022,2i5w-ykuw,Lyft,8,7,18914,
2022,2i5w-ykuw,Lyft,8,8,135726,
2022,2i5w-ykuw,Lyft,8,22,728,
2022,2i5w-ykuw,Lyft,8,24,12892,
2022,2i5w-ykuw,Lyft,8,25,1,
2022,2i5w-ykuw,Lyft,8,26,1,
2022,2i5w-ykuw,Lyft,8,28,20348,
2022,2i5w-ykuw,Lyft,8,31,261,
2022,2i5w-ykuw,Lyft,8,32,32065,
2022,2i5w-ykuw,Lyft,8,33,1370,
2022,2i5w-ykuw,Lyft,8,34,198,
2022,2i5w-ykuw,Lyft,8,35,105,
2022,2i5w-ykuw,Lyft,8,36,1,
2022,2i5w-ykuw,Lyft,8,37,1,
2022,2i5w-ykuw,Lyft,8,38,11,
2022,2i5w-ykuw,Lyft,8,42,1,
2022,2i5w-ykuw,Lyft,8,43,1,
2022,2i5w-ykuw,Lyft,8,44,3,
2022,2i5w-ykuw,Lyft,8,59,16,
2022,2i5w-ykuw,Lyft,8,60,71,
2022,2i5w-ykuw,Lyft,8,61,3,
2022,2i5w-ykuw,Lyft,8,69,1,
2022,2i5w-ykuw,Lyft,22,7,1124,
2022,2i5w-ykuw,Lyft,22,8,586,
2022,2i5w-ykuw,Lyft,22,16,1,
2022,2i5w-ykuw,Lyft,22,22,1653,
2022,2i5w-ykuw,Lyft,22,24,2049,
2022,2i5w-ykuw,Lyft,22,28,219,
2022,2i5w-ykuw,Lyft,22,31,7,
2022,2i5w-ykuw,Lyft,22,32,114,
2022,2i5w-ykuw,Lyft,22,34,1,
2022,2i5w-ykuw,Lyft,24,7,2312,
2022,2i5w-ykuw,Lyft,24,8,9999,
2022,2i5w-ykuw,Lyft,24,22,2504,
2022,2i5w-ykuw,Lyft,24,24,26700,
2022,2i5w-ykuw,Lyft,24,28,10296,
2022,2i5w-ykuw,Lyft,24,31,211,
2022,2i5w-ykuw,Lyft,24,32,3195,
2022,2i5w-ykuw,Lyft,24,33,96,
2022,2i5w-ykuw,Lyft,24,34,22,
2022,2i5w-ykuw,Lyft,24,35,6,
2022,2i5w-ykuw,Lyft,24,38,2,
2022,2i5w-ykuw,Lyft,24,59,9,
2022,2i5w-ykuw,Lyft,24,60,22,
2022,2i5w-ykuw,Lyft,24,61,1,
2022,2i5w-ykuw,Lyft,28,6,1,
2022,2i5w-ykuw,Lyft,28,7,2236,
2022,2i5w-ykuw,Lyft,28,8,22054,
2022,2i5w-ykuw,Lyft,28,22,405,
2022,2i5w-ykuw,Lyft,28,24,13603,
2022,2i5w-ykuw,Lyft,28,26,1,
2022,2i5w-ykuw,Lyft,28,27,2,
2022,2i5w-ykuw,Lyft,28,28,100425,
2022,2i5w-ykuw,Lyft,28,29,3,
2022,2i5w-ykuw,Lyft,28,31,4033,
2022,2i5w-ykuw,Lyft,28,32,23732,
2022,2i5w-ykuw,Lyft,28,33,2217,
2022,2i5w-ykuw,Lyft,28,34,520,
2022,2i5w-ykuw,Lyft,28,35,222,
2022,2i5w-ykuw,Lyft,28,36,1,
2022,2i5w-ykuw,Lyft,28,38,7,
2022,2i5w-ykuw,Lyft,28,59,62,
2022,2i5w-ykuw,Lyft,28,60,452,
2022,2i5w-ykuw,Lyft,28,61,9,
2022,2i5w-ykuw,Lyft,28,68,1,
2022,2i5w-ykuw,Lyft,28,69,1,
2022,2i5w-ykuw,Lyft,31,7,41,
2022,2i5w-ykuw,Lyft,31,8,250,
2022,2i5w-ykuw,Lyft,31,22,14,
2022,2i5w-ykuw,Lyft,31,24,251,
2022,2i5w-ykuw,Lyft,31,28,3977,
2022,2i5w-ykuw,Lyft,31,30,1,
2022,2i5w-ykuw,Lyft,31,31,5804,
2022,2i5w-ykuw,Lyft,31,32,954,
2022,2i5w-ykuw,Lyft,31,33,691,
2022,2i5w-ykuw,Lyft,31,34,565,
2022,2i5w-ykuw,Lyft,31,35,41,
2022,2i5w-ykuw,Lyft,31,36,1,
2022,2i5w-ykuw,Lyft,31,38,3,
2022,2i5w-ykuw,Lyft,31,59,137,
2022,2i5w-ykuw,Lyft,31,60,618,
2022,2i5w-ykuw,Lyft,31,61,15,
2022,2i5w-ykuw,Lyft,32,,3,
2022,2i5w-ykuw,Lyft,32,6,1,
2022,2i5w-ykuw,Lyft,32,7,2088,
2022,2i5w-ykuw,Lyft,32,8,33892,
2022,2i5w-ykuw,Lyft,32,21,1,
2022,2i5w-ykuw,Lyft,32,22,121,
2022,2i5w-ykuw,Lyft,32,24,3604,
2022,2i5w-ykuw,Lyft,32,26,1,
2022,2i5w-ykuw,Lyft,32,27,1,
2022,2i5w-ykuw,Lyft,32,28,22647,
2022,2i5w-ykuw,Lyft,32,29,3,
2022,2i5w-ykuw,Lyft,32,30,2,
2022,2i5w-ykuw,Lyft,32,31,946,
2022,2i5w-ykuw,Lyft,32,32,94568,
2022,2i5w-ykuw,Lyft,32,33,8078,
2022,2i5w-ykuw,Lyft,32,34,718,
2022,2i5w-ykuw,Lyft,32,35,459,
2022,2i5w-ykuw,Lyft,32,36,8,
2022,2i5w-ykuw,Lyft,32,37,2,
2022,2i5w-ykuw,Lyft,32,38,46,
2022,2i5w-ykuw,Lyft,32,44,1,
2022,2i5w-ykuw,Lyft,32,49,2,
2022,2i5w-ykuw,Lyft,32,59,33,
2022,2i5w-ykuw,Lyft,32,60,142,
2022,2i5w-ykuw,Lyft,32,61,5,
2022,2i5w-ykuw,Lyft,32,68,1,
2022,2i5w-ykuw,Lyft,33,7,83,
2022,2i5w-ykuw,Lyft,33,8,1516,
2022,2i5w-ykuw,Lyft,33,22,3,
2022,2i5w-ykuw,Lyft,33,24,115,
2022,2i5w-ykuw,Lyft,33,28,2092,
2022,2i5w-ykuw,Lyft,33,31,724,
2022,2i5w-ykuw,Lyft,33,32,7966,
2022,2i5w-ykuw,Lyft,33,33,10677,
2022,2i5w-ykuw,Lyft,33,34,960,
2022,2i5w-ykuw,Lyft,33,35,826,
2022,2i5w-ykuw,Lyft,33,36,13,
2022,2i5w-ykuw,Lyft,33,38,38,
2022,2i5w-ykuw,Lyft,33,40,1,
2022,2i5w-ykuw,Lyft,33,44,3,
2022,2i5w-ykuw,Lyft,33,59,55,
2022,2i5w-ykuw,Lyft,33,60,168,
2022,2i5w-ykuw,Lyft,33,61,4,
2022,2i5w-ykuw,Lyft,34,7,10,
2022,2i5w-ykuw,Lyft,34,8,153,
2022,2i5w-ykuw,Lyft,34,22,5,
2022,2i5w-ykuw,Lyft,34,24,35,
2022,2i5w-ykuw,Lyft,34,28,498,
2022,2i5w-ykuw,Lyft,34,31,569,
2022,2i5w-ykuw,Lyft,34,32,722,
2022,2i5w-ykuw,Lyft,34,33,987,
2022,2i5w-ykuw,Lyft,34,34,3200,
2022,2i5w-ykuw,Lyft,34,35,720,
2022,2i5w-ykuw,Lyft,34,36,13,
2022,2i5w-ykuw,Lyft,34,37,6,
2022,2i5w-ykuw,Lyft,34,38,18,
2022,2i5w-ykuw,Lyft,34,59,64,
2022,2i5w-ykuw,Lyft,34,60,1393,
2022,2i5w-ykuw,Lyft,34,61,14,
2022,2i5w-ykuw,Lyft,34,68,1,
2022,2i5w-ykuw,Lyft,35,,1,
2022,2i5w-ykuw,Lyft,35,7,12,
2022,2i5w-ykuw,Lyft,35,8,111,
2022,2i5w-ykuw,Lyft,35,22,1,
2022,2i5w-ykuw,Lyft,35,24,16,
2022,2i5w-ykuw,Lyft,35,28,250,
2022,2i5w-ykuw,Lyft,35,31,43,
2022,2i5w-ykuw,Lyft,35,32,444,
2022,2i5w-ykuw,Lyft,35,33,773,
2022,2i5w-ykuw,Lyft,35,34,695,
2022,2i5w-ykuw,Lyft,35,35,8350,
2022,2i5w-ykuw,Lyft,35,36,71,
2022,2i5w-ykuw,Lyft,35,37,1,
2022,2i5w-ykuw,Lyft,35,38,144,
2022,2i5w-ykuw,Lyft,35,59,20,
2022,2i5w-ykuw,Lyft,35,60,652,
2022,2i5w-ykuw,Lyft,35,61,4,
2022,2i5w-ykuw,Lyft,36,32,3,
2022,2i5w-ykuw,Lyft,36,33,8,
2022,2i5w-ykuw,Lyft,36,34,15,
2022,2i5w-ykuw,Lyft,36,35,92,
2022,2i5w-ykuw,Lyft,36,36,45,
2022,2i5w-ykuw,Lyft,36,38,12,
2022,2i5w-ykuw,Lyft,36,59,1,
2022,2i5w-ykuw,Lyft,36,60,4,
2022,2i5w-ykuw,Lyft,37,34,1,
2022,2i5w-ykuw,Lyft,37,37,1,
2022,2i5w-ykuw,Lyft,37,60,1,
2022,2i5w-ykuw,Lyft,38,28,2,
2022,2i5w-ykuw,Lyft,38,33,3,
2022,2i5w-ykuw,Lyft,38,34,1,
2022,2i5w-ykuw,Lyft,38,35,16,
2022,2i5w-ykuw,Lyft,38,36,2,
2022,2i5w-ykuw,Lyft,38,38,4,
2022,2i5w-ykuw,Lyft,38,60,1,
2022,2i5w-ykuw,Lyft,59,7,1,
2022,2i5w-ykuw,Lyft,59,8,8,
2022,2i5w-ykuw,Lyft,59,24,2,
2022,2i5w-ykuw,Lyft,59,28,20,
2022,2i5w-ykuw,Lyft,59,31,85,
2022,2i5w-ykuw,Lyft,59,32,8,
2022,2i5w-ykuw,Lyft,59,33,46,
2022,2i5w-ykuw,Lyft,59,34,48,
2022,2i5w-ykuw,Lyft,59,35,26,
2022,2i5w-ykuw,Lyft,59,38,2,
2022,2i5w-ykuw,Lyft,59,59,485,
2022,2i5w-ykuw,Lyft,59,60,217,
2022,2i5w-ykuw,Lyft,59,61,18,
2022,2i5w-ykuw,Lyft,60,7,9,
2022,2i5w-ykuw,Lyft,60,8,46,
2022,2i5w-ykuw,Lyft,60,22,2,
2022,2i5w-ykuw,Lyft,60,24,30,
2022,2i5w-ykuw,Lyft,60,28,478,
2022,2i5w-ykuw,Lyft,60,31,631,
2022,2i5w-ykuw,Lyft,60,32,114,
2022,2i5w-ykuw,Lyft,60,33,130,
2022,2i5w-ykuw,Lyft,60,34,1399,
2022,2i5w-ykuw,Lyft,60,35,718,
2022,2i5w-ykuw,Lyft,60,36,8,
2022,2i5w-ykuw,Lyft,60,37,2,
2022,2i5w-ykuw,Lyft,60,38,7,
2022,2i5w-ykuw,Lyft,60,59,269,
2022,2i5w-ykuw,Lyft,60,60,3150,
2022,2i5w-ykuw,Lyft,60,61,35,
2022,2i5w-ykuw,Lyft,61,34,3,
2022,2i5w-ykuw,Lyft,61,35,2,
2022,2i5w-ykuw,Lyft,61,36,1,
2022,2i5w-ykuw,Lyft,61,38,2,
2022,2i5w-ykuw,Lyft,61,59,1,
2022,2i5w-ykuw,Lyft,61,60,7,
2022,2i5w-ykuw,Lyft,61,61,8,
2022,2i5w-ykuw,Spin,,,3,
2022,2i5w-ykuw,Spin,1,,5,
2022,2i5w-ykuw,Spin,1,1,1365,
2022,2i5w-ykuw,Spin,1,2,160,
2022,2i5w-ykuw,Spin,1,3,97,
2022,2i5w-ykuw,Spin,1,4,21,
2022,2i5w-ykuw,Spin,1,5,6,
2022,2i5w-ykuw,Spin,1,6,38,
2022,2i5w-ykuw,Spin,1,7,5,
2022,2i5w-ykuw,Spin,1,8,2,
2022,2i5w-ykuw,Spin,1,11,1,
2022,2i5w-ykuw,Spin,1,13,10,
2022,2i5w-ykuw,Spin,1,14,4,
2022,2i5w-ykuw,Spin,1,16,4,
2022,2i5w-ykuw,Spin,1,22,3,
2022,2i5w-ykuw,Spin,1,24,8,
2022,2i5w-ykuw,Spin,1,28,1,
2022,2i5w-ykuw,Spin,1,77,317,
2022,2i5w-ykuw,Spin,2,,3,
2022,2i5w-ykuw,Spin,2,1,130,
2022,2i5w-ykuw,Spin,2,2,416,
2022,2i5w-ykuw,Spin,2,3,10,
2022,2i5w-ykuw,Spin,2,4,54,
2022,2i5w-ykuw,Spin,2,5,3,
2022,2i5w-ykuw,Spin,2,6,10,
2022,2i5w-ykuw,Spin,2,7,3,
2022,2i5w-ykuw,Spin,2,11,1,
2022,2i5w-ykuw,Spin,2,12,2,
2022,2i5w-ykuw,Spin,2,13,36,
2022,2i5w-ykuw,Spin,2,14,8,
2022,2i5w-ykuw,Spin,2,15,1,
2022,2i5w-ykuw,Spin,2,16,2,
2022,2i5w-ykuw,Spin,2,21,3,
2022,2i5w-ykuw,Spin,2,22,1,
2022,2i5w-ykuw,Spin,2,24,4,
2022,2i5w-ykuw,Spin,2,25,1,
2022,2i5w-ykuw,Spin,2,26,1,
2022,2i5w-ykuw,Spin,2,71,1,
2022,2i5w-ykuw,Spin,2,77,61,
2022,2i5w-ykuw,Spin,3,1,113,
2022,2i5w-ykuw,Spin,3,2,17,
2022,2i5w-ykuw,Spin,3,3,3320,
2022,2i5w-ykuw,Spin,3,4,416,
2022,2i5w-ykuw,Spin,3,5,191,
2022,2i5w-ykuw,Spin,3,6,1782,
2022,2i5w-ykuw,Spin,3,7,160,
2022,2i5w-ykuw,Spin,3,8,7,
2022,2i5w-ykuw,Spin,3,10,3,
2022,2i5w-ykuw,Spin,3,12,2,
2022,2i5w-ykuw,Spin,3,13,13,
2022,2i5w-ykuw,Spin,3,14,29,
2022,2i5w-ykuw,Spin,3,15,11,
2022,2i5w-ykuw,Spin,3,16,13,
2022,2i5w-ykuw,Spin,3,17,1,
2022,2i5w-ykuw,Spin,3,21,13,
2022,2i5w-ykuw,Spin,3,22,20,
2022,2i5w-ykuw,Spin,3,23,1,
2022,2i5w-ykuw,Spin,3,24,13,
2022,2i5w-ykuw,Spin,3,25,1,
2022,2i5w-ykuw,Spin,3,28,6,
2022,2i5w-ykuw,Spin,3,32,1,
2022,2i5w-ykuw,Spin,3,77,708,
2022,2i5w-ykuw,Spin,4,1,18,
2022,2i5w-ykuw,Spin,4,2,62,
2022,2i5w-ykuw,Spin,4,3,340,
2022,2i5w-ykuw,Spin,4,4,1164,
2022,2i5w-ykuw,Spin,4,5,232,
2022,2i5w-ykuw,Spin,4,6,308,
2022,2i5w-ykuw,Spin,4,7,47,
2022,2i5w-ykuw,Spin,4,8,3,
2022,2i5w-ykuw,Spin,4,10,1,
2022,2i5w-ykuw,Spin,4,11,6,
2022,2i5w-ykuw,Spin,4,12,6,
2022,2i5w-ykuw,Spin,4,13,43,
2022,2i5w-ykuw,Spin,4,14,124,
2022,2i5w-ykuw,Spin,4,15,5,
2022,2i5w-ykuw,Spin,4,16,43,
2022,2i5w-ykuw,Spin,4,17,2,
2022,2i5w-ykuw,Spin,4,19,3,
2022,2i5w-ykuw,Spin,4,21,16,
2022,2i5w-ykuw,Spin,4,22,20,
2022,2i5w-ykuw,Spin,4,23,1,
2022,2i5w-ykuw,Spin,4,24,17,
2022,2i5w-ykuw,Spin,4,25,2,
2022,2i5w-ykuw,Spin,4,27,3,
2022,2i5w-ykuw,Spin,4,77,157,
2022,2i5w-ykuw,Spin,5,1,7,
2022,2i5w-ykuw,Spin,5,2,13,
2022,2i5w-ykuw,Spin,5,3,172,
2022,2i5w-ykuw,Spin,5,4,231,
2022,2i5w-ykuw,Spin,5,5,1084,
2022,2i5w-ykuw,Spin,5,6,1043,
2022,2i5w-ykuw,Spin,5,7,182,
2022,2i5w-ykuw,Spin,5,8,12,
2022,2i5w-ykuw,Spin,5,11,2,
2022,2i5w-ykuw,Spin,5,12,1,
2022,2i5w-ykuw,Spin,5,13,1,
2022,2i5w-ykuw,Spin,5,14,35,
2022,2i5w-ykuw,Spin,5,15,5,
2022,2i5w-ykuw,Spin,5,16,123,
2022,2i5w-ykuw,Spin,5,17,1,
2022,2i5w-ykuw,Spin,5,19,6,
2022,2i5w-ykuw,Spin,5,20,5,
2022,2i5w-ykuw,Spin,5,21,91,
2022,2i5w-ykuw,Spin,5,22,105,
2022,2i5w-ykuw,Spin,5,23,3,
2022,2i5w-ykuw,Spin,5,24,67,
2022,2i5w-ykuw,Spin,5,25,1,
2022,2i5w-ykuw,Spin,5,28,4,
2022,2i5w-ykuw,Spin,5,32,2,
2022,2i5w-ykuw,Spin,5,77,33,
2022,2i5w-ykuw,Spin,6,1,48,
2022,2i5w-ykuw,Spin,6,2,46,
2022,2i5w-ykuw,Spin,6,3,1967,
2022,2i5w-ykuw,Spin,6,4,379,
2022,2i5w-ykuw,Spin,6,5,1254,
2022,2i5w-ykuw,Spin,6,6,17461,
2022,2i5w-ykuw,Spin,6,7,3881,
2022,2i5w-ykuw,Spin,6,8,142,
2022,2i5w-ykuw,Spin,6,9,1,
2022,2i5w-ykuw,Spin,6,10,1,
2022,2i5w-ykuw,Spin,6,11,4,
2022,2i5w-ykuw,Spin,6,12,3,
2022,2i5w-ykuw,Spin,6,13,8,
2022,2i5w-ykuw,Spin,6,14,45,
2022,2i5w-ykuw,Spin,6,15,12,
2022,2i5w-ykuw,Spin,6,16,103,
2022,2i5w-ykuw,Spin,6,17,4,
2022,2i5w-ykuw,Spin,6,19,12,
2022,2i5w-ykuw,Spin,6,20,17,
2022,2i5w-ykuw,Spin,6,21,86,
2022,2i5w-ykuw,Spin,6,22,227,
2022,2i5w-ykuw,Spin,6,23,10,
2022,2i5w-ykuw,Spin,6,24,189,
2022,2i5w-ykuw,Spin,6,25,11,
2022,2i5w-ykuw,Spin,6,27,5,
2022,2i5w-ykuw,Spin,6,28,22,
2022,2i5w-ykuw,Spin,6,29,3,
2022,2i5w-ykuw,Spin,6,30,2,
2022,2i5w-ykuw,Spin,6,31,3,
2022,2i5w-ykuw,Spin,6,32,14,
2022,2i5w-ykuw,Spin,6,33,3,
2022,2i5w-ykuw,Spin,6,42,1,
2022,2i5w-ykuw,Spin,6,58,1,
2022,2i5w-ykuw,Spin,6,60,2,
2022,2i5w-ykuw,Spin,6,66,1,
2022,2i5w-ykuw,Spin,6,71,1,
2022,2i5w-ykuw,Spin,6,77,306,
2022,2i5w-ykuw,Spin,7,1,16,
2022,2i5w-ykuw,Spin,7,2,10,
2022,2i5w-ykuw,Spin,7,3,167,
2022,2i5w-ykuw,Spin,7,4,51,
2022,2i5w-ykuw,Spin,7,5,154,
2022,2i5w-ykuw,Spin,7,6,2993,
2022,2i5w-ykuw,Spin,7,7,5564,
2022,2i5w-ykuw,Spin,7,8,353,
2022,2i5w-ykuw,Spin,7,12,1,
2022,2i5w-ykuw,Spin,7,13,1,
2022,2i5w-ykuw,Spin,7,14,8,
2022,2i5w-ykuw,Spin,7,15,2,
2022,2i5w-ykuw,Spin,7,16,19,
2022,2i5w-ykuw,Spin,7,18,1,
2022,2i5w-ykuw,Spin,7,19,10,
2022,2i5w-ykuw,Spin,7,20,13,
2022,2i5w-ykuw,Spin,7,21,27,
2022,2i5w-ykuw,Spin,7,22,219,
2022,2i5w-ykuw,Spin,7,23,17,
2022,2i5w-ykuw,Spin,7,24,246,
2022,2i5w-ykuw,Spin,7,25,9,
2022,2i5w-ykuw,Spin,7,27,1,
2022,2i5w-ykuw,Spin,7,28,57,
2022,2i5w-ykuw,Spin,7,29,1,
2022,2i5w-ykuw,Spin,7,32,19,
2022,2i5w-ykuw,Spin,7,33,1,
2022,2i5w-ykuw,Spin,7,34,3,
2022,2i5w-ykuw,Spin,7,59,2,
2022,2i5w-ykuw,Spin,7,77,36,
2022,2i5w-ykuw,Spin,8,3,7,
2022,2i5w-ykuw,Spin,8,4,2,
2022,2i5w-ykuw,Spin,8,5,12,
2022,2i5w-ykuw,Spin,8,6,50,
2022,2i5w-ykuw,Spin,8,7,192,
2022,2i5w-ykuw,Spin,8,8,322,
2022,2i5w-ykuw,Spin,8,16,1,
2022,2i5w-ykuw,Spin,8,20,1,
2022,2i5w-ykuw,Spin,8,22,8,
2022,2i5w-ykuw,Spin,8,23,3,
2022,2i5w-ykuw,Spin,8,24,62,
2022,2i5w-ykuw,Spin,8,28,38,
2022,2i5w-ykuw,Spin,8,29,2,
2022,2i5w-ykuw,Spin,8,31,3,
2022,2i5w-ykuw,Spin,8,32,41,
2022,2i5w-ykuw,Spin,8,33,7,
2022,2i5w-ykuw,Spin,8,35,1,
2022,2i5w-ykuw,Spin,8,41,1,
2022,2i5w-ykuw,Spin,8,66,4,
2022,2i5w-ykuw,Spin,8,68,6,
2022,2i5w-ykuw,Spin,8,70,1,
2022,2i5w-ykuw,Spin,8,77,2,
2022,2i5w-ykuw,Spin,9,9,11,
2022,2i5w-ykuw,Spin,9,10,6,
2022,2i5w-ykuw,Spin,9,14,1,
2022,2i5w-ykuw,Spin,10,,1,
2022,2i5w-ykuw,Spin,10,3,2,
2022,2i5w-ykuw,Spin,10,9,10,
2022,2i5w-ykuw,Spin,10,10,34,
2022,2i5w-ykuw,Spin,10,11,15,
2022,2i5w-ykuw,Spin,10,12,1,
2022,2i5w-ykuw,Spin,10,14,1,
2022,2i5w-ykuw,Spin,10,15,9,
2022,2i5w-ykuw,Spin,10,16,10,
2022,2i5w-ykuw,Spin,10,17,1,
2022,2i5w-ykuw,Spin,10,18,1,
2022,2i5w-ykuw,Spin,10,76,2,
2022,2i5w-ykuw,Spin,11,3,2,
2022,2i5w-ykuw,Spin,11,4,2,
2022,2i5w-ykuw,Spin,11,5,1,
2022,2i5w-ykuw,Spin,11,10,18,
2022,2i5w-ykuw,Spin,11,11,59,
2022,2i5w-ykuw,Spin,11,12,9,
2022,2i5w-ykuw,Spin,11,14,9,
2022,2i5w-ykuw,Spin,11,15,39,
2022,2i5w-ykuw,Spin,11,16,5,
2022,2i5w-ykuw,Spin,11,17,2,
2022,2i5w-ykuw,Spin,11,19,3,
2022,2i5w-ykuw,Spin,11,20,1,
2022,2i5w-ykuw,Spin,11,21,1,
2022,2i5w-ykuw,Spin,11,23,1,
2022,2i5w-ykuw,Spin,11,24,1,
2022,2i5w-ykuw,Spin,11,25,2,
2022,2i5w-ykuw,Spin,11,76,1,
2022,2i5w-ykuw,Spin,12,,1,
2022,2i5w-ykuw,Spin,12,2,3,
2022,2i5w-ykuw,Spin,12,3,3,
2022,2i5w-ykuw,Spin,12,4,2,
2022,2i5w-ykuw,Spin,12,6,3,
2022,2i5w-ykuw,Spin,12,10,1,
2022,2i5w-ykuw,Spin,12,11,4,
2022,2i5w-ykuw,Spin,12,12,18,
2022,2i5w-ykuw,Spin,12,13,4,
2022,2i5w-ykuw,Spin,12,15,1,
2022,2i5w-ykuw,Spin,12,16,3,
2022,2i5w-ykuw,Spin,12,22,1,
2022,2i5w-ykuw,Spin,12,25,1,
2022,2i5w-ykuw,Spin,13,1,12,
2022,2i5w-ykuw,Spin,13,2,26,
2022,2i5w-ykuw,Spin,13,3,9,
2022,2i5w-ykuw,Spin,13,4,29,
2022,2i5w-ykuw,Spin,13,5,3,
2022,2i5w-ykuw,Spin,13,6,7,
2022,2i5w-ykuw,Spin,13,7,1,
2022,2i5w-ykuw,Spin,13,11,2,
2022,2i5w-ykuw,Spin,13,13,75,
2022,2i5w-ykuw,Spin,13,14,28,
2022,2i5w-ykuw,Spin,13,15,3,
2022,2i5w-ykuw,Spin,13,16,4,
2022,2i5w-ykuw,Spin,13,21,1,
2022,2i5w-ykuw,Spin,13,22,1,
2022,2i5w-ykuw,Spin,13,23,5,
2022,2i5w-ykuw,Spin,13,24,2,
2022,2i5w-ykuw,Spin,13,26,2,
2022,2i5w-ykuw,Spin,13,29,1,
2022,2i5w-ykuw,Spin,13,77,17,
2022,2i5w-ykuw,Spin,14,1,1,
2022,2i5w-ykuw,Spin,14,2,19,
2022,2i5w-ykuw,Spin,14,3,15,
2022,2i5w-ykuw,Spin,14,4,108,
2022,2i5w-ykuw,Spin,14,5,41,
2022,2i5w-ykuw,Spin,14,6,19,
2022,2i5w-ykuw,Spin,14,7,6,
2022,2i5w-ykuw,Spin,14,11,12,
2022,2i5w-ykuw,Spin,14,12,7,
2022,2i5w-ykuw,Spin,14,13,27,
2022,2i5w-ykuw,Spin,14,14,231,
2022,2i5w-ykuw,Spin,14,15,7,
2022,2i5w-ykuw,Spin,14,16,79,
2022,2i5w-ykuw,Spin,14,17,2,
2022,2i5w-ykuw,Spin,14,19,2,
2022,2i5w-ykuw,Spin,14,20,1,
2022,2i5w-ykuw,Spin,14,21,17,
2022,2i5w-ykuw,Spin,14,22,13,
2022,2i5w-ykuw,Spin,14,23,3,
2022,2i5w-ykuw,Spin,14,24,1,
2022,2i5w-ykuw,Spin,14,25,8,
2022,2i5w-ykuw,Spin,14,26,1,
2022,2i5w-ykuw,Spin,14,29,7,
2022,2i5w-ykuw,Spin,14,31,1,
2022,2i5w-ykuw,Spin,14,77,10,
2022,2i5w-ykuw,Spin,15,,4,
2022,2i5w-ykuw,Spin,15,2,2,
2022,2i5w-ykuw,Spin,15,3,2,
2022,2i5w-ykuw,Spin,15,4,4,
2022,2i5w-ykuw,Spin,15,5,4,
2022,2i5w-ykuw,Spin,15,6,3,
2022,2i5w-ykuw,Spin,15,7,1,
2022,2i5w-ykuw,Spin,15,10,6,
2022,2i5w-ykuw,Spin,15,11,42,
2022,2i5w-ykuw,Spin,15,12,4,
2022,2i5w-ykuw,Spin,15,13,3,
2022,2i5w-ykuw,Spin,15,14,10,
2022,2i5w-ykuw,Spin,15,15,432,
2022,2i5w-ykuw,Spin,15,16,67,
2022,2i5w-ykuw,Spin,15,17,35,
2022,2i5w-ykuw,Spin,15,18,10,
2022,2i5w-ykuw,Spin,15,19,102,
2022,2i5w-ykuw,Spin,15,20,5,
2022,2i5w-ykuw,Spin,15,21,38,
2022,2i5w-ykuw,Spin,15,22,6,
2022,2i5w-ykuw,Spin,15,23,4,
2022,2i5w-ykuw,Spin,15,25,11,
2022,2i5w-ykuw,Spin,15,26,2,
2022,2i5w-ykuw,Spin,15,27,1,
2022,2i5w-ykuw,Spin,15,65,1,
2022,2i5w-ykuw,Spin,15,76,2,
2022,2i5w-ykuw,Spin,16,1,2,
2022,2i5w-ykuw,Spin,16,2,3,
2022,2i5w-ykuw,Spin,16,3,16,
2022,2i5w-ykuw,Spin,16,4,16,
2022,2i5w-ykuw,Spin,16,5,95,
2022,2i5w-ykuw,Spin,16,6,45,
2022,2i5w-ykuw,Spin,16,7,11,
2022,2i5w-ykuw,Spin,16,8,1,
2022,2i5w-ykuw,Spin,16,10,23,
2022,2i5w-ykuw,Spin,16,11,5,
2022,2i5w-ykuw,Spin,16,12,2,
2022,2i5w-ykuw,Spin,16,13,10,
2022,2i5w-ykuw,Spin,16,14,91,
2022,2i5w-ykuw,Spin,16,15,54,
2022,2i5w-ykuw,Spin,16,16,435,
2022,2i5w-ykuw,Spin,16,17,8,
2022,2i5w-ykuw,Spin,16,19,33,
2022,2i5w-ykuw,Spin,16,20,11,
2022,2i5w-ykuw,Spin,16,21,104,
2022,2i5w-ykuw,Spin,16,22,38,
2022,2i5w-ykuw,Spin,16,23,28,
2022,2i5w-ykuw,Spin,16,24,11,
2022,2i5w-ykuw,Spin,16,25,7,
2022,2i5w-ykuw,Spin,16,27,1,
2022,2i5w-ykuw,Spin,16,29,2,
2022,2i5w-ykuw,Spin,16,31,1,
2022,2i5w-ykuw,Spin,16,33,1,
2022,2i5w-ykuw,Spin,16,57,1,
2022,2i5w-ykuw,Spin,16,77,3,
2022,2i5w-ykuw,Spin,17,,2,
2022,2i5w-ykuw,Spin,17,4,1,
2022,2i5w-ykuw,Spin,17,6,3,
2022,2i5w-ykuw,Spin,17,10,5,
2022,2i5w-ykuw,Spin,17,11,1,
2022,2i5w-ykuw,Spin,17,15,24,
2022,2i5w-ykuw,Spin,17,16,7,
2022,2i5w-ykuw,Spin,17,17,237,
2022,2i5w-ykuw,Spin,17,18,19,
2022,2i5w-ykuw,Spin,17,19,34,
2022,2i5w-ykuw,Spin,17,20,2,
2022,2i5w-ykuw,Spin,17,21,2,
2022,2i5w-ykuw,Spin,17,23,1,
2022,2i5w-ykuw,Spin,17,25,5,
2022,2i5w-ykuw,Spin,17,26,1,
2022,2i5w-ykuw,Spin,17,76,2,
2022,2i5w-ykuw,Spin,18,,3,
2022,2i5w-ykuw,Spin,18,13,1,
2022,2i5w-ykuw,Spin,18,15,8,
2022,2i5w-ykuw,Spin,18,16,4,
2022,2i5w-ykuw,Spin,18,17,30,
2022,2i5w-ykuw,Spin,18,18,128,
2022,2i5w-ykuw,Spin,18,19,58,
2022,2i5w-ykuw,Spin,18,20,5,
2022,2i5w-ykuw,Spin,18,21,3,
2022,2i5w-ykuw,Spin,18,22,3,
2022,2i5w-ykuw,Spin,18,23,3,
2022,2i5w-ykuw,Spin,18,25,21,
2022,2i5w-ykuw,Spin,18,29,1,
2022,2i5w-ykuw,Spin,19,,1,
2022,2i5w-ykuw,Spin,19,3,1,
2022,2i5w-ykuw,Spin,19,5,2,
2022,2i5w-ykuw,Spin,19,6,8,
2022,2i5w-ykuw,Spin,19,7,11,
2022,2i5w-ykuw,Spin,19,8,2,
2022,2i5w-ykuw,Spin,19,10,2,
2022,2i5w-ykuw,Spin,19,11,12,
2022,2i5w-ykuw,Spin,19,12,2,
2022,2i5w-ykuw,Spin,19,13,1,
2022,2i5w-ykuw,Spin,19,14,9,
2022,2i5w-ykuw,Spin,19,15,126,
2022,2i5w-ykuw,Spin,19,16,59,
2022,2i5w-ykuw,Spin,19,17,44,
2022,2i5w-ykuw,Spin,19,18,78,
2022,2i5w-ykuw,Spin,19,19,1512,
2022,2i5w-ykuw,Spin,19,20,104,
2022,2i5w-ykuw,Spin,19,21,48,
2022,2i5w-ykuw,Spin,19,22,86,
2022,2i5w-ykuw,Spin,19,23,46,
2022,2i5w-ykuw,Spin,19,24,27,
2022,2i5w-ykuw,Spin,19,25,152,
2022,2i5w-ykuw,Spin,19,26,2,
2022,2i5w-ykuw,Spin,19,27,3,
2022,2i5w-ykuw,Spin,19,28,1,
2022,2i5w-ykuw,Spin,19,29,8,
2022,2i5w-ykuw,Spin,19,30,1,
2022,2i5w-ykuw,Spin,19,76,1,
2022,2i5w-ykuw,Spin,20,1,2,
2022,2i5w-ykuw,Spin,20,2,1,
2022,2i5w-ykuw,Spin,20,5,1,
2022,2i5w-ykuw,Spin,20,6,7,
2022,2i5w-ykuw,Spin,20,7,11,
2022,2i5w-ykuw,Spin,20,11,1,
2022,2i5w-ykuw,Spin,20,13,2,
2022,2i5w-ykuw,Spin,20,14,2,
2022,2i5w-ykuw,Spin,20,15,11,
2022,2i5w-ykuw,Spin,20,16,10,
2022,2i5w-ykuw,Spin,20,17,2,
2022,2i5w-ykuw,Spin,20,18,6,
2022,2i5w-ykuw,Spin,20,19,130,
2022,2i5w-ykuw,Spin,20,20,218,
2022,2i5w-ykuw,Spin,20,21,26,
2022,2i5w-ykuw,Spin,20,22,107,
2022,2i5w-ykuw,Spin,20,23,59,
2022,2i5w-ykuw,Spin,20,24,12,
2022,2i5w-ykuw,Spin,20,25,31,
2022,2i5w-ykuw,Spin,20,26,1,
2022,2i5w-ykuw,Spin,20,30,2,
2022,2i5w-ykuw,Spin,20,77,3,
2022,2i5w-ykuw,Spin,21,1,4,
2022,2i5w-ykuw,Spin,21,3,7,
2022,2i5w-ykuw,Spin,21,4,11,
2022,2i5w-ykuw,Spin,21,5,60,
2022,2i5w-ykuw,Spin,21,6,46,
2022,2i5w-ykuw,Spin,21,7,13,
2022,2i5w-ykuw,Spin,21,8,2,
2022,2i5w-ykuw,Spin,21,11,1,
2022,2i5w-ykuw,Spin,21,14,20,
2022,2i5w-ykuw,Spin,21,15,50,
2022,2i5w-ykuw,Spin,21,16,120,
2022,2i5w-ykuw,Spin,21,18,2,
2022,2i5w-ykuw,Spin,21,19,46,
2022,2i5w-ykuw,Spin,21,20,21,
2022,2i5w-ykuw,Spin,21,21,361,
2022,2i5w-ykuw,Spin,21,22,139,
2022,2i5w-ykuw,Spin,21,23,22,
2022,2i5w-ykuw,Spin,21,24,16,
2022,2i5w-ykuw,Spin,21,25,1,
2022,2i5w-ykuw,Spin,21,26,2,
2022,2i5w-ykuw,Spin,21,27,5,
2022,2i5w-ykuw,Spin,21,29,3,
2022,2i5w-ykuw,Spin,21,30,1,
2022,2i5w-ykuw,Spin,21,66,1,
2022,2i5w-ykuw,Spin,21,77,3,
2022,2i5w-ykuw,Spin,22,,1,
2022,2i5w-ykuw,Spin,22,2,5,
2022,2i5w-ykuw,Spin,22,3,15,
2022,2i5w-ykuw,Spin,22,4,34,
2022,2i5w-ykuw,Spin,22,5,79,
2022,2i5w-ykuw,Spin,22,6,123,
2022,2i5w-ykuw,Spin,22,7,143,
2022,2i5w-ykuw,Spin,22,8,8,
2022,2i5w-ykuw,Spin,22,12,1,
2022,2i5w-ykuw,Spin,22,14,19,
2022,2i5w-ykuw,Spin,22,15,21,
2022,2i5w-ykuw,Spin,22,16,39,
2022,2i5w-ykuw,Spin,22,18,1,
2022,2i5w-ykuw,Spin,22,19,82,
2022,2i5w-ykuw,Spin,22,20,105,
2022,2i5w-ykuw,Spin,22,21,162,
2022,2i5w-ykuw,Spin,22,22,1569,
2022,2i5w-ykuw,Spin,22,23,96,
2022,2i5w-ykuw,Spin,22,24,411,
2022,2i5w-ykuw,Spin,22,25,24,
2022,2i5w-ykuw,Spin,22,26,1,
2022,2i5w-ykuw,Spin,22,27,20,
2022,2i5w-ykuw,Spin,22,28,12,
2022,2i5w-ykuw,Spin,22,29,3,
2022,2i5w-ykuw,Spin,22,30,5,
2022,2i5w-ykuw,Spin,22,31,2,
2022,2i5w-ykuw,Spin,22,32,2,
2022,2i5w-ykuw,Spin,22,58,1,
2022,2i5w-ykuw,Spin,22,66,2,
2022,2i5w-ykuw,Spin,22,77,6,
2022,2i5w-ykuw,Spin,23,,3,
2022,2i5w-ykuw,Spin,23,2,3,
2022,2i5w-ykuw,Spin,23,5,2,
2022,2i5w-ykuw,Spin,23,6,6,
2022,2i5w-ykuw,Spin,23,7,9,
2022,2i5w-ykuw,Spin,23,8,3,
2022,2i5w-ykuw,Spin,23,13,1,
2022,2i5w-ykuw,Spin,23,14,8,
2022,2i5w-ykuw,Spin,23,15,1,
2022,2i5w-ykuw,Spin,23,16,34,
2022,2i5w-ykuw,Spin,23,17,1,
2022,2i5w-ykuw,Spin,23,18,4,
2022,2i5w-ykuw,Spin,23,19,62,
2022,2i5w-ykuw,Spin,23,20,41,
2022,2i5w-ykuw,Spin,23,21,17,
2022,2i5w-ykuw,Spin,23,22,92,
2022,2i5w-ykuw,Spin,23,23,985,
2022,2i5w-ykuw,Spin,23,24,99,
2022,2i5w-ykuw,Spin,23,25,105,
2022,2i5w-ykuw,Spin,23,26,40,
2022,2i5w-ykuw,Spin,23,27,48,
2022,2i5w-ykuw,Spin,23,28,13,
2022,2i5w-ykuw,Spin,23,29,22,
2022,2i5w-ykuw,Spin,23,30,4,
2022,2i5w-ykuw,Spin,23,32,1,
2022,2i5w-ykuw,Spin,23,58,1,
2022,2i5w-ykuw,Spin,23,60,1,
2022,2i5w-ykuw,Spin,23,64,1,
2022,2i5w-ykuw,Spin,23,67,1,
2022,2i5w-ykuw,Spin,23,77,1,
2022,2i5w-ykuw,Spin,24,1,11,
2022,2i5w-ykuw,Spin,24,2,3,
2022,2i5w-ykuw,Spin,24,3,9,
2022,2i5w-ykuw,Spin,24,4,11,
2022,2i5w-ykuw,Spin,24,5,24,
2022,2i5w-ykuw,Spin,24,6,122,
2022,2i5w-ykuw,Spin,24,7,185,
2022,2i5w-ykuw,Spin,24,8,53,
2022,2i5w-ykuw,Spin,24,13,1,
2022,2i5w-ykuw,Spin,24,14,7,
2022,2i5w-ykuw,Spin,24,15,3,
2022,2i5w-ykuw,Spin,24,16,8,
2022,2i5w-ykuw,Spin,24,18,2,
2022,2i5w-ykuw,Spin,24,19,21,
2022,2i5w-ykuw,Spin,24,20,12,
2022,2i5w-ykuw,Spin,24,21,30,
2022,2i5w-ykuw,Spin,24,22,352,
2022,2i5w-ykuw,Spin,24,23,124,
2022,2i5w-ykuw,Spin,24,24,1389,
2022,2i5w-ykuw,Spin,24,25,49,
2022,2i5w-ykuw,Spin,24,26,1,
2022,2i5w-ykuw,Spin,24,27,30,
2022,2i5w-ykuw,Spin,24,28,85,
2022,2i5w-ykuw,Spin,24,29,7,
2022,2i5w-ykuw,Spin,24,30,1,
2022,2i5w-ykuw,Spin,24,31,4,
2022,2i5w-ykuw,Spin,24,32,20,
2022,2i5w-ykuw,Spin,24,37,1,
2022,2i5w-ykuw,Spin,24,41,1,
2022,2i5w-ykuw,Spin,24,43,1,
2022,2i5w-ykuw,Spin,24,58,1,
2022,2i5w-ykuw,Spin,24,61,3,
2022,2i5w-ykuw,Spin,24,66,1,
2022,2i5w-ykuw,Spin,24,67,1,
2022,2i5w-ykuw,Spin,24,68,3,
2022,2i5w-ykuw,Spin,24,70,1,
2022,2i5w-ykuw,Spin,24,75,1,
2022,2i5w-ykuw,Spin,24,77,13,
2022,2i5w-ykuw,Spin,25,,17,
2022,2i5w-ykuw,Spin,25,2,4,
2022,2i5w-ykuw,Spin,25,4,1,
2022,2i5w-ykuw,Spin,25,5,1,
2022,2i5w-ykuw,Spin,25,6,2,
2022,2i5w-ykuw,Spin,25,7,1,
2022,2i5w-ykuw,Spin,25,8,1,
2022,2i5w-ykuw,Spin,25,11,12,
2022,2i5w-ykuw,Spin,25,12,1,
2022,2i5w-ykuw,Spin,25,13,2,
2022,2i5w-ykuw,Spin,25,14,4,
2022,2i5w-ykuw,Spin,25,15,8,
2022,2i5w-ykuw,Spin,25,16,9,
2022,2i5w-ykuw,Spin,25,17,12,
2022,2i5w-ykuw,Spin,25,18,16,
2022,2i5w-ykuw,Spin,25,19,95,
2022,2i5w-ykuw,Spin,25,20,21,
2022,2i5w-ykuw,Spin,25,21,2,
2022,2i5w-ykuw,Spin,25,22,18,
2022,2i5w-ykuw,Spin,25,23,107,
2022,2i5w-ykuw,Spin,25,24,24,
2022,2i5w-ykuw,Spin,25,25,2704,
2022,2i5w-ykuw,Spin,25,26,84,
2022,2i5w-ykuw,Spin,25,27,59,
2022,2i5w-ykuw,Spin,25,28,18,
2022,2i5w-ykuw,Spin,25,29,54,
2022,2i5w-ykuw,Spin,25,30,6,
2022,2i5w-ykuw,Spin,25,31,1,
2022,2i5w-ykuw,Spin,25,35,1,
2022,2i5w-ykuw,Spin,25,38,1,
2022,2i5w-ykuw,Spin,25,49,1,
2022,2i5w-ykuw,Spin,25,58,1,
2022,2i5w-ykuw,Spin,25,61,1,
2022,2i5w-ykuw,Spin,25,66,1,
2022,2i5w-ykuw,Spin,25,68,1,
2022,2i5w-ykuw,Spin,26,,2,
2022,2i5w-ykuw,Spin,26,6,1,
2022,2i5w-ykuw,Spin,26,16,1,
2022,2i5w-ykuw,Spin,26,17,1,
2022,2i5w-ykuw,Spin,26,20,4,
2022,2i5w-ykuw,Spin,26,21,2,
2022,2i5w-ykuw,Spin,26,22,5,
2022,2i5w-ykuw,Spin,26,23,63,
2022,2i5w-ykuw,Spin,26,24,3,
2022,2i5w-ykuw,Spin,26,25,108,
2022,2i5w-ykuw,Spin,26,26,744,
2022,2i5w-ykuw,Spin,26,27,68,
2022,2i5w-ykuw,Spin,26,28,28,
2022,2i5w-ykuw,Spin,26,29,75,
2022,2i5w-ykuw,Spin,26,30,12,
2022,2i5w-ykuw,Spin,26,32,3,
2022,2i5w-ykuw,Spin,26,33,1,
2022,2i5w-ykuw,Spin,26,42,1,
2022,2i5w-ykuw,Spin,26,46,1,
2022,2i5w-ykuw,Spin,26,57,1,
2022,2i5w-ykuw,Spin,26,75,1,
2022,2i5w-ykuw,Spin,27,,1,
2022,2i5w-ykuw,Spin,27,5,2,
2022,2i5w-ykuw,Spin,27,6,1,
2022,2i5w-ykuw,Spin,27,7,1,
2022,2i5w-ykuw,Spin,27,15,1,
2022,2i5w-ykuw,Spin,27,19,2,
2022,2i5w-ykuw,Spin,27,20,1,
2022,2i5w-ykuw,Spin,27,21,4,
2022,2i5w-ykuw,Spin,27,22,20,
2022,2i5w-ykuw,Spin,27,23,49,
2022,2i5w-ykuw,Spin,27,24,36,
2022,2i5w-ykuw,Spin,27,25,68,
2022,2i5w-ykuw,Spin,27,26,61,
2022,2i5w-ykuw,Spin,27,27,648,
2022,2i5w-ykuw,Spin,27,28,65,
2022,2i5w-ykuw,Spin,27,29,82,
2022,2i5w-ykuw,Spin,27,30,9,
2022,2i5w-ykuw,Spin,27,31,3,
2022,2i5w-ykuw,Spin,27,32,3,
2022,2i5w-ykuw,Spin,27,44,1,
2022,2i5w-ykuw,Spin,27,49,1,
2022,2i5w-ykuw,Spin,27,57,1,
2022,2i5w-ykuw,Spin,27,58,4,
2022,2i5w-ykuw,Spin,27,66,1,
2022,2i5w-ykuw,Spin,28,3,4,
2022,2i5w-ykuw,Spin,28,4,1,
2022,2i5w-ykuw,Spin,28,5,1,
2022,2i5w-ykuw,Spin,28,6,13,
2022,2i5w-ykuw,Spin,28,7,24,
2022,2i5w-ykuw,Spin,28,8,39,
2022,2i5w-ykuw,Spin,28,12,1,
2022,2i5w-ykuw,Spin,28,14,2,
2022,2i5w-ykuw,Spin,28,21,1,
2022,2i5w-ykuw,Spin,28,22,12,
2022,2i5w-ykuw,Spin,28,23,7,
2022,2i5w-ykuw,Spin,28,24,66,
2022,2i5w-ykuw,Spin,28,25,23,
2022,2i5w-ykuw,Spin,28,26,19,
2022,2i5w-ykuw,Spin,28,27,27,
2022,2i5w-ykuw,Spin,28,28,327,
2022,2i5w-ykuw,Spin,28,29,25,
2022,2i5w-ykuw,Spin,28,30,4,
2022,2i5w-ykuw,Spin,28,31,13,
2022,2i5w-ykuw,Spin,28,32,25,
2022,2i5w-ykuw,Spin,28,33,1,
2022,2i5w-ykuw,Spin,28,35,1,
2022,2i5w-ykuw,Spin,28,38,1,
2022,2i5w-ykuw,Spin,28,56,2,
2022,2i5w-ykuw,Spin,28,58,3,
2022,2i5w-ykuw,Spin,28,60,2,
2022,2i5w-ykuw,Spin,28,61,3,
2022,2i5w-ykuw,Spin,28,66,1,
2022,2i5w-ykuw,Spin,28,67,1,
2022,2i5w-ykuw,Spin,28,75,1,
2022,2i5w-ykuw,Spin,29,,5,
2022,2i5w-ykuw,Spin,29,1,1,
2022,2i5w-ykuw,Spin,29,5,1,
2022,2i5w-ykuw,Spin,29,6,3,
2022,2i5w-ykuw,Spin,29,7,1,
2022,2i5w-ykuw,Spin,29,8,2,
2022,2i5w-ykuw,Spin,29,11,1,
2022,2i5w-ykuw,Spin,29,13,1,
2022,2i5w-ykuw,Spin,29,14,5,
2022,2i5w-ykuw,Spin,29,16,2,
2022,2i5w-ykuw,Spin,29,17,1,
2022,2i5w-ykuw,Spin,29,19,3,
2022,2i5w-ykuw,Spin,29,20,1,
2022,2i5w-ykuw,Spin,29,21,1,
2022,2i5w-ykuw,Spin,29,22,6,
2022,2i5w-ykuw,Spin,29,23,21,
2022,2i5w-ykuw,Spin,29,24,5,
2022,2i5w-ykuw,Spin,29,25,59,
2022,2i5w-ykuw,Spin,29,26,59,
2022,2i5w-ykuw,Spin,29,27,76,
2022,2i5w-ykuw,Spin,29,28,37,
2022,2i5w-ykuw,Spin,29,29,976,
2022,2i5w-ykuw,Spin,29,30,106,
2022,2i5w-ykuw,Spin,29,31,7,
2022,2i5w-ykuw,Spin,29,34,1,
2022,2i5w-ykuw,Spin,29,39,1,
2022,2i5w-ykuw,Spin,29,53,1,
2022,2i5w-ykuw,Spin,29,57,1,
2022,2i5w-ykuw,Spin,29,58,2,
2022,2i5w-ykuw,Spin,29,60,1,
2022,2i5w-ykuw,Spin,29,61,1,
2022,2i5w-ykuw,Spin,29,63,1,
2022,2i5w-ykuw,Spin,29,66,2,
2022,2i5w-ykuw,Spin,30,,4,
2022,2i5w-ykuw,Spin,30,7,1,
2022,2i5w-ykuw,Spin,30,8,2,
2022,2i5w-ykuw,Spin,30,16,1,
2022,2i5w-ykuw,Spin,30,22,6,
2022,2i5w-ykuw,Spin,30,23,1,
2022,2i5w-ykuw,Spin,30,24,6,
2022,2i5w-ykuw,Spin,30,25,7,
2022,2i5w-ykuw,Spin,30,26,9,
2022,2i5w-ykuw,Spin,30,27,6,
2022,2i5w-ykuw,Spin,30,28,3,
2022,2i5w-ykuw,Spin,30,29,87,
2022,2i5w-ykuw,Spin,30,30,483,
2022,2i5w-ykuw,Spin,30,31,23,
2022,2i5w-ykuw,Spin,30,32,1,
2022,2i5w-ykuw,Spin,30,56,1,
2022,2i5w-ykuw,Spin,30,57,6,
2022,2i5w-ykuw,Spin,30,58,21,
2022,2i5w-ykuw,Spin,30,59,1,
2022,2i5w-ykuw,Spin,30,61,1,
2022,2i5w-ykuw,Spin,30,63,4,
2022,2i5w-ykuw,Spin,30,65,1,
2022,2i5w-ykuw,Spin,30,66,11,
2022,2i5w-ykuw,Spin,31,5,1,
2022,2i5w-ykuw,Spin,31,6,1,
2022,2i5w-ykuw,Spin,31,7,2,
2022,2i5w-ykuw,Spin,31,8,1,
2022,2i5w-ykuw,Spin,31,16,2,
2022,2i5w-ykuw,Spin,31,22,1,
2022,2i5w-ykuw,Spin,31,25,1,
2022,2i5w-ykuw,Spin,31,27,1,
2022,2i5w-ykuw,Spin,31,28,6,
2022,2i5w-ykuw,Spin,31,29,9,
2022,2i5w-ykuw,Spin,31,30,18,
2022,2i5w-ykuw,Spin,31,31,57,
2022,2i5w-ykuw,Spin,31,33,1,
2022,2i5w-ykuw,Spin,31,34,1,
2022,2i5w-ykuw,Spin,31,53,1,
2022,2i5w-ykuw,Spin,31,58,4,
2022,2i5w-ykuw,Spin,31,59,3,
2022,2i5w-ykuw,Spin,31,60,5,
2022,2i5w-ykuw,Spin,31,61,4,
2022,2i5w-ykuw,Spin,31,63,1,
2022,2i5w-ykuw,Spin,31,66,1,
2022,2i5w-ykuw,Spin,31,67,1,
2022,2i5w-ykuw,Spin,31,68,1,
2022,2i5w-ykuw,Spin,31,76,1,
2022,2i5w-ykuw,Spin,32,,1,
2022,2i5w-ykuw,Spin,32,3,2,
2022,2i5w-ykuw,Spin,32,6,2,
2022,2i5w-ykuw,Spin,32,7,6,
2022,2i5w-ykuw,Spin,32,8,29,
2022,2i5w-ykuw,Spin,32,22,2,
2022,2i5w-ykuw,Spin,32,24,7,
2022,2i5w-ykuw,Spin,32,25,1,
2022,2i5w-ykuw,Spin,32,26,1,
2022,2i5w-ykuw,Spin,32,27,1,
2022,2i5w-ykuw,Spin,32,28,18,
2022,2i5w-ykuw,Spin,32,32,85,
2022,2i5w-ykuw,Spin,32,33,12,
2022,2i5w-ykuw,Spin,32,38,1,
2022,2i5w-ykuw,Spin,32,40,1,
2022,2i5w-ykuw,Spin,32,61,2,
2022,2i5w-ykuw,Spin,33,8,5,
2022,2i5w-ykuw,Spin,33,31,2,
2022,2i5w-ykuw,Spin,33,32,13,
2022,2i5w-ykuw,Spin,33,33,36,
2022,2i5w-ykuw,Spin,33,34,9,
2022,2i5w-ykuw,Spin,33,35,6,
2022,2i5w-ykuw,Spin,33,38,2,
2022,2i5w-ykuw,Spin,33,40,1,
2022,2i5w-ykuw,Spin,33,43,1,
2022,2i5w-ykuw,Spin,33,44,1,
2022,2i5w-ykuw,Spin,33,46,1,
2022,2i5w-ykuw,Spin,33,53,1,
2022,2i5w-ykuw,Spin,33,68,2,
2022,2i5w-ykuw,Spin,34,30,1,
2022,2i5w-ykuw,Spin,34,31,1,
2022,2i5w-ykuw,Spin,34,33,5,
2022,2i5w-ykuw,Spin,34,34,355,
2022,2i5w-ykuw,Spin,34,35,9,
2022,2i5w-ykuw,Spin,34,36,1,
2022,2i5w-ykuw,Spin,34,37,14,
2022,2i5w-ykuw,Spin,34,38,4,
2022,2i5w-ykuw,Spin,34,39,2,
2022,2i5w-ykuw,Spin,34,40,1,
2022,2i5w-ykuw,Spin,34,44,1,
2022,2i5w-ykuw,Spin,34,59,4,
2022,2i5w-ykuw,Spin,34,60,17,
2022,2i5w-ykuw,Spin,34,61,1,
2022,2i5w-ykuw,Spin,34,63,1,
2022,2i5w-ykuw,Spin,34,66,2,
2022,2i5w-ykuw,Spin,34,68,1,
2022,2i5w-ykuw,Spin,34,69,1,
2022,2i5w-ykuw,Spin,34,71,1,
2022,2i5w-ykuw,Spin,35,25,1,
2022,2i5w-ykuw,Spin,35,32,1,
2022,2i5w-ykuw,Spin,35,33,4,
2022,2i5w-ykuw,Spin,35,34,20,
2022,2i5w-ykuw,Spin,35,35,33,
2022,2i5w-ykuw,Spin,35,36,6,
2022,2i5w-ykuw,Spin,35,38,34,
2022,2i5w-ykuw,Spin,35,39,11,
2022,2i5w-ykuw,Spin,35,40,3,
2022,2i5w-ykuw,Spin,35,41,3,
2022,2i5w-ykuw,Spin,35,46,1,
2022,2i5w-ykuw,Spin,35,60,5,
2022,2i5w-ykuw,Spin,35,61,6,
2022,2i5w-ykuw,Spin,35,68,2,
2022,2i5w-ykuw,Spin,35,69,1,
2022,2i5w-ykuw,Spin,35,73,1,
2022,2i5w-ykuw,Spin,36,34,2,
2022,2i5w-ykuw,Spin,36,35,6,
2022,2i5w-ykuw,Spin,36,36,30,
2022,2i5w-ykuw,Spin,36,38,13,
2022,2i5w-ykuw,Spin,36,39,4,
2022,2i5w-ykuw,Spin,36,40,1,
2022,2i5w-ykuw,Spin,36,61,1,
2022,2i5w-ykuw,Spin,36,66,2,
2022,2i5w-ykuw,Spin,36,68,1,
2022,2i5w-ykuw,Spin,37,33,1,
2022,2i5w-ykuw,Spin,37,34,13,
2022,2i5w-ykuw,Spin,37,37,27,
2022,2i5w-ykuw,Spin,37,38,4,
2022,2i5w-ykuw,Spin,37,39,2,
2022,2i5w-ykuw,Spin,37,40,18,
2022,2i5w-ykuw,Spin,37,41,5,
2022,2i5w-ykuw,Spin,37,42,2,
2022,2i5w-ykuw,Spin,37,44,2,
2022,2i5w-ykuw,Spin,37,45,1,
2022,2i5w-ykuw,Spin,37,48,1,
2022,2i5w-ykuw,Spin,37,51,1,
2022,2i5w-ykuw,Spin,37,61,29,
2022,2i5w-ykuw,Spin,37,66,1,
2022,2i5w-ykuw,Spin,37,67,4,
2022,2i5w-ykuw,Spin,37,68,7,
2022,2i5w-ykuw,Spin,37,69,1,
2022,2i5w-ykuw,Spin,37,71,2,
2022,2i5w-ykuw,Spin,38,28,3,
2022,2i5w-ykuw,Spin,38,33,4,
2022,2i5w-ykuw,Spin,38,34,12,
2022,2i5w-ykuw,Spin,38,35,39,
2022,2i5w-ykuw,Spin,38,36,18,
2022,2i5w-ykuw,Spin,38,37,17,
2022,2i5w-ykuw,Spin,38,38,299,
2022,2i5w-ykuw,Spin,38,39,38,
2022,2i5w-ykuw,Spin,38,40,106,
2022,2i5w-ykuw,Spin,38,41,33,
2022,2i5w-ykuw,Spin,38,42,6,
2022,2i5w-ykuw,Spin,38,43,6,
2022,2i5w-ykuw,Spin,38,44,5,
2022,2i5w-ykuw,Spin,38,45,1,
2022,2i5w-ykuw,Spin,38,46,2,
2022,2i5w-ykuw,Spin,38,48,3,
2022,2i5w-ykuw,Spin,38,49,1,
2022,2i5w-ykuw,Spin,38,58,1,
2022,2i5w-ykuw,Spin,38,59,1,
2022,2i5w-ykuw,Spin,38,60,3,
2022,2i5w-ykuw,Spin,38,61,18,
2022,2i5w-ykuw,Spin,38,66,2,
2022,2i5w-ykuw,Spin,38,67,5,
2022,2i5w-ykuw,Spin,38,68,12,
2022,2i5w-ykuw,Spin,38,69,8,
2022,2i5w-ykuw,Spin,38,71,3,
2022,2i5w-ykuw,Spin,38,75,1,
2022,2i5w-ykuw,Spin,39,35,9,
2022,2i5w-ykuw,Spin,39,36,6,
2022,2i5w-ykuw,Spin,39,37,1,
2022,2i5w-ykuw,Spin,39,38,24,
2022,2i5w-ykuw,Spin,39,39,93,
2022,2i5w-ykuw,Spin,39,40,9,
2022,2i5w-ykuw,Spin,39,41,35,
2022,2i5w-ykuw,Spin,39,42,3,
2022,2i5w-ykuw,Spin,39,43,4,
2022,2i5w-ykuw,Spin,39,44,1,
2022,2i5w-ykuw,Spin,39,46,2,
2022,2i5w-ykuw,Spin,39,48,2,
2022,2i5w-ykuw,Spin,39,58,1,
2022,2i5w-ykuw,Spin,39,61,6,
2022,2i5w-ykuw,Spin,39,68,4,
2022,2i5w-ykuw,Spin,39,71,1,
2022,2i5w-ykuw,Spin,40,28,1,
2022,2i5w-ykuw,Spin,40,32,1,
2022,2i5w-ykuw,Spin,40,33,2,
2022,2i5w-ykuw,Spin,40,34,2,
2022,2i5w-ykuw,Spin,40,35,10,
2022,2i5w-ykuw,Spin,40,36,2,
2022,2i5w-ykuw,Spin,40,37,10,
2022,2i5w-ykuw,Spin,40,38,103,
2022,2i5w-ykuw,Spin,40,39,16,
2022,2i5w-ykuw,Spin,40,40,447,
2022,2i5w-ykuw,Spin,40,41,55,
2022,2i5w-ykuw,Spin,40,42,37,
2022,2i5w-ykuw,Spin,40,43,26,
2022,2i5w-ykuw,Spin,40,44,12,
2022,2i5w-ykuw,Spin,40,46,3,
2022,2i5w-ykuw,Spin,40,48,1,
2022,2i5w-ykuw,Spin,40,59,1,
2022,2i5w-ykuw,Spin,40,60,2,
2022,2i5w-ykuw,Spin,40,61,19,
2022,2i5w-ykuw,Spin,40,63,1,
2022,2i5w-ykuw,Spin,40,66,4,
2022,2i5w-ykuw,Spin,40,67,6,
2022,2i5w-ykuw,Spin,40,68,16,
2022,2i5w-ykuw,Spin,40,69,22,
2022,2i5w-ykuw,Spin,40,71,5,
2022,2i5w-ykuw,Spin,40,73,1,
2022,2i5w-ykuw,Spin,41,26,1,
2022,2i5w-ykuw,Spin,41,33,4,
2022,2i5w-ykuw,Spin,41,35,5,
2022,2i5w-ykuw,Spin,41,37,4,
2022,2i5w-ykuw,Spin,41,38,17,
2022,2i5w-ykuw,Spin,41,39,39,
2022,2i5w-ykuw,Spin,41,40,34,
2022,2i5w-ykuw,Spin,41,41,242,
2022,2i5w-ykuw,Spin,41,42,28,
2022,2i5w-ykuw,Spin,41,43,26,
2022,2i5w-ykuw,Spin,41,44,3,
2022,2i5w-ykuw,Spin,41,45,3,
2022,2i5w-ykuw,Spin,41,46,10,
2022,2i5w-ykuw,Spin,41,48,2,
2022,2i5w-ykuw,Spin,41,60,1,
2022,2i5w-ykuw,Spin,41,61,8,
2022,2i5w-ykuw,Spin,41,67,1,
2022,2i5w-ykuw,Spin,41,68,1,
2022,2i5w-ykuw,Spin,41,69,8,
2022,2i5w-ykuw,Spin,41,71,1,
2022,2i5w-ykuw,Spin,42,28,1,
2022,2i5w-ykuw,Spin,42,35,2,
2022,2i5w-ykuw,Spin,42,37,5,
2022,2i5w-ykuw,Spin,42,38,8,
2022,2i5w-ykuw,Spin,42,39,4,
2022,2i5w-ykuw,Spin,42,40,30,
2022,2i5w-ykuw,Spin,42,41,32,
2022,2i5w-ykuw,Spin,42,42,137,
2022,2i5w-ykuw,Spin,42,43,36,
2022,2i5w-ykuw,Spin,42,44,4,
2022,2i5w-ykuw,Spin,42,45,3,
2022,2i5w-ykuw,Spin,42,46,6,
2022,2i5w-ykuw,Spin,42,48,3,
2022,2i5w-ykuw,Spin,42,49,2,
2022,2i5w-ykuw,Spin,42,61,4,
2022,2i5w-ykuw,Spin,42,66,1,
2022,2i5w-ykuw,Spin,42,67,7,
2022,2i5w-ykuw,Spin,42,68,11,
2022,2i5w-ykuw,Spin,42,69,45,
2022,2i5w-ykuw,Spin,42,71,1,
2022,2i5w-ykuw,Spin,42,73,2,
2022,2i5w-ykuw,Spin,43,26,3,
2022,2i5w-ykuw,Spin,43,30,2,
2022,2i5w-ykuw,Spin,43,34,1,
2022,2i5w-ykuw,Spin,43,35,1,
2022,2i5w-ykuw,Spin,43,36,1,
2022,2i5w-ykuw,Spin,43,37,3,
2022,2i5w-ykuw,Spin,43,38,3,
2022,2i5w-ykuw,Spin,43,39,4,
2022,2i5w-ykuw,Spin,43,40,23,
2022,2i5w-ykuw,Spin,43,41,31,
2022,2i5w-ykuw,Spin,43,42,39,
2022,2i5w-ykuw,Spin,43,43,1080,
2022,2i5w-ykuw,Spin,43,44,31,
2022,2i5w-ykuw,Spin,43,45,32,
2022,2i5w-ykuw,Spin,43,46,134,
2022,2i5w-ykuw,Spin,43,48,10,
2022,2i5w-ykuw,Spin,43,49,4,
2022,2i5w-ykuw,Spin,43,50,27,
2022,2i5w-ykuw,Spin,43,51,8,
2022,2i5w-ykuw,Spin,43,53,3,
2022,2i5w-ykuw,Spin,43,60,2,
2022,2i5w-ykuw,Spin,43,61,1,
2022,2i5w-ykuw,Spin,43,66,7,
2022,2i5w-ykuw,Spin,43,67,3,
2022,2i5w-ykuw,Spin,43,68,8,
2022,2i5w-ykuw,Spin,43,69,73,
2022,2i5w-ykuw,Spin,43,71,7,
2022,2i5w-ykuw,Spin,43,73,4,
2022,2i5w-ykuw,Spin,44,7,1,
2022,2i5w-ykuw,Spin,44,27,1,
2022,2i5w-ykuw,Spin,44,32,1,
2022,2i5w-ykuw,Spin,44,33,1,
2022,2i5w-ykuw,Spin,44,34,2,
2022,2i5w-ykuw,Spin,44,35,2,
2022,2i5w-ykuw,Spin,44,37,1,
2022,2i5w-ykuw,Spin,44,38,4,
2022,2i5w-ykuw,Spin,44,39,1,
2022,2i5w-ykuw,Spin,44,40,9,
2022,2i5w-ykuw,Spin,44,41,5,
2022,2i5w-ykuw,Spin,44,42,7,
2022,2i5w-ykuw,Spin,44,43,28,
2022,2i5w-ykuw,Spin,44,44,783,
2022,2i5w-ykuw,Spin,44,45,50,
2022,2i5w-ykuw,Spin,44,46,21,
2022,2i5w-ykuw,Spin,44,47,79,
2022,2i5w-ykuw,Spin,44,48,21,
2022,2i5w-ykuw,Spin,44,49,95,
2022,2i5w-ykuw,Spin,44,50,29,
2022,2i5w-ykuw,Spin,44,51,1,
2022,2i5w-ykuw,Spin,44,53,6,
2022,2i5w-ykuw,Spin,44,60,2,
2022,2i5w-ykuw,Spin,44,61,1,
2022,2i5w-ykuw,Spin,44,65,3,
2022,2i5w-ykuw,Spin,44,66,3,
2022,2i5w-ykuw,Spin,44,67,3,
2022,2i5w-ykuw,Spin,44,68,18,
2022,2i5w-ykuw,Spin,44,69,82,
2022,2i5w-ykuw,Spin,44,70,6,
2022,2i5w-ykuw,Spin,44,71,90,
2022,2i5w-ykuw,Spin,44,72,3,
2022,2i5w-ykuw,Spin,44,73,27,
2022,2i5w-ykuw,Spin,44,75,4,
2022,2i5w-ykuw,Spin,45,33,1,
2022,2i5w-ykuw,Spin,45,37,1,
2022,2i5w-ykuw,Spin,45,41,3,
2022,2i5w-ykuw,Spin,45,42,2,
2022,2i5w-ykuw,Spin,45,43,28,
2022,2i5w-ykuw,Spin,45,44,47,
2022,2i5w-ykuw,Spin,45,45,114,
2022,2i5w-ykuw,Spin,45,46,28,
2022,2i5w-ykuw,Spin,45,47,8,
2022,2i5w-ykuw,Spin,45,48,34,
2022,2i5w-ykuw,Spin,45,49,5,
2022,2i5w-ykuw,Spin,45,50,4,
2022,2i5w-ykuw,Spin,45,51,7,
2022,2i5w-ykuw,Spin,45,53,2,
2022,2i5w-ykuw,Spin,45,61,7,
2022,2i5w-ykuw,Spin,45,66,1,
2022,2i5w-ykuw,Spin,45,67,1,
2022,2i5w-ykuw,Spin,45,68,1,
2022,2i5w-ykuw,Spin,45,69,9,
2022,2i5w-ykuw,Spin,45,71,1,
2022,2i5w-ykuw,Spin,45,72,1,
2022,2i5w-ykuw,Spin,45,73,1,
2022,2i5w-ykuw,Spin,46,38,1,
2022,2i5w-ykuw,Spin,46,39,3,
2022,2i5w-ykuw,Spin,46,40,1,
2022,2i5w-ykuw,Spin,46,41,7,
2022,2i5w-ykuw,Spin,46,42,9,
2022,2i5w-ykuw,Spin,46,43,179,
2022,2i5w-ykuw,Spin,46,44,22,
2022,2i5w-ykuw,Spin,46,45,24,
2022,2i5w-ykuw,Spin,46,46,1442,
2022,2i5w-ykuw,Spin,46,47,1,
2022,2i5w-ykuw,Spin,46,48,52,
2022,2i5w-ykuw,Spin,46,49,5,
2022,2i5w-ykuw,Spin,46,50,23,
2022,2i5w-ykuw,Spin,46,51,39,
2022,2i5w-ykuw,Spin,46,52,34,
2022,2i5w-ykuw,Spin,46,53,3,
2022,2i5w-ykuw,Spin,46,54,2,
2022,2i5w-ykuw,Spin,46,55,5,
2022,2i5w-ykuw,Spin,46,61,1,
2022,2i5w-ykuw,Spin,46,66,1,
2022,2i5w-ykuw,Spin,46,68,1,
2022,2i5w-ykuw,Spin,46,69,14,
2022,2i5w-ykuw,Spin,46,71,3,
2022,2i5w-ykuw,Spin,46,73,2,
2022,2i5w-ykuw,Spin,47,38,1,
2022,2i5w-ykuw,Spin,47,41,1,
2022,2i5w-ykuw,Spin,47,43,2,
2022,2i5w-ykuw,Spin,47,44,70,
2022,2i5w-ykuw,Spin,47,45,7,
2022,2i5w-ykuw,Spin,47,47,35,
2022,2i5w-ykuw,Spin,47,48,1,
2022,2i5w-ykuw,Spin,47,49,2,
2022,2i5w-ykuw,Spin,47,50,3,
2022,2i5w-ykuw,Spin,47,51,6,
2022,2i5w-ykuw,Spin,47,66,1,
2022,2i5w-ykuw,Spin,47,69,4,
2022,2i5w-ykuw,Spin,48,35,1,
2022,2i5w-ykuw,Spin,48,38,2,
2022,2i5w-ykuw,Spin,48,39,3,
2022,2i5w-ykuw,Spin,48,42,5,
2022,2i5w-ykuw,Spin,48,43,15,
2022,2i5w-ykuw,Spin,48,44,20,
2022,2i5w-ykuw,Spin,48,45,23,
2022,2i5w-ykuw,Spin,48,46,51,
2022,2i5w-ykuw,Spin,48,47,5,
2022,2i5w-ykuw,Spin,48,48,74,
2022,2i5w-ykuw,Spin,48,49,12,
2022,2i5w-ykuw,Spin,48,50,4,
2022,2i5w-ykuw,Spin,48,51,6,
2022,2i5w-ykuw,Spin,48,52,1,
2022,2i5w-ykuw,Spin,48,61,1,
2022,2i5w-ykuw,Spin,48,67,1,
2022,2i5w-ykuw,Spin,48,69,2,
2022,2i5w-ykuw,Spin,48,75,1,
2022,2i5w-ykuw,Spin,49,,3,
2022,2i5w-ykuw,Spin,49,33,1,
2022,2i5w-ykuw,Spin,49,35,1,
2022,2i5w-ykuw,Spin,49,36,2,
2022,2i5w-ykuw,Spin,49,38,2,
2022,2i5w-ykuw,Spin,49,40,1,
2022,2i5w-ykuw,Spin,49,42,1,
2022,2i5w-ykuw,Spin,49,43,8,
2022,2i5w-ykuw,Spin,49,44,88,
2022,2i5w-ykuw,Spin,49,45,7,
2022,2i5w-ykuw,Spin,49,46,2,
2022,2i5w-ykuw,Spin,49,47,7,
2022,2i5w-ykuw,Spin,49,48,6,
2022,2i5w-ykuw,Spin,49,49,1907,
2022,2i5w-ykuw,Spin,49,50,105,
2022,2i5w-ykuw,Spin,49,51,15,
2022,2i5w-ykuw,Spin,49,52,2,
2022,2i5w-ykuw,Spin,49,53,109,
2022,2i5w-ykuw,Spin,49,54,4,
2022,2i5w-ykuw,Spin,49,58,1,
2022,2i5w-ykuw,Spin,49,61,1,
2022,2i5w-ykuw,Spin,49,67,1,
2022,2i5w-ykuw,Spin,49,68,14,
2022,2i5w-ykuw,Spin,49,69,9,
2022,2i5w-ykuw,Spin,49,70,1,
2022,2i5w-ykuw,Spin,49,71,17,
2022,2i5w-ykuw,Spin,49,72,3,
2022,2i5w-ykuw,Spin,49,73,65,
2022,2i5w-ykuw,Spin,49,74,1,
2022,2i5w-ykuw,Spin,49,75,25,
2022,2i5w-ykuw,Spin,50,43,28,
2022,2i5w-ykuw,Spin,50,44,25,
2022,2i5w-ykuw,Spin,50,45,4,
2022,2i5w-ykuw,Spin,50,46,22,
2022,2i5w-ykuw,Spin,50,47,2,
2022,2i5w-ykuw,Spin,50,48,7,
2022,2i5w-ykuw,Spin,50,49,84,
2022,2i5w-ykuw,Spin,50,50,229,
2022,2i5w-ykuw,Spin,50,51,8,
2022,2i5w-ykuw,Spin,50,52,1,
2022,2i5w-ykuw,Spin,50,53,27,
2022,2i5w-ykuw,Spin,50,66,1,
2022,2i5w-ykuw,Spin,50,68,2,
2022,2i5w-ykuw,Spin,50,69,1,
2022,2i5w-ykuw,Spin,50,71,1,
2022,2i5w-ykuw,Spin,50,73,2,
2022,2i5w-ykuw,Spin,50,75,2,
2022,2i5w-ykuw,Spin,51,42,1,
2022,2i5w-ykuw,Spin,51,43,8,
2022,2i5w-ykuw,Spin,51,44,8,
2022,2i5w-ykuw,Spin,51,45,4,
2022,2i5w-ykuw,Spin,51,46,42,
2022,2i5w-ykuw,Spin,51,47,1,
2022,2i5w-ykuw,Spin,51,48,7,
2022,2i5w-ykuw,Spin,51,49,3,
2022,2i5w-ykuw,Spin,51,50,6,
2022,2i5w-ykuw,Spin,51,51,95,
2022,2i5w-ykuw,Spin,51,52,13,
2022,2i5w-ykuw,Spin,51,53,1,
2022,2i5w-ykuw,Spin,51,68,4,
2022,2i5w-ykuw,Spin,51,69,1,
2022,2i5w-ykuw,Spin,51,73,14,
2022,2i5w-ykuw,Spin,52,43,2,
2022,2i5w-ykuw,Spin,52,46,15,
2022,2i5w-ykuw,Spin,52,48,2,
2022,2i5w-ykuw,Spin,52,49,1,
2022,2i5w-ykuw,Spin,52,51,15,
2022,2i5w-ykuw,Spin,52,52,888,
2022,2i5w-ykuw,Spin,52,54,1,
2022,2i5w-ykuw,Spin,52,55,51,
2022,2i5w-ykuw,Spin,52,68,1,
2022,2i5w-ykuw,Spin,52,71,1,
2022,2i5w-ykuw,Spin,53,,5,
2022,2i5w-ykuw,Spin,53,33,1,
2022,2i5w-ykuw,Spin,53,43,2,
2022,2i5w-ykuw,Spin,53,44,4,
2022,2i5w-ykuw,Spin,53,45,2,
2022,2i5w-ykuw,Spin,53,46,1,
2022,2i5w-ykuw,Spin,53,49,70,
2022,2i5w-ykuw,Spin,53,50,22,
2022,2i5w-ykuw,Spin,53,52,1,
2022,2i5w-ykuw,Spin,53,53,329,
2022,2i5w-ykuw,Spin,53,54,5,
2022,2i5w-ykuw,Spin,53,69,1,
2022,2i5w-ykuw,Spin,53,70,1,
2022,2i5w-ykuw,Spin,53,71,4,
2022,2i5w-ykuw,Spin,53,72,1,
2022,2i5w-ykuw,Spin,53,73,3,
2022,2i5w-ykuw,Spin,53,75,25,
2022,2i5w-ykuw,Spin,54,46,1,
2022,2i5w-ykuw,Spin,54,49,1,
2022,2i5w-ykuw,Spin,54,53,4,
2022,2i5w-ykuw,Spin,54,54,21,
2022,2i5w-ykuw,Spin,55,,1,
2022,2i5w-ykuw,Spin,55,46,1,
2022,2i5w-ykuw,Spin,55,52,47,
2022,2i5w-ykuw,Spin,55,55,36,
2022,2i5w-ykuw,Spin,56,43,1,
2022,2i5w-ykuw,Spin,56,56,76,
2022,2i5w-ykuw,Spin,56,57,10,
2022,2i5w-ykuw,Spin,56,58,2,
2022,2i5w-ykuw,Spin,56,62,14,
2022,2i5w-ykuw,Spin,56,64,19,
2022,2i5w-ykuw,Spin,56,65,16,
2022,2i5w-ykuw,Spin,56,66,5,
2022,2i5w-ykuw,Spin,56,67,1,
2022,2i5w-ykuw,Spin,56,68,2,
2022,2i5w-ykuw,Spin,57,,1,
2022,2i5w-ykuw,Spin,57,24,1,
2022,2i5w-ykuw,Spin,57,30,8,
2022,2i5w-ykuw,Spin,57,56,14,
2022,2i5w-ykuw,Spin,57,57,356,
2022,2i5w-ykuw,Spin,57,58,36,
2022,2i5w-ykuw,Spin,57,59,1,
2022,2i5w-ykuw,Spin,57,60,1,
2022,2i5w-ykuw,Spin,57,61,24,
2022,2i5w-ykuw,Spin,57,62,48,
2022,2i5w-ykuw,Spin,57,63,39,
2022,2i5w-ykuw,Spin,57,65,12,
2022,2i5w-ykuw,Spin,57,69,1,
2022,2i5w-ykuw,Spin,58,21,1,
2022,2i5w-ykuw,Spin,58,22,1,
2022,2i5w-ykuw,Spin,58,24,1,
2022,2i5w-ykuw,Spin,58,25,1,
2022,2i5w-ykuw,Spin,58,27,4,
2022,2i5w-ykuw,Spin,58,28,7,
2022,2i5w-ykuw,Spin,58,29,6,
2022,2i5w-ykuw,Spin,58,30,30,
2022,2i5w-ykuw,Spin,58,31,8,
2022,2i5w-ykuw,Spin,58,39,1,
2022,2i5w-ykuw,Spin,58,56,5,
2022,2i5w-ykuw,Spin,58,57,44,
2022,2i5w-ykuw,Spin,58,58,812,
2022,2i5w-ykuw,Spin,58,59,83,
2022,2i5w-ykuw,Spin,58,60,3,
2022,2i5w-ykuw,Spin,58,61,63,
2022,2i5w-ykuw,Spin,58,62,3,
2022,2i5w-ykuw,Spin,58,63,108,
2022,2i5w-ykuw,Spin,58,64,2,
2022,2i5w-ykuw,Spin,58,65,3,
2022,2i5w-ykuw,Spin,58,66,14,
2022,2i5w-ykuw,Spin,58,67,1,
2022,2i5w-ykuw,Spin,58,69,1,
2022,2i5w-ykuw,Spin,58,70,4,
2022,2i5w-ykuw,Spin,58,73,1,
2022,2i5w-ykuw,Spin,59,7,2,
2022,2i5w-ykuw,Spin,59,24,2,
2022,2i5w-ykuw,Spin,59,28,1,
2022,2i5w-ykuw,Spin,59,30,4,
2022,2i5w-ykuw,Spin,59,31,9,
2022,2i5w-ykuw,Spin,59,32,1,
2022,2i5w-ykuw,Spin,59,33,3,
2022,2i5w-ykuw,Spin,59,35,1,
2022,2i5w-ykuw,Spin,59,56,1,
2022,2i5w-ykuw,Spin,59,57,1,
2022,2i5w-ykuw,Spin,59,58,77,
2022,2i5w-ykuw,Spin,59,59,114,
2022,2i5w-ykuw,Spin,59,60,6,
2022,2i5w-ykuw,Spin,59,61,8,
2022,2i5w-ykuw,Spin,59,62,1,
2022,2i5w-ykuw,Spin,59,63,6,
2022,2i5w-ykuw,Spin,59,66,3,
2022,2i5w-ykuw,Spin,59,68,2,
2022,2i5w-ykuw,Spin,60,23,1,
2022,2i5w-ykuw,Spin,60,28,3,
2022,2i5w-ykuw,Spin,60,31,4,
2022,2i5w-ykuw,Spin,60,34,15,
2022,2i5w-ykuw,Spin,60,35,1,
2022,2i5w-ykuw,Spin,60,37,1,
2022,2i5w-ykuw,Spin,60,38,1,
2022,2i5w-ykuw,Spin,60,40,1,
2022,2i5w-ykuw,Spin,60,58,2,
2022,2i5w-ykuw,Spin,60,59,3,
2022,2i5w-ykuw,Spin,60,60,25,
2022,2i5w-ykuw,Spin,60,61,11,
2022,2i5w-ykuw,Spin,60,65,3,
2022,2i5w-ykuw,Spin,60,68,1,
2022,2i5w-ykuw,Spin,61,21,1,
2022,2i5w-ykuw,Spin,61,24,1,
2022,2i5w-ykuw,Spin,61,27,1,
2022,2i5w-ykuw,Spin,61,28,1,
2022,2i5w-ykuw,Spin,61,29,1,
2022,2i5w-ykuw,Spin,61,30,4,
2022,2i5w-ykuw,Spin,61,31,5,
2022,2i5w-ykuw,Spin,61,32,1,
2022,2i5w-ykuw,Spin,61,34,7,
2022,2i5w-ykuw,Spin,61,35,8,
2022,2i5w-ykuw,Spin,61,36,3,
2022,2i5w-ykuw,Spin,61,37,21,
2022,2i5w-ykuw,Spin,61,38,13,
2022,2i5w-ykuw,Spin,61,39,11,
2022,2i5w-ykuw,Spin,61,40,13,
2022,2i5w-ykuw,Spin,61,41,11,
2022,2i5w-ykuw,Spin,61,42,3,
2022,2i5w-ykuw,Spin,61,43,3,
2022,2i5w-ykuw,Spin,61,44,2,
2022,2i5w-ykuw,Spin,61,45,2,
2022,2i5w-ykuw,Spin,61,49,2,
2022,2i5w-ykuw,Spin,61,56,2,
2022,2i5w-ykuw,Spin,61,57,21,
2022,2i5w-ykuw,Spin,61,58,64,
2022,2i5w-ykuw,Spin,61,59,12,
2022,2i5w-ykuw,Spin,61,60,5,
2022,2i5w-ykuw,Spin,61,61,2089,
2022,2i5w-ykuw,Spin,61,62,2,
2022,2i5w-ykuw,Spin,61,63,40,
2022,2i5w-ykuw,Spin,61,65,8,
2022,2i5w-ykuw,Spin,61,66,28,
2022,2i5w-ykuw,Spin,61,67,72,
2022,2i5w-ykuw,Spin,61,68,58,
2022,2i5w-ykuw,Spin,61,69,5,
2022,2i5w-ykuw,Spin,61,70,4,
2022,2i5w-ykuw,Spin,61,71,7,
2022,2i5w-ykuw,Spin,61,73,1,
2022,2i5w-ykuw,Spin,61,75,1,
2022,2i5w-ykuw,Spin,62,4,1,
2022,2i5w-ykuw,Spin,62,17,1,
2022,2i5w-ykuw,Spin,62,25,1,
2022,2i5w-ykuw,Spin,62,27,1,
2022,2i5w-ykuw,Spin,62,28,1,
2022,2i5w-ykuw,Spin,62,29,1,
2022,2i5w-ykuw,Spin,62,30,1,
2022,2i5w-ykuw,Spin,62,31,1,
2022,2i5w-ykuw,Spin,62,43,1,
2022,2i5w-ykuw,Spin,62,50,1,
2022,2i5w-ykuw,Spin,62,56,8,
2022,2i5w-ykuw,Spin,62,57,54,
2022,2i5w-ykuw,Spin,62,58,8,
2022,2i5w-ykuw,Spin,62,62,174,
2022,2i5w-ykuw,Spin,62,63,60,
2022,2i5w-ykuw,Spin,62,64,10,
2022,2i5w-ykuw,Spin,62,65,54,
2022,2i5w-ykuw,Spin,62,66,13,
2022,2i5w-ykuw,Spin,62,69,1,
2022,2i5w-ykuw,Spin,62,70,4,
2022,2i5w-ykuw,Spin,63,,1,
2022,2i5w-ykuw,Spin,63,30,2,
2022,2i5w-ykuw,Spin,63,31,1,
2022,2i5w-ykuw,Spin,63,34,1,
2022,2i5w-ykuw,Spin,63,41,1,
2022,2i5w-ykuw,Spin,63,56,3,
2022,2i5w-ykuw,Spin,63,57,29,
2022,2i5w-ykuw,Spin,63,58,93,
2022,2i5w-ykuw,Spin,63,59,2,
2022,2i5w-ykuw,Spin,63,60,2,
2022,2i5w-ykuw,Spin,63,61,46,
2022,2i5w-ykuw,Spin,63,62,61,
2022,2i5w-ykuw,Spin,63,63,663,
2022,2i5w-ykuw,Spin,63,64,1,
2022,2i5w-ykuw,Spin,63,65,42,
2022,2i5w-ykuw,Spin,63,66,127,
2022,2i5w-ykuw,Spin,63,67,7,
2022,2i5w-ykuw,Spin,63,69,1,
2022,2i5w-ykuw,Spin,63,70,10,
2022,2i5w-ykuw,Spin,63,71,1,
2022,2i5w-ykuw,Spin,63,75,1,
2022,2i5w-ykuw,Spin,64,,2,
2022,2i5w-ykuw,Spin,64,56,15,
2022,2i5w-ykuw,Spin,64,58,1,
2022,2i5w-ykuw,Spin,64,62,6,
2022,2i5w-ykuw,Spin,64,63,3,
2022,2i5w-ykuw,Spin,64,64,46,
2022,2i5w-ykuw,Spin,64,65,12,
2022,2i5w-ykuw,Spin,64,66,2,
2022,2i5w-ykuw,Spin,64,70,3,
2022,2i5w-ykuw,Spin,65,,1,
2022,2i5w-ykuw,Spin,65,29,1,
2022,2i5w-ykuw,Spin,65,30,1,
2022,2i5w-ykuw,Spin,65,42,1,
2022,2i5w-ykuw,Spin,65,56,33,
2022,2i5w-ykuw,Spin,65,57,14,
2022,2i5w-ykuw,Spin,65,58,4,
2022,2i5w-ykuw,Spin,65,59,1,
2022,2i5w-ykuw,Spin,65,61,5,
2022,2i5w-ykuw,Spin,65,62,58,
2022,2i5w-ykuw,Spin,65,63,44,
2022,2i5w-ykuw,Spin,65,64,17,
2022,2i5w-ykuw,Spin,65,65,380,
2022,2i5w-ykuw,Spin,65,66,94,
2022,2i5w-ykuw,Spin,65,67,4,
2022,2i5w-ykuw,Spin,65,68,2,
2022,2i5w-ykuw,Spin,65,70,13,
2022,2i5w-ykuw,Spin,65,71,2,
2022,2i5w-ykuw,Spin,65,72,1,
2022,2i5w-ykuw,Spin,66,,4,
2022,2i5w-ykuw,Spin,66,21,1,
2022,2i5w-ykuw,Spin,66,27,1,
2022,2i5w-ykuw,Spin,66,29,1,
2022,2i5w-ykuw,Spin,66,30,8,
2022,2i5w-ykuw,Spin,66,31,2,
2022,2i5w-ykuw,Spin,66,34,1,
2022,2i5w-ykuw,Spin,66,35,1,
2022,2i5w-ykuw,Spin,66,36,2,
2022,2i5w-ykuw,Spin,66,38,1,
2022,2i5w-ykuw,Spin,66,40,7,
2022,2i5w-ykuw,Spin,66,42,2,
2022,2i5w-ykuw,Spin,66,43,11,
2022,2i5w-ykuw,Spin,66,44,3,
2022,2i5w-ykuw,Spin,66,45,2,
2022,2i5w-ykuw,Spin,66,56,4,
2022,2i5w-ykuw,Spin,66,57,1,
2022,2i5w-ykuw,Spin,66,58,6,
2022,2i5w-ykuw,Spin,66,59,5,
2022,2i5w-ykuw,Spin,66,60,1,
2022,2i5w-ykuw,Spin,66,61,36,
2022,2i5w-ykuw,Spin,66,62,10,
2022,2i5w-ykuw,Spin,66,63,115,
2022,2i5w-ykuw,Spin,66,64,2,
2022,2i5w-ykuw,Spin,66,65,81,
2022,2i5w-ykuw,Spin,66,66,1113,
2022,2i5w-ykuw,Spin,66,67,64,
2022,2i5w-ykuw,Spin,66,68,16,
2022,2i5w-ykuw,Spin,66,69,8,
2022,2i5w-ykuw,Spin,66,70,39,
2022,2i5w-ykuw,Spin,66,71,28,
2022,2i5w-ykuw,Spin,66,73,1,
2022,2i5w-ykuw,Spin,67,24,1,
2022,2i5w-ykuw,Spin,67,30,2,
2022,2i5w-ykuw,Spin,67,37,2,
2022,2i5w-ykuw,Spin,67,39,2,
2022,2i5w-ykuw,Spin,67,40,4,
2022,2i5w-ykuw,Spin,67,42,7,
2022,2i5w-ykuw,Spin,67,43,3,
2022,2i5w-ykuw,Spin,67,44,5,
2022,2i5w-ykuw,Spin,67,45,1,
2022,2i5w-ykuw,Spin,67,46,3,
2022,2i5w-ykuw,Spin,67,49,1,
2022,2i5w-ykuw,Spin,67,50,1,
2022,2i5w-ykuw,Spin,67,56,1,
2022,2i5w-ykuw,Spin,67,59,2,
2022,2i5w-ykuw,Spin,67,61,82,
2022,2i5w-ykuw,Spin,67,63,9,
2022,2i5w-ykuw,Spin,67,65,6,
2022,2i5w-ykuw,Spin,67,66,43,
2022,2i5w-ykuw,Spin,67,67,503,
2022,2i5w-ykuw,Spin,67,68,66,
2022,2i5w-ykuw,Spin,67,69,12,
2022,2i5w-ykuw,Spin,67,70,3,
2022,2i5w-ykuw,Spin,67,71,35,
2022,2i5w-ykuw,Spin,67,73,2,
2022,2i5w-ykuw,Spin,67,75,1,
2022,2i5w-ykuw,Spin,68,28,2,
2022,2i5w-ykuw,Spin,68,32,1,
2022,2i5w-ykuw,Spin,68,33,3,
2022,2i5w-ykuw,Spin,68,34,2,
2022,2i5w-ykuw,Spin,68,35,2,
2022,2i5w-ykuw,Spin,68,37,10,
2022,2i5w-ykuw,Spin,68,38,6,
2022,2i5w-ykuw,Spin,68,39,2,
2022,2i5w-ykuw,Spin,68,40,22,
2022,2i5w-ykuw,Spin,68,41,5,
2022,2i5w-ykuw,Spin,68,42,11,
2022,2i5w-ykuw,Spin,68,43,13,
2022,2i5w-ykuw,Spin,68,44,26,
2022,2i5w-ykuw,Spin,68,45,1,
2022,2i5w-ykuw,Spin,68,46,6,
2022,2i5w-ykuw,Spin,68,49,2,
2022,2i5w-ykuw,Spin,68,50,2,
2022,2i5w-ykuw,Spin,68,51,1,
2022,2i5w-ykuw,Spin,68,53,2,
2022,2i5w-ykuw,Spin,68,59,1,
2022,2i5w-ykuw,Spin,68,60,1,
2022,2i5w-ykuw,Spin,68,61,75,
2022,2i5w-ykuw,Spin,68,66,15,
2022,2i5w-ykuw,Spin,68,67,95,
2022,2i5w-ykuw,Spin,68,68,735,
2022,2i5w-ykuw,Spin,68,69,83,
2022,2i5w-ykuw,Spin,68,70,4,
2022,2i5w-ykuw,Spin,68,71,23,
2022,2i5w-ykuw,Spin,68,72,2,
2022,2i5w-ykuw,Spin,68,73,8,
2022,2i5w-ykuw,Spin,68,75,2,
2022,2i5w-ykuw,Spin,69,35,2,
2022,2i5w-ykuw,Spin,69,37,2,
2022,2i5w-ykuw,Spin,69,38,10,
2022,2i5w-ykuw,Spin,69,39,1,
2022,2i5w-ykuw,Spin,69,40,15,
2022,2i5w-ykuw,Spin,69,41,3,
2022,2i5w-ykuw,Spin,69,42,43,
2022,2i5w-ykuw,Spin,69,43,70,
2022,2i5w-ykuw,Spin,69,44,58,
2022,2i5w-ykuw,Spin,69,45,9,
2022,2i5w-ykuw,Spin,69,46,17,
2022,2i5w-ykuw,Spin,69,48,1,
2022,2i5w-ykuw,Spin,69,49,10,
2022,2i5w-ykuw,Spin,69,50,2,
2022,2i5w-ykuw,Spin,69,51,4,
2022,2i5w-ykuw,Spin,69,53,1,
2022,2i5w-ykuw,Spin,69,54,1,
2022,2i5w-ykuw,Spin,69,61,4,
2022,2i5w-ykuw,Spin,69,65,2,
2022,2i5w-ykuw,Spin,69,66,12,
2022,2i5w-ykuw,Spin,69,67,16,
2022,2i5w-ykuw,Spin,69,68,87,
2022,2i5w-ykuw,Spin,69,69,871,
2022,2i5w-ykuw,Spin,69,70,2,
2022,2i5w-ykuw,Spin,69,71,20,
2022,2i5w-ykuw,Spin,69,72,7,
2022,2i5w-ykuw,Spin,69,73,3,
2022,2i5w-ykuw,Spin,69,75,1,
2022,2i5w-ykuw,Spin,70,,3,
2022,2i5w-ykuw,Spin,70,38,1,
2022,2i5w-ykuw,Spin,70,40,1,
2022,2i5w-ykuw,Spin,70,43,1,
2022,2i5w-ykuw,Spin,70,44,7,
2022,2i5w-ykuw,Spin,70,45,1,
2022,2i5w-ykuw,Spin,70,52,1,
2022,2i5w-ykuw,Spin,70,57,2,
2022,2i5w-ykuw,Spin,70,58,1,
2022,2i5w-ykuw,Spin,70,61,2,
2022,2i5w-ykuw,Spin,70,62,1,
2022,2i5w-ykuw,Spin,70,63,4,
2022,2i5w-ykuw,Spin,70,65,11,
2022,2i5w-ykuw,Spin,70,66,29,
2022,2i5w-ykuw,Spin,70,67,5,
2022,2i5w-ykuw,Spin,70,69,2,
2022,2i5w-ykuw,Spin,70,70,181,
2022,2i5w-ykuw,Spin,70,71,10,
2022,2i5w-ykuw,Spin,70,72,1,
2022,2i5w-ykuw,Spin,70,73,3,
2022,2i5w-ykuw,Spin,71,,6,
2022,2i5w-ykuw,Spin,71,30,2,
2022,2i5w-ykuw,Spin,71,31,3,
2022,2i5w-ykuw,Spin,71,32,2,
2022,2i5w-ykuw,Spin,71,38,1,
2022,2i5w-ykuw,Spin,71,40,4,
2022,2i5w-ykuw,Spin,71,41,1,
2022,2i5w-ykuw,Spin,71,42,5,
2022,2i5w-ykuw,Spin,71,43,9,
2022,2i5w-ykuw,Spin,71,44,64,
2022,2i5w-ykuw,Spin,71,48,1,
2022,2i5w-ykuw,Spin,71,49,20,
2022,2i5w-ykuw,Spin,71,50,1,
2022,2i5w-ykuw,Spin,71,53,3,
2022,2i5w-ykuw,Spin,71,58,1,
2022,2i5w-ykuw,Spin,71,59,1,
2022,2i5w-ykuw,Spin,71,61,10,
2022,2i5w-ykuw,Spin,71,65,1,
2022,2i5w-ykuw,Spin,71,66,16,
2022,2i5w-ykuw,Spin,71,67,35,
2022,2i5w-ykuw,Spin,71,68,19,
2022,2i5w-ykuw,Spin,71,69,35,
2022,2i5w-ykuw,Spin,71,70,20,
2022,2i5w-ykuw,Spin,71,71,505,
2022,2i5w-ykuw,Spin,71,72,19,
2022,2i5w-ykuw,Spin,71,73,43,
2022,2i5w-ykuw,Spin,72,11,1,
2022,2i5w-ykuw,Spin,72,43,2,
2022,2i5w-ykuw,Spin,72,44,2,
2022,2i5w-ykuw,Spin,72,49,3,
2022,2i5w-ykuw,Spin,72,60,1,
2022,2i5w-ykuw,Spin,72,65,1,
2022,2i5w-ykuw,Spin,72,66,2,
2022,2i5w-ykuw,Spin,72,68,1,
2022,2i5w-ykuw,Spin,72,69,1,
2022,2i5w-ykuw,Spin,72,70,4,
2022,2i5w-ykuw,Spin,72,71,8,
2022,2i5w-ykuw,Spin,72,72,24,
2022,2i5w-ykuw,Spin,72,73,9,
2022,2i5w-ykuw,Spin,72,74,1,
2022,2i5w-ykuw,Spin,72,75,1,
2022,2i5w-ykuw,Spin,73,,3,
2022,2i5w-ykuw,Spin,73,35,1,
2022,2i5w-ykuw,Spin,73,38,1,
2022,2i5w-ykuw,Spin,73,40,2,
2022,2i5w-ykuw,Spin,73,42,1,
2022,2i5w-ykuw,Spin,73,43,5,
2022,2i5w-ykuw,Spin,73,44,16,
2022,2i5w-ykuw,Spin,73,45,1,
2022,2i5w-ykuw,Spin,73,46,6,
2022,2i5w-ykuw,Spin,73,47,3,
2022,2i5w-ykuw,Spin,73,48,2,
2022,2i5w-ykuw,Spin,73,49,65,
2022,2i5w-ykuw,Spin,73,50,2,
2022,2i5w-ykuw,Spin,73,51,20,
2022,2i5w-ykuw,Spin,73,53,3,
2022,2i5w-ykuw,Spin,73,60,1,
2022,2i5w-ykuw,Spin,73,61,2,
2022,2i5w-ykuw,Spin,73,66,2,
2022,2i5w-ykuw,Spin,73,67,8,
2022,2i5w-ykuw,Spin,73,68,8,
2022,2i5w-ykuw,Spin,73,69,5,
2022,2i5w-ykuw,Spin,73,70,5,
2022,2i5w-ykuw,Spin,73,71,42,
2022,2i5w-ykuw,Spin,73,72,14,
2022,2i5w-ykuw,Spin,73,73,285,
2022,2i5w-ykuw,Spin,73,75,4,
2022,2i5w-ykuw,Spin,74,49,1,
2022,2i5w-ykuw,Spin,74,74,4,
2022,2i5w-ykuw,Spin,75,3,1,
2022,2i5w-ykuw,Spin,75,11,1,
2022,2i5w-ykuw,Spin,75,27,2,
2022,2i5w-ykuw,Spin,75,38,1,
2022,2i5w-ykuw,Spin,75,44,4,
2022,2i5w-ykuw,Spin,75,49,29,
2022,2i5w-ykuw,Spin,75,50,3,
2022,2i5w-ykuw,Spin,75,53,36,
2022,2i5w-ykuw,Spin,75,61,3,
2022,2i5w-ykuw,Spin,75,72,2,
2022,2i5w-ykuw,Spin,75,73,3,
2022,2i5w-ykuw,Spin,75,75,140,
2022,2i5w-ykuw,Spin,75,77,1,
2022,2i5w-ykuw,Spin,76,,2,
2022,2i5w-ykuw,Spin,76,13,1,
2022,2i5w-ykuw,Spin,76,16,1,
2022,2i5w-ykuw,Spin,76,17,2,
2022,2i5w-ykuw,Spin,76,76,14,
2022,2i5w-ykuw,Spin,77,,1,
2022,2i5w-ykuw,Spin,77,1,390,
2022,2i5w-ykuw,Spin,77,2,116,
2022,2i5w-ykuw,Spin,77,3,663,
2022,2i5w-ykuw,Spin,77,4,190,
2022,2i5w-ykuw,Spin,77,5,28,
2022,2i5w-ykuw,Spin,77,6,231,
2022,2i5w-ykuw,Spin,77,7,46,
2022,2i5w-ykuw,Spin,77,8,1,
2022,2i5w-ykuw,Spin,77,11,3,
2022,2i5w-ykuw,Spin,77,12,1,
2022,2i5w-ykuw,Spin,77,13,31,
2022,2i5w-ykuw,Spin,77,14,15,
2022,2i5w-ykuw,Spin,77,15,1,
2022,2i5w-ykuw,Spin,77,16,4,
2022,2i5w-ykuw,Spin,77,19,1,
2022,2i5w-ykuw,Spin,77,20,2,
2022,2i5w-ykuw,Spin,77,21,1,
2022,2i5w-ykuw,Spin,77,22,11,
2022,2i5w-ykuw,Spin,77,24,15,
2022,2i5w-ykuw,Spin,77,32,1,
2022,2i5w-ykuw,Spin,77,46,1,
2022,2i5w-ykuw,Spin,77,49,1,
2022,2i5w-ykuw,Spin,77,77,1896,
2023,2i5w-ykuw,Lime,,,93,
2023,2i5w-ykuw,Lime,,1,133,
2023,2i5w-ykuw,Lime,,2,186,
2023,2i5w-ykuw,Lime,,3,5,
2023,2i5w-ykuw,Lime,,4,17,
2023,2i5w-ykuw,Lime,,5,3,
2023,2i5w-ykuw,Lime,,6,15,
2023,2i5w-ykuw,Lime,,7,9,
2023,2i5w-ykuw,Lime,,8,10,
2023,2i5w-ykuw,Lime,,9,8,
2023,2i5w-ykuw,Lime,,10,38,
2023,2i5w-ykuw,Lime,,11,18,
2023,2i5w-ykuw,Lime,,12,10,
2023,2i5w-ykuw,Lime,,13,17,
2023,2i5w-ykuw,Lime,,14,8,
2023,2i5w-ykuw,Lime,,15,42,
2023,2i5w-ykuw,Lime,,16,4,
2023,2i5w-ykuw,Lime,,17,156,
2023,2i5w-ykuw,Lime,,18,79,
2023,2i5w-ykuw,Lime,,19,109,
2023,2i5w-ykuw,Lime,,20,2,
2023,2i5w-ykuw,Lime,,21,2,
2023,2i5w-ykuw,Lime,,22,6,
2023,2i5w-ykuw,Lime,,23,13,
2023,2i5w-ykuw,Lime,,24,11,
2023,2i5w-ykuw,Lime,,25,350,
2023,2i5w-ykuw,Lime,,26,9,
2023,2i5w-ykuw,Lime,,27,3,
2023,2i5w-ykuw,Lime,,28,5,
2023,2i5w-ykuw,Lime,,29,50,
2023,2i5w-ykuw,Lime,,30,23,
2023,2i5w-ykuw,Lime,,32,10,
2023,2i5w-ykuw,Lime,,33,2,
2023,2i5w-ykuw,Lime,,34,1,
2023,2i5w-ykuw,Lime,,38,1,
2023,2i5w-ykuw,Lime,,39,1,
2023,2i5w-ykuw,Lime,,41,1,
2023,2i5w-ykuw,Lime,,42,1,
2023,2i5w-ykuw,Lime,,43,3,
2023,2i5w-ykuw,Lime,,44,2,
2023,2i5w-ykuw,Lime,,45,1,
2023,2i5w-ykuw,Lime,,49,10,
2023,2i5w-ykuw,Lime,,52,7,
2023,2i5w-ykuw,Lime,,53,22,
2023,2i5w-ykuw,Lime,,54,4,
2023,2i5w-ykuw,Lime,,55,7,
2023,2i5w-ykuw,Lime,,56,31,
2023,2i5w-ykuw,Lime,,57,9,
2023,2i5w-ykuw,Lime,,58,5,
2023,2i5w-ykuw,Lime,,61,1,
2023,2i5w-ykuw,Lime,,62,5,
2023,2i5w-ykuw,Lime,,63,6,
2023,2i5w-ykuw,Lime,,64,20,
2023,2i5w-ykuw,Lime,,65,29,
2023,2i5w-ykuw,Lime,,66,12,
2023,2i5w-ykuw,Lime,,67,4,
2023,2i5w-ykuw,Lime,,68,1,
2023,2i5w-ykuw,Lime,,69,2,
2023,2i5w-ykuw,Lime,,70,42,
2023,2i5w-ykuw,Lime,,71,16,
2023,2i5w-ykuw,Lime,,72,23,
2023,2i5w-ykuw,Lime,,73,10,
2023,2i5w-ykuw,Lime,,74,4,
2023,2i5w-ykuw,Lime,,75,10,
2023,2i5w-ykuw,Lime,,76,11,
2023,2i5w-ykuw,Lime,,77,14,
2023,2i5w-ykuw,Lime,1,,193,
2023,2i5w-ykuw,Lime,1,1,25100,
2023,2i5w-ykuw,Lime,1,2,3992,
2023,2i5w-ykuw,Lime,1,3,574,
2023,2i5w-ykuw,Lime,1,4,180,
2023,2i5w-ykuw,Lime,1,5,50,
2023,2i5w-ykuw,Lime,1,6,226,
2023,2i5w-ykuw,Lime,1,7,59,
2023,2i5w-ykuw,Lime,1,8,33,
2023,2i5w-ykuw,Lime,1,10,4,
2023,2i5w-ykuw,Lime,1,11,12,
2023,2i5w-ykuw,Lime,1,12,10,
2023,2i5w-ykuw,Lime,1,13,125,
2023,2i5w-ykuw,Lime,1,14,49,
2023,2i5w-ykuw,Lime,1,15,7,
2023,2i5w-ykuw,Lime,1,16,36,
2023,2i5w-ykuw,Lime,1,19,3,
2023,2i5w-ykuw,Lime,1,21,6,
2023,2i5w-ykuw,Lime,1,22,46,
2023,2i5w-ykuw,Lime,1,23,1,
2023,2i5w-ykuw,Lime,1,24,19,
2023,2i5w-ykuw,Lime,1,25,8,
2023,2i5w-ykuw,Lime,1,26,1,
2023,2i5w-ykuw,Lime,1,27,1,
2023,2i5w-ykuw,Lime,1,28,13,
2023,2i5w-ykuw,Lime,1,30,1,
2023,2i5w-ykuw,Lime,1,32,2,
2023,2i5w-ykuw,Lime,1,60,2,
2023,2i5w-ykuw,Lime,1,66,1,
2023,2i5w-ykuw,Lime,1,67,1,
2023,2i5w-ykuw,Lime,1,77,4804,
2023,2i5w-ykuw,Lime,2,,172,
2023,2i5w-ykuw,Lime,2,1,3350,
2023,2i5w-ykuw,Lime,2,2,13608,
2023,2i5w-ykuw,Lime,2,3,252,
2023,2i5w-ykuw,Lime,2,4,933,
2023,2i5w-ykuw,Lime,2,5,113,
2023,2i5w-ykuw,Lime,2,6,99,
2023,2i5w-ykuw,Lime,2,7,34,
2023,2i5w-ykuw,Lime,2,8,15,
2023,2i5w-ykuw,Lime,2,10,6,
2023,2i5w-ykuw,Lime,2,11,17,
2023,2i5w-ykuw,Lime,2,12,48,
2023,2i5w-ykuw,Lime,2,13,710,
2023,2i5w-ykuw,Lime,2,14,293,
2023,2i5w-ykuw,Lime,2,15,25,
2023,2i5w-ykuw,Lime,2,16,139,
2023,2i5w-ykuw,Lime,2,17,6,
2023,2i5w-ykuw,Lime,2,19,9,
2023,2i5w-ykuw,Lime,2,20,4,
2023,2i5w-ykuw,Lime,2,21,35,
2023,2i5w-ykuw,Lime,2,22,47,
2023,2i5w-ykuw,Lime,2,23,9,
2023,2i5w-ykuw,Lime,2,24,17,
2023,2i5w-ykuw,Lime,2,25,5,
2023,2i5w-ykuw,Lime,2,28,21,
2023,2i5w-ykuw,Lime,2,30,1,
2023,2i5w-ykuw,Lime,2,32,2,
2023,2i5w-ykuw,Lime,2,67,2,
2023,2i5w-ykuw,Lime,2,76,1,
2023,2i5w-ykuw,Lime,2,77,2148,
2023,2i5w-ykuw,Lime,3,,8,
2023,2i5w-ykuw,Lime,3,1,605,
2023,2i5w-ykuw,Lime,3,2,280,
2023,2i5w-ykuw,Lime,3,3,20818,
2023,2i5w-ykuw,Lime,3,4,2610,
2023,2i5w-ykuw,Lime,3,5,820,
2023,2i5w-ykuw,Lime,3,6,9611,
2023,2i5w-ykuw,Lime,3,7,889,
2023,2i5w-ykuw,Lime,3,8,213,
2023,2i5w-ykuw,Lime,3,9,1,
2023,2i5w-ykuw,Lime,3,10,5,
2023,2i5w-ykuw,Lime,3,11,26,
2023,2i5w-ykuw,Lime,3,12,11,
2023,2i5w-ykuw,Lime,3,13,70,
2023,2i5w-ykuw,Lime,3,14,340,
2023,2i5w-ykuw,Lime,3,15,52,
2023,2i5w-ykuw,Lime,3,16,210,
2023,2i5w-ykuw,Lime,3,17,13,
2023,2i5w-ykuw,Lime,3,19,44,
2023,2i5w-ykuw,Lime,3,20,16,
2023,2i5w-ykuw,Lime,3,21,70,
2023,2i5w-ykuw,Lime,3,22,164,
2023,2i5w-ykuw,Lime,3,23,30,
2023,2i5w-ykuw,Lime,3,24,151,
2023,2i5w-ykuw,Lime,3,25,6,
2023,2i5w-ykuw,Lime,3,26,2,
2023,2i5w-ykuw,Lime,3,27,3,
2023,2i5w-ykuw,Lime,3,28,89,
2023,2i5w-ykuw,Lime,3,31,3,
2023,2i5w-ykuw,Lime,3,32,57,
2023,2i5w-ykuw,Lime,3,33,1,
2023,2i5w-ykuw,Lime,3,35,1,
2023,2i5w-ykuw,Lime,3,38,1,
2023,2i5w-ykuw,Lime,3,41,1,
2023,2i5w-ykuw,Lime,3,43,1,
2023,2i5w-ykuw,Lime,3,60,2,
2023,2i5w-ykuw,Lime,3,61,1,
2023,2i5w-ykuw,Lime,3,67,2,
2023,2i5w-ykuw,Lime,3,68,3,
2023,2i5w-ykuw,Lime,3,77,5449,
2023,2i5w-ykuw,Lime,4,,21,
2023,2i5w-ykuw,Lime,4,1,184,
2023,2i5w-ykuw,Lime,4,2,1007,
2023,2i5w-ykuw,Lime,4,3,2404,
2023,2i5w-ykuw,Lime,4,4,9039,
2023,2i5w-ykuw,Lime,4,5,1698,
2023,2i5w-ykuw,Lime,4,6,1657,
2023,2i5w-ykuw,Lime,4,7,168,
2023,2i5w-ykuw,Lime,4,8,40,
2023,2i5w-ykuw,Lime,4,9,3,
2023,2i5w-ykuw,Lime,4,10,8,
2023,2i5w-ykuw,Lime,4,11,30,
2023,2i5w-ykuw,Lime,4,12,12,
2023,2i5w-ykuw,Lime,4,13,377,
2023,2i5w-ykuw,Lime,4,14,1031,
2023,2i5w-ykuw,Lime,4,15,47,
2023,2i5w-ykuw,Lime,4,16,471,
2023,2i5w-ykuw,Lime,4,17,14,
2023,2i5w-ykuw,Lime,4,18,1,
2023,2i5w-ykuw,Lime,4,19,29,
2023,2i5w-ykuw,Lime,4,20,21,
2023,2i5w-ykuw,Lime,4,21,154,
2023,2i5w-ykuw,Lime,4,22,155,
2023,2i5w-ykuw,Lime,4,23,15,
2023,2i5w-ykuw,Lime,4,24,110,
2023,2i5w-ykuw,Lime,4,25,11,
2023,2i5w-ykuw,Lime,4,26,2,
2023,2i5w-ykuw,Lime,4,28,31,
2023,2i5w-ykuw,Lime,4,29,1,
2023,2i5w-ykuw,Lime,4,30,13,
2023,2i5w-ykuw,Lime,4,31,5,
2023,2i5w-ykuw,Lime,4,32,4,
2023,2i5w-ykuw,Lime,4,33,2,
2023,2i5w-ykuw,Lime,4,34,1,
2023,2i5w-ykuw,Lime,4,59,1,
2023,2i5w-ykuw,Lime,4,66,1,
2023,2i5w-ykuw,Lime,4,67,1,
2023,2i5w-ykuw,Lime,4,77,1527,
2023,2i5w-ykuw,Lime,5,,2,
2023,2i5w-ykuw,Lime,5,1,46,
2023,2i5w-ykuw,Lime,5,2,184,
2023,2i5w-ykuw,Lime,5,3,874,
2023,2i5w-ykuw,Lime,5,4,1870,
2023,2i5w-ykuw,Lime,5,5,10718,
2023,2i5w-ykuw,Lime,5,6,5881,
2023,2i5w-ykuw,Lime,5,7,1427,
2023,2i5w-ykuw,Lime,5,8,178,
2023,2i5w-ykuw,Lime,5,10,8,
2023,2i5w-ykuw,Lime,5,11,4,
2023,2i5w-ykuw,Lime,5,12,4,
2023,2i5w-ykuw,Lime,5,13,46,
2023,2i5w-ykuw,Lime,5,14,498,
2023,2i5w-ykuw,Lime,5,15,105,
2023,2i5w-ykuw,Lime,5,16,1292,
2023,2i5w-ykuw,Lime,5,17,14,
2023,2i5w-ykuw,Lime,5,18,3,
2023,2i5w-ykuw,Lime,5,19,34,
2023,2i5w-ykuw,Lime,5,20,101,
2023,2i5w-ykuw,Lime,5,21,900,
2023,2i5w-ykuw,Lime,5,22,1203,
2023,2i5w-ykuw,Lime,5,23,46,
2023,2i5w-ykuw,Lime,5,24,649,
2023,2i5w-ykuw,Lime,5,25,8,
2023,2i5w-ykuw,Lime,5,26,2,
2023,2i5w-ykuw,Lime,5,27,11,
2023,2i5w-ykuw,Lime,5,28,86,
2023,2i5w-ykuw,Lime,5,29,8,
2023,2i5w-ykuw,Lime,5,30,5,
2023,2i5w-ykuw,Lime,5,31,7,
2023,2i5w-ykuw,Lime,5,32,25,
2023,2i5w-ykuw,Lime,5,33,5,
2023,2i5w-ykuw,Lime,5,34,2,
2023,2i5w-ykuw,Lime,5,56,1,
2023,2i5w-ykuw,Lime,5,58,6,
2023,2i5w-ykuw,Lime,5,61,2,
2023,2i5w-ykuw,Lime,5,62,1,
2023,2i5w-ykuw,Lime,5,63,4,
2023,2i5w-ykuw,Lime,5,66,1,
2023,2i5w-ykuw,Lime,5,69,1,
2023,2i5w-ykuw,Lime,5,76,1,
2023,2i5w-ykuw,Lime,5,77,259,
2023,2i5w-ykuw,Lime,6,,23,
2023,2i5w-ykuw,Lime,6,1,309,
2023,2i5w-ykuw,Lime,6,2,122,
2023,2i5w-ykuw,Lime,6,3,9814,
2023,2i5w-ykuw,Lime,6,4,1821,
2023,2i5w-ykuw,Lime,6,5,6727,
2023,2i5w-ykuw,Lime,6,6,74567,
2023,2i5w-ykuw,Lime,6,7,18343,
2023,2i5w-ykuw,Lime,6,8,2991,
2023,2i5w-ykuw,Lime,6,9,2,
2023,2i5w-ykuw,Lime,6,10,16,
2023,2i5w-ykuw,Lime,6,11,19,
2023,2i5w-ykuw,Lime,6,12,7,
2023,2i5w-ykuw,Lime,6,13,45,
2023,2i5w-ykuw,Lime,6,14,354,
2023,2i5w-ykuw,Lime,6,15,128,
2023,2i5w-ykuw,Lime,6,16,820,
2023,2i5w-ykuw,Lime,6,17,26,
2023,2i5w-ykuw,Lime,6,18,10,
2023,2i5w-ykuw,Lime,6,19,122,
2023,2i5w-ykuw,Lime,6,20,61,
2023,2i5w-ykuw,Lime,6,21,921,
2023,2i5w-ykuw,Lime,6,22,1865,
2023,2i5w-ykuw,Lime,6,23,177,
2023,2i5w-ykuw,Lime,6,24,1676,
2023,2i5w-ykuw,Lime,6,25,53,
2023,2i5w-ykuw,Lime,6,26,24,
2023,2i5w-ykuw,Lime,6,27,13,
2023,2i5w-ykuw,Lime,6,28,808,
2023,2i5w-ykuw,Lime,6,29,19,
2023,2i5w-ykuw,Lime,6,30,2,
2023,2i5w-ykuw,Lime,6,31,18,
2023,2i5w-ykuw,Lime,6,32,209,
2023,2i5w-ykuw,Lime,6,33,14,
2023,2i5w-ykuw,Lime,6,34,7,
2023,2i5w-ykuw,Lime,6,38,2,
2023,2i5w-ykuw,Lime,6,40,1,
2023,2i5w-ykuw,Lime,6,41,3,
2023,2i5w-ykuw,Lime,6,43,1,
2023,2i5w-ykuw,Lime,6,56,2,
2023,2i5w-ykuw,Lime,6,59,2,
2023,2i5w-ykuw,Lime,6,60,5,
2023,2i5w-ykuw,Lime,6,64,1,
2023,2i5w-ykuw,Lime,6,68,1,
2023,2i5w-ykuw,Lime,6,71,1,
2023,2i5w-ykuw,Lime,6,77,1743,
2023,2i5w-ykuw,Lime,7,,21,
2023,2i5w-ykuw,Lime,7,1,99,
2023,2i5w-ykuw,Lime,7,2,64,
2023,2i5w-ykuw,Lime,7,3,1003,
2023,2i5w-ykuw,Lime,7,4,215,
2023,2i5w-ykuw,Lime,7,5,1574,
2023,2i5w-ykuw,Lime,7,6,19585,
2023,2i5w-ykuw,Lime,7,7,64058,
2023,2i5w-ykuw,Lime,7,8,11554,
2023,2i5w-ykuw,Lime,7,10,3,
2023,2i5w-ykuw,Lime,7,11,10,
2023,2i5w-ykuw,Lime,7,12,3,
2023,2i5w-ykuw,Lime,7,13,12,
2023,2i5w-ykuw,Lime,7,14,177,
2023,2i5w-ykuw,Lime,7,15,66,
2023,2i5w-ykuw,Lime,7,16,193,
2023,2i5w-ykuw,Lime,7,17,6,
2023,2i5w-ykuw,Lime,7,18,4,
2023,2i5w-ykuw,Lime,7,19,182,
2023,2i5w-ykuw,Lime,7,20,103,
2023,2i5w-ykuw,Lime,7,21,384,
2023,2i5w-ykuw,Lime,7,22,3530,
2023,2i5w-ykuw,Lime,7,23,253,
2023,2i5w-ykuw,Lime,7,24,3130,
2023,2i5w-ykuw,Lime,7,25,86,
2023,2i5w-ykuw,Lime,7,26,23,
2023,2i5w-ykuw,Lime,7,27,16,
2023,2i5w-ykuw,Lime,7,28,1026,
2023,2i5w-ykuw,Lime,7,29,19,
2023,2i5w-ykuw,Lime,7,30,21,
2023,2i5w-ykuw,Lime,7,31,44,
2023,2i5w-ykuw,Lime,7,32,853,
2023,2i5w-ykuw,Lime,7,33,96,
2023,2i5w-ykuw,Lime,7,34,11,
2023,2i5w-ykuw,Lime,7,35,5,
2023,2i5w-ykuw,Lime,7,38,2,
2023,2i5w-ykuw,Lime,7,39,1,
2023,2i5w-ykuw,Lime,7,40,1,
2023,2i5w-ykuw,Lime,7,41,1,
2023,2i5w-ykuw,Lime,7,42,1,
2023,2i5w-ykuw,Lime,7,43,1,
2023,2i5w-ykuw,Lime,7,56,1,
2023,2i5w-ykuw,Lime,7,58,5,
2023,2i5w-ykuw,Lime,7,59,2,
2023,2i5w-ykuw,Lime,7,60,7,
2023,2i5w-ykuw,Lime,7,61,7,
2023,2i5w-ykuw,Lime,7,62,2,
2023,2i5w-ykuw,Lime,7,66,1,
2023,2i5w-ykuw,Lime,7,68,2,
2023,2i5w-ykuw,Lime,7,71,5,
2023,2i5w-ykuw,Lime,7,77,188,
2023,2i5w-ykuw,Lime,8,,7,
2023,2i5w-ykuw,Lime,8,1,29,
2023,2i5w-ykuw,Lime,8,2,15,
2023,2i5w-ykuw,Lime,8,3,157,
2023,2i5w-ykuw,Lime,8,4,41,
2023,2i5w-ykuw,Lime,8,5,148,
2023,2i5w-ykuw,Lime,8,6,2033,
2023,2i5w-ykuw,Lime,8,7,6752,
2023,2i5w-ykuw,Lime,8,8,23437,
2023,2i5w-ykuw,Lime,8,11,6,
2023,2i5w-ykuw,Lime,8,12,1,
2023,2i5w-ykuw,Lime,8,13,2,
2023,2i5w-ykuw,Lime,8,14,18,
2023,2i5w-ykuw,Lime,8,15,28,
2023,2i5w-ykuw,Lime,8,16,58,
2023,2i5w-ykuw,Lime,8,17,8,
2023,2i5w-ykuw,Lime,8,18,24,
2023,2i5w-ykuw,Lime,8,19,84,
2023,2i5w-ykuw,Lime,8,20,25,
2023,2i5w-ykuw,Lime,8,21,77,
2023,2i5w-ykuw,Lime,8,22,640,
2023,2i5w-ykuw,Lime,8,23,309,
2023,2i5w-ykuw,Lime,8,24,3178,
2023,2i5w-ykuw,Lime,8,25,108,
2023,2i5w-ykuw,Lime,8,26,19,
2023,2i5w-ykuw,Lime,8,27,52,
2023,2i5w-ykuw,Lime,8,28,1991,
2023,2i5w-ykuw,Lime,8,29,52,
2023,2i5w-ykuw,Lime,8,30,40,
2023,2i5w-ykuw,Lime,8,31,78,
2023,2i5w-ykuw,Lime,8,32,3450,
2023,2i5w-ykuw,Lime,8,33,159,
2023,2i5w-ykuw,Lime,8,34,35,
2023,2i5w-ykuw,Lime,8,35,6,
2023,2i5w-ykuw,Lime,8,36,1,
2023,2i5w-ykuw,Lime,8,37,1,
2023,2i5w-ykuw,Lime,8,38,9,
2023,2i5w-ykuw,Lime,8,39,1,
2023,2i5w-ykuw,Lime,8,41,1,
2023,2i5w-ykuw,Lime,8,42,6,
2023,2i5w-ykuw,Lime,8,43,1,
2023,2i5w-ykuw,Lime,8,46,1,
2023,2i5w-ykuw,Lime,8,47,1,
2023,2i5w-ykuw,Lime,8,48,1,
2023,2i5w-ykuw,Lime,8,49,1,
2023,2i5w-ykuw,Lime,8,56,2,
2023,2i5w-ykuw,Lime,8,58,4,
2023,2i5w-ykuw,Lime,8,59,7,
2023,2i5w-ykuw,Lime,8,60,20,
2023,2i5w-ykuw,Lime,8,61,11,
2023,2i5w-ykuw,Lime,8,62,1,
2023,2i5w-ykuw,Lime,8,66,3,
2023,2i5w-ykuw,Lime,8,67,7,
2023,2i5w-ykuw,Lime,8,68,7,
2023,2i5w-ykuw,Lime,8,69,1,
2023,2i5w-ykuw,Lime,8,72,1,
2023,2i5w-ykuw,Lime,8,77,80,
2023,2i5w-ykuw,Lime,9,,10,
2023,2i5w-ykuw,Lime,9,1,1,
2023,2i5w-ykuw,Lime,9,2,1,
2023,2i5w-ykuw,Lime,9,3,1,
2023,2i5w-ykuw,Lime,9,4,1,
2023,2i5w-ykuw,Lime,9,9,501,
2023,2i5w-ykuw,Lime,9,10,135,
2023,2i5w-ykuw,Lime,9,11,15,
2023,2i5w-ykuw,Lime,9,12,2,
2023,2i5w-ykuw,Lime,9,14,7,
2023,2i5w-ykuw,Lime,9,15,1,
2023,2i5w-ykuw,Lime,9,16,1,
2023,2i5w-ykuw,Lime,9,17,4,
2023,2i5w-ykuw,Lime,9,19,1,
2023,2i5w-ykuw,Lime,9,21,3,
2023,2i5w-ykuw,Lime,9,22,1,
2023,2i5w-ykuw,Lime,9,25,1,
2023,2i5w-ykuw,Lime,9,76,3,
2023,2i5w-ykuw,Lime,10,,32,
2023,2i5w-ykuw,Lime,10,1,4,
2023,2i5w-ykuw,Lime,10,2,8,
2023,2i5w-ykuw,Lime,10,3,1,
2023,2i5w-ykuw,Lime,10,4,2,
2023,2i5w-ykuw,Lime,10,5,1,
2023,2i5w-ykuw,Lime,10,6,2,
2023,2i5w-ykuw,Lime,10,7,1,
2023,2i5w-ykuw,Lime,10,9,142,
2023,2i5w-ykuw,Lime,10,10,1329,
2023,2i5w-ykuw,Lime,10,11,310,
2023,2i5w-ykuw,Lime,10,12,43,
2023,2i5w-ykuw,Lime,10,13,9,
2023,2i5w-ykuw,Lime,10,14,5,
2023,2i5w-ykuw,Lime,10,15,131,
2023,2i5w-ykuw,Lime,10,16,25,
2023,2i5w-ykuw,Lime,10,17,80,
2023,2i5w-ykuw,Lime,10,18,5,
2023,2i5w-ykuw,Lime,10,19,20,
2023,2i5w-ykuw,Lime,10,20,2,
2023,2i5w-ykuw,Lime,10,21,4,
2023,2i5w-ykuw,Lime,10,22,5,
2023,2i5w-ykuw,Lime,10,23,2,
2023,2i5w-ykuw,Lime,10,24,3,
2023,2i5w-ykuw,Lime,10,25,22,
2023,2i5w-ykuw,Lime,10,76,29,
2023,2i5w-ykuw,Lime,10,77,1,
2023,2i5w-ykuw,Lime,11,,12,
2023,2i5w-ykuw,Lime,11,1,6,
2023,2i5w-ykuw,Lime,11,2,12,
2023,2i5w-ykuw,Lime,11,3,13,
2023,2i5w-ykuw,Lime,11,4,39,
2023,2i5w-ykuw,Lime,11,5,3,
2023,2i5w-ykuw,Lime,11,6,9,
2023,2i5w-ykuw,Lime,11,7,2,
2023,2i5w-ykuw,Lime,11,8,7,
2023,2i5w-ykuw,Lime,11,9,23,
2023,2i5w-ykuw,Lime,11,10,339,
2023,2i5w-ykuw,Lime,11,11,1414,
2023,2i5w-ykuw,Lime,11,12,125,
2023,2i5w-ykuw,Lime,11,13,41,
2023,2i5w-ykuw,Lime,11,14,178,
2023,2i5w-ykuw,Lime,11,15,593,
2023,2i5w-ykuw,Lime,11,16,101,
2023,2i5w-ykuw,Lime,11,17,65,
2023,2i5w-ykuw,Lime,11,18,14,
2023,2i5w-ykuw,Lime,11,19,142,
2023,2i5w-ykuw,Lime,11,20,6,
2023,2i5w-ykuw,Lime,11,21,37,
2023,2i5w-ykuw,Lime,11,22,12,
2023,2i5w-ykuw,Lime,11,23,10,
2023,2i5w-ykuw,Lime,11,24,6,
2023,2i5w-ykuw,Lime,11,25,21,
2023,2i5w-ykuw,Lime,11,26,2,
2023,2i5w-ykuw,Lime,11,28,1,
2023,2i5w-ykuw,Lime,11,29,1,
2023,2i5w-ykuw,Lime,11,76,1,
2023,2i5w-ykuw,Lime,11,77,7,
2023,2i5w-ykuw,Lime,12,,18,
2023,2i5w-ykuw,Lime,12,1,13,
2023,2i5w-ykuw,Lime,12,2,38,
2023,2i5w-ykuw,Lime,12,3,4,
2023,2i5w-ykuw,Lime,12,4,7,
2023,2i5w-ykuw,Lime,12,5,4,
2023,2i5w-ykuw,Lime,12,6,3,
2023,2i5w-ykuw,Lime,12,7,1,
2023,2i5w-ykuw,Lime,12,8,1,
2023,2i5w-ykuw,Lime,12,9,5,
2023,2i5w-ykuw,Lime,12,10,58,
2023,2i5w-ykuw,Lime,12,11,89,
2023,2i5w-ykuw,Lime,12,12,543,
2023,2i5w-ykuw,Lime,12,13,93,
2023,2i5w-ykuw,Lime,12,14,131,
2023,2i5w-ykuw,Lime,12,15,36,
2023,2i5w-ykuw,Lime,12,16,36,
2023,2i5w-ykuw,Lime,12,17,5,
2023,2i5w-ykuw,Lime,12,18,2,
2023,2i5w-ykuw,Lime,12,19,5,
2023,2i5w-ykuw,Lime,12,21,42,
2023,2i5w-ykuw,Lime,12,22,5,
2023,2i5w-ykuw,Lime,12,23,3,
2023,2i5w-ykuw,Lime,12,24,1,
2023,2i5w-ykuw,Lime,12,25,1,
2023,2i5w-ykuw,Lime,12,77,5,
2023,2i5w-ykuw,Lime,13,,36,
2023,2i5w-ykuw,Lime,13,1,93,
2023,2i5w-ykuw,Lime,13,2,703,
2023,2i5w-ykuw,Lime,13,3,40,
2023,2i5w-ykuw,Lime,13,4,277,
2023,2i5w-ykuw,Lime,13,5,77,
2023,2i5w-ykuw,Lime,13,6,18,
2023,2i5w-ykuw,Lime,13,7,5,
2023,2i5w-ykuw,Lime,13,8,1,
2023,2i5w-ykuw,Lime,13,9,3,
2023,2i5w-ykuw,Lime,13,10,7,
2023,2i5w-ykuw,Lime,13,11,35,
2023,2i5w-ykuw,Lime,13,12,117,
2023,2i5w-ykuw,Lime,13,13,2343,
2023,2i5w-ykuw,Lime,13,14,1018,
2023,2i5w-ykuw,Lime,13,15,40,
2023,2i5w-ykuw,Lime,13,16,188,
2023,2i5w-ykuw,Lime,13,17,10,
2023,2i5w-ykuw,Lime,13,19,38,
2023,2i5w-ykuw,Lime,13,20,15,
2023,2i5w-ykuw,Lime,13,21,63,
2023,2i5w-ykuw,Lime,13,22,39,
2023,2i5w-ykuw,Lime,13,23,14,
2023,2i5w-ykuw,Lime,13,24,4,
2023,2i5w-ykuw,Lime,13,25,5,
2023,2i5w-ykuw,Lime,13,27,1,
2023,2i5w-ykuw,Lime,13,29,2,
2023,2i5w-ykuw,Lime,13,30,2,
2023,2i5w-ykuw,Lime,13,31,2,
2023,2i5w-ykuw,Lime,13,32,2,
2023,2i5w-ykuw,Lime,13,66,1,
2023,2i5w-ykuw,Lime,13,77,156,
2023,2i5w-ykuw,Lime,14,,19,
2023,2i5w-ykuw,Lime,14,1,42,
2023,2i5w-ykuw,Lime,14,2,284,
2023,2i5w-ykuw,Lime,14,3,246,
2023,2i5w-ykuw,Lime,14,4,854,
2023,2i5w-ykuw,Lime,14,5,412,
2023,2i5w-ykuw,Lime,14,6,244,
2023,2i5w-ykuw,Lime,14,7,149,
2023,2i5w-ykuw,Lime,14,8,13,
2023,2i5w-ykuw,Lime,14,9,41,
2023,2i5w-ykuw,Lime,14,10,45,
2023,2i5w-ykuw,Lime,14,11,203,
2023,2i5w-ykuw,Lime,14,12,124,
2023,2i5w-ykuw,Lime,14,13,1129,
2023,2i5w-ykuw,Lime,14,14,8106,
2023,2i5w-ykuw,Lime,14,15,255,
2023,2i5w-ykuw,Lime,14,16,2198,
2023,2i5w-ykuw,Lime,14,17,27,
2023,2i5w-ykuw,Lime,14,18,8,
2023,2i5w-ykuw,Lime,14,19,113,
2023,2i5w-ykuw,Lime,14,20,59,
2023,2i5w-ykuw,Lime,14,21,507,
2023,2i5w-ykuw,Lime,14,22,245,
2023,2i5w-ykuw,Lime,14,23,59,
2023,2i5w-ykuw,Lime,14,24,44,
2023,2i5w-ykuw,Lime,14,25,35,
2023,2i5w-ykuw,Lime,14,26,6,
2023,2i5w-ykuw,Lime,14,27,4,
2023,2i5w-ykuw,Lime,14,28,10,
2023,2i5w-ykuw,Lime,14,29,1,
2023,2i5w-ykuw,Lime,14,30,3,
2023,2i5w-ykuw,Lime,14,31,8,
2023,2i5w-ykuw,Lime,14,32,4,
2023,2i5w-ykuw,Lime,14,33,1,
2023,2i5w-ykuw,Lime,14,60,1,
2023,2i5w-ykuw,Lime,14,63,2,
2023,2i5w-ykuw,Lime,14,68,1,
2023,2i5w-ykuw,Lime,14,76,1,
2023,2i5w-ykuw,Lime,14,77,115,
2023,2i5w-ykuw,Lime,15,,46,
2023,2i5w-ykuw,Lime,15,1,8,
2023,2i5w-ykuw,Lime,15,2,17,
2023,2i5w-ykuw,Lime,15,3,31,
2023,2i5w-ykuw,Lime,15,4,39,
2023,2i5w-ykuw,Lime,15,5,76,
2023,2i5w-ykuw,Lime,15,6,79,
2023,2i5w-ykuw,Lime,15,7,28,
2023,2i5w-ykuw,Lime,15,8,27,
2023,2i5w-ykuw,Lime,15,9,7,
2023,2i5w-ykuw,Lime,15,10,186,
2023,2i5w-ykuw,Lime,15,11,684,
2023,2i5w-ykuw,Lime,15,12,57,
2023,2i5w-ykuw,Lime,15,13,36,
2023,2i5w-ykuw,Lime,15,14,299,
2023,2i5w-ykuw,Lime,15,15,9066,
2023,2i5w-ykuw,Lime,15,16,1586,
2023,2i5w-ykuw,Lime,15,17,731,
2023,2i5w-ykuw,Lime,15,18,89,
2023,2i5w-ykuw,Lime,15,19,2506,
2023,2i5w-ykuw,Lime,15,20,258,
2023,2i5w-ykuw,Lime,15,21,683,
2023,2i5w-ykuw,Lime,15,22,464,
2023,2i5w-ykuw,Lime,15,23,120,
2023,2i5w-ykuw,Lime,15,24,69,
2023,2i5w-ykuw,Lime,15,25,236,
2023,2i5w-ykuw,Lime,15,26,9,
2023,2i5w-ykuw,Lime,15,27,8,
2023,2i5w-ykuw,Lime,15,28,8,
2023,2i5w-ykuw,Lime,15,29,4,
2023,2i5w-ykuw,Lime,15,30,1,
2023,2i5w-ykuw,Lime,15,31,2,
2023,2i5w-ykuw,Lime,15,32,4,
2023,2i5w-ykuw,Lime,15,57,1,
2023,2i5w-ykuw,Lime,15,58,1,
2023,2i5w-ykuw,Lime,15,63,1,
2023,2i5w-ykuw,Lime,15,76,8,
2023,2i5w-ykuw,Lime,15,77,13,
2023,2i5w-ykuw,Lime,16,,18,
2023,2i5w-ykuw,Lime,16,1,61,
2023,2i5w-ykuw,Lime,16,2,148,
2023,2i5w-ykuw,Lime,16,3,205,
2023,2i5w-ykuw,Lime,16,4,421,
2023,2i5w-ykuw,Lime,16,5,1139,
2023,2i5w-ykuw,Lime,16,6,680,
2023,2i5w-ykuw,Lime,16,7,194,
2023,2i5w-ykuw,Lime,16,8,69,
2023,2i5w-ykuw,Lime,16,9,4,
2023,2i5w-ykuw,Lime,16,10,24,
2023,2i5w-ykuw,Lime,16,11,108,
2023,2i5w-ykuw,Lime,16,12,67,
2023,2i5w-ykuw,Lime,16,13,230,
2023,2i5w-ykuw,Lime,16,14,2042,
2023,2i5w-ykuw,Lime,16,15,1726,
2023,2i5w-ykuw,Lime,16,16,9577,
2023,2i5w-ykuw,Lime,16,17,108,
2023,2i5w-ykuw,Lime,16,18,16,
2023,2i5w-ykuw,Lime,16,19,673,
2023,2i5w-ykuw,Lime,16,20,432,
2023,2i5w-ykuw,Lime,16,21,2107,
2023,2i5w-ykuw,Lime,16,22,994,
2023,2i5w-ykuw,Lime,16,23,152,
2023,2i5w-ykuw,Lime,16,24,175,
2023,2i5w-ykuw,Lime,16,25,172,
2023,2i5w-ykuw,Lime,16,26,15,
2023,2i5w-ykuw,Lime,16,27,4,
2023,2i5w-ykuw,Lime,16,28,23,
2023,2i5w-ykuw,Lime,16,29,32,
2023,2i5w-ykuw,Lime,16,30,3,
2023,2i5w-ykuw,Lime,16,31,4,
2023,2i5w-ykuw,Lime,16,32,16,
2023,2i5w-ykuw,Lime,16,33,4,
2023,2i5w-ykuw,Lime,16,34,1,
2023,2i5w-ykuw,Lime,16,57,1,
2023,2i5w-ykuw,Lime,16,58,2,
2023,2i5w-ykuw,Lime,16,62,1,
2023,2i5w-ykuw,Lime,16,66,1,
2023,2i5w-ykuw,Lime,16,69,1,
2023,2i5w-ykuw,Lime,16,76,5,
2023,2i5w-ykuw,Lime,16,77,57,
2023,2i5w-ykuw,Lime,17,,130,
2023,2i5w-ykuw,Lime,17,1,1,
2023,2i5w-ykuw,Lime,17,2,2,
2023,2i5w-ykuw,Lime,17,3,9,
2023,2i5w-ykuw,Lime,17,4,6,
2023,2i5w-ykuw,Lime,17,5,6,
2023,2i5w-ykuw,Lime,17,6,13,
2023,2i5w-ykuw,Lime,17,7,4,
2023,2i5w-ykuw,Lime,17,8,2,
2023,2i5w-ykuw,Lime,17,9,3,
2023,2i5w-ykuw,Lime,17,10,88,
2023,2i5w-ykuw,Lime,17,11,61,
2023,2i5w-ykuw,Lime,17,12,7,
2023,2i5w-ykuw,Lime,17,13,4,
2023,2i5w-ykuw,Lime,17,14,15,
2023,2i5w-ykuw,Lime,17,15,744,
2023,2i5w-ykuw,Lime,17,16,74,
2023,2i5w-ykuw,Lime,17,17,3501,
2023,2i5w-ykuw,Lime,17,18,399,
2023,2i5w-ykuw,Lime,17,19,800,
2023,2i5w-ykuw,Lime,17,20,37,
2023,2i5w-ykuw,Lime,17,21,45,
2023,2i5w-ykuw,Lime,17,22,33,
2023,2i5w-ykuw,Lime,17,23,12,
2023,2i5w-ykuw,Lime,17,24,10,
2023,2i5w-ykuw,Lime,17,25,213,
2023,2i5w-ykuw,Lime,17,26,6,
2023,2i5w-ykuw,Lime,17,27,1,
2023,2i5w-ykuw,Lime,17,28,2,
2023,2i5w-ykuw,Lime,17,29,3,
2023,2i5w-ykuw,Lime,17,31,1,
2023,2i5w-ykuw,Lime,17,33,1,
2023,2i5w-ykuw,Lime,17,58,1,
2023,2i5w-ykuw,Lime,17,76,34,
2023,2i5w-ykuw,Lime,18,,64,
2023,2i5w-ykuw,Lime,18,2,3,
2023,2i5w-ykuw,Lime,18,5,1,
2023,2i5w-ykuw,Lime,18,6,16,
2023,2i5w-ykuw,Lime,18,7,3,
2023,2i5w-ykuw,Lime,18,8,22,
2023,2i5w-ykuw,Lime,18,10,15,
2023,2i5w-ykuw,Lime,18,11,11,
2023,2i5w-ykuw,Lime,18,12,16,
2023,2i5w-ykuw,Lime,18,13,1,
2023,2i5w-ykuw,Lime,18,14,9,
2023,2i5w-ykuw,Lime,18,15,103,
2023,2i5w-ykuw,Lime,18,16,10,
2023,2i5w-ykuw,Lime,18,17,560,
2023,2i5w-ykuw,Lime,18,18,2641,
2023,2i5w-ykuw,Lime,18,19,1570,
2023,2i5w-ykuw,Lime,18,20,31,
2023,2i5w-ykuw,Lime,18,21,49,
2023,2i5w-ykuw,Lime,18,22,49,
2023,2i5w-ykuw,Lime,18,23,39,
2023,2i5w-ykuw,Lime,18,24,29,
2023,2i5w-ykuw,Lime,18,25,503,
2023,2i5w-ykuw,Lime,18,27,2,
2023,2i5w-ykuw,Lime,18,28,4,
2023,2i5w-ykuw,Lime,18,29,3,
2023,2i5w-ykuw,Lime,18,30,1,
2023,2i5w-ykuw,Lime,18,34,1,
2023,2i5w-ykuw,Lime,18,57,1,
2023,2i5w-ykuw,Lime,18,65,1,
2023,2i5w-ykuw,Lime,18,76,12,
2023,2i5w-ykuw,Lime,18,77,1,
2023,2i5w-ykuw,Lime,19,,107,
2023,2i5w-ykuw,Lime,19,1,5,
2023,2i5w-ykuw,Lime,19,2,9,
2023,2i5w-ykuw,Lime,19,3,18,
2023,2i5w-ykuw,Lime,19,4,30,
2023,2i5w-ykuw,Lime,19,5,35,
2023,2i5w-ykuw,Lime,19,6,91,
2023,2i5w-ykuw,Lime,19,7,100,
2023,2i5w-ykuw,Lime,19,8,87,
2023,2i5w-ykuw,Lime,19,10,28,
2023,2i5w-ykuw,Lime,19,11,174,
2023,2i5w-ykuw,Lime,19,12,55,
2023,2i5w-ykuw,Lime,19,13,26,
2023,2i5w-ykuw,Lime,19,14,120,
2023,2i5w-ykuw,Lime,19,15,2505,
2023,2i5w-ykuw,Lime,19,16,776,
2023,2i5w-ykuw,Lime,19,17,980,
2023,2i5w-ykuw,Lime,19,18,1856,
2023,2i5w-ykuw,Lime,19,19,34648,
2023,2i5w-ykuw,Lime,19,20,2498,
2023,2i5w-ykuw,Lime,19,21,911,
2023,2i5w-ykuw,Lime,19,22,1451,
2023,2i5w-ykuw,Lime,19,23,1049,
2023,2i5w-ykuw,Lime,19,24,298,
2023,2i5w-ykuw,Lime,19,25,3613,
2023,2i5w-ykuw,Lime,19,26,79,
2023,2i5w-ykuw,Lime,19,27,30,
2023,2i5w-ykuw,Lime,19,28,33,
2023,2i5w-ykuw,Lime,19,29,20,
2023,2i5w-ykuw,Lime,19,30,8,
2023,2i5w-ykuw,Lime,19,31,1,
2023,2i5w-ykuw,Lime,19,32,15,
2023,2i5w-ykuw,Lime,19,33,2,
2023,2i5w-ykuw,Lime,19,34,2,
2023,2i5w-ykuw,Lime,19,57,1,
2023,2i5w-ykuw,Lime,19,59,7,
2023,2i5w-ykuw,Lime,19,61,1,
2023,2i5w-ykuw,Lime,19,62,1,
2023,2i5w-ykuw,Lime,19,63,1,
2023,2i5w-ykuw,Lime,19,65,3,
2023,2i5w-ykuw,Lime,19,68,1,
2023,2i5w-ykuw,Lime,19,76,7,
2023,2i5w-ykuw,Lime,19,77,7,
2023,2i5w-ykuw,Lime,20,,5,
2023,2i5w-ykuw,Lime,20,1,2,
2023,2i5w-ykuw,Lime,20,2,4,
2023,2i5w-ykuw,Lime,20,3,8,
2023,2i5w-ykuw,Lime,20,4,15,
2023,2i5w-ykuw,Lime,20,5,57,
2023,2i5w-ykuw,Lime,20,6,44,
2023,2i5w-ykuw,Lime,20,7,85,
2023,2i5w-ykuw,Lime,20,8,88,
2023,2i5w-ykuw,Lime,20,10,4,
2023,2i5w-ykuw,Lime,20,11,7,
2023,2i5w-ykuw,Lime,20,12,1,
2023,2i5w-ykuw,Lime,20,13,16,
2023,2i5w-ykuw,Lime,20,14,71,
2023,2i5w-ykuw,Lime,20,15,295,
2023,2i5w-ykuw,Lime,20,16,423,
2023,2i5w-ykuw,Lime,20,17,37,
2023,2i5w-ykuw,Lime,20,18,54,
2023,2i5w-ykuw,Lime,20,19,2652,
2023,2i5w-ykuw,Lime,20,20,6171,
2023,2i5w-ykuw,Lime,20,21,788,
2023,2i5w-ykuw,Lime,20,22,2066,
2023,2i5w-ykuw,Lime,20,23,1721,
2023,2i5w-ykuw,Lime,20,24,289,
2023,2i5w-ykuw,Lime,20,25,550,
2023,2i5w-ykuw,Lime,20,26,95,
2023,2i5w-ykuw,Lime,20,27,24,
2023,2i5w-ykuw,Lime,20,28,23,
2023,2i5w-ykuw,Lime,20,29,44,
2023,2i5w-ykuw,Lime,20,30,2,
2023,2i5w-ykuw,Lime,20,31,9,
2023,2i5w-ykuw,Lime,20,32,4,
2023,2i5w-ykuw,Lime,20,33,1,
2023,2i5w-ykuw,Lime,20,40,1,
2023,2i5w-ykuw,Lime,20,58,2,
2023,2i5w-ykuw,Lime,20,59,1,
2023,2i5w-ykuw,Lime,20,61,1,
2023,2i5w-ykuw,Lime,20,76,2,
2023,2i5w-ykuw,Lime,20,77,4,
2023,2i5w-ykuw,Lime,21,,8,
2023,2i5w-ykuw,Lime,21,1,6,
2023,2i5w-ykuw,Lime,21,2,47,
2023,2i5w-ykuw,Lime,21,3,98,
2023,2i5w-ykuw,Lime,21,4,149,
2023,2i5w-ykuw,Lime,21,5,906,
2023,2i5w-ykuw,Lime,21,6,726,
2023,2i5w-ykuw,Lime,21,7,242,
2023,2i5w-ykuw,Lime,21,8,114,
2023,2i5w-ykuw,Lime,21,9,2,
2023,2i5w-ykuw,Lime,21,10,9,
2023,2i5w-ykuw,Lime,21,11,40,
2023,2i5w-ykuw,Lime,21,12,68,
2023,2i5w-ykuw,Lime,21,13,88,
2023,2i5w-ykuw,Lime,21,14,549,
2023,2i5w-ykuw,Lime,21,15,698,
2023,2i5w-ykuw,Lime,21,16,2177,
2023,2i5w-ykuw,Lime,21,17,114,
2023,2i5w-ykuw,Lime,21,18,45,
2023,2i5w-ykuw,Lime,21,19,957,
2023,2i5w-ykuw,Lime,21,20,877,
2023,2i5w-ykuw,Lime,21,21,9629,
2023,2i5w-ykuw,Lime,21,22,4558,
2023,2i5w-ykuw,Lime,21,23,616,
2023,2i5w-ykuw,Lime,21,24,610,
2023,2i5w-ykuw,Lime,21,25,130,
2023,2i5w-ykuw,Lime,21,26,14,
2023,2i5w-ykuw,Lime,21,27,24,
2023,2i5w-ykuw,Lime,21,28,83,
2023,2i5w-ykuw,Lime,21,29,18,
2023,2i5w-ykuw,Lime,21,30,3,
2023,2i5w-ykuw,Lime,21,31,3,
2023,2i5w-ykuw,Lime,21,32,4,
2023,2i5w-ykuw,Lime,21,33,3,
2023,2i5w-ykuw,Lime,21,34,1,
2023,2i5w-ykuw,Lime,21,35,1,
2023,2i5w-ykuw,Lime,21,56,3,
2023,2i5w-ykuw,Lime,21,61,1,
2023,2i5w-ykuw,Lime,21,63,1,
2023,2i5w-ykuw,Lime,21,76,1,
2023,2i5w-ykuw,Lime,21,77,33,
2023,2i5w-ykuw,Lime,22,,6,
2023,2i5w-ykuw,Lime,22,1,24,
2023,2i5w-ykuw,Lime,22,2,48,
2023,2i5w-ykuw,Lime,22,3,182,
2023,2i5w-ykuw,Lime,22,4,302,
2023,2i5w-ykuw,Lime,22,5,1341,
2023,2i5w-ykuw,Lime,22,6,1822,
2023,2i5w-ykuw,Lime,22,7,3477,
2023,2i5w-ykuw,Lime,22,8,902,
2023,2i5w-ykuw,Lime,22,10,9,
2023,2i5w-ykuw,Lime,22,11,29,
2023,2i5w-ykuw,Lime,22,12,11,
2023,2i5w-ykuw,Lime,22,13,44,
2023,2i5w-ykuw,Lime,22,14,309,
2023,2i5w-ykuw,Lime,22,15,507,
2023,2i5w-ykuw,Lime,22,16,1099,
2023,2i5w-ykuw,Lime,22,17,37,
2023,2i5w-ykuw,Lime,22,18,93,
2023,2i5w-ykuw,Lime,22,19,1607,
2023,2i5w-ykuw,Lime,22,20,2188,
2023,2i5w-ykuw,Lime,22,21,5159,
2023,2i5w-ykuw,Lime,22,22,40818,
2023,2i5w-ykuw,Lime,22,23,3632,
2023,2i5w-ykuw,Lime,22,24,11001,
2023,2i5w-ykuw,Lime,22,25,443,
2023,2i5w-ykuw,Lime,22,26,58,
2023,2i5w-ykuw,Lime,22,27,145,
2023,2i5w-ykuw,Lime,22,28,870,
2023,2i5w-ykuw,Lime,22,29,127,
2023,2i5w-ykuw,Lime,22,30,40,
2023,2i5w-ykuw,Lime,22,31,53,
2023,2i5w-ykuw,Lime,22,32,122,
2023,2i5w-ykuw,Lime,22,33,12,
2023,2i5w-ykuw,Lime,22,34,5,
2023,2i5w-ykuw,Lime,22,35,2,
2023,2i5w-ykuw,Lime,22,38,1,
2023,2i5w-ykuw,Lime,22,41,2,
2023,2i5w-ykuw,Lime,22,42,1,
2023,2i5w-ykuw,Lime,22,44,1,
2023,2i5w-ykuw,Lime,22,57,1,
2023,2i5w-ykuw,Lime,22,58,9,
2023,2i5w-ykuw,Lime,22,59,12,
2023,2i5w-ykuw,Lime,22,60,6,
2023,2i5w-ykuw,Lime,22,61,3,
2023,2i5w-ykuw,Lime,22,62,2,
2023,2i5w-ykuw,Lime,22,63,3,
2023,2i5w-ykuw,Lime,22,66,6,
2023,2i5w-ykuw,Lime,22,67,1,
2023,2i5w-ykuw,Lime,22,68,1,
2023,2i5w-ykuw,Lime,22,69,1,
2023,2i5w-ykuw,Lime,22,71,1,
2023,2i5w-ykuw,Lime,22,76,1,
2023,2i5w-ykuw,Lime,22,77,85,
2023,2i5w-ykuw,Lime,23,,28,
2023,2i5w-ykuw,Lime,23,1,3,
2023,2i5w-ykuw,Lime,23,2,12,
2023,2i5w-ykuw,Lime,23,3,37,
2023,2i5w-ykuw,Lime,23,4,18,
2023,2i5w-ykuw,Lime,23,5,58,
2023,2i5w-ykuw,Lime,23,6,190,
2023,2i5w-ykuw,Lime,23,7,196,
2023,2i5w-ykuw,Lime,23,8,471,
2023,2i5w-ykuw,Lime,23,10,3,
2023,2i5w-ykuw,Lime,23,11,15,
2023,2i5w-ykuw,Lime,23,12,2,
2023,2i5w-ykuw,Lime,23,13,21,
2023,2i5w-ykuw,Lime,23,14,41,
2023,2i5w-ykuw,Lime,23,15,174,
2023,2i5w-ykuw,Lime,23,16,204,
2023,2i5w-ykuw,Lime,23,17,20,
2023,2i5w-ykuw,Lime,23,18,60,
2023,2i5w-ykuw,Lime,23,19,1142,
2023,2i5w-ykuw,Lime,23,20,1650,
2023,2i5w-ykuw,Lime,23,21,630,
2023,2i5w-ykuw,Lime,23,22,3759,
2023,2i5w-ykuw,Lime,23,23,26773,
2023,2i5w-ykuw,Lime,23,24,4828,
2023,2i5w-ykuw,Lime,23,25,3080,
2023,2i5w-ykuw,Lime,23,26,1191,
2023,2i5w-ykuw,Lime,23,27,1925,
2023,2i5w-ykuw,Lime,23,28,608,
2023,2i5w-ykuw,Lime,23,29,512,
2023,2i5w-ykuw,Lime,23,30,76,
2023,2i5w-ykuw,Lime,23,31,44,
2023,2i5w-ykuw,Lime,23,32,105,
2023,2i5w-ykuw,Lime,23,33,6,
2023,2i5w-ykuw,Lime,23,34,13,
2023,2i5w-ykuw,Lime,23,35,5,
2023,2i5w-ykuw,Lime,23,37,1,
2023,2i5w-ykuw,Lime,23,38,1,
2023,2i5w-ykuw,Lime,23,40,2,
2023,2i5w-ykuw,Lime,23,42,2,
2023,2i5w-ykuw,Lime,23,43,1,
2023,2i5w-ykuw,Lime,23,56,4,
2023,2i5w-ykuw,Lime,23,57,5,
2023,2i5w-ykuw,Lime,23,58,31,
2023,2i5w-ykuw,Lime,23,59,9,
2023,2i5w-ykuw,Lime,23,60,10,
2023,2i5w-ykuw,Lime,23,61,8,
2023,2i5w-ykuw,Lime,23,62,11,
2023,2i5w-ykuw,Lime,23,63,2,
2023,2i5w-ykuw,Lime,23,64,6,
2023,2i5w-ykuw,Lime,23,65,9,
2023,2i5w-ykuw,Lime,23,66,10,
2023,2i5w-ykuw,Lime,23,67,2,
2023,2i5w-ykuw,Lime,23,68,4,
2023,2i5w-ykuw,Lime,23,69,1,
2023,2i5w-ykuw,Lime,23,70,2,
2023,2i5w-ykuw,Lime,23,71,1,
2023,2i5w-ykuw,Lime,23,73,1,
2023,2i5w-ykuw,Lime,23,76,1,
2023,2i5w-ykuw,Lime,23,77,13,
2023,2i5w-ykuw,Lime,24,,13,
2023,2i5w-ykuw,Lime,24,1,12,
2023,2i5w-ykuw,Lime,24,2,42,
2023,2i5w-ykuw,Lime,24,3,168,
2023,2i5w-ykuw,Lime,24,4,153,
2023,2i5w-ykuw,Lime,24,5,687,
2023,2i5w-ykuw,Lime,24,6,1638,
2023,2i5w-ykuw,Lime,24,7,3031,
2023,2i5w-ykuw,Lime,24,8,4447,
2023,2i5w-ykuw,Lime,24,10,9,
2023,2i5w-ykuw,Lime,24,11,7,
2023,2i5w-ykuw,Lime,24,13,6,
2023,2i5w-ykuw,Lime,24,14,104,
2023,2i5w-ykuw,Lime,24,15,152,
2023,2i5w-ykuw,Lime,24,16,248,
2023,2i5w-ykuw,Lime,24,17,14,
2023,2i5w-ykuw,Lime,24,18,48,
2023,2i5w-ykuw,Lime,24,19,365,
2023,2i5w-ykuw,Lime,24,20,279,
2023,2i5w-ykuw,Lime,24,21,754,
2023,2i5w-ykuw,Lime,24,22,12250,
2023,2i5w-ykuw,Lime,24,23,5208,
2023,2i5w-ykuw,Lime,24,24,70031,
2023,2i5w-ykuw,Lime,24,25,640,
2023,2i5w-ykuw,Lime,24,26,234,
2023,2i5w-ykuw,Lime,24,27,608,
2023,2i5w-ykuw,Lime,24,28,6670,
2023,2i5w-ykuw,Lime,24,29,207,
2023,2i5w-ykuw,Lime,24,30,175,
2023,2i5w-ykuw,Lime,24,31,243,
2023,2i5w-ykuw,Lime,24,32,846,
2023,2i5w-ykuw,Lime,24,33,71,
2023,2i5w-ykuw,Lime,24,34,39,
2023,2i5w-ykuw,Lime,24,35,2,
2023,2i5w-ykuw,Lime,24,37,1,
2023,2i5w-ykuw,Lime,24,38,2,
2023,2i5w-ykuw,Lime,24,39,1,
2023,2i5w-ykuw,Lime,24,40,1,
2023,2i5w-ykuw,Lime,24,41,1,
2023,2i5w-ykuw,Lime,24,43,3,
2023,2i5w-ykuw,Lime,24,44,1,
2023,2i5w-ykuw,Lime,24,53,1,
2023,2i5w-ykuw,Lime,24,57,4,
2023,2i5w-ykuw,Lime,24,58,36,
2023,2i5w-ykuw,Lime,24,59,87,
2023,2i5w-ykuw,Lime,24,60,77,
2023,2i5w-ykuw,Lime,24,61,27,
2023,2i5w-ykuw,Lime,24,62,2,
2023,2i5w-ykuw,Lime,24,63,3,
2023,2i5w-ykuw,Lime,24,65,2,
2023,2i5w-ykuw,Lime,24,66,22,
2023,2i5w-ykuw,Lime,24,67,7,
2023,2i5w-ykuw,Lime,24,68,5,
2023,2i5w-ykuw,Lime,24,70,1,
2023,2i5w-ykuw,Lime,24,71,3,
2023,2i5w-ykuw,Lime,24,73,1,
2023,2i5w-ykuw,Lime,24,77,55,
2023,2i5w-ykuw,Lime,25,,380,
2023,2i5w-ykuw,Lime,25,1,3,
2023,2i5w-ykuw,Lime,25,2,18,
2023,2i5w-ykuw,Lime,25,3,10,
2023,2i5w-ykuw,Lime,25,4,6,
2023,2i5w-ykuw,Lime,25,5,5,
2023,2i5w-ykuw,Lime,25,6,51,
2023,2i5w-ykuw,Lime,25,7,57,
2023,2i5w-ykuw,Lime,25,8,100,
2023,2i5w-ykuw,Lime,25,9,5,
2023,2i5w-ykuw,Lime,25,10,27,
2023,2i5w-ykuw,Lime,25,11,37,
2023,2i5w-ykuw,Lime,25,12,2,
2023,2i5w-ykuw,Lime,25,13,11,
2023,2i5w-ykuw,Lime,25,14,55,
2023,2i5w-ykuw,Lime,25,15,288,
2023,2i5w-ykuw,Lime,25,16,134,
2023,2i5w-ykuw,Lime,25,17,246,
2023,2i5w-ykuw,Lime,25,18,427,
2023,2i5w-ykuw,Lime,25,19,3361,
2023,2i5w-ykuw,Lime,25,20,496,
2023,2i5w-ykuw,Lime,25,21,148,
2023,2i5w-ykuw,Lime,25,22,410,
2023,2i5w-ykuw,Lime,25,23,2722,
2023,2i5w-ykuw,Lime,25,24,478,
2023,2i5w-ykuw,Lime,25,25,48727,
2023,2i5w-ykuw,Lime,25,26,2111,
2023,2i5w-ykuw,Lime,25,27,576,
2023,2i5w-ykuw,Lime,25,28,301,
2023,2i5w-ykuw,Lime,25,29,1039,
2023,2i5w-ykuw,Lime,25,30,125,
2023,2i5w-ykuw,Lime,25,31,15,
2023,2i5w-ykuw,Lime,25,32,37,
2023,2i5w-ykuw,Lime,25,33,9,
2023,2i5w-ykuw,Lime,25,34,2,
2023,2i5w-ykuw,Lime,25,38,2,
2023,2i5w-ykuw,Lime,25,40,1,
2023,2i5w-ykuw,Lime,25,43,1,
2023,2i5w-ykuw,Lime,25,44,2,
2023,2i5w-ykuw,Lime,25,45,1,
2023,2i5w-ykuw,Lime,25,56,4,
2023,2i5w-ykuw,Lime,25,57,7,
2023,2i5w-ykuw,Lime,25,58,5,
2023,2i5w-ykuw,Lime,25,59,19,
2023,2i5w-ykuw,Lime,25,60,2,
2023,2i5w-ykuw,Lime,25,61,5,
2023,2i5w-ykuw,Lime,25,63,7,
2023,2i5w-ykuw,Lime,25,65,4,
2023,2i5w-ykuw,Lime,25,66,6,
2023,2i5w-ykuw,Lime,25,67,4,
2023,2i5w-ykuw,Lime,25,68,2,
2023,2i5w-ykuw,Lime,25,69,1,
2023,2i5w-ykuw,Lime,25,70,1,
2023,2i5w-ykuw,Lime,25,71,3,
2023,2i5w-ykuw,Lime,25,73,1,
2023,2i5w-ykuw,Lime,25,76,5,
2023,2i5w-ykuw,Lime,25,77,5,
2023,2i5w-ykuw,Lime,26,,31,
2023,2i5w-ykuw,Lime,26,2,2,
2023,2i5w-ykuw,Lime,26,3,2,
2023,2i5w-ykuw,Lime,26,6,31,
2023,2i5w-ykuw,Lime,26,7,11,
2023,2i5w-ykuw,Lime,26,8,24,
2023,2i5w-ykuw,Lime,26,11,2,
2023,2i5w-ykuw,Lime,26,14,4,
2023,2i5w-ykuw,Lime,26,15,6,
2023,2i5w-ykuw,Lime,26,16,18,
2023,2i5w-ykuw,Lime,26,17,2,
2023,2i5w-ykuw,Lime,26,18,3,
2023,2i5w-ykuw,Lime,26,19,59,
2023,2i5w-ykuw,Lime,26,20,69,
2023,2i5w-ykuw,Lime,26,21,9,
2023,2i5w-ykuw,Lime,26,22,44,
2023,2i5w-ykuw,Lime,26,23,1166,
2023,2i5w-ykuw,Lime,26,24,154,
2023,2i5w-ykuw,Lime,26,25,2229,
2023,2i5w-ykuw,Lime,26,26,12159,
2023,2i5w-ykuw,Lime,26,27,1024,
2023,2i5w-ykuw,Lime,26,28,318,
2023,2i5w-ykuw,Lime,26,29,1503,
2023,2i5w-ykuw,Lime,26,30,120,
2023,2i5w-ykuw,Lime,26,31,10,
2023,2i5w-ykuw,Lime,26,32,22,
2023,2i5w-ykuw,Lime,26,33,1,
2023,2i5w-ykuw,Lime,26,34,2,
2023,2i5w-ykuw,Lime,26,35,1,
2023,2i5w-ykuw,Lime,26,46,1,
2023,2i5w-ykuw,Lime,26,56,5,
2023,2i5w-ykuw,Lime,26,57,32,
2023,2i5w-ykuw,Lime,26,58,13,
2023,2i5w-ykuw,Lime,26,59,3,
2023,2i5w-ykuw,Lime,26,60,5,
2023,2i5w-ykuw,Lime,26,61,2,
2023,2i5w-ykuw,Lime,26,62,2,
2023,2i5w-ykuw,Lime,26,63,1,
2023,2i5w-ykuw,Lime,26,65,1,
2023,2i5w-ykuw,Lime,26,66,3,
2023,2i5w-ykuw,Lime,26,67,3,
2023,2i5w-ykuw,Lime,26,68,1,
2023,2i5w-ykuw,Lime,26,69,3,
2023,2i5w-ykuw,Lime,26,71,4,
2023,2i5w-ykuw,Lime,26,77,1,
2023,2i5w-ykuw,Lime,27,,10,
2023,2i5w-ykuw,Lime,27,1,1,
2023,2i5w-ykuw,Lime,27,3,2,
2023,2i5w-ykuw,Lime,27,4,3,
2023,2i5w-ykuw,Lime,27,5,4,
2023,2i5w-ykuw,Lime,27,6,18,
2023,2i5w-ykuw,Lime,27,7,8,
2023,2i5w-ykuw,Lime,27,8,70,
2023,2i5w-ykuw,Lime,27,11,1,
2023,2i5w-ykuw,Lime,27,13,1,
2023,2i5w-ykuw,Lime,27,14,2,
2023,2i5w-ykuw,Lime,27,15,15,
2023,2i5w-ykuw,Lime,27,16,17,
2023,2i5w-ykuw,Lime,27,17,3,
2023,2i5w-ykuw,Lime,27,18,3,
2023,2i5w-ykuw,Lime,27,19,32,
2023,2i5w-ykuw,Lime,27,20,16,
2023,2i5w-ykuw,Lime,27,21,23,
2023,2i5w-ykuw,Lime,27,22,150,
2023,2i5w-ykuw,Lime,27,23,1831,
2023,2i5w-ykuw,Lime,27,24,558,
2023,2i5w-ykuw,Lime,27,25,746,
2023,2i5w-ykuw,Lime,27,26,1042,
2023,2i5w-ykuw,Lime,27,27,9022,
2023,2i5w-ykuw,Lime,27,28,1515,
2023,2i5w-ykuw,Lime,27,29,1933,
2023,2i5w-ykuw,Lime,27,30,198,
2023,2i5w-ykuw,Lime,27,31,69,
2023,2i5w-ykuw,Lime,27,32,58,
2023,2i5w-ykuw,Lime,27,33,12,
2023,2i5w-ykuw,Lime,27,34,8,
2023,2i5w-ykuw,Lime,27,35,5,
2023,2i5w-ykuw,Lime,27,38,1,
2023,2i5w-ykuw,Lime,27,42,3,
2023,2i5w-ykuw,Lime,27,47,1,
2023,2i5w-ykuw,Lime,27,58,27,
2023,2i5w-ykuw,Lime,27,59,4,
2023,2i5w-ykuw,Lime,27,60,5,
2023,2i5w-ykuw,Lime,27,61,7,
2023,2i5w-ykuw,Lime,27,63,5,
2023,2i5w-ykuw,Lime,27,65,1,
2023,2i5w-ykuw,Lime,27,66,3,
2023,2i5w-ykuw,Lime,27,67,2,
2023,2i5w-ykuw,Lime,27,68,3,
2023,2i5w-ykuw,Lime,27,69,1,
2023,2i5w-ykuw,Lime,27,70,1,
2023,2i5w-ykuw,Lime,27,71,3,
2023,2i5w-ykuw,Lime,28,,12,
2023,2i5w-ykuw,Lime,28,1,8,
2023,2i5w-ykuw,Lime,28,2,14,
2023,2i5w-ykuw,Lime,28,3,55,
2023,2i5w-ykuw,Lime,28,4,15,
2023,2i5w-ykuw,Lime,28,5,61,
2023,2i5w-ykuw,Lime,28,6,618,
2023,2i5w-ykuw,Lime,28,7,625,
2023,2i5w-ykuw,Lime,28,8,1845,
2023,2i5w-ykuw,Lime,28,10,2,
2023,2i5w-ykuw,Lime,28,12,1,
2023,2i5w-ykuw,Lime,28,13,3,
2023,2i5w-ykuw,Lime,28,14,14,
2023,2i5w-ykuw,Lime,28,15,15,
2023,2i5w-ykuw,Lime,28,16,39,
2023,2i5w-ykuw,Lime,28,17,2,
2023,2i5w-ykuw,Lime,28,18,4,
2023,2i5w-ykuw,Lime,28,19,33,
2023,2i5w-ykuw,Lime,28,20,34,
2023,2i5w-ykuw,Lime,28,21,74,
2023,2i5w-ykuw,Lime,28,22,668,
2023,2i5w-ykuw,Lime,28,23,473,
2023,2i5w-ykuw,Lime,28,24,5050,
2023,2i5w-ykuw,Lime,28,25,348,
2023,2i5w-ykuw,Lime,28,26,304,
2023,2i5w-ykuw,Lime,28,27,1497,
2023,2i5w-ykuw,Lime,28,28,21011,
2023,2i5w-ykuw,Lime,28,29,903,
2023,2i5w-ykuw,Lime,28,30,430,
2023,2i5w-ykuw,Lime,28,31,975,
2023,2i5w-ykuw,Lime,28,32,1634,
2023,2i5w-ykuw,Lime,28,33,277,
2023,2i5w-ykuw,Lime,28,34,111,
2023,2i5w-ykuw,Lime,28,35,33,
2023,2i5w-ykuw,Lime,28,36,4,
2023,2i5w-ykuw,Lime,28,37,6,
2023,2i5w-ykuw,Lime,28,38,18,
2023,2i5w-ykuw,Lime,28,39,3,
2023,2i5w-ykuw,Lime,28,40,6,
2023,2i5w-ykuw,Lime,28,41,3,
2023,2i5w-ykuw,Lime,28,42,9,
2023,2i5w-ykuw,Lime,28,43,3,
2023,2i5w-ykuw,Lime,28,44,4,
2023,2i5w-ykuw,Lime,28,46,1,
2023,2i5w-ykuw,Lime,28,49,2,
2023,2i5w-ykuw,Lime,28,51,1,
2023,2i5w-ykuw,Lime,28,53,1,
2023,2i5w-ykuw,Lime,28,56,1,
2023,2i5w-ykuw,Lime,28,57,10,
2023,2i5w-ykuw,Lime,28,58,82,
2023,2i5w-ykuw,Lime,28,59,85,
2023,2i5w-ykuw,Lime,28,60,139,
2023,2i5w-ykuw,Lime,28,61,101,
2023,2i5w-ykuw,Lime,28,62,3,
2023,2i5w-ykuw,Lime,28,63,18,
2023,2i5w-ykuw,Lime,28,65,3,
2023,2i5w-ykuw,Lime,28,66,13,
2023,2i5w-ykuw,Lime,28,67,45,
2023,2i5w-ykuw,Lime,28,68,9,
2023,2i5w-ykuw,Lime,28,69,3,
2023,2i5w-ykuw,Lime,28,70,3,
2023,2i5w-ykuw,Lime,28,71,15,
2023,2i5w-ykuw,Lime,28,73,1,
2023,2i5w-ykuw,Lime,28,77,14,
2023,2i5w-ykuw,Lime,29,,125,
2023,2i5w-ykuw,Lime,29,3,3,
2023,2i5w-ykuw,Lime,29,4,4,
2023,2i5w-ykuw,Lime,29,5,11,
2023,2i5w-ykuw,Lime,29,6,13,
2023,2i5w-ykuw,Lime,29,7,9,
2023,2i5w-ykuw,Lime,29,8,53,
2023,2i5w-ykuw,Lime,29,12,2,
2023,2i5w-ykuw,Lime,29,13,2,
2023,2i5w-ykuw,Lime,29,14,8,
2023,2i5w-ykuw,Lime,29,15,20,
2023,2i5w-ykuw,Lime,29,16,13,
2023,2i5w-ykuw,Lime,29,17,3,
2023,2i5w-ykuw,Lime,29,18,3,
2023,2i5w-ykuw,Lime,29,19,63,
2023,2i5w-ykuw,Lime,29,20,45,
2023,2i5w-ykuw,Lime,29,21,15,
2023,2i5w-ykuw,Lime,29,22,138,
2023,2i5w-ykuw,Lime,29,23,489,
2023,2i5w-ykuw,Lime,29,24,150,
2023,2i5w-ykuw,Lime,29,25,1100,
2023,2i5w-ykuw,Lime,29,26,1459,
2023,2i5w-ykuw,Lime,29,27,1858,
2023,2i5w-ykuw,Lime,29,28,943,
2023,2i5w-ykuw,Lime,29,29,22952,
2023,2i5w-ykuw,Lime,29,30,1876,
2023,2i5w-ykuw,Lime,29,31,204,
2023,2i5w-ykuw,Lime,29,32,38,
2023,2i5w-ykuw,Lime,29,33,46,
2023,2i5w-ykuw,Lime,29,34,10,
2023,2i5w-ykuw,Lime,29,35,5,
2023,2i5w-ykuw,Lime,29,36,1,
2023,2i5w-ykuw,Lime,29,37,6,
2023,2i5w-ykuw,Lime,29,38,5,
2023,2i5w-ykuw,Lime,29,40,1,
2023,2i5w-ykuw,Lime,29,42,1,
2023,2i5w-ykuw,Lime,29,44,2,
2023,2i5w-ykuw,Lime,29,46,2,
2023,2i5w-ykuw,Lime,29,56,6,
2023,2i5w-ykuw,Lime,29,57,18,
2023,2i5w-ykuw,Lime,29,58,54,
2023,2i5w-ykuw,Lime,29,59,12,
2023,2i5w-ykuw,Lime,29,60,19,
2023,2i5w-ykuw,Lime,29,61,16,
2023,2i5w-ykuw,Lime,29,62,8,
2023,2i5w-ykuw,Lime,29,63,17,
2023,2i5w-ykuw,Lime,29,64,2,
2023,2i5w-ykuw,Lime,29,65,5,
2023,2i5w-ykuw,Lime,29,66,25,
2023,2i5w-ykuw,Lime,29,67,17,
2023,2i5w-ykuw,Lime,29,68,7,
2023,2i5w-ykuw,Lime,29,69,2,
2023,2i5w-ykuw,Lime,29,70,1,
2023,2i5w-ykuw,Lime,29,71,7,
2023,2i5w-ykuw,Lime,29,73,1,
2023,2i5w-ykuw,Lime,29,76,1,
2023,2i5w-ykuw,Lime,29,77,1,
2023,2i5w-ykuw,Lime,30,,41,
2023,2i5w-ykuw,Lime,30,1,1,
2023,2i5w-ykuw,Lime,30,4,40,
2023,2i5w-ykuw,Lime,30,5,2,
2023,2i5w-ykuw,Lime,30,6,6,
2023,2i5w-ykuw,Lime,30,7,2,
2023,2i5w-ykuw,Lime,30,8,35,
2023,2i5w-ykuw,Lime,30,13,5,
2023,2i5w-ykuw,Lime,30,14,1,
2023,2i5w-ykuw,Lime,30,15,1,
2023,2i5w-ykuw,Lime,30,16,1,
2023,2i5w-ykuw,Lime,30,19,2,
2023,2i5w-ykuw,Lime,30,20,9,
2023,2i5w-ykuw,Lime,30,21,3,
2023,2i5w-ykuw,Lime,30,22,25,
2023,2i5w-ykuw,Lime,30,23,91,
2023,2i5w-ykuw,Lime,30,24,132,
2023,2i5w-ykuw,Lime,30,25,112,
2023,2i5w-ykuw,Lime,30,26,117,
2023,2i5w-ykuw,Lime,30,27,134,
2023,2i5w-ykuw,Lime,30,28,449,
2023,2i5w-ykuw,Lime,30,29,1895,
2023,2i5w-ykuw,Lime,30,30,15699,
2023,2i5w-ykuw,Lime,30,31,1093,
2023,2i5w-ykuw,Lime,30,32,31,
2023,2i5w-ykuw,Lime,30,33,21,
2023,2i5w-ykuw,Lime,30,34,42,
2023,2i5w-ykuw,Lime,30,35,6,
2023,2i5w-ykuw,Lime,30,37,2,
2023,2i5w-ykuw,Lime,30,38,5,
2023,2i5w-ykuw,Lime,30,39,1,
2023,2i5w-ykuw,Lime,30,40,7,
2023,2i5w-ykuw,Lime,30,43,1,
2023,2i5w-ykuw,Lime,30,44,1,
2023,2i5w-ykuw,Lime,30,46,1,
2023,2i5w-ykuw,Lime,30,49,2,
2023,2i5w-ykuw,Lime,30,50,1,
2023,2i5w-ykuw,Lime,30,52,3,
2023,2i5w-ykuw,Lime,30,56,35,
2023,2i5w-ykuw,Lime,30,57,168,
2023,2i5w-ykuw,Lime,30,58,413,
2023,2i5w-ykuw,Lime,30,59,127,
2023,2i5w-ykuw,Lime,30,60,57,
2023,2i5w-ykuw,Lime,30,61,50,
2023,2i5w-ykuw,Lime,30,62,44,
2023,2i5w-ykuw,Lime,30,63,77,
2023,2i5w-ykuw,Lime,30,64,5,
2023,2i5w-ykuw,Lime,30,65,28,
2023,2i5w-ykuw,Lime,30,66,57,
2023,2i5w-ykuw,Lime,30,67,18,
2023,2i5w-ykuw,Lime,30,68,15,
2023,2i5w-ykuw,Lime,30,70,17,
2023,2i5w-ykuw,Lime,30,71,2,
2023,2i5w-ykuw,Lime,31,,1,
2023,2i5w-ykuw,Lime,31,2,2,
2023,2i5w-ykuw,Lime,31,3,2,
2023,2i5w-ykuw,Lime,31,4,3,
2023,2i5w-ykuw,Lime,31,5,3,
2023,2i5w-ykuw,Lime,31,6,8,
2023,2i5w-ykuw,Lime,31,7,18,
2023,2i5w-ykuw,Lime,31,8,54,
2023,2i5w-ykuw,Lime,31,13,3,
2023,2i5w-ykuw,Lime,31,14,2,
2023,2i5w-ykuw,Lime,31,16,2,
2023,2i5w-ykuw,Lime,31,18,1,
2023,2i5w-ykuw,Lime,31,19,1,
2023,2i5w-ykuw,Lime,31,20,1,
2023,2i5w-ykuw,Lime,31,21,5,
2023,2i5w-ykuw,Lime,31,22,22,
2023,2i5w-ykuw,Lime,31,23,27,
2023,2i5w-ykuw,Lime,31,24,133,
2023,2i5w-ykuw,Lime,31,25,16,
2023,2i5w-ykuw,Lime,31,26,10,
2023,2i5w-ykuw,Lime,31,27,58,
2023,2i5w-ykuw,Lime,31,28,809,
2023,2i5w-ykuw,Lime,31,29,186,
2023,2i5w-ykuw,Lime,31,30,1027,
2023,2i5w-ykuw,Lime,31,31,3626,
2023,2i5w-ykuw,Lime,31,32,91,
2023,2i5w-ykuw,Lime,31,33,102,
2023,2i5w-ykuw,Lime,31,34,121,
2023,2i5w-ykuw,Lime,31,35,14,
2023,2i5w-ykuw,Lime,31,38,3,
2023,2i5w-ykuw,Lime,31,39,2,
2023,2i5w-ykuw,Lime,31,40,2,
2023,2i5w-ykuw,Lime,31,41,2,
2023,2i5w-ykuw,Lime,31,43,1,
2023,2i5w-ykuw,Lime,31,44,1,
2023,2i5w-ykuw,Lime,31,56,5,
2023,2i5w-ykuw,Lime,31,57,8,
2023,2i5w-ykuw,Lime,31,58,134,
2023,2i5w-ykuw,Lime,31,59,213,
2023,2i5w-ykuw,Lime,31,60,173,
2023,2i5w-ykuw,Lime,31,61,101,
2023,2i5w-ykuw,Lime,31,62,6,
2023,2i5w-ykuw,Lime,31,63,28,
2023,2i5w-ykuw,Lime,31,65,7,
2023,2i5w-ykuw,Lime,31,66,51,
2023,2i5w-ykuw,Lime,31,67,22,
2023,2i5w-ykuw,Lime,31,68,7,
2023,2i5w-ykuw,Lime,31,70,2,
2023,2i5w-ykuw,Lime,31,71,8,
2023,2i5w-ykuw,Lime,31,77,1,
2023,2i5w-ykuw,Lime,32,,1,
2023,2i5w-ykuw,Lime,32,1,3,
2023,2i5w-ykuw,Lime,32,2,1,
2023,2i5w-ykuw,Lime,32,3,21,
2023,2i5w-ykuw,Lime,32,4,2,
2023,2i5w-ykuw,Lime,32,5,13,
2023,2i5w-ykuw,Lime,32,6,151,
2023,2i5w-ykuw,Lime,32,7,275,
2023,2i5w-ykuw,Lime,32,8,3002,
2023,2i5w-ykuw,Lime,32,11,1,
2023,2i5w-ykuw,Lime,32,14,4,
2023,2i5w-ykuw,Lime,32,15,11,
2023,2i5w-ykuw,Lime,32,16,8,
2023,2i5w-ykuw,Lime,32,18,5,
2023,2i5w-ykuw,Lime,32,19,8,
2023,2i5w-ykuw,Lime,32,20,3,
2023,2i5w-ykuw,Lime,32,21,13,
2023,2i5w-ykuw,Lime,32,22,76,
2023,2i5w-ykuw,Lime,32,23,50,
2023,2i5w-ykuw,Lime,32,24,350,
2023,2i5w-ykuw,Lime,32,25,23,
2023,2i5w-ykuw,Lime,32,26,21,
2023,2i5w-ykuw,Lime,32,27,34,
2023,2i5w-ykuw,Lime,32,28,1503,
2023,2i5w-ykuw,Lime,32,29,50,
2023,2i5w-ykuw,Lime,32,30,29,
2023,2i5w-ykuw,Lime,32,31,78,
2023,2i5w-ykuw,Lime,32,32,10109,
2023,2i5w-ykuw,Lime,32,33,626,
2023,2i5w-ykuw,Lime,32,34,105,
2023,2i5w-ykuw,Lime,32,35,42,
2023,2i5w-ykuw,Lime,32,36,3,
2023,2i5w-ykuw,Lime,32,37,3,
2023,2i5w-ykuw,Lime,32,38,12,
2023,2i5w-ykuw,Lime,32,39,5,
2023,2i5w-ykuw,Lime,32,40,6,
2023,2i5w-ykuw,Lime,32,41,4,
2023,2i5w-ykuw,Lime,32,42,5,
2023,2i5w-ykuw,Lime,32,43,4,
2023,2i5w-ykuw,Lime,32,44,7,
2023,2i5w-ykuw,Lime,32,46,2,
2023,2i5w-ykuw,Lime,32,49,1,
2023,2i5w-ykuw,Lime,32,56,1,
2023,2i5w-ykuw,Lime,32,57,1,
2023,2i5w-ykuw,Lime,32,58,18,
2023,2i5w-ykuw,Lime,32,59,11,
2023,2i5w-ykuw,Lime,32,60,30,
2023,2i5w-ykuw,Lime,32,61,7,
2023,2i5w-ykuw,Lime,32,63,5,
2023,2i5w-ykuw,Lime,32,66,3,
2023,2i5w-ykuw,Lime,32,67,7,
2023,2i5w-ykuw,Lime,32,68,11,
2023,2i5w-ykuw,Lime,32,69,4,
2023,2i5w-ykuw,Lime,32,71,1,
2023,2i5w-ykuw,Lime,32,77,5,
2023,2i5w-ykuw,Lime,33,3,2,
2023,2i5w-ykuw,Lime,33,6,6,
2023,2i5w-ykuw,Lime,33,7,29,
2023,2i5w-ykuw,Lime,33,8,110,
2023,2i5w-ykuw,Lime,33,14,1,
2023,2i5w-ykuw,Lime,33,16,5,
2023,2i5w-ykuw,Lime,33,22,3,
2023,2i5w-ykuw,Lime,33,23,10,
2023,2i5w-ykuw,Lime,33,24,22,
2023,2i5w-ykuw,Lime,33,25,5,
2023,2i5w-ykuw,Lime,33,26,2,
2023,2i5w-ykuw,Lime,33,27,4,
2023,2i5w-ykuw,Lime,33,28,275,
2023,2i5w-ykuw,Lime,33,29,27,
2023,2i5w-ykuw,Lime,33,30,12,
2023,2i5w-ykuw,Lime,33,31,79,
2023,2i5w-ykuw,Lime,33,32,633,
2023,2i5w-ykuw,Lime,33,33,1631,
2023,2i5w-ykuw,Lime,33,34,227,
2023,2i5w-ykuw,Lime,33,35,104,
2023,2i5w-ykuw,Lime,33,36,8,
2023,2i5w-ykuw,Lime,33,37,11,
2023,2i5w-ykuw,Lime,33,38,28,
2023,2i5w-ykuw,Lime,33,39,10,
2023,2i5w-ykuw,Lime,33,40,9,
2023,2i5w-ykuw,Lime,33,41,15,
2023,2i5w-ykuw,Lime,33,42,10,
2023,2i5w-ykuw,Lime,33,43,6,
2023,2i5w-ykuw,Lime,33,44,2,
2023,2i5w-ykuw,Lime,33,46,1,
2023,2i5w-ykuw,Lime,33,58,7,
2023,2i5w-ykuw,Lime,33,59,19,
2023,2i5w-ykuw,Lime,33,60,37,
2023,2i5w-ykuw,Lime,33,61,11,
2023,2i5w-ykuw,Lime,33,62,1,
2023,2i5w-ykuw,Lime,33,63,2,
2023,2i5w-ykuw,Lime,33,66,6,
2023,2i5w-ykuw,Lime,33,67,9,
2023,2i5w-ykuw,Lime,33,68,5,
2023,2i5w-ykuw,Lime,33,69,3,
2023,2i5w-ykuw,Lime,33,71,3,
2023,2i5w-ykuw,Lime,33,77,1,
2023,2i5w-ykuw,Lime,34,6,1,
2023,2i5w-ykuw,Lime,34,7,5,
2023,2i5w-ykuw,Lime,34,8,29,
2023,2i5w-ykuw,Lime,34,22,3,
2023,2i5w-ykuw,Lime,34,23,5,
2023,2i5w-ykuw,Lime,34,24,16,
2023,2i5w-ykuw,Lime,34,25,4,
2023,2i5w-ykuw,Lime,34,26,1,
2023,2i5w-ykuw,Lime,34,27,2,
2023,2i5w-ykuw,Lime,34,28,89,
2023,2i5w-ykuw,Lime,34,29,8,
2023,2i5w-ykuw,Lime,34,30,38,
2023,2i5w-ykuw,Lime,34,31,133,
2023,2i5w-ykuw,Lime,34,32,90,
2023,2i5w-ykuw,Lime,34,33,256,
2023,2i5w-ykuw,Lime,34,34,920,
2023,2i5w-ykuw,Lime,34,35,129,
2023,2i5w-ykuw,Lime,34,36,20,
2023,2i5w-ykuw,Lime,34,37,23,
2023,2i5w-ykuw,Lime,34,38,46,
2023,2i5w-ykuw,Lime,34,39,12,
2023,2i5w-ykuw,Lime,34,40,2,
2023,2i5w-ykuw,Lime,34,41,6,
2023,2i5w-ykuw,Lime,34,42,3,
2023,2i5w-ykuw,Lime,34,43,3,
2023,2i5w-ykuw,Lime,34,44,3,
2023,2i5w-ykuw,Lime,34,46,2,
2023,2i5w-ykuw,Lime,34,51,1,
2023,2i5w-ykuw,Lime,34,56,2,
2023,2i5w-ykuw,Lime,34,57,3,
2023,2i5w-ykuw,Lime,34,58,26,
2023,2i5w-ykuw,Lime,34,59,70,
2023,2i5w-ykuw,Lime,34,60,375,
2023,2i5w-ykuw,Lime,34,61,57,
2023,2i5w-ykuw,Lime,34,62,1,
2023,2i5w-ykuw,Lime,34,63,8,
2023,2i5w-ykuw,Lime,34,64,1,
2023,2i5w-ykuw,Lime,34,66,2,
2023,2i5w-ykuw,Lime,34,67,6,
2023,2i5w-ykuw,Lime,34,68,15,
2023,2i5w-ykuw,Lime,34,69,3,
2023,2i5w-ykuw,Lime,34,70,1,
2023,2i5w-ykuw,Lime,34,71,1,
2023,2i5w-ykuw,Lime,35,,1,
2023,2i5w-ykuw,Lime,35,8,8,
2023,2i5w-ykuw,Lime,35,23,1,
2023,2i5w-ykuw,Lime,35,24,1,
2023,2i5w-ykuw,Lime,35,27,3,
2023,2i5w-ykuw,Lime,35,28,41,
2023,2i5w-ykuw,Lime,35,30,5,
2023,2i5w-ykuw,Lime,35,31,7,
2023,2i5w-ykuw,Lime,35,32,38,
2023,2i5w-ykuw,Lime,35,33,128,
2023,2i5w-ykuw,Lime,35,34,108,
2023,2i5w-ykuw,Lime,35,35,1005,
2023,2i5w-ykuw,Lime,35,36,125,
2023,2i5w-ykuw,Lime,35,37,15,
2023,2i5w-ykuw,Lime,35,38,299,
2023,2i5w-ykuw,Lime,35,39,46,
2023,2i5w-ykuw,Lime,35,40,28,
2023,2i5w-ykuw,Lime,35,41,17,
2023,2i5w-ykuw,Lime,35,42,13,
2023,2i5w-ykuw,Lime,35,43,7,
2023,2i5w-ykuw,Lime,35,44,5,
2023,2i5w-ykuw,Lime,35,45,1,
2023,2i5w-ykuw,Lime,35,46,3,
2023,2i5w-ykuw,Lime,35,50,1,
2023,2i5w-ykuw,Lime,35,51,1,
2023,2i5w-ykuw,Lime,35,53,1,
2023,2i5w-ykuw,Lime,35,54,1,
2023,2i5w-ykuw,Lime,35,58,14,
2023,2i5w-ykuw,Lime,35,59,30,
2023,2i5w-ykuw,Lime,35,60,55,
2023,2i5w-ykuw,Lime,35,61,15,
2023,2i5w-ykuw,Lime,35,62,2,
2023,2i5w-ykuw,Lime,35,66,4,
2023,2i5w-ykuw,Lime,35,67,4,
2023,2i5w-ykuw,Lime,35,68,17,
2023,2i5w-ykuw,Lime,35,69,15,
2023,2i5w-ykuw,Lime,35,71,5,
2023,2i5w-ykuw,Lime,36,,1,
2023,2i5w-ykuw,Lime,36,8,1,
2023,2i5w-ykuw,Lime,36,23,2,
2023,2i5w-ykuw,Lime,36,28,7,
2023,2i5w-ykuw,Lime,36,30,1,
2023,2i5w-ykuw,Lime,36,31,1,
2023,2i5w-ykuw,Lime,36,32,5,
2023,2i5w-ykuw,Lime,36,33,5,
2023,2i5w-ykuw,Lime,36,34,14,
2023,2i5w-ykuw,Lime,36,35,127,
2023,2i5w-ykuw,Lime,36,36,365,
2023,2i5w-ykuw,Lime,36,38,141,
2023,2i5w-ykuw,Lime,36,39,147,
2023,2i5w-ykuw,Lime,36,40,21,
2023,2i5w-ykuw,Lime,36,41,33,
2023,2i5w-ykuw,Lime,36,42,14,
2023,2i5w-ykuw,Lime,36,43,16,
2023,2i5w-ykuw,Lime,36,45,3,
2023,2i5w-ykuw,Lime,36,58,1,
2023,2i5w-ykuw,Lime,36,59,1,
2023,2i5w-ykuw,Lime,36,60,1,
2023,2i5w-ykuw,Lime,36,61,6,
2023,2i5w-ykuw,Lime,36,67,2,
2023,2i5w-ykuw,Lime,36,69,7,
2023,2i5w-ykuw,Lime,36,71,1,
2023,2i5w-ykuw,Lime,37,1,2,
2023,2i5w-ykuw,Lime,37,6,1,
2023,2i5w-ykuw,Lime,37,8,1,
2023,2i5w-ykuw,Lime,37,22,1,
2023,2i5w-ykuw,Lime,37,23,1,
2023,2i5w-ykuw,Lime,37,25,1,
2023,2i5w-ykuw,Lime,37,28,4,
2023,2i5w-ykuw,Lime,37,29,2,
2023,2i5w-ykuw,Lime,37,30,1,
2023,2i5w-ykuw,Lime,37,31,1,
2023,2i5w-ykuw,Lime,37,32,3,
2023,2i5w-ykuw,Lime,37,33,5,
2023,2i5w-ykuw,Lime,37,34,28,
2023,2i5w-ykuw,Lime,37,35,12,
2023,2i5w-ykuw,Lime,37,36,1,
2023,2i5w-ykuw,Lime,37,37,326,
2023,2i5w-ykuw,Lime,37,38,145,
2023,2i5w-ykuw,Lime,37,39,25,
2023,2i5w-ykuw,Lime,37,40,153,
2023,2i5w-ykuw,Lime,37,41,38,
2023,2i5w-ykuw,Lime,37,42,34,
2023,2i5w-ykuw,Lime,37,43,16,
2023,2i5w-ykuw,Lime,37,44,5,
2023,2i5w-ykuw,Lime,37,46,1,
2023,2i5w-ykuw,Lime,37,49,5,
2023,2i5w-ykuw,Lime,37,57,5,
2023,2i5w-ykuw,Lime,37,58,10,
2023,2i5w-ykuw,Lime,37,59,4,
2023,2i5w-ykuw,Lime,37,60,17,
2023,2i5w-ykuw,Lime,37,61,302,
2023,2i5w-ykuw,Lime,37,62,2,
2023,2i5w-ykuw,Lime,37,63,24,
2023,2i5w-ykuw,Lime,37,66,24,
2023,2i5w-ykuw,Lime,37,67,101,
2023,2i5w-ykuw,Lime,37,68,148,
2023,2i5w-ykuw,Lime,37,69,22,
2023,2i5w-ykuw,Lime,37,71,5,
2023,2i5w-ykuw,Lime,37,73,2,
2023,2i5w-ykuw,Lime,38,8,2,
2023,2i5w-ykuw,Lime,38,22,1,
2023,2i5w-ykuw,Lime,38,24,1,
2023,2i5w-ykuw,Lime,38,25,3,
2023,2i5w-ykuw,Lime,38,27,1,
2023,2i5w-ykuw,Lime,38,28,18,
2023,2i5w-ykuw,Lime,38,29,3,
2023,2i5w-ykuw,Lime,38,30,1,
2023,2i5w-ykuw,Lime,38,31,2,
2023,2i5w-ykuw,Lime,38,32,19,
2023,2i5w-ykuw,Lime,38,33,46,
2023,2i5w-ykuw,Lime,38,34,73,
2023,2i5w-ykuw,Lime,38,35,277,
2023,2i5w-ykuw,Lime,38,36,146,
2023,2i5w-ykuw,Lime,38,37,109,
2023,2i5w-ykuw,Lime,38,38,2350,
2023,2i5w-ykuw,Lime,38,39,453,
2023,2i5w-ykuw,Lime,38,40,322,
2023,2i5w-ykuw,Lime,38,41,284,
2023,2i5w-ykuw,Lime,38,42,103,
2023,2i5w-ykuw,Lime,38,43,29,
2023,2i5w-ykuw,Lime,38,44,14,
2023,2i5w-ykuw,Lime,38,45,1,
2023,2i5w-ykuw,Lime,38,46,2,
2023,2i5w-ykuw,Lime,38,49,11,
2023,2i5w-ykuw,Lime,38,51,1,
2023,2i5w-ykuw,Lime,38,58,2,
2023,2i5w-ykuw,Lime,38,59,13,
2023,2i5w-ykuw,Lime,38,60,34,
2023,2i5w-ykuw,Lime,38,61,89,
2023,2i5w-ykuw,Lime,38,66,9,
2023,2i5w-ykuw,Lime,38,67,18,
2023,2i5w-ykuw,Lime,38,68,59,
2023,2i5w-ykuw,Lime,38,69,115,
2023,2i5w-ykuw,Lime,38,70,2,
2023,2i5w-ykuw,Lime,38,71,23,
2023,2i5w-ykuw,Lime,38,73,9,
2023,2i5w-ykuw,Lime,39,24,2,
2023,2i5w-ykuw,Lime,39,28,4,
2023,2i5w-ykuw,Lime,39,31,4,
2023,2i5w-ykuw,Lime,39,32,4,
2023,2i5w-ykuw,Lime,39,33,14,
2023,2i5w-ykuw,Lime,39,34,18,
2023,2i5w-ykuw,Lime,39,35,39,
2023,2i5w-ykuw,Lime,39,36,162,
2023,2i5w-ykuw,Lime,39,37,39,
2023,2i5w-ykuw,Lime,39,38,414,
2023,2i5w-ykuw,Lime,39,39,1189,
2023,2i5w-ykuw,Lime,39,40,77,
2023,2i5w-ykuw,Lime,39,41,562,
2023,2i5w-ykuw,Lime,39,42,106,
2023,2i5w-ykuw,Lime,39,43,65,
2023,2i5w-ykuw,Lime,39,44,7,
2023,2i5w-ykuw,Lime,39,45,15,
2023,2i5w-ykuw,Lime,39,46,1,
2023,2i5w-ykuw,Lime,39,48,4,
2023,2i5w-ykuw,Lime,39,49,1,
2023,2i5w-ykuw,Lime,39,50,1,
2023,2i5w-ykuw,Lime,39,51,1,
2023,2i5w-ykuw,Lime,39,53,1,
2023,2i5w-ykuw,Lime,39,56,1,
2023,2i5w-ykuw,Lime,39,59,2,
2023,2i5w-ykuw,Lime,39,60,1,
2023,2i5w-ykuw,Lime,39,61,12,
2023,2i5w-ykuw,Lime,39,63,1,
2023,2i5w-ykuw,Lime,39,66,2,
2023,2i5w-ykuw,Lime,39,67,6,
2023,2i5w-ykuw,Lime,39,68,8,
2023,2i5w-ykuw,Lime,39,69,80,
2023,2i5w-ykuw,Lime,39,71,12,
2023,2i5w-ykuw,Lime,39,73,3,
2023,2i5w-ykuw,Lime,39,77,2,
2023,2i5w-ykuw,Lime,40,24,2,
2023,2i5w-ykuw,Lime,40,26,2,
2023,2i5w-ykuw,Lime,40,27,1,
2023,2i5w-ykuw,Lime,40,28,6,
2023,2i5w-ykuw,Lime,40,30,9,
2023,2i5w-ykuw,Lime,40,31,4,
2023,2i5w-ykuw,Lime,40,32,8,
2023,2i5w-ykuw,Lime,40,33,12,
2023,2i5w-ykuw,Lime,40,34,4,
2023,2i5w-ykuw,Lime,40,35,52,
2023,2i5w-ykuw,Lime,40,36,17,
2023,2i5w-ykuw,Lime,40,37,139,
2023,2i5w-ykuw,Lime,40,38,347,
2023,2i5w-ykuw,Lime,40,39,91,
2023,2i5w-ykuw,Lime,40,40,2489,
2023,2i5w-ykuw,Lime,40,41,196,
2023,2i5w-ykuw,Lime,40,42,344,
2023,2i5w-ykuw,Lime,40,43,46,
2023,2i5w-ykuw,Lime,40,44,73,
2023,2i5w-ykuw,Lime,40,45,6,
2023,2i5w-ykuw,Lime,40,46,7,
2023,2i5w-ykuw,Lime,40,48,2,
2023,2i5w-ykuw,Lime,40,49,13,
2023,2i5w-ykuw,Lime,40,51,3,
2023,2i5w-ykuw,Lime,40,53,1,
2023,2i5w-ykuw,Lime,40,58,1,
2023,2i5w-ykuw,Lime,40,59,1,
2023,2i5w-ykuw,Lime,40,60,3,
2023,2i5w-ykuw,Lime,40,61,43,
2023,2i5w-ykuw,Lime,40,62,1,
2023,2i5w-ykuw,Lime,40,63,1,
2023,2i5w-ykuw,Lime,40,66,6,
2023,2i5w-ykuw,Lime,40,67,49,
2023,2i5w-ykuw,Lime,40,68,223,
2023,2i5w-ykuw,Lime,40,69,192,
2023,2i5w-ykuw,Lime,40,70,4,
2023,2i5w-ykuw,Lime,40,71,26,
2023,2i5w-ykuw,Lime,40,73,5,
2023,2i5w-ykuw,Lime,40,75,1,
2023,2i5w-ykuw,Lime,41,7,1,
2023,2i5w-ykuw,Lime,41,8,9,
2023,2i5w-ykuw,Lime,41,21,1,
2023,2i5w-ykuw,Lime,41,24,2,
2023,2i5w-ykuw,Lime,41,28,4,
2023,2i5w-ykuw,Lime,41,32,12,
2023,2i5w-ykuw,Lime,41,33,15,
2023,2i5w-ykuw,Lime,41,34,3,
2023,2i5w-ykuw,Lime,41,35,34,
2023,2i5w-ykuw,Lime,41,36,48,
2023,2i5w-ykuw,Lime,41,37,57,
2023,2i5w-ykuw,Lime,41,38,234,
2023,2i5w-ykuw,Lime,41,39,557,
2023,2i5w-ykuw,Lime,41,40,161,
2023,2i5w-ykuw,Lime,41,41,3222,
2023,2i5w-ykuw,Lime,41,42,502,
2023,2i5w-ykuw,Lime,41,43,165,
2023,2i5w-ykuw,Lime,41,44,76,
2023,2i5w-ykuw,Lime,41,45,18,
2023,2i5w-ykuw,Lime,41,46,21,
2023,2i5w-ykuw,Lime,41,48,7,
2023,2i5w-ykuw,Lime,41,49,1,
2023,2i5w-ykuw,Lime,41,50,6,
2023,2i5w-ykuw,Lime,41,51,5,
2023,2i5w-ykuw,Lime,41,55,1,
2023,2i5w-ykuw,Lime,41,60,2,
2023,2i5w-ykuw,Lime,41,61,14,
2023,2i5w-ykuw,Lime,41,62,1,
2023,2i5w-ykuw,Lime,41,63,9,
2023,2i5w-ykuw,Lime,41,66,8,
2023,2i5w-ykuw,Lime,41,67,12,
2023,2i5w-ykuw,Lime,41,68,31,
2023,2i5w-ykuw,Lime,41,69,64,
2023,2i5w-ykuw,Lime,41,71,5,
2023,2i5w-ykuw,Lime,41,73,4,
2023,2i5w-ykuw,Lime,42,,4,
2023,2i5w-ykuw,Lime,42,8,3,
2023,2i5w-ykuw,Lime,42,24,1,
2023,2i5w-ykuw,Lime,42,28,11,
2023,2i5w-ykuw,Lime,42,29,3,
2023,2i5w-ykuw,Lime,42,32,4,
2023,2i5w-ykuw,Lime,42,33,10,
2023,2i5w-ykuw,Lime,42,34,5,
2023,2i5w-ykuw,Lime,42,35,26,
2023,2i5w-ykuw,Lime,42,36,16,
2023,2i5w-ykuw,Lime,42,37,19,
2023,2i5w-ykuw,Lime,42,38,130,
2023,2i5w-ykuw,Lime,42,39,106,
2023,2i5w-ykuw,Lime,42,40,333,
2023,2i5w-ykuw,Lime,42,41,490,
2023,2i5w-ykuw,Lime,42,42,3605,
2023,2i5w-ykuw,Lime,42,43,836,
2023,2i5w-ykuw,Lime,42,44,256,
2023,2i5w-ykuw,Lime,42,45,34,
2023,2i5w-ykuw,Lime,42,46,21,
2023,2i5w-ykuw,Lime,42,48,15,
2023,2i5w-ykuw,Lime,42,49,16,
2023,2i5w-ykuw,Lime,42,50,11,
2023,2i5w-ykuw,Lime,42,51,4,
2023,2i5w-ykuw,Lime,42,52,1,
2023,2i5w-ykuw,Lime,42,53,3,
2023,2i5w-ykuw,Lime,42,57,1,
2023,2i5w-ykuw,Lime,42,60,5,
2023,2i5w-ykuw,Lime,42,61,13,
2023,2i5w-ykuw,Lime,42,62,3,
2023,2i5w-ykuw,Lime,42,63,2,
2023,2i5w-ykuw,Lime,42,64,1,
2023,2i5w-ykuw,Lime,42,66,12,
2023,2i5w-ykuw,Lime,42,67,44,
2023,2i5w-ykuw,Lime,42,68,192,
2023,2i5w-ykuw,Lime,42,69,559,
2023,2i5w-ykuw,Lime,42,70,2,
2023,2i5w-ykuw,Lime,42,71,65,
2023,2i5w-ykuw,Lime,42,72,5,
2023,2i5w-ykuw,Lime,42,73,11,
2023,2i5w-ykuw,Lime,43,,5,
2023,2i5w-ykuw,Lime,43,25,1,
2023,2i5w-ykuw,Lime,43,28,4,
2023,2i5w-ykuw,Lime,43,30,1,
2023,2i5w-ykuw,Lime,43,31,4,
2023,2i5w-ykuw,Lime,43,32,4,
2023,2i5w-ykuw,Lime,43,33,12,
2023,2i5w-ykuw,Lime,43,34,3,
2023,2i5w-ykuw,Lime,43,35,10,
2023,2i5w-ykuw,Lime,43,36,20,
2023,2i5w-ykuw,Lime,43,37,7,
2023,2i5w-ykuw,Lime,43,38,34,
2023,2i5w-ykuw,Lime,43,39,46,
2023,2i5w-ykuw,Lime,43,40,47,
2023,2i5w-ykuw,Lime,43,41,227,
2023,2i5w-ykuw,Lime,43,42,879,
2023,2i5w-ykuw,Lime,43,43,14315,
2023,2i5w-ykuw,Lime,43,44,470,
2023,2i5w-ykuw,Lime,43,45,478,
2023,2i5w-ykuw,Lime,43,46,875,
2023,2i5w-ykuw,Lime,43,47,13,
2023,2i5w-ykuw,Lime,43,48,105,
2023,2i5w-ykuw,Lime,43,49,77,
2023,2i5w-ykuw,Lime,43,50,86,
2023,2i5w-ykuw,Lime,43,51,45,
2023,2i5w-ykuw,Lime,43,52,12,
2023,2i5w-ykuw,Lime,43,53,4,
2023,2i5w-ykuw,Lime,43,54,1,
2023,2i5w-ykuw,Lime,43,55,3,
2023,2i5w-ykuw,Lime,43,56,1,
2023,2i5w-ykuw,Lime,43,57,2,
2023,2i5w-ykuw,Lime,43,60,1,
2023,2i5w-ykuw,Lime,43,61,12,
2023,2i5w-ykuw,Lime,43,62,5,
2023,2i5w-ykuw,Lime,43,63,2,
2023,2i5w-ykuw,Lime,43,65,3,
2023,2i5w-ykuw,Lime,43,66,22,
2023,2i5w-ykuw,Lime,43,67,38,
2023,2i5w-ykuw,Lime,43,68,67,
2023,2i5w-ykuw,Lime,43,69,755,
2023,2i5w-ykuw,Lime,43,70,13,
2023,2i5w-ykuw,Lime,43,71,116,
2023,2i5w-ykuw,Lime,43,72,2,
2023,2i5w-ykuw,Lime,43,73,12,
2023,2i5w-ykuw,Lime,43,74,2,
2023,2i5w-ykuw,Lime,43,75,2,
2023,2i5w-ykuw,Lime,44,,4,
2023,2i5w-ykuw,Lime,44,3,1,
2023,2i5w-ykuw,Lime,44,22,1,
2023,2i5w-ykuw,Lime,44,23,1,
2023,2i5w-ykuw,Lime,44,24,1,
2023,2i5w-ykuw,Lime,44,25,1,
2023,2i5w-ykuw,Lime,44,26,3,
2023,2i5w-ykuw,Lime,44,28,1,
2023,2i5w-ykuw,Lime,44,31,1,
2023,2i5w-ykuw,Lime,44,32,6,
2023,2i5w-ykuw,Lime,44,33,9,
2023,2i5w-ykuw,Lime,44,34,6,
2023,2i5w-ykuw,Lime,44,35,9,
2023,2i5w-ykuw,Lime,44,36,4,
2023,2i5w-ykuw,Lime,44,37,5,
2023,2i5w-ykuw,Lime,44,38,19,
2023,2i5w-ykuw,Lime,44,39,13,
2023,2i5w-ykuw,Lime,44,40,53,
2023,2i5w-ykuw,Lime,44,41,75,
2023,2i5w-ykuw,Lime,44,42,243,
2023,2i5w-ykuw,Lime,44,43,583,
2023,2i5w-ykuw,Lime,44,44,11524,
2023,2i5w-ykuw,Lime,44,45,442,
2023,2i5w-ykuw,Lime,44,46,344,
2023,2i5w-ykuw,Lime,44,47,136,
2023,2i5w-ykuw,Lime,44,48,221,
2023,2i5w-ykuw,Lime,44,49,665,
2023,2i5w-ykuw,Lime,44,50,114,
2023,2i5w-ykuw,Lime,44,51,106,
2023,2i5w-ykuw,Lime,44,52,4,
2023,2i5w-ykuw,Lime,44,53,36,
2023,2i5w-ykuw,Lime,44,54,4,
2023,2i5w-ykuw,Lime,44,55,15,
2023,2i5w-ykuw,Lime,44,57,1,
2023,2i5w-ykuw,Lime,44,58,2,
2023,2i5w-ykuw,Lime,44,59,7,
2023,2i5w-ykuw,Lime,44,60,3,
2023,2i5w-ykuw,Lime,44,61,23,
2023,2i5w-ykuw,Lime,44,63,1,
2023,2i5w-ykuw,Lime,44,65,1,
2023,2i5w-ykuw,Lime,44,66,39,
2023,2i5w-ykuw,Lime,44,67,104,
2023,2i5w-ykuw,Lime,44,68,161,
2023,2i5w-ykuw,Lime,44,69,2179,
2023,2i5w-ykuw,Lime,44,70,27,
2023,2i5w-ykuw,Lime,44,71,914,
2023,2i5w-ykuw,Lime,44,72,27,
2023,2i5w-ykuw,Lime,44,73,242,
2023,2i5w-ykuw,Lime,44,74,2,
2023,2i5w-ykuw,Lime,44,75,32,
2023,2i5w-ykuw,Lime,45,,1,
2023,2i5w-ykuw,Lime,45,28,2,
2023,2i5w-ykuw,Lime,45,33,1,
2023,2i5w-ykuw,Lime,45,35,2,
2023,2i5w-ykuw,Lime,45,37,1,
2023,2i5w-ykuw,Lime,45,38,2,
2023,2i5w-ykuw,Lime,45,39,8,
2023,2i5w-ykuw,Lime,45,40,6,
2023,2i5w-ykuw,Lime,45,41,19,
2023,2i5w-ykuw,Lime,45,42,24,
2023,2i5w-ykuw,Lime,45,43,452,
2023,2i5w-ykuw,Lime,45,44,317,
2023,2i5w-ykuw,Lime,45,45,1031,
2023,2i5w-ykuw,Lime,45,46,215,
2023,2i5w-ykuw,Lime,45,47,29,
2023,2i5w-ykuw,Lime,45,48,200,
2023,2i5w-ykuw,Lime,45,49,18,
2023,2i5w-ykuw,Lime,45,50,16,
2023,2i5w-ykuw,Lime,45,51,51,
2023,2i5w-ykuw,Lime,45,52,4,
2023,2i5w-ykuw,Lime,45,53,3,
2023,2i5w-ykuw,Lime,45,54,1,
2023,2i5w-ykuw,Lime,45,55,1,
2023,2i5w-ykuw,Lime,45,56,1,
2023,2i5w-ykuw,Lime,45,60,2,
2023,2i5w-ykuw,Lime,45,61,1,
2023,2i5w-ykuw,Lime,45,66,2,
2023,2i5w-ykuw,Lime,45,67,9,
2023,2i5w-ykuw,Lime,45,68,12,
2023,2i5w-ykuw,Lime,45,69,122,
2023,2i5w-ykuw,Lime,45,70,2,
2023,2i5w-ykuw,Lime,45,71,7,
2023,2i5w-ykuw,Lime,45,72,12,
2023,2i5w-ykuw,Lime,45,73,3,
2023,2i5w-ykuw,Lime,45,75,3,
2023,2i5w-ykuw,Lime,46,25,1,
2023,2i5w-ykuw,Lime,46,28,2,
2023,2i5w-ykuw,Lime,46,32,1,
2023,2i5w-ykuw,Lime,46,33,1,
2023,2i5w-ykuw,Lime,46,35,5,
2023,2i5w-ykuw,Lime,46,36,1,
2023,2i5w-ykuw,Lime,46,37,1,
2023,2i5w-ykuw,Lime,46,38,4,
2023,2i5w-ykuw,Lime,46,39,4,
2023,2i5w-ykuw,Lime,46,40,6,
2023,2i5w-ykuw,Lime,46,41,16,
2023,2i5w-ykuw,Lime,46,42,29,
2023,2i5w-ykuw,Lime,46,43,935,
2023,2i5w-ykuw,Lime,46,44,314,
2023,2i5w-ykuw,Lime,46,45,178,
2023,2i5w-ykuw,Lime,46,46,4854,
2023,2i5w-ykuw,Lime,46,47,5,
2023,2i5w-ykuw,Lime,46,48,188,
2023,2i5w-ykuw,Lime,46,49,37,
2023,2i5w-ykuw,Lime,46,50,7,
2023,2i5w-ykuw,Lime,46,51,131,
2023,2i5w-ykuw,Lime,46,52,286,
2023,2i5w-ykuw,Lime,46,54,1,
2023,2i5w-ykuw,Lime,46,55,6,
2023,2i5w-ykuw,Lime,46,56,2,
2023,2i5w-ykuw,Lime,46,58,1,
2023,2i5w-ykuw,Lime,46,59,6,
2023,2i5w-ykuw,Lime,46,61,2,
2023,2i5w-ykuw,Lime,46,63,3,
2023,2i5w-ykuw,Lime,46,66,1,
2023,2i5w-ykuw,Lime,46,67,4,
2023,2i5w-ykuw,Lime,46,68,25,
2023,2i5w-ykuw,Lime,46,69,106,
2023,2i5w-ykuw,Lime,46,70,1,
2023,2i5w-ykuw,Lime,46,71,12,
2023,2i5w-ykuw,Lime,46,72,2,
2023,2i5w-ykuw,Lime,46,73,8,
2023,2i5w-ykuw,Lime,47,33,1,
2023,2i5w-ykuw,Lime,47,39,1,
2023,2i5w-ykuw,Lime,47,40,1,
2023,2i5w-ykuw,Lime,47,42,3,
2023,2i5w-ykuw,Lime,47,43,19,
2023,2i5w-ykuw,Lime,47,44,129,
2023,2i5w-ykuw,Lime,47,45,22,
2023,2i5w-ykuw,Lime,47,46,4,
2023,2i5w-ykuw,Lime,47,47,292,
2023,2i5w-ykuw,Lime,47,48,28,
2023,2i5w-ykuw,Lime,47,49,32,
2023,2i5w-ykuw,Lime,47,50,25,
2023,2i5w-ykuw,Lime,47,51,31,
2023,2i5w-ykuw,Lime,47,53,1,
2023,2i5w-ykuw,Lime,47,68,1,
2023,2i5w-ykuw,Lime,47,69,47,
2023,2i5w-ykuw,Lime,47,71,10,
2023,2i5w-ykuw,Lime,47,72,1,
2023,2i5w-ykuw,Lime,47,73,7,
2023,2i5w-ykuw,Lime,47,75,1,
2023,2i5w-ykuw,Lime,48,,2,
2023,2i5w-ykuw,Lime,48,28,1,
2023,2i5w-ykuw,Lime,48,33,4,
2023,2i5w-ykuw,Lime,48,35,2,
2023,2i5w-ykuw,Lime,48,37,1,
2023,2i5w-ykuw,Lime,48,38,1,
2023,2i5w-ykuw,Lime,48,40,1,
2023,2i5w-ykuw,Lime,48,41,7,
2023,2i5w-ykuw,Lime,48,42,18,
2023,2i5w-ykuw,Lime,48,43,120,
2023,2i5w-ykuw,Lime,48,44,206,
2023,2i5w-ykuw,Lime,48,45,230,
2023,2i5w-ykuw,Lime,48,46,198,
2023,2i5w-ykuw,Lime,48,47,30,
2023,2i5w-ykuw,Lime,48,48,1449,
2023,2i5w-ykuw,Lime,48,49,89,
2023,2i5w-ykuw,Lime,48,50,16,
2023,2i5w-ykuw,Lime,48,51,131,
2023,2i5w-ykuw,Lime,48,52,8,
2023,2i5w-ykuw,Lime,48,53,6,
2023,2i5w-ykuw,Lime,48,54,1,
2023,2i5w-ykuw,Lime,48,55,1,
2023,2i5w-ykuw,Lime,48,61,1,
2023,2i5w-ykuw,Lime,48,65,1,
2023,2i5w-ykuw,Lime,48,67,4,
2023,2i5w-ykuw,Lime,48,68,5,
2023,2i5w-ykuw,Lime,48,69,31,
2023,2i5w-ykuw,Lime,48,70,3,
2023,2i5w-ykuw,Lime,48,71,4,
2023,2i5w-ykuw,Lime,48,72,3,
2023,2i5w-ykuw,Lime,48,73,21,
2023,2i5w-ykuw,Lime,48,74,1,
2023,2i5w-ykuw,Lime,48,75,2,
2023,2i5w-ykuw,Lime,49,,22,
2023,2i5w-ykuw,Lime,49,8,5,
2023,2i5w-ykuw,Lime,49,29,1,
2023,2i5w-ykuw,Lime,49,30,1,
2023,2i5w-ykuw,Lime,49,32,1,
2023,2i5w-ykuw,Lime,49,35,1,
2023,2i5w-ykuw,Lime,49,36,1,
2023,2i5w-ykuw,Lime,49,37,1,
2023,2i5w-ykuw,Lime,49,38,5,
2023,2i5w-ykuw,Lime,49,39,5,
2023,2i5w-ykuw,Lime,49,40,14,
2023,2i5w-ykuw,Lime,49,41,4,
2023,2i5w-ykuw,Lime,49,42,12,
2023,2i5w-ykuw,Lime,49,43,28,
2023,2i5w-ykuw,Lime,49,44,541,
2023,2i5w-ykuw,Lime,49,45,15,
2023,2i5w-ykuw,Lime,49,46,42,
2023,2i5w-ykuw,Lime,49,47,47,
2023,2i5w-ykuw,Lime,49,48,104,
2023,2i5w-ykuw,Lime,49,49,6820,
2023,2i5w-ykuw,Lime,49,50,644,
2023,2i5w-ykuw,Lime,49,51,78,
2023,2i5w-ykuw,Lime,49,52,5,
2023,2i5w-ykuw,Lime,49,53,616,
2023,2i5w-ykuw,Lime,49,54,40,
2023,2i5w-ykuw,Lime,49,55,4,
2023,2i5w-ykuw,Lime,49,60,1,
2023,2i5w-ykuw,Lime,49,61,3,
2023,2i5w-ykuw,Lime,49,65,3,
2023,2i5w-ykuw,Lime,49,66,8,
2023,2i5w-ykuw,Lime,49,67,17,
2023,2i5w-ykuw,Lime,49,68,33,
2023,2i5w-ykuw,Lime,49,69,79,
2023,2i5w-ykuw,Lime,49,70,12,
2023,2i5w-ykuw,Lime,49,71,129,
2023,2i5w-ykuw,Lime,49,72,124,
2023,2i5w-ykuw,Lime,49,73,675,
2023,2i5w-ykuw,Lime,49,74,9,
2023,2i5w-ykuw,Lime,49,75,210,
2023,2i5w-ykuw,Lime,50,,5,
2023,2i5w-ykuw,Lime,50,37,1,
2023,2i5w-ykuw,Lime,50,38,1,
2023,2i5w-ykuw,Lime,50,41,1,
2023,2i5w-ykuw,Lime,50,42,13,
2023,2i5w-ykuw,Lime,50,43,56,
2023,2i5w-ykuw,Lime,50,44,95,
2023,2i5w-ykuw,Lime,50,45,15,
2023,2i5w-ykuw,Lime,50,46,11,
2023,2i5w-ykuw,Lime,50,47,19,
2023,2i5w-ykuw,Lime,50,48,38,
2023,2i5w-ykuw,Lime,50,49,622,
2023,2i5w-ykuw,Lime,50,50,1537,
2023,2i5w-ykuw,Lime,50,51,47,
2023,2i5w-ykuw,Lime,50,52,4,
2023,2i5w-ykuw,Lime,50,53,165,
2023,2i5w-ykuw,Lime,50,54,5,
2023,2i5w-ykuw,Lime,50,68,15,
2023,2i5w-ykuw,Lime,50,69,21,
2023,2i5w-ykuw,Lime,50,70,1,
2023,2i5w-ykuw,Lime,50,71,14,
2023,2i5w-ykuw,Lime,50,72,7,
2023,2i5w-ykuw,Lime,50,73,17,
2023,2i5w-ykuw,Lime,50,75,4,
2023,2i5w-ykuw,Lime,51,,1,
2023,2i5w-ykuw,Lime,51,28,1,
2023,2i5w-ykuw,Lime,51,38,2,
2023,2i5w-ykuw,Lime,51,40,2,
2023,2i5w-ykuw,Lime,51,41,4,
2023,2i5w-ykuw,Lime,51,42,8,
2023,2i5w-ykuw,Lime,51,43,57,
2023,2i5w-ykuw,Lime,51,44,43,
2023,2i5w-ykuw,Lime,51,45,32,
2023,2i5w-ykuw,Lime,51,46,118,
2023,2i5w-ykuw,Lime,51,47,26,
2023,2i5w-ykuw,Lime,51,48,166,
2023,2i5w-ykuw,Lime,51,49,90,
2023,2i5w-ykuw,Lime,51,50,54,
2023,2i5w-ykuw,Lime,51,51,1545,
2023,2i5w-ykuw,Lime,51,52,115,
2023,2i5w-ykuw,Lime,51,53,1,
2023,2i5w-ykuw,Lime,51,55,18,
2023,2i5w-ykuw,Lime,51,66,1,
2023,2i5w-ykuw,Lime,51,68,4,
2023,2i5w-ykuw,Lime,51,69,18,
2023,2i5w-ykuw,Lime,51,71,6,
2023,2i5w-ykuw,Lime,51,72,2,
2023,2i5w-ykuw,Lime,51,73,9,
2023,2i5w-ykuw,Lime,51,75,3,
2023,2i5w-ykuw,Lime,52,,13,
2023,2i5w-ykuw,Lime,52,36,2,
2023,2i5w-ykuw,Lime,52,38,1,
2023,2i5w-ykuw,Lime,52,39,1,
2023,2i5w-ykuw,Lime,52,40,1,
2023,2i5w-ykuw,Lime,52,41,1,
2023,2i5w-ykuw,Lime,52,43,26,
2023,2i5w-ykuw,Lime,52,44,4,
2023,2i5w-ykuw,Lime,52,45,2,
2023,2i5w-ykuw,Lime,52,46,224,
2023,2i5w-ykuw,Lime,52,48,19,
2023,2i5w-ykuw,Lime,52,49,9,
2023,2i5w-ykuw,Lime,52,50,1,
2023,2i5w-ykuw,Lime,52,51,102,
2023,2i5w-ykuw,Lime,52,52,6861,
2023,2i5w-ykuw,Lime,52,55,639,
2023,2i5w-ykuw,Lime,52,59,1,
2023,2i5w-ykuw,Lime,52,68,1,
2023,2i5w-ykuw,Lime,52,69,4,
2023,2i5w-ykuw,Lime,52,73,1,
2023,2i5w-ykuw,Lime,53,,69,
2023,2i5w-ykuw,Lime,53,34,1,
2023,2i5w-ykuw,Lime,53,37,1,
2023,2i5w-ykuw,Lime,53,38,1,
2023,2i5w-ykuw,Lime,53,39,3,
2023,2i5w-ykuw,Lime,53,40,4,
2023,2i5w-ykuw,Lime,53,41,1,
2023,2i5w-ykuw,Lime,53,42,3,
2023,2i5w-ykuw,Lime,53,43,3,
2023,2i5w-ykuw,Lime,53,44,39,
2023,2i5w-ykuw,Lime,53,46,2,
2023,2i5w-ykuw,Lime,53,47,1,
2023,2i5w-ykuw,Lime,53,48,11,
2023,2i5w-ykuw,Lime,53,49,569,
2023,2i5w-ykuw,Lime,53,50,177,
2023,2i5w-ykuw,Lime,53,51,1,
2023,2i5w-ykuw,Lime,53,52,1,
2023,2i5w-ykuw,Lime,53,53,4309,
2023,2i5w-ykuw,Lime,53,54,85,
2023,2i5w-ykuw,Lime,53,61,2,
2023,2i5w-ykuw,Lime,53,64,1,
2023,2i5w-ykuw,Lime,53,66,1,
2023,2i5w-ykuw,Lime,53,67,7,
2023,2i5w-ykuw,Lime,53,68,5,
2023,2i5w-ykuw,Lime,53,69,10,
2023,2i5w-ykuw,Lime,53,70,1,
2023,2i5w-ykuw,Lime,53,71,16,
2023,2i5w-ykuw,Lime,53,72,24,
2023,2i5w-ykuw,Lime,53,73,119,
2023,2i5w-ykuw,Lime,53,74,3,
2023,2i5w-ykuw,Lime,53,75,223,
2023,2i5w-ykuw,Lime,54,,11,
2023,2i5w-ykuw,Lime,54,8,1,
2023,2i5w-ykuw,Lime,54,43,1,
2023,2i5w-ykuw,Lime,54,44,1,
2023,2i5w-ykuw,Lime,54,49,22,
2023,2i5w-ykuw,Lime,54,50,1,
2023,2i5w-ykuw,Lime,54,51,1,
2023,2i5w-ykuw,Lime,54,53,34,
2023,2i5w-ykuw,Lime,54,54,1621,
2023,2i5w-ykuw,Lime,54,55,1,
2023,2i5w-ykuw,Lime,54,67,2,
2023,2i5w-ykuw,Lime,54,68,2,
2023,2i5w-ykuw,Lime,54,71,2,
2023,2i5w-ykuw,Lime,54,75,2,
2023,2i5w-ykuw,Lime,55,,5,
2023,2i5w-ykuw,Lime,55,38,1,
2023,2i5w-ykuw,Lime,55,39,1,
2023,2i5w-ykuw,Lime,55,44,9,
2023,2i5w-ykuw,Lime,55,46,1,
2023,2i5w-ykuw,Lime,55,49,4,
2023,2i5w-ykuw,Lime,55,50,1,
2023,2i5w-ykuw,Lime,55,51,21,
2023,2i5w-ykuw,Lime,55,52,546,
2023,2i5w-ykuw,Lime,55,53,1,
2023,2i5w-ykuw,Lime,55,54,2,
2023,2i5w-ykuw,Lime,55,55,1540,
2023,2i5w-ykuw,Lime,55,71,1,
2023,2i5w-ykuw,Lime,56,,41,
2023,2i5w-ykuw,Lime,56,15,1,
2023,2i5w-ykuw,Lime,56,23,3,
2023,2i5w-ykuw,Lime,56,24,2,
2023,2i5w-ykuw,Lime,56,25,2,
2023,2i5w-ykuw,Lime,56,26,6,
2023,2i5w-ykuw,Lime,56,28,4,
2023,2i5w-ykuw,Lime,56,29,2,
2023,2i5w-ykuw,Lime,56,30,24,
2023,2i5w-ykuw,Lime,56,33,1,
2023,2i5w-ykuw,Lime,56,34,1,
2023,2i5w-ykuw,Lime,56,36,1,
2023,2i5w-ykuw,Lime,56,37,1,
2023,2i5w-ykuw,Lime,56,39,1,
2023,2i5w-ykuw,Lime,56,42,1,
2023,2i5w-ykuw,Lime,56,43,1,
2023,2i5w-ykuw,Lime,56,56,1907,
2023,2i5w-ykuw,Lime,56,57,448,
2023,2i5w-ykuw,Lime,56,58,42,
2023,2i5w-ykuw,Lime,56,59,4,
2023,2i5w-ykuw,Lime,56,60,1,
2023,2i5w-ykuw,Lime,56,61,1,
2023,2i5w-ykuw,Lime,56,62,395,
2023,2i5w-ykuw,Lime,56,63,59,
2023,2i5w-ykuw,Lime,56,64,380,
2023,2i5w-ykuw,Lime,56,65,434,
2023,2i5w-ykuw,Lime,56,66,95,
2023,2i5w-ykuw,Lime,56,67,11,
2023,2i5w-ykuw,Lime,56,68,6,
2023,2i5w-ykuw,Lime,56,70,22,
2023,2i5w-ykuw,Lime,56,71,3,
2023,2i5w-ykuw,Lime,56,72,1,
2023,2i5w-ykuw,Lime,56,77,1,
2023,2i5w-ykuw,Lime,57,,9,
2023,2i5w-ykuw,Lime,57,8,1,
2023,2i5w-ykuw,Lime,57,19,2,
2023,2i5w-ykuw,Lime,57,22,2,
2023,2i5w-ykuw,Lime,57,23,9,
2023,2i5w-ykuw,Lime,57,24,3,
2023,2i5w-ykuw,Lime,57,25,2,
2023,2i5w-ykuw,Lime,57,26,11,
2023,2i5w-ykuw,Lime,57,27,1,
2023,2i5w-ykuw,Lime,57,28,20,
2023,2i5w-ykuw,Lime,57,29,54,
2023,2i5w-ykuw,Lime,57,30,218,
2023,2i5w-ykuw,Lime,57,31,11,
2023,2i5w-ykuw,Lime,57,32,2,
2023,2i5w-ykuw,Lime,57,33,2,
2023,2i5w-ykuw,Lime,57,34,2,
2023,2i5w-ykuw,Lime,57,37,18,
2023,2i5w-ykuw,Lime,57,38,2,
2023,2i5w-ykuw,Lime,57,39,2,
2023,2i5w-ykuw,Lime,57,41,4,
2023,2i5w-ykuw,Lime,57,42,1,
2023,2i5w-ykuw,Lime,57,43,5,
2023,2i5w-ykuw,Lime,57,44,3,
2023,2i5w-ykuw,Lime,57,56,495,
2023,2i5w-ykuw,Lime,57,57,4642,
2023,2i5w-ykuw,Lime,57,58,655,
2023,2i5w-ykuw,Lime,57,59,33,
2023,2i5w-ykuw,Lime,57,60,10,
2023,2i5w-ykuw,Lime,57,61,59,
2023,2i5w-ykuw,Lime,57,62,1294,
2023,2i5w-ykuw,Lime,57,63,486,
2023,2i5w-ykuw,Lime,57,64,58,
2023,2i5w-ykuw,Lime,57,65,413,
2023,2i5w-ykuw,Lime,57,66,103,
2023,2i5w-ykuw,Lime,57,67,14,
2023,2i5w-ykuw,Lime,57,68,18,
2023,2i5w-ykuw,Lime,57,69,1,
2023,2i5w-ykuw,Lime,57,70,55,
2023,2i5w-ykuw,Lime,57,71,1,
2023,2i5w-ykuw,Lime,58,,12,
2023,2i5w-ykuw,Lime,58,5,2,
2023,2i5w-ykuw,Lime,58,7,2,
2023,2i5w-ykuw,Lime,58,8,4,
2023,2i5w-ykuw,Lime,58,16,3,
2023,2i5w-ykuw,Lime,58,17,1,
2023,2i5w-ykuw,Lime,58,19,1,
2023,2i5w-ykuw,Lime,58,20,1,
2023,2i5w-ykuw,Lime,58,21,2,
2023,2i5w-ykuw,Lime,58,22,4,
2023,2i5w-ykuw,Lime,58,23,19,
2023,2i5w-ykuw,Lime,58,24,22,
2023,2i5w-ykuw,Lime,58,25,5,
2023,2i5w-ykuw,Lime,58,26,20,
2023,2i5w-ykuw,Lime,58,27,19,
2023,2i5w-ykuw,Lime,58,28,59,
2023,2i5w-ykuw,Lime,58,29,43,
2023,2i5w-ykuw,Lime,58,30,477,
2023,2i5w-ykuw,Lime,58,31,155,
2023,2i5w-ykuw,Lime,58,32,9,
2023,2i5w-ykuw,Lime,58,33,26,
2023,2i5w-ykuw,Lime,58,34,46,
2023,2i5w-ykuw,Lime,58,35,7,
2023,2i5w-ykuw,Lime,58,37,4,
2023,2i5w-ykuw,Lime,58,38,2,
2023,2i5w-ykuw,Lime,58,40,1,
2023,2i5w-ykuw,Lime,58,42,3,
2023,2i5w-ykuw,Lime,58,43,1,
2023,2i5w-ykuw,Lime,58,44,1,
2023,2i5w-ykuw,Lime,58,46,1,
2023,2i5w-ykuw,Lime,58,49,1,
2023,2i5w-ykuw,Lime,58,56,99,
2023,2i5w-ykuw,Lime,58,57,703,
2023,2i5w-ykuw,Lime,58,58,13731,
2023,2i5w-ykuw,Lime,58,59,1006,
2023,2i5w-ykuw,Lime,58,60,92,
2023,2i5w-ykuw,Lime,58,61,787,
2023,2i5w-ykuw,Lime,58,62,225,
2023,2i5w-ykuw,Lime,58,63,2496,
2023,2i5w-ykuw,Lime,58,64,25,
2023,2i5w-ykuw,Lime,58,65,112,
2023,2i5w-ykuw,Lime,58,66,882,
2023,2i5w-ykuw,Lime,58,67,111,
2023,2i5w-ykuw,Lime,58,68,20,
2023,2i5w-ykuw,Lime,58,69,13,
2023,2i5w-ykuw,Lime,58,70,32,
2023,2i5w-ykuw,Lime,58,71,3,
2023,2i5w-ykuw,Lime,58,72,1,
2023,2i5w-ykuw,Lime,58,73,1,
2023,2i5w-ykuw,Lime,59,,1,
2023,2i5w-ykuw,Lime,59,5,1,
2023,2i5w-ykuw,Lime,59,6,1,
2023,2i5w-ykuw,Lime,59,8,1,
2023,2i5w-ykuw,Lime,59,19,4,
2023,2i5w-ykuw,Lime,59,22,2,
2023,2i5w-ykuw,Lime,59,23,8,
2023,2i5w-ykuw,Lime,59,24,52,
2023,2i5w-ykuw,Lime,59,25,29,
2023,2i5w-ykuw,Lime,59,26,3,
2023,2i5w-ykuw,Lime,59,27,4,
2023,2i5w-ykuw,Lime,59,28,59,
2023,2i5w-ykuw,Lime,59,29,10,
2023,2i5w-ykuw,Lime,59,30,102,
2023,2i5w-ykuw,Lime,59,31,231,
2023,2i5w-ykuw,Lime,59,32,10,
2023,2i5w-ykuw,Lime,59,33,9,
2023,2i5w-ykuw,Lime,59,34,86,
2023,2i5w-ykuw,Lime,59,35,35,
2023,2i5w-ykuw,Lime,59,36,1,
2023,2i5w-ykuw,Lime,59,37,2,
2023,2i5w-ykuw,Lime,59,38,14,
2023,2i5w-ykuw,Lime,59,40,3,
2023,2i5w-ykuw,Lime,59,41,1,
2023,2i5w-ykuw,Lime,59,42,3,
2023,2i5w-ykuw,Lime,59,43,4,
2023,2i5w-ykuw,Lime,59,44,5,
2023,2i5w-ykuw,Lime,59,45,4,
2023,2i5w-ykuw,Lime,59,46,4,
2023,2i5w-ykuw,Lime,59,52,2,
2023,2i5w-ykuw,Lime,59,56,6,
2023,2i5w-ykuw,Lime,59,57,29,
2023,2i5w-ykuw,Lime,59,58,1032,
2023,2i5w-ykuw,Lime,59,59,2093,
2023,2i5w-ykuw,Lime,59,60,254,
2023,2i5w-ykuw,Lime,59,61,303,
2023,2i5w-ykuw,Lime,59,62,8,
2023,2i5w-ykuw,Lime,59,63,53,
2023,2i5w-ykuw,Lime,59,64,3,
2023,2i5w-ykuw,Lime,59,65,10,
2023,2i5w-ykuw,Lime,59,66,38,
2023,2i5w-ykuw,Lime,59,67,40,
2023,2i5w-ykuw,Lime,59,68,8,
2023,2i5w-ykuw,Lime,59,69,9,
2023,2i5w-ykuw,Lime,59,70,2,
2023,2i5w-ykuw,Lime,59,71,13,
2023,2i5w-ykuw,Lime,59,72,1,
2023,2i5w-ykuw,Lime,59,73,1,
2023,2i5w-ykuw,Lime,60,,1,
2023,2i5w-ykuw,Lime,60,3,1,
2023,2i5w-ykuw,Lime,60,6,4,
2023,2i5w-ykuw,Lime,60,7,10,
2023,2i5w-ykuw,Lime,60,8,18,
2023,2i5w-ykuw,Lime,60,19,1,
2023,2i5w-ykuw,Lime,60,21,1,
2023,2i5w-ykuw,Lime,60,22,1,
2023,2i5w-ykuw,Lime,60,23,7,
2023,2i5w-ykuw,Lime,60,24,65,
2023,2i5w-ykuw,Lime,60,25,2,
2023,2i5w-ykuw,Lime,60,27,3,
2023,2i5w-ykuw,Lime,60,28,105,
2023,2i5w-ykuw,Lime,60,29,10,
2023,2i5w-ykuw,Lime,60,30,26,
2023,2i5w-ykuw,Lime,60,31,155,
2023,2i5w-ykuw,Lime,60,32,37,
2023,2i5w-ykuw,Lime,60,33,25,
2023,2i5w-ykuw,Lime,60,34,383,
2023,2i5w-ykuw,Lime,60,35,74,
2023,2i5w-ykuw,Lime,60,36,3,
2023,2i5w-ykuw,Lime,60,37,9,
2023,2i5w-ykuw,Lime,60,38,39,
2023,2i5w-ykuw,Lime,60,39,10,
2023,2i5w-ykuw,Lime,60,40,2,
2023,2i5w-ykuw,Lime,60,41,5,
2023,2i5w-ykuw,Lime,60,43,3,
2023,2i5w-ykuw,Lime,60,45,1,
2023,2i5w-ykuw,Lime,60,46,1,
2023,2i5w-ykuw,Lime,60,51,1,
2023,2i5w-ykuw,Lime,60,57,5,
2023,2i5w-ykuw,Lime,60,58,49,
2023,2i5w-ykuw,Lime,60,59,244,
2023,2i5w-ykuw,Lime,60,60,2344,
2023,2i5w-ykuw,Lime,60,61,226,
2023,2i5w-ykuw,Lime,60,62,15,
2023,2i5w-ykuw,Lime,60,63,9,
2023,2i5w-ykuw,Lime,60,66,5,
2023,2i5w-ykuw,Lime,60,67,49,
2023,2i5w-ykuw,Lime,60,68,10,
2023,2i5w-ykuw,Lime,60,69,2,
2023,2i5w-ykuw,Lime,60,70,1,
2023,2i5w-ykuw,Lime,60,71,3,
2023,2i5w-ykuw,Lime,61,,3,
2023,2i5w-ykuw,Lime,61,6,2,
2023,2i5w-ykuw,Lime,61,7,3,
2023,2i5w-ykuw,Lime,61,8,2,
2023,2i5w-ykuw,Lime,61,16,1,
2023,2i5w-ykuw,Lime,61,19,1,
2023,2i5w-ykuw,Lime,61,22,3,
2023,2i5w-ykuw,Lime,61,23,20,
2023,2i5w-ykuw,Lime,61,24,32,
2023,2i5w-ykuw,Lime,61,25,9,
2023,2i5w-ykuw,Lime,61,26,4,
2023,2i5w-ykuw,Lime,61,27,10,
2023,2i5w-ykuw,Lime,61,28,88,
2023,2i5w-ykuw,Lime,61,29,23,
2023,2i5w-ykuw,Lime,61,30,67,
2023,2i5w-ykuw,Lime,61,31,119,
2023,2i5w-ykuw,Lime,61,32,12,
2023,2i5w-ykuw,Lime,61,33,10,
2023,2i5w-ykuw,Lime,61,34,57,
2023,2i5w-ykuw,Lime,61,35,25,
2023,2i5w-ykuw,Lime,61,36,9,
2023,2i5w-ykuw,Lime,61,37,299,
2023,2i5w-ykuw,Lime,61,38,105,
2023,2i5w-ykuw,Lime,61,39,11,
2023,2i5w-ykuw,Lime,61,40,38,
2023,2i5w-ykuw,Lime,61,41,16,
2023,2i5w-ykuw,Lime,61,42,21,
2023,2i5w-ykuw,Lime,61,43,17,
2023,2i5w-ykuw,Lime,61,44,4,
2023,2i5w-ykuw,Lime,61,45,2,
2023,2i5w-ykuw,Lime,61,46,4,
2023,2i5w-ykuw,Lime,61,48,1,
2023,2i5w-ykuw,Lime,61,49,2,
2023,2i5w-ykuw,Lime,61,53,2,
2023,2i5w-ykuw,Lime,61,56,17,
2023,2i5w-ykuw,Lime,61,57,61,
2023,2i5w-ykuw,Lime,61,58,734,
2023,2i5w-ykuw,Lime,61,59,310,
2023,2i5w-ykuw,Lime,61,60,258,
2023,2i5w-ykuw,Lime,61,61,9040,
2023,2i5w-ykuw,Lime,61,62,78,
2023,2i5w-ykuw,Lime,61,63,862,
2023,2i5w-ykuw,Lime,61,64,8,
2023,2i5w-ykuw,Lime,61,65,26,
2023,2i5w-ykuw,Lime,61,66,330,
2023,2i5w-ykuw,Lime,61,67,649,
2023,2i5w-ykuw,Lime,61,68,276,
2023,2i5w-ykuw,Lime,61,69,53,
2023,2i5w-ykuw,Lime,61,70,10,
2023,2i5w-ykuw,Lime,61,71,45,
2023,2i5w-ykuw,Lime,61,72,5,
2023,2i5w-ykuw,Lime,61,73,4,
2023,2i5w-ykuw,Lime,61,75,3,
2023,2i5w-ykuw,Lime,61,77,1,
2023,2i5w-ykuw,Lime,62,,7,
2023,2i5w-ykuw,Lime,62,5,1,
2023,2i5w-ykuw,Lime,62,6,1,
2023,2i5w-ykuw,Lime,62,23,1,
2023,2i5w-ykuw,Lime,62,24,1,
2023,2i5w-ykuw,Lime,62,25,2,
2023,2i5w-ykuw,Lime,62,28,2,
2023,2i5w-ykuw,Lime,62,29,12,
2023,2i5w-ykuw,Lime,62,30,48,
2023,2i5w-ykuw,Lime,62,31,4,
2023,2i5w-ykuw,Lime,62,32,2,
2023,2i5w-ykuw,Lime,62,34,3,
2023,2i5w-ykuw,Lime,62,35,5,
2023,2i5w-ykuw,Lime,62,37,1,
2023,2i5w-ykuw,Lime,62,38,1,
2023,2i5w-ykuw,Lime,62,39,1,
2023,2i5w-ykuw,Lime,62,41,1,
2023,2i5w-ykuw,Lime,62,42,1,
2023,2i5w-ykuw,Lime,62,43,2,
2023,2i5w-ykuw,Lime,62,44,2,
2023,2i5w-ykuw,Lime,62,56,422,
2023,2i5w-ykuw,Lime,62,57,1226,
2023,2i5w-ykuw,Lime,62,58,222,
2023,2i5w-ykuw,Lime,62,59,7,
2023,2i5w-ykuw,Lime,62,60,5,
2023,2i5w-ykuw,Lime,62,61,29,
2023,2i5w-ykuw,Lime,62,62,5133,
2023,2i5w-ykuw,Lime,62,63,1244,
2023,2i5w-ykuw,Lime,62,64,189,
2023,2i5w-ykuw,Lime,62,65,1333,
2023,2i5w-ykuw,Lime,62,66,419,
2023,2i5w-ykuw,Lime,62,67,32,
2023,2i5w-ykuw,Lime,62,68,9,
2023,2i5w-ykuw,Lime,62,69,3,
2023,2i5w-ykuw,Lime,62,70,64,
2023,2i5w-ykuw,Lime,62,71,6,
2023,2i5w-ykuw,Lime,62,75,3,
2023,2i5w-ykuw,Lime,63,,6,
2023,2i5w-ykuw,Lime,63,4,1,
2023,2i5w-ykuw,Lime,63,7,1,
2023,2i5w-ykuw,Lime,63,19,1,
2023,2i5w-ykuw,Lime,63,20,1,
2023,2i5w-ykuw,Lime,63,22,3,
2023,2i5w-ykuw,Lime,63,23,6,
2023,2i5w-ykuw,Lime,63,24,1,
2023,2i5w-ykuw,Lime,63,25,7,
2023,2i5w-ykuw,Lime,63,26,2,
2023,2i5w-ykuw,Lime,63,27,10,
2023,2i5w-ykuw,Lime,63,28,9,
2023,2i5w-ykuw,Lime,63,29,10,
2023,2i5w-ykuw,Lime,63,30,112,
2023,2i5w-ykuw,Lime,63,31,32,
2023,2i5w-ykuw,Lime,63,32,4,
2023,2i5w-ykuw,Lime,63,33,9,
2023,2i5w-ykuw,Lime,63,34,17,
2023,2i5w-ykuw,Lime,63,37,17,
2023,2i5w-ykuw,Lime,63,38,1,
2023,2i5w-ykuw,Lime,63,39,5,
2023,2i5w-ykuw,Lime,63,40,15,
2023,2i5w-ykuw,Lime,63,41,10,
2023,2i5w-ykuw,Lime,63,42,2,
2023,2i5w-ykuw,Lime,63,43,6,
2023,2i5w-ykuw,Lime,63,44,3,
2023,2i5w-ykuw,Lime,63,49,1,
2023,2i5w-ykuw,Lime,63,53,2,
2023,2i5w-ykuw,Lime,63,56,69,
2023,2i5w-ykuw,Lime,63,57,448,
2023,2i5w-ykuw,Lime,63,58,2216,
2023,2i5w-ykuw,Lime,63,59,43,
2023,2i5w-ykuw,Lime,63,60,14,
2023,2i5w-ykuw,Lime,63,61,730,
2023,2i5w-ykuw,Lime,63,62,1354,
2023,2i5w-ykuw,Lime,63,63,15217,
2023,2i5w-ykuw,Lime,63,64,49,
2023,2i5w-ykuw,Lime,63,65,713,
2023,2i5w-ykuw,Lime,63,66,3012,
2023,2i5w-ykuw,Lime,63,67,315,
2023,2i5w-ykuw,Lime,63,68,47,
2023,2i5w-ykuw,Lime,63,69,8,
2023,2i5w-ykuw,Lime,63,70,91,
2023,2i5w-ykuw,Lime,63,71,40,
2023,2i5w-ykuw,Lime,63,72,4,
2023,2i5w-ykuw,Lime,63,73,2,
2023,2i5w-ykuw,Lime,63,75,12,
2023,2i5w-ykuw,Lime,64,,15,
2023,2i5w-ykuw,Lime,64,23,1,
2023,2i5w-ykuw,Lime,64,27,1,
2023,2i5w-ykuw,Lime,64,29,3,
2023,2i5w-ykuw,Lime,64,30,3,
2023,2i5w-ykuw,Lime,64,35,1,
2023,2i5w-ykuw,Lime,64,40,1,
2023,2i5w-ykuw,Lime,64,56,316,
2023,2i5w-ykuw,Lime,64,57,46,
2023,2i5w-ykuw,Lime,64,58,23,
2023,2i5w-ykuw,Lime,64,59,1,
2023,2i5w-ykuw,Lime,64,61,3,
2023,2i5w-ykuw,Lime,64,62,151,
2023,2i5w-ykuw,Lime,64,63,46,
2023,2i5w-ykuw,Lime,64,64,1355,
2023,2i5w-ykuw,Lime,64,65,487,
2023,2i5w-ykuw,Lime,64,66,148,
2023,2i5w-ykuw,Lime,64,67,18,
2023,2i5w-ykuw,Lime,64,70,36,
2023,2i5w-ykuw,Lime,64,71,2,
2023,2i5w-ykuw,Lime,65,,40,
2023,2i5w-ykuw,Lime,65,6,1,
2023,2i5w-ykuw,Lime,65,8,1,
2023,2i5w-ykuw,Lime,65,18,1,
2023,2i5w-ykuw,Lime,65,21,1,
2023,2i5w-ykuw,Lime,65,22,2,
2023,2i5w-ykuw,Lime,65,23,14,
2023,2i5w-ykuw,Lime,65,24,2,
2023,2i5w-ykuw,Lime,65,25,7,
2023,2i5w-ykuw,Lime,65,28,3,
2023,2i5w-ykuw,Lime,65,29,8,
2023,2i5w-ykuw,Lime,65,30,16,
2023,2i5w-ykuw,Lime,65,31,7,
2023,2i5w-ykuw,Lime,65,33,4,
2023,2i5w-ykuw,Lime,65,37,1,
2023,2i5w-ykuw,Lime,65,38,1,
2023,2i5w-ykuw,Lime,65,41,2,
2023,2i5w-ykuw,Lime,65,42,5,
2023,2i5w-ykuw,Lime,65,43,3,
2023,2i5w-ykuw,Lime,65,44,2,
2023,2i5w-ykuw,Lime,65,56,523,
2023,2i5w-ykuw,Lime,65,57,385,
2023,2i5w-ykuw,Lime,65,58,106,
2023,2i5w-ykuw,Lime,65,59,3,
2023,2i5w-ykuw,Lime,65,60,3,
2023,2i5w-ykuw,Lime,65,61,26,
2023,2i5w-ykuw,Lime,65,62,1296,
2023,2i5w-ykuw,Lime,65,63,670,
2023,2i5w-ykuw,Lime,65,64,610,
2023,2i5w-ykuw,Lime,65,65,6382,
2023,2i5w-ykuw,Lime,65,66,1656,
2023,2i5w-ykuw,Lime,65,67,57,
2023,2i5w-ykuw,Lime,65,68,15,
2023,2i5w-ykuw,Lime,65,69,7,
2023,2i5w-ykuw,Lime,65,70,403,
2023,2i5w-ykuw,Lime,65,71,32,
2023,2i5w-ykuw,Lime,65,72,2,
2023,2i5w-ykuw,Lime,65,73,4,
2023,2i5w-ykuw,Lime,65,74,1,
2023,2i5w-ykuw,Lime,66,,20,
2023,2i5w-ykuw,Lime,66,8,4,
2023,2i5w-ykuw,Lime,66,14,1,
2023,2i5w-ykuw,Lime,66,20,1,
2023,2i5w-ykuw,Lime,66,22,12,
2023,2i5w-ykuw,Lime,66,23,7,
2023,2i5w-ykuw,Lime,66,24,26,
2023,2i5w-ykuw,Lime,66,25,7,
2023,2i5w-ykuw,Lime,66,26,4,
2023,2i5w-ykuw,Lime,66,27,7,
2023,2i5w-ykuw,Lime,66,28,23,
2023,2i5w-ykuw,Lime,66,29,23,
2023,2i5w-ykuw,Lime,66,30,99,
2023,2i5w-ykuw,Lime,66,31,29,
2023,2i5w-ykuw,Lime,66,32,9,
2023,2i5w-ykuw,Lime,66,33,3,
2023,2i5w-ykuw,Lime,66,34,5,
2023,2i5w-ykuw,Lime,66,35,1,
2023,2i5w-ykuw,Lime,66,37,22,
2023,2i5w-ykuw,Lime,66,38,11,
2023,2i5w-ykuw,Lime,66,39,2,
2023,2i5w-ykuw,Lime,66,40,16,
2023,2i5w-ykuw,Lime,66,41,13,
2023,2i5w-ykuw,Lime,66,42,14,
2023,2i5w-ykuw,Lime,66,43,26,
2023,2i5w-ykuw,Lime,66,44,31,
2023,2i5w-ykuw,Lime,66,45,3,
2023,2i5w-ykuw,Lime,66,46,3,
2023,2i5w-ykuw,Lime,66,48,1,
2023,2i5w-ykuw,Lime,66,49,14,
2023,2i5w-ykuw,Lime,66,50,11,
2023,2i5w-ykuw,Lime,66,53,4,
2023,2i5w-ykuw,Lime,66,54,2,
2023,2i5w-ykuw,Lime,66,56,131,
2023,2i5w-ykuw,Lime,66,57,128,
2023,2i5w-ykuw,Lime,66,58,734,
2023,2i5w-ykuw,Lime,66,59,27,
2023,2i5w-ykuw,Lime,66,60,4,
2023,2i5w-ykuw,Lime,66,61,389,
2023,2i5w-ykuw,Lime,66,62,329,
2023,2i5w-ykuw,Lime,66,63,2904,
2023,2i5w-ykuw,Lime,66,64,210,
2023,2i5w-ykuw,Lime,66,65,1701,
2023,2i5w-ykuw,Lime,66,66,17890,
2023,2i5w-ykuw,Lime,66,67,777,
2023,2i5w-ykuw,Lime,66,68,375,
2023,2i5w-ykuw,Lime,66,69,75,
2023,2i5w-ykuw,Lime,66,70,485,
2023,2i5w-ykuw,Lime,66,71,288,
2023,2i5w-ykuw,Lime,66,72,37,
2023,2i5w-ykuw,Lime,66,73,16,
2023,2i5w-ykuw,Lime,66,74,1,
2023,2i5w-ykuw,Lime,66,75,6,
2023,2i5w-ykuw,Lime,67,,11,
2023,2i5w-ykuw,Lime,67,7,2,
2023,2i5w-ykuw,Lime,67,8,9,
2023,2i5w-ykuw,Lime,67,19,2,
2023,2i5w-ykuw,Lime,67,24,8,
2023,2i5w-ykuw,Lime,67,25,5,
2023,2i5w-ykuw,Lime,67,26,4,
2023,2i5w-ykuw,Lime,67,27,3,
2023,2i5w-ykuw,Lime,67,28,46,
2023,2i5w-ykuw,Lime,67,29,19,
2023,2i5w-ykuw,Lime,67,30,11,
2023,2i5w-ykuw,Lime,67,31,32,
2023,2i5w-ykuw,Lime,67,32,20,
2023,2i5w-ykuw,Lime,67,33,16,
2023,2i5w-ykuw,Lime,67,34,6,
2023,2i5w-ykuw,Lime,67,35,12,
2023,2i5w-ykuw,Lime,67,36,6,
2023,2i5w-ykuw,Lime,67,37,135,
2023,2i5w-ykuw,Lime,67,38,20,
2023,2i5w-ykuw,Lime,67,39,11,
2023,2i5w-ykuw,Lime,67,40,55,
2023,2i5w-ykuw,Lime,67,41,9,
2023,2i5w-ykuw,Lime,67,42,32,
2023,2i5w-ykuw,Lime,67,43,48,
2023,2i5w-ykuw,Lime,67,44,99,
2023,2i5w-ykuw,Lime,67,45,5,
2023,2i5w-ykuw,Lime,67,46,17,
2023,2i5w-ykuw,Lime,67,48,1,
2023,2i5w-ykuw,Lime,67,49,8,
2023,2i5w-ykuw,Lime,67,50,2,
2023,2i5w-ykuw,Lime,67,51,1,
2023,2i5w-ykuw,Lime,67,53,7,
2023,2i5w-ykuw,Lime,67,54,1,
2023,2i5w-ykuw,Lime,67,56,4,
2023,2i5w-ykuw,Lime,67,57,8,
2023,2i5w-ykuw,Lime,67,58,70,
2023,2i5w-ykuw,Lime,67,59,24,
2023,2i5w-ykuw,Lime,67,60,44,
2023,2i5w-ykuw,Lime,67,61,609,
2023,2i5w-ykuw,Lime,67,62,22,
2023,2i5w-ykuw,Lime,67,63,321,
2023,2i5w-ykuw,Lime,67,64,12,
2023,2i5w-ykuw,Lime,67,65,57,
2023,2i5w-ykuw,Lime,67,66,614,
2023,2i5w-ykuw,Lime,67,67,7912,
2023,2i5w-ykuw,Lime,67,68,1099,
2023,2i5w-ykuw,Lime,67,69,220,
2023,2i5w-ykuw,Lime,67,70,54,
2023,2i5w-ykuw,Lime,67,71,608,
2023,2i5w-ykuw,Lime,67,72,24,
2023,2i5w-ykuw,Lime,67,73,106,
2023,2i5w-ykuw,Lime,67,74,1,
2023,2i5w-ykuw,Lime,67,75,4,
2023,2i5w-ykuw,Lime,68,,3,
2023,2i5w-ykuw,Lime,68,2,1,
2023,2i5w-ykuw,Lime,68,3,1,
2023,2i5w-ykuw,Lime,68,6,1,
2023,2i5w-ykuw,Lime,68,7,3,
2023,2i5w-ykuw,Lime,68,8,3,
2023,2i5w-ykuw,Lime,68,23,3,
2023,2i5w-ykuw,Lime,68,24,6,
2023,2i5w-ykuw,Lime,68,25,2,
2023,2i5w-ykuw,Lime,68,26,6,
2023,2i5w-ykuw,Lime,68,28,9,
2023,2i5w-ykuw,Lime,68,29,9,
2023,2i5w-ykuw,Lime,68,30,9,
2023,2i5w-ykuw,Lime,68,31,5,
2023,2i5w-ykuw,Lime,68,32,8,
2023,2i5w-ykuw,Lime,68,33,10,
2023,2i5w-ykuw,Lime,68,34,21,
2023,2i5w-ykuw,Lime,68,35,27,
2023,2i5w-ykuw,Lime,68,36,1,
2023,2i5w-ykuw,Lime,68,37,127,
2023,2i5w-ykuw,Lime,68,38,59,
2023,2i5w-ykuw,Lime,68,39,24,
2023,2i5w-ykuw,Lime,68,40,211,
2023,2i5w-ykuw,Lime,68,41,31,
2023,2i5w-ykuw,Lime,68,42,206,
2023,2i5w-ykuw,Lime,68,43,80,
2023,2i5w-ykuw,Lime,68,44,117,
2023,2i5w-ykuw,Lime,68,45,6,
2023,2i5w-ykuw,Lime,68,46,32,
2023,2i5w-ykuw,Lime,68,48,7,
2023,2i5w-ykuw,Lime,68,49,29,
2023,2i5w-ykuw,Lime,68,50,13,
2023,2i5w-ykuw,Lime,68,51,9,
2023,2i5w-ykuw,Lime,68,53,4,
2023,2i5w-ykuw,Lime,68,54,1,
2023,2i5w-ykuw,Lime,68,56,18,
2023,2i5w-ykuw,Lime,68,57,10,
2023,2i5w-ykuw,Lime,68,58,32,
2023,2i5w-ykuw,Lime,68,59,4,
2023,2i5w-ykuw,Lime,68,60,19,
2023,2i5w-ykuw,Lime,68,61,267,
2023,2i5w-ykuw,Lime,68,62,5,
2023,2i5w-ykuw,Lime,68,63,32,
2023,2i5w-ykuw,Lime,68,65,12,
2023,2i5w-ykuw,Lime,68,66,339,
2023,2i5w-ykuw,Lime,68,67,1017,
2023,2i5w-ykuw,Lime,68,68,6064,
2023,2i5w-ykuw,Lime,68,69,703,
2023,2i5w-ykuw,Lime,68,70,14,
2023,2i5w-ykuw,Lime,68,71,566,
2023,2i5w-ykuw,Lime,68,72,7,
2023,2i5w-ykuw,Lime,68,73,56,
2023,2i5w-ykuw,Lime,68,75,18,
2023,2i5w-ykuw,Lime,69,,3,
2023,2i5w-ykuw,Lime,69,6,1,
2023,2i5w-ykuw,Lime,69,7,1,
2023,2i5w-ykuw,Lime,69,8,3,
2023,2i5w-ykuw,Lime,69,23,1,
2023,2i5w-ykuw,Lime,69,24,1,
2023,2i5w-ykuw,Lime,69,26,1,
2023,2i5w-ykuw,Lime,69,27,1,
2023,2i5w-ykuw,Lime,69,28,6,
2023,2i5w-ykuw,Lime,69,29,3,
2023,2i5w-ykuw,Lime,69,30,3,
2023,2i5w-ykuw,Lime,69,31,2,
2023,2i5w-ykuw,Lime,69,32,13,
2023,2i5w-ykuw,Lime,69,33,12,
2023,2i5w-ykuw,Lime,69,34,10,
2023,2i5w-ykuw,Lime,69,35,26,
2023,2i5w-ykuw,Lime,69,36,3,
2023,2i5w-ykuw,Lime,69,37,25,
2023,2i5w-ykuw,Lime,69,38,71,
2023,2i5w-ykuw,Lime,69,39,99,
2023,2i5w-ykuw,Lime,69,40,228,
2023,2i5w-ykuw,Lime,69,41,87,
2023,2i5w-ykuw,Lime,69,42,508,
2023,2i5w-ykuw,Lime,69,43,829,
2023,2i5w-ykuw,Lime,69,44,1999,
2023,2i5w-ykuw,Lime,69,45,149,
2023,2i5w-ykuw,Lime,69,46,105,
2023,2i5w-ykuw,Lime,69,47,56,
2023,2i5w-ykuw,Lime,69,48,24,
2023,2i5w-ykuw,Lime,69,49,106,
2023,2i5w-ykuw,Lime,69,50,31,
2023,2i5w-ykuw,Lime,69,51,18,
2023,2i5w-ykuw,Lime,69,52,7,
2023,2i5w-ykuw,Lime,69,53,8,
2023,2i5w-ykuw,Lime,69,54,1,
2023,2i5w-ykuw,Lime,69,55,2,
2023,2i5w-ykuw,Lime,69,56,1,
2023,2i5w-ykuw,Lime,69,58,15,
2023,2i5w-ykuw,Lime,69,59,3,
2023,2i5w-ykuw,Lime,69,60,2,
2023,2i5w-ykuw,Lime,69,61,55,
2023,2i5w-ykuw,Lime,69,62,2,
2023,2i5w-ykuw,Lime,69,63,9,
2023,2i5w-ykuw,Lime,69,65,9,
2023,2i5w-ykuw,Lime,69,66,57,
2023,2i5w-ykuw,Lime,69,67,245,
2023,2i5w-ykuw,Lime,69,68,717,
2023,2i5w-ykuw,Lime,69,69,9260,
2023,2i5w-ykuw,Lime,69,70,21,
2023,2i5w-ykuw,Lime,69,71,633,
2023,2i5w-ykuw,Lime,69,72,12,
2023,2i5w-ykuw,Lime,69,73,52,
2023,2i5w-ykuw,Lime,69,74,1,
2023,2i5w-ykuw,Lime,69,75,6,
2023,2i5w-ykuw,Lime,70,,53,
2023,2i5w-ykuw,Lime,70,25,1,
2023,2i5w-ykuw,Lime,70,29,1,
2023,2i5w-ykuw,Lime,70,30,8,
2023,2i5w-ykuw,Lime,70,35,1,
2023,2i5w-ykuw,Lime,70,37,1,
2023,2i5w-ykuw,Lime,70,38,1,
2023,2i5w-ykuw,Lime,70,40,3,
2023,2i5w-ykuw,Lime,70,42,3,
2023,2i5w-ykuw,Lime,70,43,9,
2023,2i5w-ykuw,Lime,70,44,17,
2023,2i5w-ykuw,Lime,70,45,1,
2023,2i5w-ykuw,Lime,70,46,1,
2023,2i5w-ykuw,Lime,70,48,1,
2023,2i5w-ykuw,Lime,70,49,7,
2023,2i5w-ykuw,Lime,70,50,1,
2023,2i5w-ykuw,Lime,70,56,20,
2023,2i5w-ykuw,Lime,70,57,18,
2023,2i5w-ykuw,Lime,70,58,24,
2023,2i5w-ykuw,Lime,70,59,3,
2023,2i5w-ykuw,Lime,70,60,1,
2023,2i5w-ykuw,Lime,70,61,11,
2023,2i5w-ykuw,Lime,70,62,27,
2023,2i5w-ykuw,Lime,70,63,55,
2023,2i5w-ykuw,Lime,70,64,20,
2023,2i5w-ykuw,Lime,70,65,329,
2023,2i5w-ykuw,Lime,70,66,296,
2023,2i5w-ykuw,Lime,70,67,50,
2023,2i5w-ykuw,Lime,70,68,11,
2023,2i5w-ykuw,Lime,70,69,23,
2023,2i5w-ykuw,Lime,70,70,3623,
2023,2i5w-ykuw,Lime,70,71,185,
2023,2i5w-ykuw,Lime,70,72,37,
2023,2i5w-ykuw,Lime,70,73,17,
2023,2i5w-ykuw,Lime,70,74,3,
2023,2i5w-ykuw,Lime,70,75,4,
2023,2i5w-ykuw,Lime,71,,40,
2023,2i5w-ykuw,Lime,71,5,1,
2023,2i5w-ykuw,Lime,71,7,1,
2023,2i5w-ykuw,Lime,71,23,2,
2023,2i5w-ykuw,Lime,71,25,2,
2023,2i5w-ykuw,Lime,71,26,1,
2023,2i5w-ykuw,Lime,71,28,6,
2023,2i5w-ykuw,Lime,71,29,5,
2023,2i5w-ykuw,Lime,71,30,3,
2023,2i5w-ykuw,Lime,71,31,4,
2023,2i5w-ykuw,Lime,71,32,5,
2023,2i5w-ykuw,Lime,71,33,3,
2023,2i5w-ykuw,Lime,71,34,6,
2023,2i5w-ykuw,Lime,71,35,9,
2023,2i5w-ykuw,Lime,71,36,1,
2023,2i5w-ykuw,Lime,71,37,4,
2023,2i5w-ykuw,Lime,71,38,31,
2023,2i5w-ykuw,Lime,71,39,5,
2023,2i5w-ykuw,Lime,71,40,17,
2023,2i5w-ykuw,Lime,71,41,13,
2023,2i5w-ykuw,Lime,71,42,40,
2023,2i5w-ykuw,Lime,71,43,132,
2023,2i5w-ykuw,Lime,71,44,930,
2023,2i5w-ykuw,Lime,71,45,16,
2023,2i5w-ykuw,Lime,71,46,17,
2023,2i5w-ykuw,Lime,71,47,13,
2023,2i5w-ykuw,Lime,71,48,6,
2023,2i5w-ykuw,Lime,71,49,114,
2023,2i5w-ykuw,Lime,71,50,15,
2023,2i5w-ykuw,Lime,71,51,6,
2023,2i5w-ykuw,Lime,71,53,21,
2023,2i5w-ykuw,Lime,71,54,3,
2023,2i5w-ykuw,Lime,71,55,2,
2023,2i5w-ykuw,Lime,71,58,33,
2023,2i5w-ykuw,Lime,71,59,17,
2023,2i5w-ykuw,Lime,71,60,3,
2023,2i5w-ykuw,Lime,71,61,30,
2023,2i5w-ykuw,Lime,71,62,2,
2023,2i5w-ykuw,Lime,71,63,14,
2023,2i5w-ykuw,Lime,71,65,16,
2023,2i5w-ykuw,Lime,71,66,221,
2023,2i5w-ykuw,Lime,71,67,613,
2023,2i5w-ykuw,Lime,71,68,670,
2023,2i5w-ykuw,Lime,71,69,530,
2023,2i5w-ykuw,Lime,71,70,180,
2023,2i5w-ykuw,Lime,71,71,8763,
2023,2i5w-ykuw,Lime,71,72,152,
2023,2i5w-ykuw,Lime,71,73,526,
2023,2i5w-ykuw,Lime,71,74,1,
2023,2i5w-ykuw,Lime,71,75,27,
2023,2i5w-ykuw,Lime,72,,19,
2023,2i5w-ykuw,Lime,72,29,1,
2023,2i5w-ykuw,Lime,72,33,1,
2023,2i5w-ykuw,Lime,72,37,1,
2023,2i5w-ykuw,Lime,72,38,1,
2023,2i5w-ykuw,Lime,72,41,1,
2023,2i5w-ykuw,Lime,72,42,3,
2023,2i5w-ykuw,Lime,72,43,1,
2023,2i5w-ykuw,Lime,72,44,21,
2023,2i5w-ykuw,Lime,72,45,3,
2023,2i5w-ykuw,Lime,72,46,4,
2023,2i5w-ykuw,Lime,72,49,61,
2023,2i5w-ykuw,Lime,72,50,1,
2023,2i5w-ykuw,Lime,72,51,1,
2023,2i5w-ykuw,Lime,72,53,15,
2023,2i5w-ykuw,Lime,72,56,1,
2023,2i5w-ykuw,Lime,72,58,1,
2023,2i5w-ykuw,Lime,72,61,3,
2023,2i5w-ykuw,Lime,72,63,1,
2023,2i5w-ykuw,Lime,72,65,2,
2023,2i5w-ykuw,Lime,72,66,30,
2023,2i5w-ykuw,Lime,72,67,26,
2023,2i5w-ykuw,Lime,72,68,10,
2023,2i5w-ykuw,Lime,72,69,12,
2023,2i5w-ykuw,Lime,72,70,33,
2023,2i5w-ykuw,Lime,72,71,104,
2023,2i5w-ykuw,Lime,72,72,751,
2023,2i5w-ykuw,Lime,72,73,224,
2023,2i5w-ykuw,Lime,72,74,20,
2023,2i5w-ykuw,Lime,72,75,54,
2023,2i5w-ykuw,Lime,73,,30,
2023,2i5w-ykuw,Lime,73,7,1,
2023,2i5w-ykuw,Lime,73,25,1,
2023,2i5w-ykuw,Lime,73,28,2,
2023,2i5w-ykuw,Lime,73,29,1,
2023,2i5w-ykuw,Lime,73,32,3,
2023,2i5w-ykuw,Lime,73,33,2,
2023,2i5w-ykuw,Lime,73,34,1,
2023,2i5w-ykuw,Lime,73,35,3,
2023,2i5w-ykuw,Lime,73,37,1,
2023,2i5w-ykuw,Lime,73,38,2,
2023,2i5w-ykuw,Lime,73,39,2,
2023,2i5w-ykuw,Lime,73,40,13,
2023,2i5w-ykuw,Lime,73,41,7,
2023,2i5w-ykuw,Lime,73,42,11,
2023,2i5w-ykuw,Lime,73,43,12,
2023,2i5w-ykuw,Lime,73,44,194,
2023,2i5w-ykuw,Lime,73,45,4,
2023,2i5w-ykuw,Lime,73,46,6,
2023,2i5w-ykuw,Lime,73,48,29,
2023,2i5w-ykuw,Lime,73,49,670,
2023,2i5w-ykuw,Lime,73,50,16,
2023,2i5w-ykuw,Lime,73,51,8,
2023,2i5w-ykuw,Lime,73,53,121,
2023,2i5w-ykuw,Lime,73,54,2,
2023,2i5w-ykuw,Lime,73,55,1,
2023,2i5w-ykuw,Lime,73,56,1,
2023,2i5w-ykuw,Lime,73,59,1,
2023,2i5w-ykuw,Lime,73,61,8,
2023,2i5w-ykuw,Lime,73,63,5,
2023,2i5w-ykuw,Lime,73,65,3,
2023,2i5w-ykuw,Lime,73,66,9,
2023,2i5w-ykuw,Lime,73,67,64,
2023,2i5w-ykuw,Lime,73,68,65,
2023,2i5w-ykuw,Lime,73,69,35,
2023,2i5w-ykuw,Lime,73,70,23,
2023,2i5w-ykuw,Lime,73,71,577,
2023,2i5w-ykuw,Lime,73,72,274,
2023,2i5w-ykuw,Lime,73,73,3752,
2023,2i5w-ykuw,Lime,73,74,6,
2023,2i5w-ykuw,Lime,73,75,185,
2023,2i5w-ykuw,Lime,74,,3,
2023,2i5w-ykuw,Lime,74,44,2,
2023,2i5w-ykuw,Lime,74,49,1,
2023,2i5w-ykuw,Lime,74,53,2,
2023,2i5w-ykuw,Lime,74,62,1,
2023,2i5w-ykuw,Lime,74,67,1,
2023,2i5w-ykuw,Lime,74,71,1,
2023,2i5w-ykuw,Lime,74,72,6,
2023,2i5w-ykuw,Lime,74,74,91,
2023,2i5w-ykuw,Lime,74,75,4,
2023,2i5w-ykuw,Lime,75,,16,
2023,2i5w-ykuw,Lime,75,23,1,
2023,2i5w-ykuw,Lime,75,29,1,
2023,2i5w-ykuw,Lime,75,40,1,
2023,2i5w-ykuw,Lime,75,42,1,
2023,2i5w-ykuw,Lime,75,43,2,
2023,2i5w-ykuw,Lime,75,44,19,
2023,2i5w-ykuw,Lime,75,45,1,
2023,2i5w-ykuw,Lime,75,47,1,
2023,2i5w-ykuw,Lime,75,49,224,
2023,2i5w-ykuw,Lime,75,50,10,
2023,2i5w-ykuw,Lime,75,51,1,
2023,2i5w-ykuw,Lime,75,53,242,
2023,2i5w-ykuw,Lime,75,54,6,
2023,2i5w-ykuw,Lime,75,61,2,
2023,2i5w-ykuw,Lime,75,63,5,
2023,2i5w-ykuw,Lime,75,65,1,
2023,2i5w-ykuw,Lime,75,67,2,
2023,2i5w-ykuw,Lime,75,68,3,
2023,2i5w-ykuw,Lime,75,69,9,
2023,2i5w-ykuw,Lime,75,70,3,
2023,2i5w-ykuw,Lime,75,71,10,
2023,2i5w-ykuw,Lime,75,72,55,
2023,2i5w-ykuw,Lime,75,73,119,
2023,2i5w-ykuw,Lime,75,74,12,
2023,2i5w-ykuw,Lime,75,75,1014,
2023,2i5w-ykuw,Lime,76,,9,
2023,2i5w-ykuw,Lime,76,9,2,
2023,2i5w-ykuw,Lime,76,10,21,
2023,2i5w-ykuw,Lime,76,11,2,
2023,2i5w-ykuw,Lime,76,14,1,
2023,2i5w-ykuw,Lime,76,15,1,
2023,2i5w-ykuw,Lime,76,16,1,
2023,2i5w-ykuw,Lime,76,17,26,
2023,2i5w-ykuw,Lime,76,18,6,
2023,2i5w-ykuw,Lime,76,19,5,
2023,2i5w-ykuw,Lime,76,22,1,
2023,2i5w-ykuw,Lime,76,23,1,
2023,2i5w-ykuw,Lime,76,24,1,
2023,2i5w-ykuw,Lime,76,25,1,
2023,2i5w-ykuw,Lime,76,76,257,
2023,2i5w-ykuw,Lime,77,,19,
2023,2i5w-ykuw,Lime,77,1,4854,
2023,2i5w-ykuw,Lime,77,2,2397,
2023,2i5w-ykuw,Lime,77,3,5334,
2023,2i5w-ykuw,Lime,77,4,1628,
2023,2i5w-ykuw,Lime,77,5,283,
2023,2i5w-ykuw,Lime,77,6,1638,
2023,2i5w-ykuw,Lime,77,7,193,
2023,2i5w-ykuw,Lime,77,8,76,
2023,2i5w-ykuw,Lime,77,9,1,
2023,2i5w-ykuw,Lime,77,10,2,
2023,2i5w-ykuw,Lime,77,11,15,
2023,2i5w-ykuw,Lime,77,12,11,
2023,2i5w-ykuw,Lime,77,13,170,
2023,2i5w-ykuw,Lime,77,14,126,
2023,2i5w-ykuw,Lime,77,15,8,
2023,2i5w-ykuw,Lime,77,16,62,
2023,2i5w-ykuw,Lime,77,17,1,
2023,2i5w-ykuw,Lime,77,18,2,
2023,2i5w-ykuw,Lime,77,19,8,
2023,2i5w-ykuw,Lime,77,20,3,
2023,2i5w-ykuw,Lime,77,21,32,
2023,2i5w-ykuw,Lime,77,22,137,
2023,2i5w-ykuw,Lime,77,23,16,
2023,2i5w-ykuw,Lime,77,24,56,
2023,2i5w-ykuw,Lime,77,25,3,
2023,2i5w-ykuw,Lime,77,26,2,
2023,2i5w-ykuw,Lime,77,27,2,
2023,2i5w-ykuw,Lime,77,28,27,
2023,2i5w-ykuw,Lime,77,29,2,
2023,2i5w-ykuw,Lime,77,30,1,
2023,2i5w-ykuw,Lime,77,31,3,
2023,2i5w-ykuw,Lime,77,32,7,
2023,2i5w-ykuw,Lime,77,33,3,
2023,2i5w-ykuw,Lime,77,38,1,
2023,2i5w-ykuw,Lime,77,77,20981,
2023,2i5w-ykuw,Link,,,3,
2023,2i5w-ykuw,Link,,1,1,
2023,2i5w-ykuw,Link,,2,1,
2023,2i5w-ykuw,Link,,3,1,
2023,2i5w-ykuw,Link,,10,7,
2023,2i5w-ykuw,Link,,11,5,
2023,2i5w-ykuw,Link,,13,1,
2023,2i5w-ykuw,Link,,15,1,
2023,2i5w-ykuw,Link,,17,9,
2023,2i5w-ykuw,Link,,19,2,
2023,2i5w-ykuw,Link,,23,1,
2023,2i5w-ykuw,Link,,25,11,
2023,2i5w-ykuw,Link,,26,1,
2023,2i5w-ykuw,Link,,27,1,
2023,2i5w-ykuw,Link,,29,5,
2023,2i5w-ykuw,Link,,30,10,
2023,2i5w-ykuw,Link,,44,1,
2023,2i5w-ykuw,Link,,49,1,
2023,2i5w-ykuw,Link,,53,2,
2023,2i5w-ykuw,Link,,54,1,
2023,2i5w-ykuw,Link,,56,3,
2023,2i5w-ykuw,Link,,62,1,
2023,2i5w-ykuw,Link,,64,2,
2023,2i5w-ykuw,Link,,66,2,
2023,2i5w-ykuw,Link,,70,1,
2023,2i5w-ykuw,Link,,71,1,
2023,2i5w-ykuw,Link,,74,1,
2023,2i5w-ykuw,Link,,75,1,
2023,2i5w-ykuw,Link,,77,1,
2023,2i5w-ykuw,Link,1,,4,
2023,2i5w-ykuw,Link,1,1,634,
2023,2i5w-ykuw,Link,1,2,62,
2023,2i5w-ykuw,Link,1,3,18,
2023,2i5w-ykuw,Link,1,4,4,
2023,2i5w-ykuw,Link,1,5,3,
2023,2i5w-ykuw,Link,1,6,3,
2023,2i5w-ykuw,Link,1,7,4,
2023,2i5w-ykuw,Link,1,13,1,
2023,2i5w-ykuw,Link,1,16,1,
2023,2i5w-ykuw,Link,1,28,1,
2023,2i5w-ykuw,Link,1,32,1,
2023,2i5w-ykuw,Link,1,77,86,
2023,2i5w-ykuw,Link,2,,5,
2023,2i5w-ykuw,Link,2,1,32,
2023,2i5w-ykuw,Link,2,2,157,
2023,2i5w-ykuw,Link,2,3,2,
2023,2i5w-ykuw,Link,2,4,18,
2023,2i5w-ykuw,Link,2,5,2,
2023,2i5w-ykuw,Link,2,12,3,
2023,2i5w-ykuw,Link,2,13,9,
2023,2i5w-ykuw,Link,2,14,12,
2023,2i5w-ykuw,Link,2,16,1,
2023,2i5w-ykuw,Link,2,20,1,
2023,2i5w-ykuw,Link,2,21,1,
2023,2i5w-ykuw,Link,2,77,8,
2023,2i5w-ykuw,Link,3,,1,
2023,2i5w-ykuw,Link,3,1,16,
2023,2i5w-ykuw,Link,3,3,590,
2023,2i5w-ykuw,Link,3,4,85,
2023,2i5w-ykuw,Link,3,5,18,
2023,2i5w-ykuw,Link,3,6,224,
2023,2i5w-ykuw,Link,3,7,15,
2023,2i5w-ykuw,Link,3,8,2,
2023,2i5w-ykuw,Link,3,11,18,
2023,2i5w-ykuw,Link,3,13,2,
2023,2i5w-ykuw,Link,3,14,8,
2023,2i5w-ykuw,Link,3,15,2,
2023,2i5w-ykuw,Link,3,16,15,
2023,2i5w-ykuw,Link,3,21,3,
2023,2i5w-ykuw,Link,3,22,6,
2023,2i5w-ykuw,Link,3,23,3,
2023,2i5w-ykuw,Link,3,24,3,
2023,2i5w-ykuw,Link,3,28,2,
2023,2i5w-ykuw,Link,3,31,1,
2023,2i5w-ykuw,Link,3,77,121,
2023,2i5w-ykuw,Link,4,1,3,
2023,2i5w-ykuw,Link,4,2,39,
2023,2i5w-ykuw,Link,4,3,120,
2023,2i5w-ykuw,Link,4,4,793,
2023,2i5w-ykuw,Link,4,5,90,
2023,2i5w-ykuw,Link,4,6,96,
2023,2i5w-ykuw,Link,4,7,16,
2023,2i5w-ykuw,Link,4,8,1,
2023,2i5w-ykuw,Link,4,11,5,
2023,2i5w-ykuw,Link,4,12,1,
2023,2i5w-ykuw,Link,4,13,21,
2023,2i5w-ykuw,Link,4,14,76,
2023,2i5w-ykuw,Link,4,15,6,
2023,2i5w-ykuw,Link,4,16,32,
2023,2i5w-ykuw,Link,4,17,1,
2023,2i5w-ykuw,Link,4,19,1,
2023,2i5w-ykuw,Link,4,21,9,
2023,2i5w-ykuw,Link,4,22,18,
2023,2i5w-ykuw,Link,4,23,1,
2023,2i5w-ykuw,Link,4,24,25,
2023,2i5w-ykuw,Link,4,25,5,
2023,2i5w-ykuw,Link,4,26,1,
2023,2i5w-ykuw,Link,4,28,2,
2023,2i5w-ykuw,Link,4,30,2,
2023,2i5w-ykuw,Link,4,31,1,
2023,2i5w-ykuw,Link,4,77,68,
2023,2i5w-ykuw,Link,5,,1,
2023,2i5w-ykuw,Link,5,1,4,
2023,2i5w-ykuw,Link,5,2,4,
2023,2i5w-ykuw,Link,5,3,35,
2023,2i5w-ykuw,Link,5,4,70,
2023,2i5w-ykuw,Link,5,5,416,
2023,2i5w-ykuw,Link,5,6,275,
2023,2i5w-ykuw,Link,5,7,49,
2023,2i5w-ykuw,Link,5,8,1,
2023,2i5w-ykuw,Link,5,12,1,
2023,2i5w-ykuw,Link,5,13,1,
2023,2i5w-ykuw,Link,5,14,15,
2023,2i5w-ykuw,Link,5,15,6,
2023,2i5w-ykuw,Link,5,16,78,
2023,2i5w-ykuw,Link,5,19,4,
2023,2i5w-ykuw,Link,5,20,3,
2023,2i5w-ykuw,Link,5,21,43,
2023,2i5w-ykuw,Link,5,22,59,
2023,2i5w-ykuw,Link,5,23,5,
2023,2i5w-ykuw,Link,5,24,15,
2023,2i5w-ykuw,Link,5,25,3,
2023,2i5w-ykuw,Link,5,28,1,
2023,2i5w-ykuw,Link,5,29,1,
2023,2i5w-ykuw,Link,5,77,6,
2023,2i5w-ykuw,Link,6,,2,
2023,2i5w-ykuw,Link,6,1,10,
2023,2i5w-ykuw,Link,6,2,4,
2023,2i5w-ykuw,Link,6,3,240,
2023,2i5w-ykuw,Link,6,4,78,
2023,2i5w-ykuw,Link,6,5,222,
2023,2i5w-ykuw,Link,6,6,2240,
2023,2i5w-ykuw,Link,6,7,394,
2023,2i5w-ykuw,Link,6,8,41,
2023,2i5w-ykuw,Link,6,11,4,
2023,2i5w-ykuw,Link,6,12,1,
2023,2i5w-ykuw,Link,6,13,2,
2023,2i5w-ykuw,Link,6,14,26,
2023,2i5w-ykuw,Link,6,15,16,
2023,2i5w-ykuw,Link,6,16,33,
2023,2i5w-ykuw,Link,6,17,1,
2023,2i5w-ykuw,Link,6,19,4,
2023,2i5w-ykuw,Link,6,21,53,
2023,2i5w-ykuw,Link,6,22,53,
2023,2i5w-ykuw,Link,6,23,4,
2023,2i5w-ykuw,Link,6,24,31,
2023,2i5w-ykuw,Link,6,28,9,
2023,2i5w-ykuw,Link,6,29,2,
2023,2i5w-ykuw,Link,6,30,4,
2023,2i5w-ykuw,Link,6,31,1,
2023,2i5w-ykuw,Link,6,32,1,
2023,2i5w-ykuw,Link,6,34,2,
2023,2i5w-ykuw,Link,6,75,2,
2023,2i5w-ykuw,Link,6,77,42,
2023,2i5w-ykuw,Link,7,1,2,
2023,2i5w-ykuw,Link,7,2,1,
2023,2i5w-ykuw,Link,7,3,16,
2023,2i5w-ykuw,Link,7,4,9,
2023,2i5w-ykuw,Link,7,5,34,
2023,2i5w-ykuw,Link,7,6,281,
2023,2i5w-ykuw,Link,7,7,971,
2023,2i5w-ykuw,Link,7,8,90,
2023,2i5w-ykuw,Link,7,11,2,
2023,2i5w-ykuw,Link,7,13,1,
2023,2i5w-ykuw,Link,7,14,2,
2023,2i5w-ykuw,Link,7,15,1,
2023,2i5w-ykuw,Link,7,16,7,
2023,2i5w-ykuw,Link,7,17,1,
2023,2i5w-ykuw,Link,7,18,1,
2023,2i5w-ykuw,Link,7,19,2,
2023,2i5w-ykuw,Link,7,20,5,
2023,2i5w-ykuw,Link,7,21,10,
2023,2i5w-ykuw,Link,7,22,74,
2023,2i5w-ykuw,Link,7,23,5,
2023,2i5w-ykuw,Link,7,24,26,
2023,2i5w-ykuw,Link,7,25,2,
2023,2i5w-ykuw,Link,7,27,1,
2023,2i5w-ykuw,Link,7,28,7,
2023,2i5w-ykuw,Link,7,29,1,
2023,2i5w-ykuw,Link,7,30,1,
2023,2i5w-ykuw,Link,7,32,10,
2023,2i5w-ykuw,Link,7,60,2,
2023,2i5w-ykuw,Link,7,77,3,
2023,2i5w-ykuw,Link,8,3,2,
2023,2i5w-ykuw,Link,8,5,1,
2023,2i5w-ykuw,Link,8,6,19,
2023,2i5w-ykuw,Link,8,7,54,
2023,2i5w-ykuw,Link,8,8,350,
2023,2i5w-ykuw,Link,8,14,2,
2023,2i5w-ykuw,Link,8,15,1,
2023,2i5w-ykuw,Link,8,16,2,
2023,2i5w-ykuw,Link,8,20,1,
2023,2i5w-ykuw,Link,8,22,5,
2023,2i5w-ykuw,Link,8,23,2,
2023,2i5w-ykuw,Link,8,24,26,
2023,2i5w-ykuw,Link,8,25,1,
2023,2i5w-ykuw,Link,8,26,1,
2023,2i5w-ykuw,Link,8,28,24,
2023,2i5w-ykuw,Link,8,29,1,
2023,2i5w-ykuw,Link,8,31,1,
2023,2i5w-ykuw,Link,8,32,68,
2023,2i5w-ykuw,Link,8,34,1,
2023,2i5w-ykuw,Link,8,35,1,
2023,2i5w-ykuw,Link,8,39,1,
2023,2i5w-ykuw,Link,8,60,8,
2023,2i5w-ykuw,Link,8,63,2,
2023,2i5w-ykuw,Link,8,69,1,
2023,2i5w-ykuw,Link,9,,1,
2023,2i5w-ykuw,Link,9,9,42,
2023,2i5w-ykuw,Link,9,10,22,
2023,2i5w-ykuw,Link,9,11,1,
2023,2i5w-ykuw,Link,9,14,1,
2023,2i5w-ykuw,Link,10,,22,
2023,2i5w-ykuw,Link,10,3,2,
2023,2i5w-ykuw,Link,10,9,26,
2023,2i5w-ykuw,Link,10,10,240,
2023,2i5w-ykuw,Link,10,11,33,
2023,2i5w-ykuw,Link,10,12,3,
2023,2i5w-ykuw,Link,10,13,2,
2023,2i5w-ykuw,Link,10,15,7,
2023,2i5w-ykuw,Link,10,16,7,
2023,2i5w-ykuw,Link,10,17,5,
2023,2i5w-ykuw,Link,10,18,1,
2023,2i5w-ykuw,Link,10,19,1,
2023,2i5w-ykuw,Link,10,77,1,
2023,2i5w-ykuw,Link,11,,5,
2023,2i5w-ykuw,Link,11,3,7,
2023,2i5w-ykuw,Link,11,4,4,
2023,2i5w-ykuw,Link,11,6,1,
2023,2i5w-ykuw,Link,11,7,3,
2023,2i5w-ykuw,Link,11,9,8,
2023,2i5w-ykuw,Link,11,10,60,
2023,2i5w-ykuw,Link,11,11,361,
2023,2i5w-ykuw,Link,11,12,36,
2023,2i5w-ykuw,Link,11,13,1,
2023,2i5w-ykuw,Link,11,14,32,
2023,2i5w-ykuw,Link,11,15,124,
2023,2i5w-ykuw,Link,11,16,20,
2023,2i5w-ykuw,Link,11,17,6,
2023,2i5w-ykuw,Link,11,18,17,
2023,2i5w-ykuw,Link,11,19,16,
2023,2i5w-ykuw,Link,11,20,1,
2023,2i5w-ykuw,Link,11,21,7,
2023,2i5w-ykuw,Link,11,22,5,
2023,2i5w-ykuw,Link,11,25,5,
2023,2i5w-ykuw,Link,11,26,1,
2023,2i5w-ykuw,Link,11,77,4,
2023,2i5w-ykuw,Link,12,,1,
2023,2i5w-ykuw,Link,12,2,1,
2023,2i5w-ykuw,Link,12,6,1,
2023,2i5w-ykuw,Link,12,9,1,
2023,2i5w-ykuw,Link,12,10,1,
2023,2i5w-ykuw,Link,12,11,9,
2023,2i5w-ykuw,Link,12,12,53,
2023,2i5w-ykuw,Link,12,13,5,
2023,2i5w-ykuw,Link,12,14,6,
2023,2i5w-ykuw,Link,12,15,16,
2023,2i5w-ykuw,Link,12,16,3,
2023,2i5w-ykuw,Link,12,25,4,
2023,2i5w-ykuw,Link,13,,1,
2023,2i5w-ykuw,Link,13,1,6,
2023,2i5w-ykuw,Link,13,2,25,
2023,2i5w-ykuw,Link,13,3,3,
2023,2i5w-ykuw,Link,13,4,29,
2023,2i5w-ykuw,Link,13,5,2,
2023,2i5w-ykuw,Link,13,6,7,
2023,2i5w-ykuw,Link,13,7,1,
2023,2i5w-ykuw,Link,13,10,2,
2023,2i5w-ykuw,Link,13,11,8,
2023,2i5w-ykuw,Link,13,12,5,
2023,2i5w-ykuw,Link,13,13,272,
2023,2i5w-ykuw,Link,13,14,97,
2023,2i5w-ykuw,Link,13,15,4,
2023,2i5w-ykuw,Link,13,16,14,
2023,2i5w-ykuw,Link,13,18,1,
2023,2i5w-ykuw,Link,13,19,1,
2023,2i5w-ykuw,Link,13,21,5,
2023,2i5w-ykuw,Link,13,22,6,
2023,2i5w-ykuw,Link,13,23,2,
2023,2i5w-ykuw,Link,13,25,1,
2023,2i5w-ykuw,Link,13,28,1,
2023,2i5w-ykuw,Link,13,29,1,
2023,2i5w-ykuw,Link,13,77,5,
2023,2i5w-ykuw,Link,14,,4,
2023,2i5w-ykuw,Link,14,1,1,
2023,2i5w-ykuw,Link,14,2,8,
2023,2i5w-ykuw,Link,14,3,16,
2023,2i5w-ykuw,Link,14,4,83,
2023,2i5w-ykuw,Link,14,5,14,
2023,2i5w-ykuw,Link,14,6,29,
2023,2i5w-ykuw,Link,14,8,1,
2023,2i5w-ykuw,Link,14,9,2,
2023,2i5w-ykuw,Link,14,10,2,
2023,2i5w-ykuw,Link,14,11,22,
2023,2i5w-ykuw,Link,14,12,11,
2023,2i5w-ykuw,Link,14,13,82,
2023,2i5w-ykuw,Link,14,14,508,
2023,2i5w-ykuw,Link,14,15,16,
2023,2i5w-ykuw,Link,14,16,160,
2023,2i5w-ykuw,Link,14,19,8,
2023,2i5w-ykuw,Link,14,20,1,
2023,2i5w-ykuw,Link,14,21,19,
2023,2i5w-ykuw,Link,14,22,7,
2023,2i5w-ykuw,Link,14,23,2,
2023,2i5w-ykuw,Link,14,24,5,
2023,2i5w-ykuw,Link,14,25,2,
2023,2i5w-ykuw,Link,14,26,1,
2023,2i5w-ykuw,Link,14,28,2,
2023,2i5w-ykuw,Link,14,29,1,
2023,2i5w-ykuw,Link,14,77,2,
2023,2i5w-ykuw,Link,15,,10,
2023,2i5w-ykuw,Link,15,1,2,
2023,2i5w-ykuw,Link,15,2,2,
2023,2i5w-ykuw,Link,15,3,5,
2023,2i5w-ykuw,Link,15,4,2,
2023,2i5w-ykuw,Link,15,5,2,
2023,2i5w-ykuw,Link,15,6,10,
2023,2i5w-ykuw,Link,15,7,4,
2023,2i5w-ykuw,Link,15,8,1,
2023,2i5w-ykuw,Link,15,9,2,
2023,2i5w-ykuw,Link,15,10,19,
2023,2i5w-ykuw,Link,15,11,95,
2023,2i5w-ykuw,Link,15,12,12,
2023,2i5w-ykuw,Link,15,13,4,
2023,2i5w-ykuw,Link,15,14,16,
2023,2i5w-ykuw,Link,15,15,1361,
2023,2i5w-ykuw,Link,15,16,127,
2023,2i5w-ykuw,Link,15,17,45,
2023,2i5w-ykuw,Link,15,18,6,
2023,2i5w-ykuw,Link,15,19,112,
2023,2i5w-ykuw,Link,15,20,25,
2023,2i5w-ykuw,Link,15,21,22,
2023,2i5w-ykuw,Link,15,22,14,
2023,2i5w-ykuw,Link,15,23,1,
2023,2i5w-ykuw,Link,15,24,7,
2023,2i5w-ykuw,Link,15,25,11,
2023,2i5w-ykuw,Link,15,27,1,
2023,2i5w-ykuw,Link,15,63,1,
2023,2i5w-ykuw,Link,15,77,1,
2023,2i5w-ykuw,Link,16,,1,
2023,2i5w-ykuw,Link,16,1,2,
2023,2i5w-ykuw,Link,16,2,2,
2023,2i5w-ykuw,Link,16,3,13,
2023,2i5w-ykuw,Link,16,4,35,
2023,2i5w-ykuw,Link,16,5,76,
2023,2i5w-ykuw,Link,16,6,54,
2023,2i5w-ykuw,Link,16,7,10,
2023,2i5w-ykuw,Link,16,8,1,
2023,2i5w-ykuw,Link,16,11,22,
2023,2i5w-ykuw,Link,16,12,7,
2023,2i5w-ykuw,Link,16,13,25,
2023,2i5w-ykuw,Link,16,14,148,
2023,2i5w-ykuw,Link,16,15,205,
2023,2i5w-ykuw,Link,16,16,915,
2023,2i5w-ykuw,Link,16,17,5,
2023,2i5w-ykuw,Link,16,19,52,
2023,2i5w-ykuw,Link,16,20,23,
2023,2i5w-ykuw,Link,16,21,156,
2023,2i5w-ykuw,Link,16,22,37,
2023,2i5w-ykuw,Link,16,23,5,
2023,2i5w-ykuw,Link,16,24,6,
2023,2i5w-ykuw,Link,16,25,17,
2023,2i5w-ykuw,Link,16,27,1,
2023,2i5w-ykuw,Link,16,28,4,
2023,2i5w-ykuw,Link,16,29,5,
2023,2i5w-ykuw,Link,16,30,1,
2023,2i5w-ykuw,Link,16,45,1,
2023,2i5w-ykuw,Link,16,77,1,
2023,2i5w-ykuw,Link,17,,8,
2023,2i5w-ykuw,Link,17,8,1,
2023,2i5w-ykuw,Link,17,10,2,
2023,2i5w-ykuw,Link,17,11,6,
2023,2i5w-ykuw,Link,17,13,1,
2023,2i5w-ykuw,Link,17,15,22,
2023,2i5w-ykuw,Link,17,16,2,
2023,2i5w-ykuw,Link,17,17,132,
2023,2i5w-ykuw,Link,17,18,8,
2023,2i5w-ykuw,Link,17,19,22,
2023,2i5w-ykuw,Link,17,21,4,
2023,2i5w-ykuw,Link,17,25,2,
2023,2i5w-ykuw,Link,18,,1,
2023,2i5w-ykuw,Link,18,11,3,
2023,2i5w-ykuw,Link,18,15,2,
2023,2i5w-ykuw,Link,18,17,8,
2023,2i5w-ykuw,Link,18,18,48,
2023,2i5w-ykuw,Link,18,19,27,
2023,2i5w-ykuw,Link,18,24,1,
2023,2i5w-ykuw,Link,18,25,7,
2023,2i5w-ykuw,Link,19,,9,
2023,2i5w-ykuw,Link,19,2,2,
2023,2i5w-ykuw,Link,19,5,7,
2023,2i5w-ykuw,Link,19,6,4,
2023,2i5w-ykuw,Link,19,7,2,
2023,2i5w-ykuw,Link,19,10,1,
2023,2i5w-ykuw,Link,19,11,13,
2023,2i5w-ykuw,Link,19,12,1,
2023,2i5w-ykuw,Link,19,13,3,
2023,2i5w-ykuw,Link,19,14,9,
2023,2i5w-ykuw,Link,19,15,103,
2023,2i5w-ykuw,Link,19,16,46,
2023,2i5w-ykuw,Link,19,17,22,
2023,2i5w-ykuw,Link,19,18,44,
2023,2i5w-ykuw,Link,19,19,1688,
2023,2i5w-ykuw,Link,19,20,109,
2023,2i5w-ykuw,Link,19,21,16,
2023,2i5w-ykuw,Link,19,22,48,
2023,2i5w-ykuw,Link,19,23,26,
2023,2i5w-ykuw,Link,19,24,5,
2023,2i5w-ykuw,Link,19,25,154,
2023,2i5w-ykuw,Link,19,27,1,
2023,2i5w-ykuw,Link,19,28,1,
2023,2i5w-ykuw,Link,19,30,1,
2023,2i5w-ykuw,Link,19,31,1,
2023,2i5w-ykuw,Link,20,2,1,
2023,2i5w-ykuw,Link,20,5,4,
2023,2i5w-ykuw,Link,20,7,2,
2023,2i5w-ykuw,Link,20,11,2,
2023,2i5w-ykuw,Link,20,14,5,
2023,2i5w-ykuw,Link,20,15,24,
2023,2i5w-ykuw,Link,20,16,33,
2023,2i5w-ykuw,Link,20,17,1,
2023,2i5w-ykuw,Link,20,18,3,
2023,2i5w-ykuw,Link,20,19,128,
2023,2i5w-ykuw,Link,20,20,334,
2023,2i5w-ykuw,Link,20,21,31,
2023,2i5w-ykuw,Link,20,22,86,
2023,2i5w-ykuw,Link,20,23,19,
2023,2i5w-ykuw,Link,20,24,12,
2023,2i5w-ykuw,Link,20,25,17,
2023,2i5w-ykuw,Link,20,27,2,
2023,2i5w-ykuw,Link,20,28,2,
2023,2i5w-ykuw,Link,20,30,1,
2023,2i5w-ykuw,Link,20,31,1,
2023,2i5w-ykuw,Link,21,2,1,
2023,2i5w-ykuw,Link,21,3,1,
2023,2i5w-ykuw,Link,21,4,2,
2023,2i5w-ykuw,Link,21,5,44,
2023,2i5w-ykuw,Link,21,6,43,
2023,2i5w-ykuw,Link,21,7,5,
2023,2i5w-ykuw,Link,21,8,2,
2023,2i5w-ykuw,Link,21,11,4,
2023,2i5w-ykuw,Link,21,12,2,
2023,2i5w-ykuw,Link,21,13,8,
2023,2i5w-ykuw,Link,21,14,13,
2023,2i5w-ykuw,Link,21,15,34,
2023,2i5w-ykuw,Link,21,16,167,
2023,2i5w-ykuw,Link,21,17,8,
2023,2i5w-ykuw,Link,21,18,1,
2023,2i5w-ykuw,Link,21,19,35,
2023,2i5w-ykuw,Link,21,20,20,
2023,2i5w-ykuw,Link,21,21,479,
2023,2i5w-ykuw,Link,21,22,189,
2023,2i5w-ykuw,Link,21,23,14,
2023,2i5w-ykuw,Link,21,24,59,
2023,2i5w-ykuw,Link,21,25,4,
2023,2i5w-ykuw,Link,21,28,5,
2023,2i5w-ykuw,Link,21,29,2,
2023,2i5w-ykuw,Link,21,32,1,
2023,2i5w-ykuw,Link,21,77,2,
2023,2i5w-ykuw,Link,22,,1,
2023,2i5w-ykuw,Link,22,3,8,
2023,2i5w-ykuw,Link,22,4,12,
2023,2i5w-ykuw,Link,22,5,76,
2023,2i5w-ykuw,Link,22,6,47,
2023,2i5w-ykuw,Link,22,7,88,
2023,2i5w-ykuw,Link,22,8,17,
2023,2i5w-ykuw,Link,22,10,2,
2023,2i5w-ykuw,Link,22,11,3,
2023,2i5w-ykuw,Link,22,13,1,
2023,2i5w-ykuw,Link,22,14,11,
2023,2i5w-ykuw,Link,22,15,15,
2023,2i5w-ykuw,Link,22,16,49,
2023,2i5w-ykuw,Link,22,17,3,
2023,2i5w-ykuw,Link,22,18,1,
2023,2i5w-ykuw,Link,22,19,44,
2023,2i5w-ykuw,Link,22,20,105,
2023,2i5w-ykuw,Link,22,21,249,
2023,2i5w-ykuw,Link,22,22,1632,
2023,2i5w-ykuw,Link,22,23,67,
2023,2i5w-ykuw,Link,22,24,389,
2023,2i5w-ykuw,Link,22,25,11,
2023,2i5w-ykuw,Link,22,26,6,
2023,2i5w-ykuw,Link,22,27,10,
2023,2i5w-ykuw,Link,22,28,22,
2023,2i5w-ykuw,Link,22,29,4,
2023,2i5w-ykuw,Link,22,30,8,
2023,2i5w-ykuw,Link,22,31,1,
2023,2i5w-ykuw,Link,22,32,3,
2023,2i5w-ykuw,Link,22,33,1,
2023,2i5w-ykuw,Link,22,60,1,
2023,2i5w-ykuw,Link,22,77,3,
2023,2i5w-ykuw,Link,23,,4,
2023,2i5w-ykuw,Link,23,4,3,
2023,2i5w-ykuw,Link,23,5,4,
2023,2i5w-ykuw,Link,23,6,1,
2023,2i5w-ykuw,Link,23,7,5,
2023,2i5w-ykuw,Link,23,8,19,
2023,2i5w-ykuw,Link,23,13,1,
2023,2i5w-ykuw,Link,23,14,2,
2023,2i5w-ykuw,Link,23,16,8,
2023,2i5w-ykuw,Link,23,19,19,
2023,2i5w-ykuw,Link,23,20,14,
2023,2i5w-ykuw,Link,23,21,10,
2023,2i5w-ykuw,Link,23,22,49,
2023,2i5w-ykuw,Link,23,23,320,
2023,2i5w-ykuw,Link,23,24,90,
2023,2i5w-ykuw,Link,23,25,54,
2023,2i5w-ykuw,Link,23,26,37,
2023,2i5w-ykuw,Link,23,27,38,
2023,2i5w-ykuw,Link,23,28,8,
2023,2i5w-ykuw,Link,23,29,7,
2023,2i5w-ykuw,Link,23,30,2,
2023,2i5w-ykuw,Link,23,31,3,
2023,2i5w-ykuw,Link,23,58,1,
2023,2i5w-ykuw,Link,23,63,1,
2023,2i5w-ykuw,Link,23,65,3,
2023,2i5w-ykuw,Link,24,3,3,
2023,2i5w-ykuw,Link,24,4,17,
2023,2i5w-ykuw,Link,24,5,12,
2023,2i5w-ykuw,Link,24,6,26,
2023,2i5w-ykuw,Link,24,7,24,
2023,2i5w-ykuw,Link,24,8,45,
2023,2i5w-ykuw,Link,24,11,3,
2023,2i5w-ykuw,Link,24,14,5,
2023,2i5w-ykuw,Link,24,15,3,
2023,2i5w-ykuw,Link,24,16,11,
2023,2i5w-ykuw,Link,24,17,1,
2023,2i5w-ykuw,Link,24,19,12,
2023,2i5w-ykuw,Link,24,20,9,
2023,2i5w-ykuw,Link,24,21,44,
2023,2i5w-ykuw,Link,24,22,339,
2023,2i5w-ykuw,Link,24,23,149,
2023,2i5w-ykuw,Link,24,24,1719,
2023,2i5w-ykuw,Link,24,25,28,
2023,2i5w-ykuw,Link,24,26,18,
2023,2i5w-ykuw,Link,24,27,22,
2023,2i5w-ykuw,Link,24,28,116,
2023,2i5w-ykuw,Link,24,29,3,
2023,2i5w-ykuw,Link,24,30,8,
2023,2i5w-ykuw,Link,24,31,4,
2023,2i5w-ykuw,Link,24,32,9,
2023,2i5w-ykuw,Link,24,59,1,
2023,2i5w-ykuw,Link,24,60,4,
2023,2i5w-ykuw,Link,24,61,1,
2023,2i5w-ykuw,Link,24,63,1,
2023,2i5w-ykuw,Link,24,68,1,
2023,2i5w-ykuw,Link,25,,23,
2023,2i5w-ykuw,Link,25,4,3,
2023,2i5w-ykuw,Link,25,5,2,
2023,2i5w-ykuw,Link,25,8,1,
2023,2i5w-ykuw,Link,25,11,4,
2023,2i5w-ykuw,Link,25,15,7,
2023,2i5w-ykuw,Link,25,16,9,
2023,2i5w-ykuw,Link,25,17,1,
2023,2i5w-ykuw,Link,25,18,6,
2023,2i5w-ykuw,Link,25,19,152,
2023,2i5w-ykuw,Link,25,20,6,
2023,2i5w-ykuw,Link,25,21,7,
2023,2i5w-ykuw,Link,25,22,7,
2023,2i5w-ykuw,Link,25,23,56,
2023,2i5w-ykuw,Link,25,24,10,
2023,2i5w-ykuw,Link,25,25,1370,
2023,2i5w-ykuw,Link,25,26,75,
2023,2i5w-ykuw,Link,25,27,29,
2023,2i5w-ykuw,Link,25,28,20,
2023,2i5w-ykuw,Link,25,29,23,
2023,2i5w-ykuw,Link,25,30,3,
2023,2i5w-ykuw,Link,25,33,1,
2023,2i5w-ykuw,Link,25,57,1,
2023,2i5w-ykuw,Link,25,67,1,
2023,2i5w-ykuw,Link,26,,2,
2023,2i5w-ykuw,Link,26,4,1,
2023,2i5w-ykuw,Link,26,11,1,
2023,2i5w-ykuw,Link,26,14,3,
2023,2i5w-ykuw,Link,26,16,1,
2023,2i5w-ykuw,Link,26,18,3,
2023,2i5w-ykuw,Link,26,19,1,
2023,2i5w-ykuw,Link,26,20,2,
2023,2i5w-ykuw,Link,26,22,3,
2023,2i5w-ykuw,Link,26,23,76,
2023,2i5w-ykuw,Link,26,24,15,
2023,2i5w-ykuw,Link,26,25,63,
2023,2i5w-ykuw,Link,26,26,288,
2023,2i5w-ykuw,Link,26,27,39,
2023,2i5w-ykuw,Link,26,28,13,
2023,2i5w-ykuw,Link,26,29,39,
2023,2i5w-ykuw,Link,26,30,17,
2023,2i5w-ykuw,Link,26,32,1,
2023,2i5w-ykuw,Link,26,58,2,
2023,2i5w-ykuw,Link,26,61,1,
2023,2i5w-ykuw,Link,26,63,1,
2023,2i5w-ykuw,Link,26,68,1,
2023,2i5w-ykuw,Link,27,7,1,
2023,2i5w-ykuw,Link,27,19,1,
2023,2i5w-ykuw,Link,27,22,8,
2023,2i5w-ykuw,Link,27,23,84,
2023,2i5w-ykuw,Link,27,24,54,
2023,2i5w-ykuw,Link,27,25,42,
2023,2i5w-ykuw,Link,27,26,61,
2023,2i5w-ykuw,Link,27,27,577,
2023,2i5w-ykuw,Link,27,28,92,
2023,2i5w-ykuw,Link,27,29,118,
2023,2i5w-ykuw,Link,27,30,22,
2023,2i5w-ykuw,Link,27,31,1,
2023,2i5w-ykuw,Link,27,32,3,
2023,2i5w-ykuw,Link,27,35,1,
2023,2i5w-ykuw,Link,27,58,3,
2023,2i5w-ykuw,Link,27,67,1,
2023,2i5w-ykuw,Link,27,71,1,
2023,2i5w-ykuw,Link,28,,4,
2023,2i5w-ykuw,Link,28,3,2,
2023,2i5w-ykuw,Link,28,4,7,
2023,2i5w-ykuw,Link,28,6,5,
2023,2i5w-ykuw,Link,28,7,5,
2023,2i5w-ykuw,Link,28,8,31,
2023,2i5w-ykuw,Link,28,16,3,
2023,2i5w-ykuw,Link,28,17,2,
2023,2i5w-ykuw,Link,28,21,3,
2023,2i5w-ykuw,Link,28,22,18,
2023,2i5w-ykuw,Link,28,23,7,
2023,2i5w-ykuw,Link,28,24,122,
2023,2i5w-ykuw,Link,28,25,22,
2023,2i5w-ykuw,Link,28,26,21,
2023,2i5w-ykuw,Link,28,27,104,
2023,2i5w-ykuw,Link,28,28,940,
2023,2i5w-ykuw,Link,28,29,73,
2023,2i5w-ykuw,Link,28,30,44,
2023,2i5w-ykuw,Link,28,31,100,
2023,2i5w-ykuw,Link,28,32,49,
2023,2i5w-ykuw,Link,28,33,11,
2023,2i5w-ykuw,Link,28,34,3,
2023,2i5w-ykuw,Link,28,35,1,
2023,2i5w-ykuw,Link,28,36,1,
2023,2i5w-ykuw,Link,28,38,2,
2023,2i5w-ykuw,Link,28,40,3,
2023,2i5w-ykuw,Link,28,44,1,
2023,2i5w-ykuw,Link,28,56,1,
2023,2i5w-ykuw,Link,28,58,7,
2023,2i5w-ykuw,Link,28,59,6,
2023,2i5w-ykuw,Link,28,60,16,
2023,2i5w-ykuw,Link,28,61,2,
2023,2i5w-ykuw,Link,28,63,2,
2023,2i5w-ykuw,Link,28,66,1,
2023,2i5w-ykuw,Link,28,67,2,
2023,2i5w-ykuw,Link,28,69,1,
2023,2i5w-ykuw,Link,29,,16,
2023,2i5w-ykuw,Link,29,13,1,
2023,2i5w-ykuw,Link,29,16,1,
2023,2i5w-ykuw,Link,29,20,1,
2023,2i5w-ykuw,Link,29,22,2,
2023,2i5w-ykuw,Link,29,23,25,
2023,2i5w-ykuw,Link,29,24,7,
2023,2i5w-ykuw,Link,29,25,26,
2023,2i5w-ykuw,Link,29,26,56,
2023,2i5w-ykuw,Link,29,27,126,
2023,2i5w-ykuw,Link,29,28,97,
2023,2i5w-ykuw,Link,29,29,1161,
2023,2i5w-ykuw,Link,29,30,404,
2023,2i5w-ykuw,Link,29,31,27,
2023,2i5w-ykuw,Link,29,32,5,
2023,2i5w-ykuw,Link,29,57,1,
2023,2i5w-ykuw,Link,29,58,3,
2023,2i5w-ykuw,Link,29,59,1,
2023,2i5w-ykuw,Link,29,62,1,
2023,2i5w-ykuw,Link,29,63,2,
2023,2i5w-ykuw,Link,29,66,2,
2023,2i5w-ykuw,Link,29,70,2,
2023,2i5w-ykuw,Link,30,,18,
2023,2i5w-ykuw,Link,30,4,1,
2023,2i5w-ykuw,Link,30,6,1,
2023,2i5w-ykuw,Link,30,16,1,
2023,2i5w-ykuw,Link,30,22,2,
2023,2i5w-ykuw,Link,30,23,6,
2023,2i5w-ykuw,Link,30,24,4,
2023,2i5w-ykuw,Link,30,25,4,
2023,2i5w-ykuw,Link,30,26,22,
2023,2i5w-ykuw,Link,30,27,25,
2023,2i5w-ykuw,Link,30,28,50,
2023,2i5w-ykuw,Link,30,29,231,
2023,2i5w-ykuw,Link,30,30,1998,
2023,2i5w-ykuw,Link,30,31,141,
2023,2i5w-ykuw,Link,30,32,1,
2023,2i5w-ykuw,Link,30,33,1,
2023,2i5w-ykuw,Link,30,34,1,
2023,2i5w-ykuw,Link,30,35,1,
2023,2i5w-ykuw,Link,30,37,1,
2023,2i5w-ykuw,Link,30,40,1,
2023,2i5w-ykuw,Link,30,51,1,
2023,2i5w-ykuw,Link,30,56,3,
2023,2i5w-ykuw,Link,30,57,10,
2023,2i5w-ykuw,Link,30,58,16,
2023,2i5w-ykuw,Link,30,59,6,
2023,2i5w-ykuw,Link,30,60,2,
2023,2i5w-ykuw,Link,30,61,16,
2023,2i5w-ykuw,Link,30,62,1,
2023,2i5w-ykuw,Link,30,63,6,
2023,2i5w-ykuw,Link,30,64,1,
2023,2i5w-ykuw,Link,30,65,2,
2023,2i5w-ykuw,Link,30,67,1,
2023,2i5w-ykuw,Link,30,70,1,
2023,2i5w-ykuw,Link,31,,1,
2023,2i5w-ykuw,Link,31,2,1,
2023,2i5w-ykuw,Link,31,6,2,
2023,2i5w-ykuw,Link,31,21,2,
2023,2i5w-ykuw,Link,31,22,1,
2023,2i5w-ykuw,Link,31,23,1,
2023,2i5w-ykuw,Link,31,24,7,
2023,2i5w-ykuw,Link,31,25,3,
2023,2i5w-ykuw,Link,31,27,5,
2023,2i5w-ykuw,Link,31,28,142,
2023,2i5w-ykuw,Link,31,29,36,
2023,2i5w-ykuw,Link,31,30,158,
2023,2i5w-ykuw,Link,31,31,977,
2023,2i5w-ykuw,Link,31,32,3,
2023,2i5w-ykuw,Link,31,33,5,
2023,2i5w-ykuw,Link,31,34,21,
2023,2i5w-ykuw,Link,31,35,2,
2023,2i5w-ykuw,Link,31,43,1,
2023,2i5w-ykuw,Link,31,44,1,
2023,2i5w-ykuw,Link,31,56,2,
2023,2i5w-ykuw,Link,31,58,7,
2023,2i5w-ykuw,Link,31,59,33,
2023,2i5w-ykuw,Link,31,60,21,
2023,2i5w-ykuw,Link,31,61,9,
2023,2i5w-ykuw,Link,31,62,2,
2023,2i5w-ykuw,Link,31,63,2,
2023,2i5w-ykuw,Link,31,65,1,
2023,2i5w-ykuw,Link,31,67,2,
2023,2i5w-ykuw,Link,31,71,1,
2023,2i5w-ykuw,Link,32,6,2,
2023,2i5w-ykuw,Link,32,7,1,
2023,2i5w-ykuw,Link,32,8,52,
2023,2i5w-ykuw,Link,32,22,1,
2023,2i5w-ykuw,Link,32,24,8,
2023,2i5w-ykuw,Link,32,25,1,
2023,2i5w-ykuw,Link,32,26,3,
2023,2i5w-ykuw,Link,32,27,1,
2023,2i5w-ykuw,Link,32,28,33,
2023,2i5w-ykuw,Link,32,29,2,
2023,2i5w-ykuw,Link,32,31,4,
2023,2i5w-ykuw,Link,32,32,206,
2023,2i5w-ykuw,Link,32,33,11,
2023,2i5w-ykuw,Link,32,34,2,
2023,2i5w-ykuw,Link,32,35,1,
2023,2i5w-ykuw,Link,32,41,1,
2023,2i5w-ykuw,Link,32,58,1,
2023,2i5w-ykuw,Link,32,60,20,
2023,2i5w-ykuw,Link,32,61,2,
2023,2i5w-ykuw,Link,32,63,2,
2023,2i5w-ykuw,Link,33,8,1,
2023,2i5w-ykuw,Link,33,24,2,
2023,2i5w-ykuw,Link,33,28,3,
2023,2i5w-ykuw,Link,33,31,1,
2023,2i5w-ykuw,Link,33,32,20,
2023,2i5w-ykuw,Link,33,33,60,
2023,2i5w-ykuw,Link,33,34,6,
2023,2i5w-ykuw,Link,33,35,8,
2023,2i5w-ykuw,Link,33,36,1,
2023,2i5w-ykuw,Link,33,38,1,
2023,2i5w-ykuw,Link,33,41,1,
2023,2i5w-ykuw,Link,33,60,4,
2023,2i5w-ykuw,Link,34,28,6,
2023,2i5w-ykuw,Link,34,30,1,
2023,2i5w-ykuw,Link,34,31,6,
2023,2i5w-ykuw,Link,34,32,6,
2023,2i5w-ykuw,Link,34,33,11,
2023,2i5w-ykuw,Link,34,34,88,
2023,2i5w-ykuw,Link,34,35,18,
2023,2i5w-ykuw,Link,34,36,2,
2023,2i5w-ykuw,Link,34,37,2,
2023,2i5w-ykuw,Link,34,38,4,
2023,2i5w-ykuw,Link,34,39,5,
2023,2i5w-ykuw,Link,34,58,3,
2023,2i5w-ykuw,Link,34,59,10,
2023,2i5w-ykuw,Link,34,60,89,
2023,2i5w-ykuw,Link,34,61,5,
2023,2i5w-ykuw,Link,34,71,1,
2023,2i5w-ykuw,Link,35,8,2,
2023,2i5w-ykuw,Link,35,28,3,
2023,2i5w-ykuw,Link,35,31,2,
2023,2i5w-ykuw,Link,35,33,17,
2023,2i5w-ykuw,Link,35,34,26,
2023,2i5w-ykuw,Link,35,35,197,
2023,2i5w-ykuw,Link,35,36,14,
2023,2i5w-ykuw,Link,35,37,1,
2023,2i5w-ykuw,Link,35,38,36,
2023,2i5w-ykuw,Link,35,39,2,
2023,2i5w-ykuw,Link,35,40,9,
2023,2i5w-ykuw,Link,35,41,2,
2023,2i5w-ykuw,Link,35,42,3,
2023,2i5w-ykuw,Link,35,43,1,
2023,2i5w-ykuw,Link,35,46,1,
2023,2i5w-ykuw,Link,35,48,1,
2023,2i5w-ykuw,Link,35,49,1,
2023,2i5w-ykuw,Link,35,58,2,
2023,2i5w-ykuw,Link,35,59,5,
2023,2i5w-ykuw,Link,35,60,32,
2023,2i5w-ykuw,Link,35,61,2,
2023,2i5w-ykuw,Link,35,67,1,
2023,2i5w-ykuw,Link,35,68,2,
2023,2i5w-ykuw,Link,35,69,1,
2023,2i5w-ykuw,Link,36,34,4,
2023,2i5w-ykuw,Link,36,35,6,
2023,2i5w-ykuw,Link,36,36,8,
2023,2i5w-ykuw,Link,36,38,7,
2023,2i5w-ykuw,Link,36,39,7,
2023,2i5w-ykuw,Link,36,41,1,
2023,2i5w-ykuw,Link,36,42,1,
2023,2i5w-ykuw,Link,36,58,2,
2023,2i5w-ykuw,Link,36,69,1,
2023,2i5w-ykuw,Link,37,32,1,
2023,2i5w-ykuw,Link,37,35,4,
2023,2i5w-ykuw,Link,37,37,45,
2023,2i5w-ykuw,Link,37,38,68,
2023,2i5w-ykuw,Link,37,39,30,
2023,2i5w-ykuw,Link,37,40,21,
2023,2i5w-ykuw,Link,37,41,10,
2023,2i5w-ykuw,Link,37,42,6,
2023,2i5w-ykuw,Link,37,43,2,
2023,2i5w-ykuw,Link,37,58,1,
2023,2i5w-ykuw,Link,37,60,2,
2023,2i5w-ykuw,Link,37,61,34,
2023,2i5w-ykuw,Link,37,63,3,
2023,2i5w-ykuw,Link,37,66,1,
2023,2i5w-ykuw,Link,37,67,5,
2023,2i5w-ykuw,Link,37,68,21,
2023,2i5w-ykuw,Link,38,28,5,
2023,2i5w-ykuw,Link,38,31,1,
2023,2i5w-ykuw,Link,38,32,3,
2023,2i5w-ykuw,Link,38,33,7,
2023,2i5w-ykuw,Link,38,34,6,
2023,2i5w-ykuw,Link,38,35,35,
2023,2i5w-ykuw,Link,38,36,16,
2023,2i5w-ykuw,Link,38,37,55,
2023,2i5w-ykuw,Link,38,38,440,
2023,2i5w-ykuw,Link,38,39,95,
2023,2i5w-ykuw,Link,38,40,66,
2023,2i5w-ykuw,Link,38,41,22,
2023,2i5w-ykuw,Link,38,42,9,
2023,2i5w-ykuw,Link,38,43,3,
2023,2i5w-ykuw,Link,38,44,1,
2023,2i5w-ykuw,Link,38,51,1,
2023,2i5w-ykuw,Link,38,55,1,
2023,2i5w-ykuw,Link,38,58,3,
2023,2i5w-ykuw,Link,38,59,10,
2023,2i5w-ykuw,Link,38,60,2,
2023,2i5w-ykuw,Link,38,61,9,
2023,2i5w-ykuw,Link,38,67,1,
2023,2i5w-ykuw,Link,38,68,17,
2023,2i5w-ykuw,Link,38,69,7,
2023,2i5w-ykuw,Link,38,71,3,
2023,2i5w-ykuw,Link,39,33,2,
2023,2i5w-ykuw,Link,39,34,6,
2023,2i5w-ykuw,Link,39,35,4,
2023,2i5w-ykuw,Link,39,36,7,
2023,2i5w-ykuw,Link,39,37,25,
2023,2i5w-ykuw,Link,39,38,39,
2023,2i5w-ykuw,Link,39,39,46,
2023,2i5w-ykuw,Link,39,40,9,
2023,2i5w-ykuw,Link,39,41,12,
2023,2i5w-ykuw,Link,39,42,3,
2023,2i5w-ykuw,Link,39,43,2,
2023,2i5w-ykuw,Link,39,51,1,
2023,2i5w-ykuw,Link,39,58,1,
2023,2i5w-ykuw,Link,39,59,3,
2023,2i5w-ykuw,Link,39,61,1,
2023,2i5w-ykuw,Link,39,67,1,
2023,2i5w-ykuw,Link,39,69,13,
2023,2i5w-ykuw,Link,39,71,2,
2023,2i5w-ykuw,Link,40,28,2,
2023,2i5w-ykuw,Link,40,32,1,
2023,2i5w-ykuw,Link,40,35,17,
2023,2i5w-ykuw,Link,40,36,1,
2023,2i5w-ykuw,Link,40,37,16,
2023,2i5w-ykuw,Link,40,38,55,
2023,2i5w-ykuw,Link,40,39,16,
2023,2i5w-ykuw,Link,40,40,288,
2023,2i5w-ykuw,Link,40,41,40,
2023,2i5w-ykuw,Link,40,42,43,
2023,2i5w-ykuw,Link,40,43,5,
2023,2i5w-ykuw,Link,40,44,5,
2023,2i5w-ykuw,Link,40,45,2,
2023,2i5w-ykuw,Link,40,46,2,
2023,2i5w-ykuw,Link,40,49,2,
2023,2i5w-ykuw,Link,40,53,1,
2023,2i5w-ykuw,Link,40,61,5,
2023,2i5w-ykuw,Link,40,63,1,
2023,2i5w-ykuw,Link,40,66,2,
2023,2i5w-ykuw,Link,40,67,5,
2023,2i5w-ykuw,Link,40,68,28,
2023,2i5w-ykuw,Link,40,69,8,
2023,2i5w-ykuw,Link,40,71,9,
2023,2i5w-ykuw,Link,41,8,1,
2023,2i5w-ykuw,Link,41,31,1,
2023,2i5w-ykuw,Link,41,32,1,
2023,2i5w-ykuw,Link,41,33,1,
2023,2i5w-ykuw,Link,41,35,2,
2023,2i5w-ykuw,Link,41,36,2,
2023,2i5w-ykuw,Link,41,38,9,
2023,2i5w-ykuw,Link,41,39,13,
2023,2i5w-ykuw,Link,41,40,16,
2023,2i5w-ykuw,Link,41,41,72,
2023,2i5w-ykuw,Link,41,42,8,
2023,2i5w-ykuw,Link,41,43,3,
2023,2i5w-ykuw,Link,41,44,5,
2023,2i5w-ykuw,Link,41,48,1,
2023,2i5w-ykuw,Link,41,63,1,
2023,2i5w-ykuw,Link,41,67,1,
2023,2i5w-ykuw,Link,41,68,1,
2023,2i5w-ykuw,Link,41,71,2,
2023,2i5w-ykuw,Link,42,31,1,
2023,2i5w-ykuw,Link,42,34,2,
2023,2i5w-ykuw,Link,42,35,2,
2023,2i5w-ykuw,Link,42,36,1,
2023,2i5w-ykuw,Link,42,37,3,
2023,2i5w-ykuw,Link,42,38,7,
2023,2i5w-ykuw,Link,42,39,1,
2023,2i5w-ykuw,Link,42,40,31,
2023,2i5w-ykuw,Link,42,41,13,
2023,2i5w-ykuw,Link,42,42,155,
2023,2i5w-ykuw,Link,42,43,62,
2023,2i5w-ykuw,Link,42,44,17,
2023,2i5w-ykuw,Link,42,45,7,
2023,2i5w-ykuw,Link,42,46,3,
2023,2i5w-ykuw,Link,42,49,1,
2023,2i5w-ykuw,Link,42,50,1,
2023,2i5w-ykuw,Link,42,66,2,
2023,2i5w-ykuw,Link,42,67,1,
2023,2i5w-ykuw,Link,42,68,21,
2023,2i5w-ykuw,Link,42,69,26,
2023,2i5w-ykuw,Link,42,71,3,
2023,2i5w-ykuw,Link,42,75,1,
2023,2i5w-ykuw,Link,43,33,1,
2023,2i5w-ykuw,Link,43,38,1,
2023,2i5w-ykuw,Link,43,39,1,
2023,2i5w-ykuw,Link,43,40,2,
2023,2i5w-ykuw,Link,43,41,1,
2023,2i5w-ykuw,Link,43,42,67,
2023,2i5w-ykuw,Link,43,43,218,
2023,2i5w-ykuw,Link,43,44,14,
2023,2i5w-ykuw,Link,43,45,12,
2023,2i5w-ykuw,Link,43,46,30,
2023,2i5w-ykuw,Link,43,47,1,
2023,2i5w-ykuw,Link,43,48,1,
2023,2i5w-ykuw,Link,43,50,1,
2023,2i5w-ykuw,Link,43,51,2,
2023,2i5w-ykuw,Link,43,67,1,
2023,2i5w-ykuw,Link,43,68,6,
2023,2i5w-ykuw,Link,43,69,11,
2023,2i5w-ykuw,Link,43,71,2,
2023,2i5w-ykuw,Link,44,,1,
2023,2i5w-ykuw,Link,44,34,1,
2023,2i5w-ykuw,Link,44,38,2,
2023,2i5w-ykuw,Link,44,39,2,
2023,2i5w-ykuw,Link,44,40,6,
2023,2i5w-ykuw,Link,44,41,11,
2023,2i5w-ykuw,Link,44,42,11,
2023,2i5w-ykuw,Link,44,43,27,
2023,2i5w-ykuw,Link,44,44,653,
2023,2i5w-ykuw,Link,44,45,59,
2023,2i5w-ykuw,Link,44,46,11,
2023,2i5w-ykuw,Link,44,47,16,
2023,2i5w-ykuw,Link,44,48,30,
2023,2i5w-ykuw,Link,44,49,74,
2023,2i5w-ykuw,Link,44,50,10,
2023,2i5w-ykuw,Link,44,51,5,
2023,2i5w-ykuw,Link,44,52,1,
2023,2i5w-ykuw,Link,44,61,3,
2023,2i5w-ykuw,Link,44,63,2,
2023,2i5w-ykuw,Link,44,65,1,
2023,2i5w-ykuw,Link,44,67,2,
2023,2i5w-ykuw,Link,44,68,9,
2023,2i5w-ykuw,Link,44,69,109,
2023,2i5w-ykuw,Link,44,70,2,
2023,2i5w-ykuw,Link,44,71,101,
2023,2i5w-ykuw,Link,44,72,4,
2023,2i5w-ykuw,Link,44,73,14,
2023,2i5w-ykuw,Link,44,74,1,
2023,2i5w-ykuw,Link,44,75,2,
2023,2i5w-ykuw,Link,45,41,1,
2023,2i5w-ykuw,Link,45,42,8,
2023,2i5w-ykuw,Link,45,43,13,
2023,2i5w-ykuw,Link,45,44,44,
2023,2i5w-ykuw,Link,45,45,79,
2023,2i5w-ykuw,Link,45,46,5,
2023,2i5w-ykuw,Link,45,47,3,
2023,2i5w-ykuw,Link,45,48,11,
2023,2i5w-ykuw,Link,45,49,2,
2023,2i5w-ykuw,Link,45,50,1,
2023,2i5w-ykuw,Link,45,51,3,
2023,2i5w-ykuw,Link,45,68,3,
2023,2i5w-ykuw,Link,45,69,3,
2023,2i5w-ykuw,Link,45,71,3,
2023,2i5w-ykuw,Link,45,72,1,
2023,2i5w-ykuw,Link,45,73,1,
2023,2i5w-ykuw,Link,46,33,1,
2023,2i5w-ykuw,Link,46,40,1,
2023,2i5w-ykuw,Link,46,41,1,
2023,2i5w-ykuw,Link,46,42,3,
2023,2i5w-ykuw,Link,46,43,36,
2023,2i5w-ykuw,Link,46,44,13,
2023,2i5w-ykuw,Link,46,45,4,
2023,2i5w-ykuw,Link,46,46,139,
2023,2i5w-ykuw,Link,46,48,15,
2023,2i5w-ykuw,Link,46,49,1,
2023,2i5w-ykuw,Link,46,50,1,
2023,2i5w-ykuw,Link,46,51,5,
2023,2i5w-ykuw,Link,46,52,1,
2023,2i5w-ykuw,Link,46,58,1,
2023,2i5w-ykuw,Link,46,69,1,
2023,2i5w-ykuw,Link,46,70,1,
2023,2i5w-ykuw,Link,46,75,1,
2023,2i5w-ykuw,Link,47,,1,
2023,2i5w-ykuw,Link,47,43,1,
2023,2i5w-ykuw,Link,47,44,7,
2023,2i5w-ykuw,Link,47,47,3,
2023,2i5w-ykuw,Link,47,49,4,
2023,2i5w-ykuw,Link,47,50,1,
2023,2i5w-ykuw,Link,47,67,1,
2023,2i5w-ykuw,Link,47,71,2,
2023,2i5w-ykuw,Link,47,73,1,
2023,2i5w-ykuw,Link,48,35,2,
2023,2i5w-ykuw,Link,48,36,1,
2023,2i5w-ykuw,Link,48,39,5,
2023,2i5w-ykuw,Link,48,41,3,
2023,2i5w-ykuw,Link,48,42,2,
2023,2i5w-ykuw,Link,48,43,10,
2023,2i5w-ykuw,Link,48,44,21,
2023,2i5w-ykuw,Link,48,45,19,
2023,2i5w-ykuw,Link,48,46,15,
2023,2i5w-ykuw,Link,48,47,1,
2023,2i5w-ykuw,Link,48,48,146,
2023,2i5w-ykuw,Link,48,49,2,
2023,2i5w-ykuw,Link,48,50,1,
2023,2i5w-ykuw,Link,48,51,21,
2023,2i5w-ykuw,Link,48,69,1,
2023,2i5w-ykuw,Link,48,71,1,
2023,2i5w-ykuw,Link,48,73,2,
2023,2i5w-ykuw,Link,49,,10,
2023,2i5w-ykuw,Link,49,37,1,
2023,2i5w-ykuw,Link,49,38,1,
2023,2i5w-ykuw,Link,49,40,1,
2023,2i5w-ykuw,Link,49,41,1,
2023,2i5w-ykuw,Link,49,42,5,
2023,2i5w-ykuw,Link,49,43,3,
2023,2i5w-ykuw,Link,49,44,67,
2023,2i5w-ykuw,Link,49,45,4,
2023,2i5w-ykuw,Link,49,46,2,
2023,2i5w-ykuw,Link,49,47,8,
2023,2i5w-ykuw,Link,49,48,7,
2023,2i5w-ykuw,Link,49,49,807,
2023,2i5w-ykuw,Link,49,50,54,
2023,2i5w-ykuw,Link,49,51,11,
2023,2i5w-ykuw,Link,49,52,3,
2023,2i5w-ykuw,Link,49,53,52,
2023,2i5w-ykuw,Link,49,54,1,
2023,2i5w-ykuw,Link,49,65,1,
2023,2i5w-ykuw,Link,49,66,6,
2023,2i5w-ykuw,Link,49,67,2,
2023,2i5w-ykuw,Link,49,68,6,
2023,2i5w-ykuw,Link,49,69,14,
2023,2i5w-ykuw,Link,49,71,17,
2023,2i5w-ykuw,Link,49,72,29,
2023,2i5w-ykuw,Link,49,73,65,
2023,2i5w-ykuw,Link,49,74,1,
2023,2i5w-ykuw,Link,49,75,12,
2023,2i5w-ykuw,Link,50,41,1,
2023,2i5w-ykuw,Link,50,43,1,
2023,2i5w-ykuw,Link,50,44,8,
2023,2i5w-ykuw,Link,50,47,1,
2023,2i5w-ykuw,Link,50,49,41,
2023,2i5w-ykuw,Link,50,50,48,
2023,2i5w-ykuw,Link,50,53,3,
2023,2i5w-ykuw,Link,50,54,2,
2023,2i5w-ykuw,Link,50,61,1,
2023,2i5w-ykuw,Link,50,68,1,
2023,2i5w-ykuw,Link,50,71,1,
2023,2i5w-ykuw,Link,50,73,1,
2023,2i5w-ykuw,Link,50,75,1,
2023,2i5w-ykuw,Link,51,34,1,
2023,2i5w-ykuw,Link,51,39,1,
2023,2i5w-ykuw,Link,51,42,3,
2023,2i5w-ykuw,Link,51,43,5,
2023,2i5w-ykuw,Link,51,44,1,
2023,2i5w-ykuw,Link,51,45,2,
2023,2i5w-ykuw,Link,51,48,16,
2023,2i5w-ykuw,Link,51,49,1,
2023,2i5w-ykuw,Link,51,50,3,
2023,2i5w-ykuw,Link,51,51,99,
2023,2i5w-ykuw,Link,51,52,3,
2023,2i5w-ykuw,Link,51,55,10,
2023,2i5w-ykuw,Link,51,71,2,
2023,2i5w-ykuw,Link,51,73,2,
2023,2i5w-ykuw,Link,51,75,1,
2023,2i5w-ykuw,Link,52,46,1,
2023,2i5w-ykuw,Link,52,52,46,
2023,2i5w-ykuw,Link,52,55,21,
2023,2i5w-ykuw,Link,53,,5,
2023,2i5w-ykuw,Link,53,39,1,
2023,2i5w-ykuw,Link,53,44,1,
2023,2i5w-ykuw,Link,53,49,32,
2023,2i5w-ykuw,Link,53,50,1,
2023,2i5w-ykuw,Link,53,51,1,
2023,2i5w-ykuw,Link,53,53,244,
2023,2i5w-ykuw,Link,53,54,2,
2023,2i5w-ykuw,Link,53,68,1,
2023,2i5w-ykuw,Link,53,69,1,
2023,2i5w-ykuw,Link,53,73,5,
2023,2i5w-ykuw,Link,53,75,16,
2023,2i5w-ykuw,Link,54,49,1,
2023,2i5w-ykuw,Link,54,75,1,
2023,2i5w-ykuw,Link,55,,2,
2023,2i5w-ykuw,Link,55,49,1,
2023,2i5w-ykuw,Link,55,51,16,
2023,2i5w-ykuw,Link,55,52,26,
2023,2i5w-ykuw,Link,55,55,543,
2023,2i5w-ykuw,Link,56,,9,
2023,2i5w-ykuw,Link,56,20,1,
2023,2i5w-ykuw,Link,56,29,1,
2023,2i5w-ykuw,Link,56,30,1,
2023,2i5w-ykuw,Link,56,56,171,
2023,2i5w-ykuw,Link,56,57,21,
2023,2i5w-ykuw,Link,56,58,4,
2023,2i5w-ykuw,Link,56,60,1,
2023,2i5w-ykuw,Link,56,62,65,
2023,2i5w-ykuw,Link,56,63,4,
2023,2i5w-ykuw,Link,56,64,41,
2023,2i5w-ykuw,Link,56,65,52,
2023,2i5w-ykuw,Link,56,66,18,
2023,2i5w-ykuw,Link,56,67,1,
2023,2i5w-ykuw,Link,57,,3,
2023,2i5w-ykuw,Link,57,23,3,
2023,2i5w-ykuw,Link,57,26,1,
2023,2i5w-ykuw,Link,57,27,1,
2023,2i5w-ykuw,Link,57,28,2,
2023,2i5w-ykuw,Link,57,29,8,
2023,2i5w-ykuw,Link,57,30,8,
2023,2i5w-ykuw,Link,57,38,2,
2023,2i5w-ykuw,Link,57,56,56,
2023,2i5w-ykuw,Link,57,57,498,
2023,2i5w-ykuw,Link,57,58,52,
2023,2i5w-ykuw,Link,57,60,1,
2023,2i5w-ykuw,Link,57,61,2,
2023,2i5w-ykuw,Link,57,62,140,
2023,2i5w-ykuw,Link,57,63,20,
2023,2i5w-ykuw,Link,57,64,5,
2023,2i5w-ykuw,Link,57,65,52,
2023,2i5w-ykuw,Link,57,66,7,
2023,2i5w-ykuw,Link,57,68,1,
2023,2i5w-ykuw,Link,57,70,8,
2023,2i5w-ykuw,Link,58,,2,
2023,2i5w-ykuw,Link,58,14,1,
2023,2i5w-ykuw,Link,58,23,1,
2023,2i5w-ykuw,Link,58,26,2,
2023,2i5w-ykuw,Link,58,28,7,
2023,2i5w-ykuw,Link,58,29,4,
2023,2i5w-ykuw,Link,58,30,8,
2023,2i5w-ykuw,Link,58,31,5,
2023,2i5w-ykuw,Link,58,34,1,
2023,2i5w-ykuw,Link,58,36,2,
2023,2i5w-ykuw,Link,58,39,2,
2023,2i5w-ykuw,Link,58,40,2,
2023,2i5w-ykuw,Link,58,42,1,
2023,2i5w-ykuw,Link,58,56,12,
2023,2i5w-ykuw,Link,58,57,40,
2023,2i5w-ykuw,Link,58,58,654,
2023,2i5w-ykuw,Link,58,59,122,
2023,2i5w-ykuw,Link,58,60,6,
2023,2i5w-ykuw,Link,58,61,48,
2023,2i5w-ykuw,Link,58,62,14,
2023,2i5w-ykuw,Link,58,63,254,
2023,2i5w-ykuw,Link,58,65,9,
2023,2i5w-ykuw,Link,58,66,58,
2023,2i5w-ykuw,Link,58,67,3,
2023,2i5w-ykuw,Link,58,68,4,
2023,2i5w-ykuw,Link,58,70,2,
2023,2i5w-ykuw,Link,59,20,1,
2023,2i5w-ykuw,Link,59,24,1,
2023,2i5w-ykuw,Link,59,26,1,
2023,2i5w-ykuw,Link,59,28,5,
2023,2i5w-ykuw,Link,59,29,3,
2023,2i5w-ykuw,Link,59,30,6,
2023,2i5w-ykuw,Link,59,31,34,
2023,2i5w-ykuw,Link,59,33,2,
2023,2i5w-ykuw,Link,59,34,10,
2023,2i5w-ykuw,Link,59,35,4,
2023,2i5w-ykuw,Link,59,38,5,
2023,2i5w-ykuw,Link,59,57,1,
2023,2i5w-ykuw,Link,59,58,236,
2023,2i5w-ykuw,Link,59,59,457,
2023,2i5w-ykuw,Link,59,60,19,
2023,2i5w-ykuw,Link,59,61,32,
2023,2i5w-ykuw,Link,59,63,7,
2023,2i5w-ykuw,Link,59,65,4,
2023,2i5w-ykuw,Link,59,66,3,
2023,2i5w-ykuw,Link,59,70,1,
2023,2i5w-ykuw,Link,60,7,1,
2023,2i5w-ykuw,Link,60,8,11,
2023,2i5w-ykuw,Link,60,22,1,
2023,2i5w-ykuw,Link,60,24,2,
2023,2i5w-ykuw,Link,60,28,14,
2023,2i5w-ykuw,Link,60,29,2,
2023,2i5w-ykuw,Link,60,31,24,
2023,2i5w-ykuw,Link,60,32,19,
2023,2i5w-ykuw,Link,60,33,6,
2023,2i5w-ykuw,Link,60,34,51,
2023,2i5w-ykuw,Link,60,35,32,
2023,2i5w-ykuw,Link,60,37,1,
2023,2i5w-ykuw,Link,60,38,7,
2023,2i5w-ykuw,Link,60,39,3,
2023,2i5w-ykuw,Link,60,57,3,
2023,2i5w-ykuw,Link,60,58,4,
2023,2i5w-ykuw,Link,60,59,29,
2023,2i5w-ykuw,Link,60,60,449,
2023,2i5w-ykuw,Link,60,61,21,
2023,2i5w-ykuw,Link,60,62,2,
2023,2i5w-ykuw,Link,60,63,3,
2023,2i5w-ykuw,Link,60,65,1,
2023,2i5w-ykuw,Link,60,68,3,
2023,2i5w-ykuw,Link,60,72,1,
2023,2i5w-ykuw,Link,61,23,2,
2023,2i5w-ykuw,Link,61,27,1,
2023,2i5w-ykuw,Link,61,28,1,
2023,2i5w-ykuw,Link,61,30,16,
2023,2i5w-ykuw,Link,61,31,1,
2023,2i5w-ykuw,Link,61,34,2,
2023,2i5w-ykuw,Link,61,35,4,
2023,2i5w-ykuw,Link,61,37,10,
2023,2i5w-ykuw,Link,61,38,6,
2023,2i5w-ykuw,Link,61,39,1,
2023,2i5w-ykuw,Link,61,40,4,
2023,2i5w-ykuw,Link,61,42,2,
2023,2i5w-ykuw,Link,61,57,4,
2023,2i5w-ykuw,Link,61,58,58,
2023,2i5w-ykuw,Link,61,59,17,
2023,2i5w-ykuw,Link,61,60,14,
2023,2i5w-ykuw,Link,61,61,408,
2023,2i5w-ykuw,Link,61,62,1,
2023,2i5w-ykuw,Link,61,63,108,
2023,2i5w-ykuw,Link,61,65,1,
2023,2i5w-ykuw,Link,61,66,25,
2023,2i5w-ykuw,Link,61,67,31,
2023,2i5w-ykuw,Link,61,68,55,
2023,2i5w-ykuw,Link,61,69,3,
2023,2i5w-ykuw,Link,61,71,1,
2023,2i5w-ykuw,Link,62,,1,
2023,2i5w-ykuw,Link,62,29,1,
2023,2i5w-ykuw,Link,62,30,2,
2023,2i5w-ykuw,Link,62,43,1,
2023,2i5w-ykuw,Link,62,56,58,
2023,2i5w-ykuw,Link,62,57,93,
2023,2i5w-ykuw,Link,62,58,7,
2023,2i5w-ykuw,Link,62,60,2,
2023,2i5w-ykuw,Link,62,61,2,
2023,2i5w-ykuw,Link,62,62,491,
2023,2i5w-ykuw,Link,62,63,65,
2023,2i5w-ykuw,Link,62,64,11,
2023,2i5w-ykuw,Link,62,65,111,
2023,2i5w-ykuw,Link,62,66,11,
2023,2i5w-ykuw,Link,62,67,3,
2023,2i5w-ykuw,Link,62,68,1,
2023,2i5w-ykuw,Link,62,70,6,
2023,2i5w-ykuw,Link,62,71,1,
2023,2i5w-ykuw,Link,62,72,1,
2023,2i5w-ykuw,Link,63,,1,
2023,2i5w-ykuw,Link,63,24,2,
2023,2i5w-ykuw,Link,63,26,1,
2023,2i5w-ykuw,Link,63,29,3,
2023,2i5w-ykuw,Link,63,30,5,
2023,2i5w-ykuw,Link,63,31,2,
2023,2i5w-ykuw,Link,63,32,1,
2023,2i5w-ykuw,Link,63,44,1,
2023,2i5w-ykuw,Link,63,56,3,
2023,2i5w-ykuw,Link,63,57,23,
2023,2i5w-ykuw,Link,63,58,140,
2023,2i5w-ykuw,Link,63,59,2,
2023,2i5w-ykuw,Link,63,61,57,
2023,2i5w-ykuw,Link,63,62,51,
2023,2i5w-ykuw,Link,63,63,615,
2023,2i5w-ykuw,Link,63,64,1,
2023,2i5w-ykuw,Link,63,65,21,
2023,2i5w-ykuw,Link,63,66,49,
2023,2i5w-ykuw,Link,63,67,7,
2023,2i5w-ykuw,Link,63,68,8,
2023,2i5w-ykuw,Link,63,70,2,
2023,2i5w-ykuw,Link,63,71,1,
2023,2i5w-ykuw,Link,64,,4,
2023,2i5w-ykuw,Link,64,56,17,
2023,2i5w-ykuw,Link,64,57,1,
2023,2i5w-ykuw,Link,64,62,10,
2023,2i5w-ykuw,Link,64,64,62,
2023,2i5w-ykuw,Link,64,65,25,
2023,2i5w-ykuw,Link,64,66,5,
2023,2i5w-ykuw,Link,65,,7,
2023,2i5w-ykuw,Link,65,23,2,
2023,2i5w-ykuw,Link,65,29,1,
2023,2i5w-ykuw,Link,65,30,3,
2023,2i5w-ykuw,Link,65,42,1,
2023,2i5w-ykuw,Link,65,56,27,
2023,2i5w-ykuw,Link,65,57,16,
2023,2i5w-ykuw,Link,65,58,5,
2023,2i5w-ykuw,Link,65,59,1,
2023,2i5w-ykuw,Link,65,62,72,
2023,2i5w-ykuw,Link,65,63,13,
2023,2i5w-ykuw,Link,65,64,25,
2023,2i5w-ykuw,Link,65,65,395,
2023,2i5w-ykuw,Link,65,66,62,
2023,2i5w-ykuw,Link,65,70,15,
2023,2i5w-ykuw,Link,65,72,1,
2023,2i5w-ykuw,Link,66,,5,
2023,2i5w-ykuw,Link,66,8,1,
2023,2i5w-ykuw,Link,66,26,1,
2023,2i5w-ykuw,Link,66,29,2,
2023,2i5w-ykuw,Link,66,30,9,
2023,2i5w-ykuw,Link,66,40,2,
2023,2i5w-ykuw,Link,66,42,2,
2023,2i5w-ykuw,Link,66,49,9,
2023,2i5w-ykuw,Link,66,56,18,
2023,2i5w-ykuw,Link,66,57,5,
2023,2i5w-ykuw,Link,66,58,27,
2023,2i5w-ykuw,Link,66,59,3,
2023,2i5w-ykuw,Link,66,61,7,
2023,2i5w-ykuw,Link,66,62,5,
2023,2i5w-ykuw,Link,66,63,40,
2023,2i5w-ykuw,Link,66,64,5,
2023,2i5w-ykuw,Link,66,65,71,
2023,2i5w-ykuw,Link,66,66,715,
2023,2i5w-ykuw,Link,66,67,29,
2023,2i5w-ykuw,Link,66,68,15,
2023,2i5w-ykuw,Link,66,69,2,
2023,2i5w-ykuw,Link,66,70,23,
2023,2i5w-ykuw,Link,66,71,8,
2023,2i5w-ykuw,Link,66,73,1,
2023,2i5w-ykuw,Link,67,30,1,
2023,2i5w-ykuw,Link,67,34,1,
2023,2i5w-ykuw,Link,67,37,1,
2023,2i5w-ykuw,Link,67,38,1,
2023,2i5w-ykuw,Link,67,40,1,
2023,2i5w-ykuw,Link,67,41,3,
2023,2i5w-ykuw,Link,67,42,5,
2023,2i5w-ykuw,Link,67,43,3,
2023,2i5w-ykuw,Link,67,58,1,
2023,2i5w-ykuw,Link,67,60,1,
2023,2i5w-ykuw,Link,67,61,26,
2023,2i5w-ykuw,Link,67,62,1,
2023,2i5w-ykuw,Link,67,63,3,
2023,2i5w-ykuw,Link,67,64,1,
2023,2i5w-ykuw,Link,67,66,20,
2023,2i5w-ykuw,Link,67,67,219,
2023,2i5w-ykuw,Link,67,68,50,
2023,2i5w-ykuw,Link,67,69,3,
2023,2i5w-ykuw,Link,67,70,2,
2023,2i5w-ykuw,Link,67,71,28,
2023,2i5w-ykuw,Link,67,72,2,
2023,2i5w-ykuw,Link,67,73,3,
2023,2i5w-ykuw,Link,67,75,1,
2023,2i5w-ykuw,Link,68,29,1,
2023,2i5w-ykuw,Link,68,32,1,
2023,2i5w-ykuw,Link,68,33,5,
2023,2i5w-ykuw,Link,68,35,3,
2023,2i5w-ykuw,Link,68,37,19,
2023,2i5w-ykuw,Link,68,38,7,
2023,2i5w-ykuw,Link,68,39,1,
2023,2i5w-ykuw,Link,68,40,45,
2023,2i5w-ykuw,Link,68,42,34,
2023,2i5w-ykuw,Link,68,43,6,
2023,2i5w-ykuw,Link,68,44,5,
2023,2i5w-ykuw,Link,68,45,4,
2023,2i5w-ykuw,Link,68,46,2,
2023,2i5w-ykuw,Link,68,49,1,
2023,2i5w-ykuw,Link,68,56,1,
2023,2i5w-ykuw,Link,68,59,1,
2023,2i5w-ykuw,Link,68,60,2,
2023,2i5w-ykuw,Link,68,61,46,
2023,2i5w-ykuw,Link,68,63,5,
2023,2i5w-ykuw,Link,68,66,31,
2023,2i5w-ykuw,Link,68,67,70,
2023,2i5w-ykuw,Link,68,68,611,
2023,2i5w-ykuw,Link,68,69,40,
2023,2i5w-ykuw,Link,68,70,1,
2023,2i5w-ykuw,Link,68,71,36,
2023,2i5w-ykuw,Link,69,,1,
2023,2i5w-ykuw,Link,69,28,2,
2023,2i5w-ykuw,Link,69,29,1,
2023,2i5w-ykuw,Link,69,32,1,
2023,2i5w-ykuw,Link,69,37,1,
2023,2i5w-ykuw,Link,69,38,3,
2023,2i5w-ykuw,Link,69,39,4,
2023,2i5w-ykuw,Link,69,40,11,
2023,2i5w-ykuw,Link,69,41,6,
2023,2i5w-ykuw,Link,69,42,21,
2023,2i5w-ykuw,Link,69,43,12,
2023,2i5w-ykuw,Link,69,44,74,
2023,2i5w-ykuw,Link,69,45,7,
2023,2i5w-ykuw,Link,69,46,4,
2023,2i5w-ykuw,Link,69,49,8,
2023,2i5w-ykuw,Link,69,50,3,
2023,2i5w-ykuw,Link,69,53,1,
2023,2i5w-ykuw,Link,69,54,1,
2023,2i5w-ykuw,Link,69,66,3,
2023,2i5w-ykuw,Link,69,67,9,
2023,2i5w-ykuw,Link,69,68,47,
2023,2i5w-ykuw,Link,69,69,229,
2023,2i5w-ykuw,Link,69,70,1,
2023,2i5w-ykuw,Link,69,71,21,
2023,2i5w-ykuw,Link,69,72,1,
2023,2i5w-ykuw,Link,70,,7,
2023,2i5w-ykuw,Link,70,27,1,
2023,2i5w-ykuw,Link,70,28,1,
2023,2i5w-ykuw,Link,70,30,1,
2023,2i5w-ykuw,Link,70,38,1,
2023,2i5w-ykuw,Link,70,43,1,
2023,2i5w-ykuw,Link,70,44,2,
2023,2i5w-ykuw,Link,70,46,2,
2023,2i5w-ykuw,Link,70,56,2,
2023,2i5w-ykuw,Link,70,58,1,
2023,2i5w-ykuw,Link,70,61,2,
2023,2i5w-ykuw,Link,70,63,2,
2023,2i5w-ykuw,Link,70,65,10,
2023,2i5w-ykuw,Link,70,66,10,
2023,2i5w-ykuw,Link,70,67,3,
2023,2i5w-ykuw,Link,70,68,5,
2023,2i5w-ykuw,Link,70,70,117,
2023,2i5w-ykuw,Link,70,71,11,
2023,2i5w-ykuw,Link,70,75,2,
2023,2i5w-ykuw,Link,71,,4,
2023,2i5w-ykuw,Link,71,32,1,
2023,2i5w-ykuw,Link,71,35,1,
2023,2i5w-ykuw,Link,71,38,1,
2023,2i5w-ykuw,Link,71,39,1,
2023,2i5w-ykuw,Link,71,40,5,
2023,2i5w-ykuw,Link,71,43,6,
2023,2i5w-ykuw,Link,71,44,44,
2023,2i5w-ykuw,Link,71,45,3,
2023,2i5w-ykuw,Link,71,46,1,
2023,2i5w-ykuw,Link,71,47,1,
2023,2i5w-ykuw,Link,71,49,8,
2023,2i5w-ykuw,Link,71,56,1,
2023,2i5w-ykuw,Link,71,61,4,
2023,2i5w-ykuw,Link,71,64,1,
2023,2i5w-ykuw,Link,71,65,2,
2023,2i5w-ykuw,Link,71,66,4,
2023,2i5w-ykuw,Link,71,67,26,
2023,2i5w-ykuw,Link,71,68,42,
2023,2i5w-ykuw,Link,71,69,12,
2023,2i5w-ykuw,Link,71,70,6,
2023,2i5w-ykuw,Link,71,71,419,
2023,2i5w-ykuw,Link,71,72,5,
2023,2i5w-ykuw,Link,71,73,12,
2023,2i5w-ykuw,Link,72,,2,
2023,2i5w-ykuw,Link,72,44,5,
2023,2i5w-ykuw,Link,72,49,10,
2023,2i5w-ykuw,Link,72,53,2,
2023,2i5w-ykuw,Link,72,56,1,
2023,2i5w-ykuw,Link,72,64,1,
2023,2i5w-ykuw,Link,72,71,6,
2023,2i5w-ykuw,Link,72,72,25,
2023,2i5w-ykuw,Link,72,73,4,
2023,2i5w-ykuw,Link,72,74,1,
2023,2i5w-ykuw,Link,72,75,2,
2023,2i5w-ykuw,Link,73,,2,
2023,2i5w-ykuw,Link,73,42,1,
2023,2i5w-ykuw,Link,73,44,1,
2023,2i5w-ykuw,Link,73,48,1,
2023,2i5w-ykuw,Link,73,49,24,
2023,2i5w-ykuw,Link,73,53,7,
2023,2i5w-ykuw,Link,73,61,1,
2023,2i5w-ykuw,Link,73,67,1,
2023,2i5w-ykuw,Link,73,68,1,
2023,2i5w-ykuw,Link,73,69,2,
2023,2i5w-ykuw,Link,73,70,1,
2023,2i5w-ykuw,Link,73,71,6,
2023,2i5w-ykuw,Link,73,72,12,
2023,2i5w-ykuw,Link,73,73,104,
2023,2i5w-ykuw,Link,73,75,5,
2023,2i5w-ykuw,Link,74,,1,
2023,2i5w-ykuw,Link,74,72,1,
2023,2i5w-ykuw,Link,74,74,2,
2023,2i5w-ykuw,Link,75,,2,
2023,2i5w-ykuw,Link,75,43,2,
2023,2i5w-ykuw,Link,75,44,1,
2023,2i5w-ykuw,Link,75,49,17,
2023,2i5w-ykuw,Link,75,50,1,
2023,2i5w-ykuw,Link,75,53,9,
2023,2i5w-ykuw,Link,75,54,1,
2023,2i5w-ykuw,Link,75,71,1,
2023,2i5w-ykuw,Link,75,72,4,
2023,2i5w-ykuw,Link,75,73,9,
2023,2i5w-ykuw,Link,75,74,2,
2023,2i5w-ykuw,Link,75,75,59,
2023,2i5w-ykuw,Link,77,,1,
2023,2i5w-ykuw,Link,77,1,48,
2023,2i5w-ykuw,Link,77,2,26,
2023,2i5w-ykuw,Link,77,3,90,
2023,2i5w-ykuw,Link,77,4,34,
2023,2i5w-ykuw,Link,77,5,4,
2023,2i5w-ykuw,Link,77,6,30,
2023,2i5w-ykuw,Link,77,7,1,
2023,2i5w-ykuw,Link,77,8,1,
2023,2i5w-ykuw,Link,77,11,23,
2023,2i5w-ykuw,Link,77,13,1,
2023,2i5w-ykuw,Link,77,14,3,
2023,2i5w-ykuw,Link,77,15,4,
2023,2i5w-ykuw,Link,77,21,1,
2023,2i5w-ykuw,Link,77,22,2,
2023,2i5w-ykuw,Link,77,77,264,
2023,2i5w-ykuw,Lyft,,,1,
2023,2i5w-ykuw,Lyft,3,3,5,
2023,2i5w-ykuw,Lyft,3,4,1,
2023,2i5w-ykuw,Lyft,3,6,1,
2023,2i5w-ykuw,Lyft,3,8,1,
2023,2i5w-ykuw,Lyft,3,24,1,
2023,2i5w-ykuw,Lyft,4,4,1,
2023,2i5w-ykuw,Lyft,4,77,1,
2023,2i5w-ykuw,Lyft,5,5,1,
2023,2i5w-ykuw,Lyft,6,3,2,
2023,2i5w-ykuw,Lyft,6,5,1,
2023,2i5w-ykuw,Lyft,6,6,44,
2023,2i5w-ykuw,Lyft,6,7,10,
2023,2i5w-ykuw,Lyft,6,21,1,
2023,2i5w-ykuw,Lyft,6,32,1,
2023,2i5w-ykuw,Lyft,7,3,5,
2023,2i5w-ykuw,Lyft,7,4,1,
2023,2i5w-ykuw,Lyft,7,5,1,
2023,2i5w-ykuw,Lyft,7,6,100,
2023,2i5w-ykuw,Lyft,7,7,21122,
2023,2i5w-ykuw,Lyft,7,8,12874,
2023,2i5w-ykuw,Lyft,7,22,821,
2023,2i5w-ykuw,Lyft,7,24,1587,
2023,2i5w-ykuw,Lyft,7,28,1645,
2023,2i5w-ykuw,Lyft,7,31,10,
2023,2i5w-ykuw,Lyft,7,32,1968,
2023,2i5w-ykuw,Lyft,7,33,92,
2023,2i5w-ykuw,Lyft,7,34,6,
2023,2i5w-ykuw,Lyft,7,35,13,
2023,2i5w-ykuw,Lyft,7,59,1,
2023,2i5w-ykuw,Lyft,7,60,5,
2023,2i5w-ykuw,Lyft,7,77,1,
2023,2i5w-ykuw,Lyft,8,,10,
2023,2i5w-ykuw,Lyft,8,3,5,
2023,2i5w-ykuw,Lyft,8,5,3,
2023,2i5w-ykuw,Lyft,8,6,54,
2023,2i5w-ykuw,Lyft,8,7,15855,
2023,2i5w-ykuw,Lyft,8,8,117330,
2023,2i5w-ykuw,Lyft,8,14,1,
2023,2i5w-ykuw,Lyft,8,22,697,
2023,2i5w-ykuw,Lyft,8,23,1,
2023,2i5w-ykuw,Lyft,8,24,12004,
2023,2i5w-ykuw,Lyft,8,27,1,
2023,2i5w-ykuw,Lyft,8,28,20361,
2023,2i5w-ykuw,Lyft,8,31,204,
2023,2i5w-ykuw,Lyft,8,32,29262,
2023,2i5w-ykuw,Lyft,8,33,1083,
2023,2i5w-ykuw,Lyft,8,34,84,
2023,2i5w-ykuw,Lyft,8,35,94,
2023,2i5w-ykuw,Lyft,8,36,2,
2023,2i5w-ykuw,Lyft,8,37,1,
2023,2i5w-ykuw,Lyft,8,38,10,
2023,2i5w-ykuw,Lyft,8,44,1,
2023,2i5w-ykuw,Lyft,8,59,14,
2023,2i5w-ykuw,Lyft,8,60,110,
2023,2i5w-ykuw,Lyft,8,61,5,
2023,2i5w-ykuw,Lyft,8,68,2,
2023,2i5w-ykuw,Lyft,14,14,1,
2023,2i5w-ykuw,Lyft,22,3,1,
2023,2i5w-ykuw,Lyft,22,4,1,
2023,2i5w-ykuw,Lyft,22,5,3,
2023,2i5w-ykuw,Lyft,22,6,6,
2023,2i5w-ykuw,Lyft,22,7,925,
2023,2i5w-ykuw,Lyft,22,8,626,
2023,2i5w-ykuw,Lyft,22,15,1,
2023,2i5w-ykuw,Lyft,22,22,1525,
2023,2i5w-ykuw,Lyft,22,23,1,
2023,2i5w-ykuw,Lyft,22,24,1632,
2023,2i5w-ykuw,Lyft,22,28,205,
2023,2i5w-ykuw,Lyft,22,31,3,
2023,2i5w-ykuw,Lyft,22,32,182,
2023,2i5w-ykuw,Lyft,22,33,3,
2023,2i5w-ykuw,Lyft,22,34,1,
2023,2i5w-ykuw,Lyft,22,59,2,
2023,2i5w-ykuw,Lyft,24,3,1,
2023,2i5w-ykuw,Lyft,24,4,1,
2023,2i5w-ykuw,Lyft,24,5,3,
2023,2i5w-ykuw,Lyft,24,6,12,
2023,2i5w-ykuw,Lyft,24,7,2090,
2023,2i5w-ykuw,Lyft,24,8,9973,
2023,2i5w-ykuw,Lyft,24,17,1,
2023,2i5w-ykuw,Lyft,24,21,3,
2023,2i5w-ykuw,Lyft,24,22,2267,
2023,2i5w-ykuw,Lyft,24,23,5,
2023,2i5w-ykuw,Lyft,24,24,27843,
2023,2i5w-ykuw,Lyft,24,27,1,
2023,2i5w-ykuw,Lyft,24,28,11149,
2023,2i5w-ykuw,Lyft,24,31,173,
2023,2i5w-ykuw,Lyft,24,32,3428,
2023,2i5w-ykuw,Lyft,24,33,82,
2023,2i5w-ykuw,Lyft,24,34,22,
2023,2i5w-ykuw,Lyft,24,35,6,
2023,2i5w-ykuw,Lyft,24,36,3,
2023,2i5w-ykuw,Lyft,24,59,1,
2023,2i5w-ykuw,Lyft,24,60,24,
2023,2i5w-ykuw,Lyft,25,25,5,
2023,2i5w-ykuw,Lyft,28,,1,
2023,2i5w-ykuw,Lyft,28,5,2,
2023,2i5w-ykuw,Lyft,28,6,9,
2023,2i5w-ykuw,Lyft,28,7,2207,
2023,2i5w-ykuw,Lyft,28,8,22121,
2023,2i5w-ykuw,Lyft,28,21,3,
2023,2i5w-ykuw,Lyft,28,22,392,
2023,2i5w-ykuw,Lyft,28,24,14577,
2023,2i5w-ykuw,Lyft,28,27,4,
2023,2i5w-ykuw,Lyft,28,28,109694,
2023,2i5w-ykuw,Lyft,28,29,6,
2023,2i5w-ykuw,Lyft,28,30,4,
2023,2i5w-ykuw,Lyft,28,31,4437,
2023,2i5w-ykuw,Lyft,28,32,24473,
2023,2i5w-ykuw,Lyft,28,33,2401,
2023,2i5w-ykuw,Lyft,28,34,544,
2023,2i5w-ykuw,Lyft,28,35,243,
2023,2i5w-ykuw,Lyft,28,36,4,
2023,2i5w-ykuw,Lyft,28,38,23,
2023,2i5w-ykuw,Lyft,28,59,46,
2023,2i5w-ykuw,Lyft,28,60,603,
2023,2i5w-ykuw,Lyft,28,61,13,
2023,2i5w-ykuw,Lyft,30,29,1,
2023,2i5w-ykuw,Lyft,31,7,19,
2023,2i5w-ykuw,Lyft,31,8,218,
2023,2i5w-ykuw,Lyft,31,22,15,
2023,2i5w-ykuw,Lyft,31,24,225,
2023,2i5w-ykuw,Lyft,31,28,4259,
2023,2i5w-ykuw,Lyft,31,29,2,
2023,2i5w-ykuw,Lyft,31,30,2,
2023,2i5w-ykuw,Lyft,31,31,5641,
2023,2i5w-ykuw,Lyft,31,32,789,
2023,2i5w-ykuw,Lyft,31,33,614,
2023,2i5w-ykuw,Lyft,31,34,564,
2023,2i5w-ykuw,Lyft,31,35,77,
2023,2i5w-ykuw,Lyft,31,37,1,
2023,2i5w-ykuw,Lyft,31,38,1,
2023,2i5w-ykuw,Lyft,31,41,1,
2023,2i5w-ykuw,Lyft,31,59,158,
2023,2i5w-ykuw,Lyft,31,60,615,
2023,2i5w-ykuw,Lyft,31,61,14,
2023,2i5w-ykuw,Lyft,31,68,1,
2023,2i5w-ykuw,Lyft,32,,5,
2023,2i5w-ykuw,Lyft,32,3,4,
2023,2i5w-ykuw,Lyft,32,6,14,
2023,2i5w-ykuw,Lyft,32,7,1936,
2023,2i5w-ykuw,Lyft,32,8,31008,
2023,2i5w-ykuw,Lyft,32,22,175,
2023,2i5w-ykuw,Lyft,32,24,3623,
2023,2i5w-ykuw,Lyft,32,27,2,
2023,2i5w-ykuw,Lyft,32,28,24393,
2023,2i5w-ykuw,Lyft,32,29,2,
2023,2i5w-ykuw,Lyft,32,30,1,
2023,2i5w-ykuw,Lyft,32,31,843,
2023,2i5w-ykuw,Lyft,32,32,91328,
2023,2i5w-ykuw,Lyft,32,33,8291,
2023,2i5w-ykuw,Lyft,32,34,671,
2023,2i5w-ykuw,Lyft,32,35,673,
2023,2i5w-ykuw,Lyft,32,36,8,
2023,2i5w-ykuw,Lyft,32,37,5,
2023,2i5w-ykuw,Lyft,32,38,48,
2023,2i5w-ykuw,Lyft,32,40,1,
2023,2i5w-ykuw,Lyft,32,41,4,
2023,2i5w-ykuw,Lyft,32,42,2,
2023,2i5w-ykuw,Lyft,32,44,2,
2023,2i5w-ykuw,Lyft,32,49,11,
2023,2i5w-ykuw,Lyft,32,58,1,
2023,2i5w-ykuw,Lyft,32,59,12,
2023,2i5w-ykuw,Lyft,32,60,152,
2023,2i5w-ykuw,Lyft,32,61,10,
2023,2i5w-ykuw,Lyft,32,69,2,
2023,2i5w-ykuw,Lyft,32,77,2,
2023,2i5w-ykuw,Lyft,33,7,93,
2023,2i5w-ykuw,Lyft,33,8,1280,
2023,2i5w-ykuw,Lyft,33,22,2,
2023,2i5w-ykuw,Lyft,33,24,119,
2023,2i5w-ykuw,Lyft,33,25,1,
2023,2i5w-ykuw,Lyft,33,28,2121,
2023,2i5w-ykuw,Lyft,33,31,616,
2023,2i5w-ykuw,Lyft,33,32,8300,
2023,2i5w-ykuw,Lyft,33,33,10838,
2023,2i5w-ykuw,Lyft,33,34,873,
2023,2i5w-ykuw,Lyft,33,35,1048,
2023,2i5w-ykuw,Lyft,33,36,14,
2023,2i5w-ykuw,Lyft,33,37,1,
2023,2i5w-ykuw,Lyft,33,38,61,
2023,2i5w-ykuw,Lyft,33,39,1,
2023,2i5w-ykuw,Lyft,33,41,1,
2023,2i5w-ykuw,Lyft,33,49,1,
2023,2i5w-ykuw,Lyft,33,59,41,
2023,2i5w-ykuw,Lyft,33,60,151,
2023,2i5w-ykuw,Lyft,33,61,4,
2023,2i5w-ykuw,Lyft,33,69,1,
2023,2i5w-ykuw,Lyft,34,7,7,
2023,2i5w-ykuw,Lyft,34,8,98,
2023,2i5w-ykuw,Lyft,34,22,1,
2023,2i5w-ykuw,Lyft,34,24,19,
2023,2i5w-ykuw,Lyft,34,28,499,
2023,2i5w-ykuw,Lyft,34,30,1,
2023,2i5w-ykuw,Lyft,34,31,531,
2023,2i5w-ykuw,Lyft,34,32,629,
2023,2i5w-ykuw,Lyft,34,33,893,
2023,2i5w-ykuw,Lyft,34,34,3569,
2023,2i5w-ykuw,Lyft,34,35,783,
2023,2i5w-ykuw,Lyft,34,36,7,
2023,2i5w-ykuw,Lyft,34,37,3,
2023,2i5w-ykuw,Lyft,34,38,14,
2023,2i5w-ykuw,Lyft,34,39,1,
2023,2i5w-ykuw,Lyft,34,58,1,
2023,2i5w-ykuw,Lyft,34,59,49,
2023,2i5w-ykuw,Lyft,34,60,1254,
2023,2i5w-ykuw,Lyft,34,61,17,
2023,2i5w-ykuw,Lyft,35,,2,
2023,2i5w-ykuw,Lyft,35,7,20,
2023,2i5w-ykuw,Lyft,35,8,116,
2023,2i5w-ykuw,Lyft,35,22,3,
2023,2i5w-ykuw,Lyft,35,24,5,
2023,2i5w-ykuw,Lyft,35,28,227,
2023,2i5w-ykuw,Lyft,35,31,52,
2023,2i5w-ykuw,Lyft,35,32,500,
2023,2i5w-ykuw,Lyft,35,33,1012,
2023,2i5w-ykuw,Lyft,35,34,796,
2023,2i5w-ykuw,Lyft,35,35,13261,
2023,2i5w-ykuw,Lyft,35,36,90,
2023,2i5w-ykuw,Lyft,35,37,2,
2023,2i5w-ykuw,Lyft,35,38,151,
2023,2i5w-ykuw,Lyft,35,39,5,
2023,2i5w-ykuw,Lyft,35,41,3,
2023,2i5w-ykuw,Lyft,35,59,38,
2023,2i5w-ykuw,Lyft,35,60,518,
2023,2i5w-ykuw,Lyft,35,61,3,
2023,2i5w-ykuw,Lyft,36,8,2,
2023,2i5w-ykuw,Lyft,36,33,8,
2023,2i5w-ykuw,Lyft,36,34,1,
2023,2i5w-ykuw,Lyft,36,35,83,
2023,2i5w-ykuw,Lyft,36,36,90,
2023,2i5w-ykuw,Lyft,36,38,25,
2023,2i5w-ykuw,Lyft,36,60,1,
2023,2i5w-ykuw,Lyft,37,38,1,
2023,2i5w-ykuw,Lyft,37,60,1,
2023,2i5w-ykuw,Lyft,38,8,1,
2023,2i5w-ykuw,Lyft,38,33,7,
2023,2i5w-ykuw,Lyft,38,34,3,
2023,2i5w-ykuw,Lyft,38,35,23,
2023,2i5w-ykuw,Lyft,38,36,13,
2023,2i5w-ykuw,Lyft,38,38,65,
2023,2i5w-ykuw,Lyft,38,39,2,
2023,2i5w-ykuw,Lyft,38,59,1,
2023,2i5w-ykuw,Lyft,38,60,1,
2023,2i5w-ykuw,Lyft,39,41,1,
2023,2i5w-ykuw,Lyft,41,36,1,
2023,2i5w-ykuw,Lyft,41,38,1,
2023,2i5w-ykuw,Lyft,49,49,2,
2023,2i5w-ykuw,Lyft,58,63,1,
2023,2i5w-ykuw,Lyft,59,,1,
2023,2i5w-ykuw,Lyft,59,8,3,
2023,2i5w-ykuw,Lyft,59,22,1,
2023,2i5w-ykuw,Lyft,59,24,3,
2023,2i5w-ykuw,Lyft,59,28,20,
2023,2i5w-ykuw,Lyft,59,31,99,
2023,2i5w-ykuw,Lyft,59,32,3,
2023,2i5w-ykuw,Lyft,59,33,30,
2023,2i5w-ykuw,Lyft,59,34,42,
2023,2i5w-ykuw,Lyft,59,35,26,
2023,2i5w-ykuw,Lyft,59,38,1,
2023,2i5w-ykuw,Lyft,59,59,313,
2023,2i5w-ykuw,Lyft,59,60,143,
2023,2i5w-ykuw,Lyft,59,61,17,
2023,2i5w-ykuw,Lyft,60,6,1,
2023,2i5w-ykuw,Lyft,60,7,4,
2023,2i5w-ykuw,Lyft,60,8,178,
2023,2i5w-ykuw,Lyft,60,22,1,
2023,2i5w-ykuw,Lyft,60,24,42,
2023,2i5w-ykuw,Lyft,60,28,510,
2023,2i5w-ykuw,Lyft,60,31,583,
2023,2i5w-ykuw,Lyft,60,32,141,
2023,2i5w-ykuw,Lyft,60,33,106,
2023,2i5w-ykuw,Lyft,60,34,1246,
2023,2i5w-ykuw,Lyft,60,35,539,
2023,2i5w-ykuw,Lyft,60,37,2,
2023,2i5w-ykuw,Lyft,60,38,6,
2023,2i5w-ykuw,Lyft,60,58,1,
2023,2i5w-ykuw,Lyft,60,59,184,
2023,2i5w-ykuw,Lyft,60,60,3234,
2023,2i5w-ykuw,Lyft,60,61,31,
2023,2i5w-ykuw,Lyft,61,31,1,
2023,2i5w-ykuw,Lyft,61,34,4,
2023,2i5w-ykuw,Lyft,61,38,2,
2023,2i5w-ykuw,Lyft,61,59,3,
2023,2i5w-ykuw,Lyft,61,60,8,
2023,2i5w-ykuw,Lyft,61,61,8,
2023,2i5w-ykuw,Lyft,77,4,1,
2023,2i5w-ykuw,Lyft,77,77,2,
2023,2i5w-ykuw,Spin,,,1,
2023,2i5w-ykuw,Spin,,1,7,
2023,2i5w-ykuw,Spin,,2,1,
2023,2i5w-ykuw,Spin,,4,1,
2023,2i5w-ykuw,Spin,,13,1,
2023,2i5w-ykuw,Spin,,18,1,
2023,2i5w-ykuw,Spin,,24,2,
2023,2i5w-ykuw,Spin,,25,4,
2023,2i5w-ykuw,Spin,,26,3,
2023,2i5w-ykuw,Spin,,29,2,
2023,2i5w-ykuw,Spin,,64,1,
2023,2i5w-ykuw,Spin,,68,1,
2023,2i5w-ykuw,Spin,,72,1,
2023,2i5w-ykuw,Spin,,77,1,
2023,2i5w-ykuw,Spin,1,,15,
2023,2i5w-ykuw,Spin,1,1,954,
2023,2i5w-ykuw,Spin,1,2,127,
2023,2i5w-ykuw,Spin,1,3,34,
2023,2i5w-ykuw,Spin,1,4,11,
2023,2i5w-ykuw,Spin,1,5,1,
2023,2i5w-ykuw,Spin,1,6,8,
2023,2i5w-ykuw,Spin,1,7,3,
2023,2i5w-ykuw,Spin,1,8,1,
2023,2i5w-ykuw,Spin,1,13,7,
2023,2i5w-ykuw,Spin,1,16,1,
2023,2i5w-ykuw,Spin,1,22,1,
2023,2i5w-ykuw,Spin,1,24,1,
2023,2i5w-ykuw,Spin,1,25,1,
2023,2i5w-ykuw,Spin,1,30,1,
2023,2i5w-ykuw,Spin,1,43,1,
2023,2i5w-ykuw,Spin,1,77,224,
2023,2i5w-ykuw,Spin,2,,5,
2023,2i5w-ykuw,Spin,2,1,101,
2023,2i5w-ykuw,Spin,2,2,443,
2023,2i5w-ykuw,Spin,2,3,25,
2023,2i5w-ykuw,Spin,2,4,63,
2023,2i5w-ykuw,Spin,2,5,4,
2023,2i5w-ykuw,Spin,2,6,7,
2023,2i5w-ykuw,Spin,2,8,4,
2023,2i5w-ykuw,Spin,2,13,13,
2023,2i5w-ykuw,Spin,2,14,13,
2023,2i5w-ykuw,Spin,2,16,2,
2023,2i5w-ykuw,Spin,2,19,2,
2023,2i5w-ykuw,Spin,2,22,2,
2023,2i5w-ykuw,Spin,2,24,1,
2023,2i5w-ykuw,Spin,2,77,115,
2023,2i5w-ykuw,Spin,3,1,60,
2023,2i5w-ykuw,Spin,3,2,40,
2023,2i5w-ykuw,Spin,3,3,5370,
2023,2i5w-ykuw,Spin,3,4,710,
2023,2i5w-ykuw,Spin,3,5,188,
2023,2i5w-ykuw,Spin,3,6,2346,
2023,2i5w-ykuw,Spin,3,7,147,
2023,2i5w-ykuw,Spin,3,8,26,
2023,2i5w-ykuw,Spin,3,13,4,
2023,2i5w-ykuw,Spin,3,14,17,
2023,2i5w-ykuw,Spin,3,15,1,
2023,2i5w-ykuw,Spin,3,16,26,
2023,2i5w-ykuw,Spin,3,17,1,
2023,2i5w-ykuw,Spin,3,19,2,
2023,2i5w-ykuw,Spin,3,21,15,
2023,2i5w-ykuw,Spin,3,22,21,
2023,2i5w-ykuw,Spin,3,23,1,
2023,2i5w-ykuw,Spin,3,24,23,
2023,2i5w-ykuw,Spin,3,25,2,
2023,2i5w-ykuw,Spin,3,28,22,
2023,2i5w-ykuw,Spin,3,32,2,
2023,2i5w-ykuw,Spin,3,76,1,
2023,2i5w-ykuw,Spin,3,77,1251,
2023,2i5w-ykuw,Spin,4,1,27,
2023,2i5w-ykuw,Spin,4,2,69,
2023,2i5w-ykuw,Spin,4,3,609,
2023,2i5w-ykuw,Spin,4,4,1581,
2023,2i5w-ykuw,Spin,4,5,282,
2023,2i5w-ykuw,Spin,4,6,331,
2023,2i5w-ykuw,Spin,4,7,5,
2023,2i5w-ykuw,Spin,4,8,3,
2023,2i5w-ykuw,Spin,4,11,1,
2023,2i5w-ykuw,Spin,4,13,42,
2023,2i5w-ykuw,Spin,4,14,111,
2023,2i5w-ykuw,Spin,4,15,4,
2023,2i5w-ykuw,Spin,4,16,40,
2023,2i5w-ykuw,Spin,4,19,3,
2023,2i5w-ykuw,Spin,4,20,1,
2023,2i5w-ykuw,Spin,4,21,14,
2023,2i5w-ykuw,Spin,4,22,16,
2023,2i5w-ykuw,Spin,4,24,9,
2023,2i5w-ykuw,Spin,4,28,1,
2023,2i5w-ykuw,Spin,4,77,308,
2023,2i5w-ykuw,Spin,5,,1,
2023,2i5w-ykuw,Spin,5,1,6,
2023,2i5w-ykuw,Spin,5,2,6,
2023,2i5w-ykuw,Spin,5,3,173,
2023,2i5w-ykuw,Spin,5,4,269,
2023,2i5w-ykuw,Spin,5,5,1343,
2023,2i5w-ykuw,Spin,5,6,1312,
2023,2i5w-ykuw,Spin,5,7,238,
2023,2i5w-ykuw,Spin,5,8,20,
2023,2i5w-ykuw,Spin,5,11,1,
2023,2i5w-ykuw,Spin,5,13,7,
2023,2i5w-ykuw,Spin,5,14,36,
2023,2i5w-ykuw,Spin,5,15,4,
2023,2i5w-ykuw,Spin,5,16,109,
2023,2i5w-ykuw,Spin,5,17,1,
2023,2i5w-ykuw,Spin,5,19,3,
2023,2i5w-ykuw,Spin,5,20,5,
2023,2i5w-ykuw,Spin,5,21,121,
2023,2i5w-ykuw,Spin,5,22,139,
2023,2i5w-ykuw,Spin,5,23,3,
2023,2i5w-ykuw,Spin,5,24,62,
2023,2i5w-ykuw,Spin,5,28,7,
2023,2i5w-ykuw,Spin,5,29,1,
2023,2i5w-ykuw,Spin,5,31,1,
2023,2i5w-ykuw,Spin,5,33,2,
2023,2i5w-ykuw,Spin,5,77,32,
2023,2i5w-ykuw,Spin,6,1,13,
2023,2i5w-ykuw,Spin,6,2,12,
2023,2i5w-ykuw,Spin,6,3,2176,
2023,2i5w-ykuw,Spin,6,4,356,
2023,2i5w-ykuw,Spin,6,5,1469,
2023,2i5w-ykuw,Spin,6,6,17380,
2023,2i5w-ykuw,Spin,6,7,3714,
2023,2i5w-ykuw,Spin,6,8,420,
2023,2i5w-ykuw,Spin,6,13,3,
2023,2i5w-ykuw,Spin,6,14,21,
2023,2i5w-ykuw,Spin,6,15,11,
2023,2i5w-ykuw,Spin,6,16,73,
2023,2i5w-ykuw,Spin,6,17,1,
2023,2i5w-ykuw,Spin,6,18,1,
2023,2i5w-ykuw,Spin,6,19,7,
2023,2i5w-ykuw,Spin,6,20,2,
2023,2i5w-ykuw,Spin,6,21,112,
2023,2i5w-ykuw,Spin,6,22,239,
2023,2i5w-ykuw,Spin,6,23,6,
2023,2i5w-ykuw,Spin,6,24,225,
2023,2i5w-ykuw,Spin,6,25,1,
2023,2i5w-ykuw,Spin,6,26,1,
2023,2i5w-ykuw,Spin,6,28,79,
2023,2i5w-ykuw,Spin,6,31,4,
2023,2i5w-ykuw,Spin,6,32,11,
2023,2i5w-ykuw,Spin,6,33,8,
2023,2i5w-ykuw,Spin,6,58,1,
2023,2i5w-ykuw,Spin,6,77,256,
2023,2i5w-ykuw,Spin,7,,2,
2023,2i5w-ykuw,Spin,7,1,5,
2023,2i5w-ykuw,Spin,7,2,3,
2023,2i5w-ykuw,Spin,7,3,181,
2023,2i5w-ykuw,Spin,7,4,11,
2023,2i5w-ykuw,Spin,7,5,230,
2023,2i5w-ykuw,Spin,7,6,3173,
2023,2i5w-ykuw,Spin,7,7,7492,
2023,2i5w-ykuw,Spin,7,8,1210,
2023,2i5w-ykuw,Spin,7,14,5,
2023,2i5w-ykuw,Spin,7,16,8,
2023,2i5w-ykuw,Spin,7,19,12,
2023,2i5w-ykuw,Spin,7,20,10,
2023,2i5w-ykuw,Spin,7,21,16,
2023,2i5w-ykuw,Spin,7,22,264,
2023,2i5w-ykuw,Spin,7,23,19,
2023,2i5w-ykuw,Spin,7,24,274,
2023,2i5w-ykuw,Spin,7,25,5,
2023,2i5w-ykuw,Spin,7,26,1,
2023,2i5w-ykuw,Spin,7,28,128,
2023,2i5w-ykuw,Spin,7,31,8,
2023,2i5w-ykuw,Spin,7,32,69,
2023,2i5w-ykuw,Spin,7,33,11,
2023,2i5w-ykuw,Spin,7,34,2,
2023,2i5w-ykuw,Spin,7,59,1,
2023,2i5w-ykuw,Spin,7,77,18,
2023,2i5w-ykuw,Spin,8,1,2,
2023,2i5w-ykuw,Spin,8,2,1,
2023,2i5w-ykuw,Spin,8,3,18,
2023,2i5w-ykuw,Spin,8,4,2,
2023,2i5w-ykuw,Spin,8,5,12,
2023,2i5w-ykuw,Spin,8,6,285,
2023,2i5w-ykuw,Spin,8,7,802,
2023,2i5w-ykuw,Spin,8,8,2098,
2023,2i5w-ykuw,Spin,8,15,2,
2023,2i5w-ykuw,Spin,8,16,4,
2023,2i5w-ykuw,Spin,8,21,2,
2023,2i5w-ykuw,Spin,8,22,51,
2023,2i5w-ykuw,Spin,8,23,11,
2023,2i5w-ykuw,Spin,8,24,312,
2023,2i5w-ykuw,Spin,8,25,1,
2023,2i5w-ykuw,Spin,8,26,2,
2023,2i5w-ykuw,Spin,8,27,3,
2023,2i5w-ykuw,Spin,8,28,168,
2023,2i5w-ykuw,Spin,8,31,5,
2023,2i5w-ykuw,Spin,8,32,188,
2023,2i5w-ykuw,Spin,8,33,19,
2023,2i5w-ykuw,Spin,8,34,1,
2023,2i5w-ykuw,Spin,8,38,3,
2023,2i5w-ykuw,Spin,8,40,1,
2023,2i5w-ykuw,Spin,8,41,1,
2023,2i5w-ykuw,Spin,8,43,1,
2023,2i5w-ykuw,Spin,8,58,2,
2023,2i5w-ykuw,Spin,8,67,1,
2023,2i5w-ykuw,Spin,8,68,12,
2023,2i5w-ykuw,Spin,8,69,1,
2023,2i5w-ykuw,Spin,8,77,2,
2023,2i5w-ykuw,Spin,10,3,1,
2023,2i5w-ykuw,Spin,10,10,1,
2023,2i5w-ykuw,Spin,10,11,2,
2023,2i5w-ykuw,Spin,10,16,1,
2023,2i5w-ykuw,Spin,10,25,1,
2023,2i5w-ykuw,Spin,11,10,3,
2023,2i5w-ykuw,Spin,11,11,12,
2023,2i5w-ykuw,Spin,11,14,5,
2023,2i5w-ykuw,Spin,11,15,10,
2023,2i5w-ykuw,Spin,11,16,1,
2023,2i5w-ykuw,Spin,12,12,1,
2023,2i5w-ykuw,Spin,12,13,1,
2023,2i5w-ykuw,Spin,12,15,3,
2023,2i5w-ykuw,Spin,13,1,3,
2023,2i5w-ykuw,Spin,13,2,8,
2023,2i5w-ykuw,Spin,13,3,3,
2023,2i5w-ykuw,Spin,13,4,35,
2023,2i5w-ykuw,Spin,13,5,3,
2023,2i5w-ykuw,Spin,13,6,2,
2023,2i5w-ykuw,Spin,13,12,1,
2023,2i5w-ykuw,Spin,13,13,84,
2023,2i5w-ykuw,Spin,13,14,17,
2023,2i5w-ykuw,Spin,13,16,10,
2023,2i5w-ykuw,Spin,13,20,1,
2023,2i5w-ykuw,Spin,13,21,4,
2023,2i5w-ykuw,Spin,13,22,2,
2023,2i5w-ykuw,Spin,13,24,1,
2023,2i5w-ykuw,Spin,13,27,1,
2023,2i5w-ykuw,Spin,13,77,13,
2023,2i5w-ykuw,Spin,14,1,4,
2023,2i5w-ykuw,Spin,14,2,11,
2023,2i5w-ykuw,Spin,14,3,16,
2023,2i5w-ykuw,Spin,14,4,62,
2023,2i5w-ykuw,Spin,14,5,29,
2023,2i5w-ykuw,Spin,14,6,9,
2023,2i5w-ykuw,Spin,14,7,2,
2023,2i5w-ykuw,Spin,14,10,1,
2023,2i5w-ykuw,Spin,14,11,3,
2023,2i5w-ykuw,Spin,14,13,22,
2023,2i5w-ykuw,Spin,14,14,206,
2023,2i5w-ykuw,Spin,14,15,1,
2023,2i5w-ykuw,Spin,14,16,66,
2023,2i5w-ykuw,Spin,14,19,1,
2023,2i5w-ykuw,Spin,14,21,20,
2023,2i5w-ykuw,Spin,14,22,1,
2023,2i5w-ykuw,Spin,14,24,2,
2023,2i5w-ykuw,Spin,14,25,1,
2023,2i5w-ykuw,Spin,14,77,8,
2023,2i5w-ykuw,Spin,15,4,2,
2023,2i5w-ykuw,Spin,15,5,6,
2023,2i5w-ykuw,Spin,15,6,3,
2023,2i5w-ykuw,Spin,15,11,7,
2023,2i5w-ykuw,Spin,15,12,3,
2023,2i5w-ykuw,Spin,15,13,2,
2023,2i5w-ykuw,Spin,15,15,203,
2023,2i5w-ykuw,Spin,15,16,53,
2023,2i5w-ykuw,Spin,15,17,15,
2023,2i5w-ykuw,Spin,15,18,5,
2023,2i5w-ykuw,Spin,15,19,57,
2023,2i5w-ykuw,Spin,15,20,7,
2023,2i5w-ykuw,Spin,15,21,19,
2023,2i5w-ykuw,Spin,15,22,11,
2023,2i5w-ykuw,Spin,15,23,7,
2023,2i5w-ykuw,Spin,15,24,6,
2023,2i5w-ykuw,Spin,15,25,6,
2023,2i5w-ykuw,Spin,15,26,1,
2023,2i5w-ykuw,Spin,15,27,1,
2023,2i5w-ykuw,Spin,15,29,1,
2023,2i5w-ykuw,Spin,16,1,1,
2023,2i5w-ykuw,Spin,16,2,3,
2023,2i5w-ykuw,Spin,16,3,5,
2023,2i5w-ykuw,Spin,16,4,19,
2023,2i5w-ykuw,Spin,16,5,92,
2023,2i5w-ykuw,Spin,16,6,38,
2023,2i5w-ykuw,Spin,16,7,11,
2023,2i5w-ykuw,Spin,16,8,1,
2023,2i5w-ykuw,Spin,16,11,2,
2023,2i5w-ykuw,Spin,16,13,15,
2023,2i5w-ykuw,Spin,16,14,50,
2023,2i5w-ykuw,Spin,16,15,65,
2023,2i5w-ykuw,Spin,16,16,594,
2023,2i5w-ykuw,Spin,16,17,5,
2023,2i5w-ykuw,Spin,16,19,39,
2023,2i5w-ykuw,Spin,16,20,13,
2023,2i5w-ykuw,Spin,16,21,151,
2023,2i5w-ykuw,Spin,16,22,43,
2023,2i5w-ykuw,Spin,16,23,11,
2023,2i5w-ykuw,Spin,16,24,9,
2023,2i5w-ykuw,Spin,16,25,4,
2023,2i5w-ykuw,Spin,16,28,1,
2023,2i5w-ykuw,Spin,16,30,1,
2023,2i5w-ykuw,Spin,16,43,1,
2023,2i5w-ykuw,Spin,16,77,5,
2023,2i5w-ykuw,Spin,17,,1,
2023,2i5w-ykuw,Spin,17,13,1,
2023,2i5w-ykuw,Spin,17,15,13,
2023,2i5w-ykuw,Spin,17,16,5,
2023,2i5w-ykuw,Spin,17,17,40,
2023,2i5w-ykuw,Spin,17,18,10,
2023,2i5w-ykuw,Spin,17,19,14,
2023,2i5w-ykuw,Spin,17,20,1,
2023,2i5w-ykuw,Spin,17,21,1,
2023,2i5w-ykuw,Spin,17,22,1,
2023,2i5w-ykuw,Spin,17,25,3,
2023,2i5w-ykuw,Spin,17,32,1,
2023,2i5w-ykuw,Spin,17,77,1,
2023,2i5w-ykuw,Spin,18,,5,
2023,2i5w-ykuw,Spin,18,15,1,
2023,2i5w-ykuw,Spin,18,17,14,
2023,2i5w-ykuw,Spin,18,18,58,
2023,2i5w-ykuw,Spin,18,19,30,
2023,2i5w-ykuw,Spin,18,20,2,
2023,2i5w-ykuw,Spin,18,23,2,
2023,2i5w-ykuw,Spin,18,24,1,
2023,2i5w-ykuw,Spin,18,25,14,
2023,2i5w-ykuw,Spin,19,,2,
2023,2i5w-ykuw,Spin,19,3,1,
2023,2i5w-ykuw,Spin,19,5,5,
2023,2i5w-ykuw,Spin,19,6,2,
2023,2i5w-ykuw,Spin,19,7,7,
2023,2i5w-ykuw,Spin,19,8,3,
2023,2i5w-ykuw,Spin,19,10,1,
2023,2i5w-ykuw,Spin,19,11,1,
2023,2i5w-ykuw,Spin,19,14,1,
2023,2i5w-ykuw,Spin,19,15,81,
2023,2i5w-ykuw,Spin,19,16,56,
2023,2i5w-ykuw,Spin,19,17,33,
2023,2i5w-ykuw,Spin,19,18,50,
2023,2i5w-ykuw,Spin,19,19,1244,
2023,2i5w-ykuw,Spin,19,20,90,
2023,2i5w-ykuw,Spin,19,21,23,
2023,2i5w-ykuw,Spin,19,22,81,
2023,2i5w-ykuw,Spin,19,23,28,
2023,2i5w-ykuw,Spin,19,24,14,
2023,2i5w-ykuw,Spin,19,25,151,
2023,2i5w-ykuw,Spin,19,26,2,
2023,2i5w-ykuw,Spin,19,27,2,
2023,2i5w-ykuw,Spin,19,29,1,
2023,2i5w-ykuw,Spin,19,32,1,
2023,2i5w-ykuw,Spin,20,,1,
2023,2i5w-ykuw,Spin,20,5,1,
2023,2i5w-ykuw,Spin,20,6,1,
2023,2i5w-ykuw,Spin,20,7,7,
2023,2i5w-ykuw,Spin,20,8,7,
2023,2i5w-ykuw,Spin,20,13,1,
2023,2i5w-ykuw,Spin,20,14,1,
2023,2i5w-ykuw,Spin,20,15,8,
2023,2i5w-ykuw,Spin,20,16,24,
2023,2i5w-ykuw,Spin,20,17,1,
2023,2i5w-ykuw,Spin,20,18,2,
2023,2i5w-ykuw,Spin,20,19,112,
2023,2i5w-ykuw,Spin,20,20,270,
2023,2i5w-ykuw,Spin,20,21,32,
2023,2i5w-ykuw,Spin,20,22,174,
2023,2i5w-ykuw,Spin,20,23,101,
2023,2i5w-ykuw,Spin,20,24,18,
2023,2i5w-ykuw,Spin,20,25,30,
2023,2i5w-ykuw,Spin,20,27,1,
2023,2i5w-ykuw,Spin,20,28,1,
2023,2i5w-ykuw,Spin,20,29,1,
2023,2i5w-ykuw,Spin,20,32,1,
2023,2i5w-ykuw,Spin,21,1,1,
2023,2i5w-ykuw,Spin,21,2,5,
2023,2i5w-ykuw,Spin,21,3,16,
2023,2i5w-ykuw,Spin,21,4,12,
2023,2i5w-ykuw,Spin,21,5,95,
2023,2i5w-ykuw,Spin,21,6,64,
2023,2i5w-ykuw,Spin,21,7,11,
2023,2i5w-ykuw,Spin,21,8,6,
2023,2i5w-ykuw,Spin,21,11,2,
2023,2i5w-ykuw,Spin,21,13,2,
2023,2i5w-ykuw,Spin,21,14,14,
2023,2i5w-ykuw,Spin,21,15,25,
2023,2i5w-ykuw,Spin,21,16,174,
2023,2i5w-ykuw,Spin,21,17,1,
2023,2i5w-ykuw,Spin,21,19,26,
2023,2i5w-ykuw,Spin,21,20,31,
2023,2i5w-ykuw,Spin,21,21,573,
2023,2i5w-ykuw,Spin,21,22,252,
2023,2i5w-ykuw,Spin,21,23,23,
2023,2i5w-ykuw,Spin,21,24,24,
2023,2i5w-ykuw,Spin,21,25,2,
2023,2i5w-ykuw,Spin,21,28,4,
2023,2i5w-ykuw,Spin,21,29,1,
2023,2i5w-ykuw,Spin,21,32,1,
2023,2i5w-ykuw,Spin,21,77,3,
2023,2i5w-ykuw,Spin,22,,1,
2023,2i5w-ykuw,Spin,22,1,2,
2023,2i5w-ykuw,Spin,22,2,3,
2023,2i5w-ykuw,Spin,22,3,18,
2023,2i5w-ykuw,Spin,22,4,22,
2023,2i5w-ykuw,Spin,22,5,143,
2023,2i5w-ykuw,Spin,22,6,202,
2023,2i5w-ykuw,Spin,22,7,197,
2023,2i5w-ykuw,Spin,22,8,70,
2023,2i5w-ykuw,Spin,22,11,1,
2023,2i5w-ykuw,Spin,22,13,2,
2023,2i5w-ykuw,Spin,22,14,3,
2023,2i5w-ykuw,Spin,22,15,20,
2023,2i5w-ykuw,Spin,22,16,43,
2023,2i5w-ykuw,Spin,22,17,2,
2023,2i5w-ykuw,Spin,22,18,3,
2023,2i5w-ykuw,Spin,22,19,82,
2023,2i5w-ykuw,Spin,22,20,134,
2023,2i5w-ykuw,Spin,22,21,305,
2023,2i5w-ykuw,Spin,22,22,3356,
2023,2i5w-ykuw,Spin,22,23,158,
2023,2i5w-ykuw,Spin,22,24,947,
2023,2i5w-ykuw,Spin,22,25,28,
2023,2i5w-ykuw,Spin,22,26,1,
2023,2i5w-ykuw,Spin,22,27,17,
2023,2i5w-ykuw,Spin,22,28,50,
2023,2i5w-ykuw,Spin,22,29,7,
2023,2i5w-ykuw,Spin,22,30,1,
2023,2i5w-ykuw,Spin,22,31,2,
2023,2i5w-ykuw,Spin,22,32,6,
2023,2i5w-ykuw,Spin,22,33,2,
2023,2i5w-ykuw,Spin,22,77,3,
2023,2i5w-ykuw,Spin,23,,1,
2023,2i5w-ykuw,Spin,23,3,1,
2023,2i5w-ykuw,Spin,23,4,1,
2023,2i5w-ykuw,Spin,23,5,1,
2023,2i5w-ykuw,Spin,23,6,4,
2023,2i5w-ykuw,Spin,23,7,6,
2023,2i5w-ykuw,Spin,23,8,14,
2023,2i5w-ykuw,Spin,23,13,1,
2023,2i5w-ykuw,Spin,23,15,11,
2023,2i5w-ykuw,Spin,23,16,18,
2023,2i5w-ykuw,Spin,23,18,1,
2023,2i5w-ykuw,Spin,23,19,41,
2023,2i5w-ykuw,Spin,23,20,82,
2023,2i5w-ykuw,Spin,23,21,32,
2023,2i5w-ykuw,Spin,23,22,170,
2023,2i5w-ykuw,Spin,23,23,934,
2023,2i5w-ykuw,Spin,23,24,155,
2023,2i5w-ykuw,Spin,23,25,84,
2023,2i5w-ykuw,Spin,23,26,63,
2023,2i5w-ykuw,Spin,23,27,60,
2023,2i5w-ykuw,Spin,23,28,14,
2023,2i5w-ykuw,Spin,23,29,32,
2023,2i5w-ykuw,Spin,23,30,1,
2023,2i5w-ykuw,Spin,23,32,1,
2023,2i5w-ykuw,Spin,23,35,1,
2023,2i5w-ykuw,Spin,23,44,2,
2023,2i5w-ykuw,Spin,23,58,1,
2023,2i5w-ykuw,Spin,24,2,2,
2023,2i5w-ykuw,Spin,24,3,11,
2023,2i5w-ykuw,Spin,24,4,8,
2023,2i5w-ykuw,Spin,24,5,94,
2023,2i5w-ykuw,Spin,24,6,180,
2023,2i5w-ykuw,Spin,24,7,220,
2023,2i5w-ykuw,Spin,24,8,381,
2023,2i5w-ykuw,Spin,24,14,1,
2023,2i5w-ykuw,Spin,24,15,10,
2023,2i5w-ykuw,Spin,24,16,15,
2023,2i5w-ykuw,Spin,24,19,8,
2023,2i5w-ykuw,Spin,24,20,18,
2023,2i5w-ykuw,Spin,24,21,29,
2023,2i5w-ykuw,Spin,24,22,937,
2023,2i5w-ykuw,Spin,24,23,187,
2023,2i5w-ykuw,Spin,24,24,4015,
2023,2i5w-ykuw,Spin,24,25,47,
2023,2i5w-ykuw,Spin,24,26,25,
2023,2i5w-ykuw,Spin,24,27,23,
2023,2i5w-ykuw,Spin,24,28,378,
2023,2i5w-ykuw,Spin,24,29,7,
2023,2i5w-ykuw,Spin,24,30,3,
2023,2i5w-ykuw,Spin,24,31,18,
2023,2i5w-ykuw,Spin,24,32,26,
2023,2i5w-ykuw,Spin,24,35,1,
2023,2i5w-ykuw,Spin,24,37,1,
2023,2i5w-ykuw,Spin,24,38,2,
2023,2i5w-ykuw,Spin,24,43,2,
2023,2i5w-ykuw,Spin,24,50,1,
2023,2i5w-ykuw,Spin,24,59,1,
2023,2i5w-ykuw,Spin,24,60,8,
2023,2i5w-ykuw,Spin,24,62,1,
2023,2i5w-ykuw,Spin,24,63,1,
2023,2i5w-ykuw,Spin,24,64,1,
2023,2i5w-ykuw,Spin,24,66,1,
2023,2i5w-ykuw,Spin,24,67,1,
2023,2i5w-ykuw,Spin,24,69,2,
2023,2i5w-ykuw,Spin,24,77,6,
2023,2i5w-ykuw,Spin,25,,19,
2023,2i5w-ykuw,Spin,25,1,1,
2023,2i5w-ykuw,Spin,25,2,1,
2023,2i5w-ykuw,Spin,25,7,2,
2023,2i5w-ykuw,Spin,25,8,3,
2023,2i5w-ykuw,Spin,25,11,1,
2023,2i5w-ykuw,Spin,25,15,10,
2023,2i5w-ykuw,Spin,25,16,1,
2023,2i5w-ykuw,Spin,25,17,2,
2023,2i5w-ykuw,Spin,25,18,11,
2023,2i5w-ykuw,Spin,25,19,110,
2023,2i5w-ykuw,Spin,25,20,17,
2023,2i5w-ykuw,Spin,25,21,5,
2023,2i5w-ykuw,Spin,25,22,25,
2023,2i5w-ykuw,Spin,25,23,76,
2023,2i5w-ykuw,Spin,25,24,48,
2023,2i5w-ykuw,Spin,25,25,3225,
2023,2i5w-ykuw,Spin,25,26,174,
2023,2i5w-ykuw,Spin,25,27,43,
2023,2i5w-ykuw,Spin,25,28,17,
2023,2i5w-ykuw,Spin,25,29,48,
2023,2i5w-ykuw,Spin,25,30,1,
2023,2i5w-ykuw,Spin,25,32,1,
2023,2i5w-ykuw,Spin,25,38,1,
2023,2i5w-ykuw,Spin,25,67,1,
2023,2i5w-ykuw,Spin,25,68,1,
2023,2i5w-ykuw,Spin,26,,2,
2023,2i5w-ykuw,Spin,26,6,1,
2023,2i5w-ykuw,Spin,26,7,2,
2023,2i5w-ykuw,Spin,26,8,7,
2023,2i5w-ykuw,Spin,26,20,4,
2023,2i5w-ykuw,Spin,26,21,1,
2023,2i5w-ykuw,Spin,26,22,9,
2023,2i5w-ykuw,Spin,26,23,82,
2023,2i5w-ykuw,Spin,26,24,10,
2023,2i5w-ykuw,Spin,26,25,164,
2023,2i5w-ykuw,Spin,26,26,905,
2023,2i5w-ykuw,Spin,26,27,105,
2023,2i5w-ykuw,Spin,26,28,23,
2023,2i5w-ykuw,Spin,26,29,84,
2023,2i5w-ykuw,Spin,26,30,11,
2023,2i5w-ykuw,Spin,26,32,4,
2023,2i5w-ykuw,Spin,26,58,3,
2023,2i5w-ykuw,Spin,27,1,1,
2023,2i5w-ykuw,Spin,27,2,2,
2023,2i5w-ykuw,Spin,27,5,1,
2023,2i5w-ykuw,Spin,27,6,1,
2023,2i5w-ykuw,Spin,27,8,2,
2023,2i5w-ykuw,Spin,27,11,1,
2023,2i5w-ykuw,Spin,27,13,1,
2023,2i5w-ykuw,Spin,27,15,2,
2023,2i5w-ykuw,Spin,27,16,1,
2023,2i5w-ykuw,Spin,27,19,2,
2023,2i5w-ykuw,Spin,27,21,1,
2023,2i5w-ykuw,Spin,27,22,7,
2023,2i5w-ykuw,Spin,27,23,92,
2023,2i5w-ykuw,Spin,27,24,32,
2023,2i5w-ykuw,Spin,27,25,54,
2023,2i5w-ykuw,Spin,27,26,116,
2023,2i5w-ykuw,Spin,27,27,1104,
2023,2i5w-ykuw,Spin,27,28,117,
2023,2i5w-ykuw,Spin,27,29,176,
2023,2i5w-ykuw,Spin,27,30,8,
2023,2i5w-ykuw,Spin,27,31,1,
2023,2i5w-ykuw,Spin,27,32,6,
2023,2i5w-ykuw,Spin,27,33,1,
2023,2i5w-ykuw,Spin,27,35,1,
2023,2i5w-ykuw,Spin,27,47,1,
2023,2i5w-ykuw,Spin,27,59,1,
2023,2i5w-ykuw,Spin,27,67,1,
2023,2i5w-ykuw,Spin,27,75,1,
2023,2i5w-ykuw,Spin,28,1,1,
2023,2i5w-ykuw,Spin,28,2,1,
2023,2i5w-ykuw,Spin,28,3,20,
2023,2i5w-ykuw,Spin,28,4,1,
2023,2i5w-ykuw,Spin,28,5,2,
2023,2i5w-ykuw,Spin,28,6,54,
2023,2i5w-ykuw,Spin,28,7,65,
2023,2i5w-ykuw,Spin,28,8,150,
2023,2i5w-ykuw,Spin,28,14,1,
2023,2i5w-ykuw,Spin,28,16,4,
2023,2i5w-ykuw,Spin,28,19,2,
2023,2i5w-ykuw,Spin,28,21,2,
2023,2i5w-ykuw,Spin,28,22,32,
2023,2i5w-ykuw,Spin,28,23,22,
2023,2i5w-ykuw,Spin,28,24,313,
2023,2i5w-ykuw,Spin,28,25,12,
2023,2i5w-ykuw,Spin,28,26,13,
2023,2i5w-ykuw,Spin,28,27,92,
2023,2i5w-ykuw,Spin,28,28,1540,
2023,2i5w-ykuw,Spin,28,29,47,
2023,2i5w-ykuw,Spin,28,30,5,
2023,2i5w-ykuw,Spin,28,31,81,
2023,2i5w-ykuw,Spin,28,32,98,
2023,2i5w-ykuw,Spin,28,33,42,
2023,2i5w-ykuw,Spin,28,34,3,
2023,2i5w-ykuw,Spin,28,35,2,
2023,2i5w-ykuw,Spin,28,44,2,
2023,2i5w-ykuw,Spin,28,46,1,
2023,2i5w-ykuw,Spin,28,53,1,
2023,2i5w-ykuw,Spin,28,58,70,
2023,2i5w-ykuw,Spin,28,59,9,
2023,2i5w-ykuw,Spin,28,60,4,
2023,2i5w-ykuw,Spin,28,61,6,
2023,2i5w-ykuw,Spin,28,66,3,
2023,2i5w-ykuw,Spin,28,67,2,
2023,2i5w-ykuw,Spin,28,68,1,
2023,2i5w-ykuw,Spin,28,71,3,
2023,2i5w-ykuw,Spin,28,77,1,
2023,2i5w-ykuw,Spin,29,,1,
2023,2i5w-ykuw,Spin,29,2,1,
2023,2i5w-ykuw,Spin,29,4,2,
2023,2i5w-ykuw,Spin,29,8,4,
2023,2i5w-ykuw,Spin,29,14,2,
2023,2i5w-ykuw,Spin,29,15,1,
2023,2i5w-ykuw,Spin,29,20,1,
2023,2i5w-ykuw,Spin,29,22,8,
2023,2i5w-ykuw,Spin,29,23,26,
2023,2i5w-ykuw,Spin,29,24,8,
2023,2i5w-ykuw,Spin,29,25,46,
2023,2i5w-ykuw,Spin,29,26,65,
2023,2i5w-ykuw,Spin,29,27,122,
2023,2i5w-ykuw,Spin,29,28,61,
2023,2i5w-ykuw,Spin,29,29,1070,
2023,2i5w-ykuw,Spin,29,30,51,
2023,2i5w-ykuw,Spin,29,31,2,
2023,2i5w-ykuw,Spin,29,32,3,
2023,2i5w-ykuw,Spin,29,33,1,
2023,2i5w-ykuw,Spin,29,38,2,
2023,2i5w-ykuw,Spin,29,58,2,
2023,2i5w-ykuw,Spin,29,61,2,
2023,2i5w-ykuw,Spin,30,5,1,
2023,2i5w-ykuw,Spin,30,6,1,
2023,2i5w-ykuw,Spin,30,7,1,
2023,2i5w-ykuw,Spin,30,23,3,
2023,2i5w-ykuw,Spin,30,26,2,
2023,2i5w-ykuw,Spin,30,27,10,
2023,2i5w-ykuw,Spin,30,28,4,
2023,2i5w-ykuw,Spin,30,29,47,
2023,2i5w-ykuw,Spin,30,30,305,
2023,2i5w-ykuw,Spin,30,31,52,
2023,2i5w-ykuw,Spin,30,33,1,
2023,2i5w-ykuw,Spin,30,34,1,
2023,2i5w-ykuw,Spin,30,57,1,
2023,2i5w-ykuw,Spin,30,58,10,
2023,2i5w-ykuw,Spin,30,62,3,
2023,2i5w-ykuw,Spin,30,63,1,
2023,2i5w-ykuw,Spin,30,65,2,
2023,2i5w-ykuw,Spin,31,3,1,
2023,2i5w-ykuw,Spin,31,6,3,
2023,2i5w-ykuw,Spin,31,8,2,
2023,2i5w-ykuw,Spin,31,22,1,
2023,2i5w-ykuw,Spin,31,24,5,
2023,2i5w-ykuw,Spin,31,26,1,
2023,2i5w-ykuw,Spin,31,28,79,
2023,2i5w-ykuw,Spin,31,29,4,
2023,2i5w-ykuw,Spin,31,30,50,
2023,2i5w-ykuw,Spin,31,31,270,
2023,2i5w-ykuw,Spin,31,32,6,
2023,2i5w-ykuw,Spin,31,33,9,
2023,2i5w-ykuw,Spin,31,34,9,
2023,2i5w-ykuw,Spin,31,38,2,
2023,2i5w-ykuw,Spin,31,56,1,
2023,2i5w-ykuw,Spin,31,58,13,
2023,2i5w-ykuw,Spin,31,59,22,
2023,2i5w-ykuw,Spin,31,60,9,
2023,2i5w-ykuw,Spin,31,61,6,
2023,2i5w-ykuw,Spin,31,66,1,
2023,2i5w-ykuw,Spin,31,71,1,
2023,2i5w-ykuw,Spin,32,2,1,
2023,2i5w-ykuw,Spin,32,4,1,
2023,2i5w-ykuw,Spin,32,6,6,
2023,2i5w-ykuw,Spin,32,7,13,
2023,2i5w-ykuw,Spin,32,8,156,
2023,2i5w-ykuw,Spin,32,14,1,
2023,2i5w-ykuw,Spin,32,19,1,
2023,2i5w-ykuw,Spin,32,22,4,
2023,2i5w-ykuw,Spin,32,23,1,
2023,2i5w-ykuw,Spin,32,24,19,
2023,2i5w-ykuw,Spin,32,25,3,
2023,2i5w-ykuw,Spin,32,26,1,
2023,2i5w-ykuw,Spin,32,27,1,
2023,2i5w-ykuw,Spin,32,28,102,
2023,2i5w-ykuw,Spin,32,29,5,
2023,2i5w-ykuw,Spin,32,30,2,
2023,2i5w-ykuw,Spin,32,31,6,
2023,2i5w-ykuw,Spin,32,32,416,
2023,2i5w-ykuw,Spin,32,33,64,
2023,2i5w-ykuw,Spin,32,34,2,
2023,2i5w-ykuw,Spin,32,35,2,
2023,2i5w-ykuw,Spin,32,38,1,
2023,2i5w-ykuw,Spin,32,39,1,
2023,2i5w-ykuw,Spin,32,40,1,
2023,2i5w-ykuw,Spin,32,41,1,
2023,2i5w-ykuw,Spin,32,43,1,
2023,2i5w-ykuw,Spin,32,45,1,
2023,2i5w-ykuw,Spin,32,58,2,
2023,2i5w-ykuw,Spin,32,60,1,
2023,2i5w-ykuw,Spin,32,68,14,
2023,2i5w-ykuw,Spin,33,6,1,
2023,2i5w-ykuw,Spin,33,7,2,
2023,2i5w-ykuw,Spin,33,8,14,
2023,2i5w-ykuw,Spin,33,24,3,
2023,2i5w-ykuw,Spin,33,25,1,
2023,2i5w-ykuw,Spin,33,28,35,
2023,2i5w-ykuw,Spin,33,29,5,
2023,2i5w-ykuw,Spin,33,30,1,
2023,2i5w-ykuw,Spin,33,31,8,
2023,2i5w-ykuw,Spin,33,32,76,
2023,2i5w-ykuw,Spin,33,33,191,
2023,2i5w-ykuw,Spin,33,34,11,
2023,2i5w-ykuw,Spin,33,35,12,
2023,2i5w-ykuw,Spin,33,38,2,
2023,2i5w-ykuw,Spin,33,39,1,
2023,2i5w-ykuw,Spin,33,41,1,
2023,2i5w-ykuw,Spin,33,42,1,
2023,2i5w-ykuw,Spin,33,43,1,
2023,2i5w-ykuw,Spin,33,44,3,
2023,2i5w-ykuw,Spin,33,60,3,
2023,2i5w-ykuw,Spin,33,67,1,
2023,2i5w-ykuw,Spin,34,8,1,
2023,2i5w-ykuw,Spin,34,24,1,
2023,2i5w-ykuw,Spin,34,28,4,
2023,2i5w-ykuw,Spin,34,31,8,
2023,2i5w-ykuw,Spin,34,32,3,
2023,2i5w-ykuw,Spin,34,33,8,
2023,2i5w-ykuw,Spin,34,34,56,
2023,2i5w-ykuw,Spin,34,35,8,
2023,2i5w-ykuw,Spin,34,36,1,
2023,2i5w-ykuw,Spin,34,37,2,
2023,2i5w-ykuw,Spin,34,38,4,
2023,2i5w-ykuw,Spin,34,40,1,
2023,2i5w-ykuw,Spin,34,58,2,
2023,2i5w-ykuw,Spin,34,59,3,
2023,2i5w-ykuw,Spin,34,60,16,
2023,2i5w-ykuw,Spin,34,61,2,
2023,2i5w-ykuw,Spin,34,69,1,
2023,2i5w-ykuw,Spin,35,28,2,
2023,2i5w-ykuw,Spin,35,32,2,
2023,2i5w-ykuw,Spin,35,33,23,
2023,2i5w-ykuw,Spin,35,34,14,
2023,2i5w-ykuw,Spin,35,35,150,
2023,2i5w-ykuw,Spin,35,36,8,
2023,2i5w-ykuw,Spin,35,37,2,
2023,2i5w-ykuw,Spin,35,38,59,
2023,2i5w-ykuw,Spin,35,39,3,
2023,2i5w-ykuw,Spin,35,40,2,
2023,2i5w-ykuw,Spin,35,41,1,
2023,2i5w-ykuw,Spin,35,43,1,
2023,2i5w-ykuw,Spin,35,44,1,
2023,2i5w-ykuw,Spin,35,46,1,
2023,2i5w-ykuw,Spin,35,57,1,
2023,2i5w-ykuw,Spin,35,59,28,
2023,2i5w-ykuw,Spin,35,60,9,
2023,2i5w-ykuw,Spin,35,61,4,
2023,2i5w-ykuw,Spin,35,68,2,
2023,2i5w-ykuw,Spin,35,69,1,
2023,2i5w-ykuw,Spin,36,28,1,
2023,2i5w-ykuw,Spin,36,34,2,
2023,2i5w-ykuw,Spin,36,35,10,
2023,2i5w-ykuw,Spin,36,36,33,
2023,2i5w-ykuw,Spin,36,38,15,
2023,2i5w-ykuw,Spin,36,39,16,
2023,2i5w-ykuw,Spin,36,40,1,
2023,2i5w-ykuw,Spin,36,41,3,
2023,2i5w-ykuw,Spin,36,49,1,
2023,2i5w-ykuw,Spin,36,60,1,
2023,2i5w-ykuw,Spin,36,61,1,
2023,2i5w-ykuw,Spin,36,67,1,
2023,2i5w-ykuw,Spin,36,68,1,
2023,2i5w-ykuw,Spin,36,69,4,
2023,2i5w-ykuw,Spin,37,28,1,
2023,2i5w-ykuw,Spin,37,34,3,
2023,2i5w-ykuw,Spin,37,35,1,
2023,2i5w-ykuw,Spin,37,37,31,
2023,2i5w-ykuw,Spin,37,38,11,
2023,2i5w-ykuw,Spin,37,39,10,
2023,2i5w-ykuw,Spin,37,40,24,
2023,2i5w-ykuw,Spin,37,41,5,
2023,2i5w-ykuw,Spin,37,42,1,
2023,2i5w-ykuw,Spin,37,43,1,
2023,2i5w-ykuw,Spin,37,60,1,
2023,2i5w-ykuw,Spin,37,61,27,
2023,2i5w-ykuw,Spin,37,63,1,
2023,2i5w-ykuw,Spin,37,67,6,
2023,2i5w-ykuw,Spin,37,68,16,
2023,2i5w-ykuw,Spin,37,69,1,
2023,2i5w-ykuw,Spin,37,77,1,
2023,2i5w-ykuw,Spin,38,28,3,
2023,2i5w-ykuw,Spin,38,32,1,
2023,2i5w-ykuw,Spin,38,33,15,
2023,2i5w-ykuw,Spin,38,34,7,
2023,2i5w-ykuw,Spin,38,35,64,
2023,2i5w-ykuw,Spin,38,36,31,
2023,2i5w-ykuw,Spin,38,37,6,
2023,2i5w-ykuw,Spin,38,38,421,
2023,2i5w-ykuw,Spin,38,39,98,
2023,2i5w-ykuw,Spin,38,40,78,
2023,2i5w-ykuw,Spin,38,41,60,
2023,2i5w-ykuw,Spin,38,42,14,
2023,2i5w-ykuw,Spin,38,43,14,
2023,2i5w-ykuw,Spin,38,44,4,
2023,2i5w-ykuw,Spin,38,45,1,
2023,2i5w-ykuw,Spin,38,49,3,
2023,2i5w-ykuw,Spin,38,58,14,
2023,2i5w-ykuw,Spin,38,59,3,
2023,2i5w-ykuw,Spin,38,60,1,
2023,2i5w-ykuw,Spin,38,61,10,
2023,2i5w-ykuw,Spin,38,63,2,
2023,2i5w-ykuw,Spin,38,66,3,
2023,2i5w-ykuw,Spin,38,67,4,
2023,2i5w-ykuw,Spin,38,68,5,
2023,2i5w-ykuw,Spin,38,69,12,
2023,2i5w-ykuw,Spin,38,71,4,
2023,2i5w-ykuw,Spin,39,24,1,
2023,2i5w-ykuw,Spin,39,28,3,
2023,2i5w-ykuw,Spin,39,33,6,
2023,2i5w-ykuw,Spin,39,35,5,
2023,2i5w-ykuw,Spin,39,36,14,
2023,2i5w-ykuw,Spin,39,37,15,
2023,2i5w-ykuw,Spin,39,38,77,
2023,2i5w-ykuw,Spin,39,39,219,
2023,2i5w-ykuw,Spin,39,40,24,
2023,2i5w-ykuw,Spin,39,41,82,
2023,2i5w-ykuw,Spin,39,42,6,
2023,2i5w-ykuw,Spin,39,43,7,
2023,2i5w-ykuw,Spin,39,44,1,
2023,2i5w-ykuw,Spin,39,45,1,
2023,2i5w-ykuw,Spin,39,52,1,
2023,2i5w-ykuw,Spin,39,60,1,
2023,2i5w-ykuw,Spin,39,61,1,
2023,2i5w-ykuw,Spin,39,67,1,
2023,2i5w-ykuw,Spin,39,68,2,
2023,2i5w-ykuw,Spin,39,69,5,
2023,2i5w-ykuw,Spin,39,70,4,
2023,2i5w-ykuw,Spin,39,77,1,
2023,2i5w-ykuw,Spin,40,27,1,
2023,2i5w-ykuw,Spin,40,28,1,
2023,2i5w-ykuw,Spin,40,32,1,
2023,2i5w-ykuw,Spin,40,33,3,
2023,2i5w-ykuw,Spin,40,34,2,
2023,2i5w-ykuw,Spin,40,35,8,
2023,2i5w-ykuw,Spin,40,36,1,
2023,2i5w-ykuw,Spin,40,37,14,
2023,2i5w-ykuw,Spin,40,38,106,
2023,2i5w-ykuw,Spin,40,39,39,
2023,2i5w-ykuw,Spin,40,40,375,
2023,2i5w-ykuw,Spin,40,41,42,
2023,2i5w-ykuw,Spin,40,42,45,
2023,2i5w-ykuw,Spin,40,43,5,
2023,2i5w-ykuw,Spin,40,44,11,
2023,2i5w-ykuw,Spin,40,46,1,
2023,2i5w-ykuw,Spin,40,48,1,
2023,2i5w-ykuw,Spin,40,58,2,
2023,2i5w-ykuw,Spin,40,61,10,
2023,2i5w-ykuw,Spin,40,63,4,
2023,2i5w-ykuw,Spin,40,67,8,
2023,2i5w-ykuw,Spin,40,68,19,
2023,2i5w-ykuw,Spin,40,69,24,
2023,2i5w-ykuw,Spin,40,71,31,
2023,2i5w-ykuw,Spin,40,73,1,
2023,2i5w-ykuw,Spin,41,8,2,
2023,2i5w-ykuw,Spin,41,28,3,
2023,2i5w-ykuw,Spin,41,32,2,
2023,2i5w-ykuw,Spin,41,33,2,
2023,2i5w-ykuw,Spin,41,34,1,
2023,2i5w-ykuw,Spin,41,35,7,
2023,2i5w-ykuw,Spin,41,36,1,
2023,2i5w-ykuw,Spin,41,37,7,
2023,2i5w-ykuw,Spin,41,38,34,
2023,2i5w-ykuw,Spin,41,39,79,
2023,2i5w-ykuw,Spin,41,40,35,
2023,2i5w-ykuw,Spin,41,41,245,
2023,2i5w-ykuw,Spin,41,42,44,
2023,2i5w-ykuw,Spin,41,43,17,
2023,2i5w-ykuw,Spin,41,44,5,
2023,2i5w-ykuw,Spin,41,45,3,
2023,2i5w-ykuw,Spin,41,46,3,
2023,2i5w-ykuw,Spin,41,48,1,
2023,2i5w-ykuw,Spin,41,61,2,
2023,2i5w-ykuw,Spin,41,66,1,
2023,2i5w-ykuw,Spin,41,67,1,
2023,2i5w-ykuw,Spin,41,68,5,
2023,2i5w-ykuw,Spin,41,69,3,
2023,2i5w-ykuw,Spin,41,70,3,
2023,2i5w-ykuw,Spin,41,71,2,
2023,2i5w-ykuw,Spin,42,32,1,
2023,2i5w-ykuw,Spin,42,35,2,
2023,2i5w-ykuw,Spin,42,37,1,
2023,2i5w-ykuw,Spin,42,38,1,
2023,2i5w-ykuw,Spin,42,39,6,
2023,2i5w-ykuw,Spin,42,40,35,
2023,2i5w-ykuw,Spin,42,41,45,
2023,2i5w-ykuw,Spin,42,42,268,
2023,2i5w-ykuw,Spin,42,43,94,
2023,2i5w-ykuw,Spin,42,44,13,
2023,2i5w-ykuw,Spin,42,45,2,
2023,2i5w-ykuw,Spin,42,46,7,
2023,2i5w-ykuw,Spin,42,47,1,
2023,2i5w-ykuw,Spin,42,48,1,
2023,2i5w-ykuw,Spin,42,49,1,
2023,2i5w-ykuw,Spin,42,66,1,
2023,2i5w-ykuw,Spin,42,67,18,
2023,2i5w-ykuw,Spin,42,68,26,
2023,2i5w-ykuw,Spin,42,69,55,
2023,2i5w-ykuw,Spin,42,71,7,
2023,2i5w-ykuw,Spin,43,32,1,
2023,2i5w-ykuw,Spin,43,33,1,
2023,2i5w-ykuw,Spin,43,34,1,
2023,2i5w-ykuw,Spin,43,35,1,
2023,2i5w-ykuw,Spin,43,36,4,
2023,2i5w-ykuw,Spin,43,37,2,
2023,2i5w-ykuw,Spin,43,38,5,
2023,2i5w-ykuw,Spin,43,39,7,
2023,2i5w-ykuw,Spin,43,40,7,
2023,2i5w-ykuw,Spin,43,41,37,
2023,2i5w-ykuw,Spin,43,42,91,
2023,2i5w-ykuw,Spin,43,43,2511,
2023,2i5w-ykuw,Spin,43,44,24,
2023,2i5w-ykuw,Spin,43,45,29,
2023,2i5w-ykuw,Spin,43,46,114,
2023,2i5w-ykuw,Spin,43,47,1,
2023,2i5w-ykuw,Spin,43,48,16,
2023,2i5w-ykuw,Spin,43,50,16,
2023,2i5w-ykuw,Spin,43,51,7,
2023,2i5w-ykuw,Spin,43,53,2,
2023,2i5w-ykuw,Spin,43,61,1,
2023,2i5w-ykuw,Spin,43,66,2,
2023,2i5w-ykuw,Spin,43,67,8,
2023,2i5w-ykuw,Spin,43,68,15,
2023,2i5w-ykuw,Spin,43,69,113,
2023,2i5w-ykuw,Spin,43,70,1,
2023,2i5w-ykuw,Spin,43,71,6,
2023,2i5w-ykuw,Spin,44,8,1,
2023,2i5w-ykuw,Spin,44,35,8,
2023,2i5w-ykuw,Spin,44,36,1,
2023,2i5w-ykuw,Spin,44,39,4,
2023,2i5w-ykuw,Spin,44,40,11,
2023,2i5w-ykuw,Spin,44,41,1,
2023,2i5w-ykuw,Spin,44,42,20,
2023,2i5w-ykuw,Spin,44,43,32,
2023,2i5w-ykuw,Spin,44,44,1073,
2023,2i5w-ykuw,Spin,44,45,69,
2023,2i5w-ykuw,Spin,44,46,28,
2023,2i5w-ykuw,Spin,44,47,63,
2023,2i5w-ykuw,Spin,44,48,16,
2023,2i5w-ykuw,Spin,44,49,100,
2023,2i5w-ykuw,Spin,44,50,7,
2023,2i5w-ykuw,Spin,44,51,6,
2023,2i5w-ykuw,Spin,44,53,6,
2023,2i5w-ykuw,Spin,44,59,1,
2023,2i5w-ykuw,Spin,44,61,1,
2023,2i5w-ykuw,Spin,44,63,1,
2023,2i5w-ykuw,Spin,44,66,3,
2023,2i5w-ykuw,Spin,44,67,7,
2023,2i5w-ykuw,Spin,44,68,6,
2023,2i5w-ykuw,Spin,44,69,108,
2023,2i5w-ykuw,Spin,44,70,8,
2023,2i5w-ykuw,Spin,44,71,94,
2023,2i5w-ykuw,Spin,44,73,31,
2023,2i5w-ykuw,Spin,44,75,1,
2023,2i5w-ykuw,Spin,45,41,1,
2023,2i5w-ykuw,Spin,45,42,2,
2023,2i5w-ykuw,Spin,45,43,23,
2023,2i5w-ykuw,Spin,45,44,61,
2023,2i5w-ykuw,Spin,45,45,129,
2023,2i5w-ykuw,Spin,45,46,26,
2023,2i5w-ykuw,Spin,45,47,2,
2023,2i5w-ykuw,Spin,45,48,30,
2023,2i5w-ykuw,Spin,45,49,4,
2023,2i5w-ykuw,Spin,45,50,1,
2023,2i5w-ykuw,Spin,45,51,2,
2023,2i5w-ykuw,Spin,45,67,2,
2023,2i5w-ykuw,Spin,45,68,1,
2023,2i5w-ykuw,Spin,45,69,13,
2023,2i5w-ykuw,Spin,45,73,1,
2023,2i5w-ykuw,Spin,46,40,1,
2023,2i5w-ykuw,Spin,46,41,6,
2023,2i5w-ykuw,Spin,46,42,8,
2023,2i5w-ykuw,Spin,46,43,131,
2023,2i5w-ykuw,Spin,46,44,46,
2023,2i5w-ykuw,Spin,46,45,31,
2023,2i5w-ykuw,Spin,46,46,1944,
2023,2i5w-ykuw,Spin,46,47,1,
2023,2i5w-ykuw,Spin,46,48,62,
2023,2i5w-ykuw,Spin,46,49,9,
2023,2i5w-ykuw,Spin,46,50,2,
2023,2i5w-ykuw,Spin,46,51,27,
2023,2i5w-ykuw,Spin,46,52,17,
2023,2i5w-ykuw,Spin,46,55,2,
2023,2i5w-ykuw,Spin,46,67,1,
2023,2i5w-ykuw,Spin,46,68,2,
2023,2i5w-ykuw,Spin,46,69,9,
2023,2i5w-ykuw,Spin,46,71,4,
2023,2i5w-ykuw,Spin,46,73,2,
2023,2i5w-ykuw,Spin,47,43,1,
2023,2i5w-ykuw,Spin,47,44,53,
2023,2i5w-ykuw,Spin,47,45,3,
2023,2i5w-ykuw,Spin,47,47,30,
2023,2i5w-ykuw,Spin,47,48,3,
2023,2i5w-ykuw,Spin,47,49,11,
2023,2i5w-ykuw,Spin,47,50,3,
2023,2i5w-ykuw,Spin,47,51,1,
2023,2i5w-ykuw,Spin,47,69,1,
2023,2i5w-ykuw,Spin,48,38,1,
2023,2i5w-ykuw,Spin,48,40,1,
2023,2i5w-ykuw,Spin,48,43,22,
2023,2i5w-ykuw,Spin,48,44,11,
2023,2i5w-ykuw,Spin,48,45,19,
2023,2i5w-ykuw,Spin,48,46,53,
2023,2i5w-ykuw,Spin,48,47,1,
2023,2i5w-ykuw,Spin,48,48,133,
2023,2i5w-ykuw,Spin,48,49,1,
2023,2i5w-ykuw,Spin,48,50,1,
2023,2i5w-ykuw,Spin,48,51,18,
2023,2i5w-ykuw,Spin,48,52,1,
2023,2i5w-ykuw,Spin,48,53,1,
2023,2i5w-ykuw,Spin,48,66,1,
2023,2i5w-ykuw,Spin,48,68,1,
2023,2i5w-ykuw,Spin,48,73,2,
2023,2i5w-ykuw,Spin,49,,1,
2023,2i5w-ykuw,Spin,49,33,2,
2023,2i5w-ykuw,Spin,49,34,1,
2023,2i5w-ykuw,Spin,49,35,2,
2023,2i5w-ykuw,Spin,49,37,1,
2023,2i5w-ykuw,Spin,49,38,2,
2023,2i5w-ykuw,Spin,49,39,1,
2023,2i5w-ykuw,Spin,49,40,4,
2023,2i5w-ykuw,Spin,49,41,1,
2023,2i5w-ykuw,Spin,49,42,4,
2023,2i5w-ykuw,Spin,49,44,111,
2023,2i5w-ykuw,Spin,49,45,7,
2023,2i5w-ykuw,Spin,49,46,8,
2023,2i5w-ykuw,Spin,49,47,15,
2023,2i5w-ykuw,Spin,49,48,6,
2023,2i5w-ykuw,Spin,49,49,2068,
2023,2i5w-ykuw,Spin,49,50,140,
2023,2i5w-ykuw,Spin,49,51,13,
2023,2i5w-ykuw,Spin,49,53,113,
2023,2i5w-ykuw,Spin,49,54,3,
2023,2i5w-ykuw,Spin,49,55,1,
2023,2i5w-ykuw,Spin,49,61,2,
2023,2i5w-ykuw,Spin,49,66,1,
2023,2i5w-ykuw,Spin,49,67,3,
2023,2i5w-ykuw,Spin,49,68,5,
2023,2i5w-ykuw,Spin,49,69,5,
2023,2i5w-ykuw,Spin,49,70,4,
2023,2i5w-ykuw,Spin,49,71,13,
2023,2i5w-ykuw,Spin,49,72,14,
2023,2i5w-ykuw,Spin,49,73,69,
2023,2i5w-ykuw,Spin,49,75,31,
2023,2i5w-ykuw,Spin,50,42,1,
2023,2i5w-ykuw,Spin,50,43,1,
2023,2i5w-ykuw,Spin,50,44,9,
2023,2i5w-ykuw,Spin,50,45,1,
2023,2i5w-ykuw,Spin,50,46,2,
2023,2i5w-ykuw,Spin,50,47,1,
2023,2i5w-ykuw,Spin,50,48,4,
2023,2i5w-ykuw,Spin,50,49,93,
2023,2i5w-ykuw,Spin,50,50,256,
2023,2i5w-ykuw,Spin,50,51,3,
2023,2i5w-ykuw,Spin,50,53,7,
2023,2i5w-ykuw,Spin,50,54,4,
2023,2i5w-ykuw,Spin,50,61,1,
2023,2i5w-ykuw,Spin,50,68,1,
2023,2i5w-ykuw,Spin,50,70,1,
2023,2i5w-ykuw,Spin,50,71,1,
2023,2i5w-ykuw,Spin,50,73,2,
2023,2i5w-ykuw,Spin,50,75,1,
2023,2i5w-ykuw,Spin,51,43,1,
2023,2i5w-ykuw,Spin,51,46,13,
2023,2i5w-ykuw,Spin,51,48,16,
2023,2i5w-ykuw,Spin,51,49,5,
2023,2i5w-ykuw,Spin,51,50,1,
2023,2i5w-ykuw,Spin,51,51,63,
2023,2i5w-ykuw,Spin,51,52,1,
2023,2i5w-ykuw,Spin,51,71,1,
2023,2i5w-ykuw,Spin,51,72,1,
2023,2i5w-ykuw,Spin,52,46,4,
2023,2i5w-ykuw,Spin,52,52,23,
2023,2i5w-ykuw,Spin,52,55,2,
2023,2i5w-ykuw,Spin,53,,1,
2023,2i5w-ykuw,Spin,53,49,49,
2023,2i5w-ykuw,Spin,53,50,2,
2023,2i5w-ykuw,Spin,53,53,105,
2023,2i5w-ykuw,Spin,53,54,5,
2023,2i5w-ykuw,Spin,53,71,1,
2023,2i5w-ykuw,Spin,53,75,10,
2023,2i5w-ykuw,Spin,54,26,2,
2023,2i5w-ykuw,Spin,54,53,2,
2023,2i5w-ykuw,Spin,54,54,26,
2023,2i5w-ykuw,Spin,54,73,1,
2023,2i5w-ykuw,Spin,55,46,1,
2023,2i5w-ykuw,Spin,55,52,2,
2023,2i5w-ykuw,Spin,55,55,11,
2023,2i5w-ykuw,Spin,56,,1,
2023,2i5w-ykuw,Spin,56,56,18,
2023,2i5w-ykuw,Spin,56,57,5,
2023,2i5w-ykuw,Spin,56,58,1,
2023,2i5w-ykuw,Spin,56,62,11,
2023,2i5w-ykuw,Spin,56,63,1,
2023,2i5w-ykuw,Spin,56,64,6,
2023,2i5w-ykuw,Spin,56,65,11,
2023,2i5w-ykuw,Spin,56,66,5,
2023,2i5w-ykuw,Spin,57,30,3,
2023,2i5w-ykuw,Spin,57,56,9,
2023,2i5w-ykuw,Spin,57,57,219,
2023,2i5w-ykuw,Spin,57,58,24,
2023,2i5w-ykuw,Spin,57,61,1,
2023,2i5w-ykuw,Spin,57,62,52,
2023,2i5w-ykuw,Spin,57,63,6,
2023,2i5w-ykuw,Spin,57,64,1,
2023,2i5w-ykuw,Spin,57,65,8,
2023,2i5w-ykuw,Spin,57,66,3,
2023,2i5w-ykuw,Spin,57,67,1,
2023,2i5w-ykuw,Spin,58,8,2,
2023,2i5w-ykuw,Spin,58,23,1,
2023,2i5w-ykuw,Spin,58,24,1,
2023,2i5w-ykuw,Spin,58,26,4,
2023,2i5w-ykuw,Spin,58,27,3,
2023,2i5w-ykuw,Spin,58,28,74,
2023,2i5w-ykuw,Spin,58,29,4,
2023,2i5w-ykuw,Spin,58,30,29,
2023,2i5w-ykuw,Spin,58,31,21,
2023,2i5w-ykuw,Spin,58,34,3,
2023,2i5w-ykuw,Spin,58,38,16,
2023,2i5w-ykuw,Spin,58,39,1,
2023,2i5w-ykuw,Spin,58,56,8,
2023,2i5w-ykuw,Spin,58,57,35,
2023,2i5w-ykuw,Spin,58,58,1039,
2023,2i5w-ykuw,Spin,58,59,159,
2023,2i5w-ykuw,Spin,58,60,2,
2023,2i5w-ykuw,Spin,58,61,58,
2023,2i5w-ykuw,Spin,58,62,11,
2023,2i5w-ykuw,Spin,58,63,183,
2023,2i5w-ykuw,Spin,58,64,2,
2023,2i5w-ykuw,Spin,58,65,2,
2023,2i5w-ykuw,Spin,58,66,32,
2023,2i5w-ykuw,Spin,58,67,7,
2023,2i5w-ykuw,Spin,59,24,3,
2023,2i5w-ykuw,Spin,59,27,1,
2023,2i5w-ykuw,Spin,59,28,9,
2023,2i5w-ykuw,Spin,59,29,1,
2023,2i5w-ykuw,Spin,59,30,2,
2023,2i5w-ykuw,Spin,59,31,45,
2023,2i5w-ykuw,Spin,59,32,1,
2023,2i5w-ykuw,Spin,59,35,26,
2023,2i5w-ykuw,Spin,59,38,2,
2023,2i5w-ykuw,Spin,59,57,1,
2023,2i5w-ykuw,Spin,59,58,146,
2023,2i5w-ykuw,Spin,59,59,304,
2023,2i5w-ykuw,Spin,59,60,24,
2023,2i5w-ykuw,Spin,59,61,15,
2023,2i5w-ykuw,Spin,59,62,1,
2023,2i5w-ykuw,Spin,59,63,7,
2023,2i5w-ykuw,Spin,59,66,4,
2023,2i5w-ykuw,Spin,60,8,1,
2023,2i5w-ykuw,Spin,60,24,1,
2023,2i5w-ykuw,Spin,60,28,8,
2023,2i5w-ykuw,Spin,60,29,1,
2023,2i5w-ykuw,Spin,60,30,1,
2023,2i5w-ykuw,Spin,60,31,10,
2023,2i5w-ykuw,Spin,60,32,3,
2023,2i5w-ykuw,Spin,60,33,4,
2023,2i5w-ykuw,Spin,60,34,13,
2023,2i5w-ykuw,Spin,60,35,5,
2023,2i5w-ykuw,Spin,60,37,2,
2023,2i5w-ykuw,Spin,60,38,1,
2023,2i5w-ykuw,Spin,60,41,1,
2023,2i5w-ykuw,Spin,60,58,3,
2023,2i5w-ykuw,Spin,60,59,9,
2023,2i5w-ykuw,Spin,60,60,95,
2023,2i5w-ykuw,Spin,60,61,14,
2023,2i5w-ykuw,Spin,60,62,1,
2023,2i5w-ykuw,Spin,60,63,1,
2023,2i5w-ykuw,Spin,60,66,2,
2023,2i5w-ykuw,Spin,60,67,1,
2023,2i5w-ykuw,Spin,61,7,1,
2023,2i5w-ykuw,Spin,61,8,1,
2023,2i5w-ykuw,Spin,61,27,2,
2023,2i5w-ykuw,Spin,61,28,12,
2023,2i5w-ykuw,Spin,61,29,1,
2023,2i5w-ykuw,Spin,61,31,4,
2023,2i5w-ykuw,Spin,61,32,1,
2023,2i5w-ykuw,Spin,61,33,1,
2023,2i5w-ykuw,Spin,61,34,4,
2023,2i5w-ykuw,Spin,61,35,8,
2023,2i5w-ykuw,Spin,61,37,25,
2023,2i5w-ykuw,Spin,61,38,5,
2023,2i5w-ykuw,Spin,61,39,5,
2023,2i5w-ykuw,Spin,61,40,16,
2023,2i5w-ykuw,Spin,61,42,2,
2023,2i5w-ykuw,Spin,61,43,2,
2023,2i5w-ykuw,Spin,61,49,2,
2023,2i5w-ykuw,Spin,61,57,2,
2023,2i5w-ykuw,Spin,61,58,53,
2023,2i5w-ykuw,Spin,61,59,21,
2023,2i5w-ykuw,Spin,61,60,20,
2023,2i5w-ykuw,Spin,61,61,821,
2023,2i5w-ykuw,Spin,61,63,69,
2023,2i5w-ykuw,Spin,61,66,19,
2023,2i5w-ykuw,Spin,61,67,42,
2023,2i5w-ykuw,Spin,61,68,47,
2023,2i5w-ykuw,Spin,61,69,7,
2023,2i5w-ykuw,Spin,61,71,8,
2023,2i5w-ykuw,Spin,62,56,10,
2023,2i5w-ykuw,Spin,62,57,44,
2023,2i5w-ykuw,Spin,62,58,9,
2023,2i5w-ykuw,Spin,62,62,123,
2023,2i5w-ykuw,Spin,62,63,39,
2023,2i5w-ykuw,Spin,62,65,37,
2023,2i5w-ykuw,Spin,62,66,13,
2023,2i5w-ykuw,Spin,62,68,2,
2023,2i5w-ykuw,Spin,62,71,1,
2023,2i5w-ykuw,Spin,63,,1,
2023,2i5w-ykuw,Spin,63,24,1,
2023,2i5w-ykuw,Spin,63,26,1,
2023,2i5w-ykuw,Spin,63,27,1,
2023,2i5w-ykuw,Spin,63,28,1,
2023,2i5w-ykuw,Spin,63,31,2,
2023,2i5w-ykuw,Spin,63,37,1,
2023,2i5w-ykuw,Spin,63,38,1,
2023,2i5w-ykuw,Spin,63,40,7,
2023,2i5w-ykuw,Spin,63,41,1,
2023,2i5w-ykuw,Spin,63,56,10,
2023,2i5w-ykuw,Spin,63,57,9,
2023,2i5w-ykuw,Spin,63,58,156,
2023,2i5w-ykuw,Spin,63,59,8,
2023,2i5w-ykuw,Spin,63,60,1,
2023,2i5w-ykuw,Spin,63,61,44,
2023,2i5w-ykuw,Spin,63,62,48,
2023,2i5w-ykuw,Spin,63,63,513,
2023,2i5w-ykuw,Spin,63,64,3,
2023,2i5w-ykuw,Spin,63,65,45,
2023,2i5w-ykuw,Spin,63,66,107,
2023,2i5w-ykuw,Spin,63,67,25,
2023,2i5w-ykuw,Spin,63,68,1,
2023,2i5w-ykuw,Spin,63,69,7,
2023,2i5w-ykuw,Spin,63,71,1,
2023,2i5w-ykuw,Spin,64,,3,
2023,2i5w-ykuw,Spin,64,24,1,
2023,2i5w-ykuw,Spin,64,56,1,
2023,2i5w-ykuw,Spin,64,57,1,
2023,2i5w-ykuw,Spin,64,63,3,
2023,2i5w-ykuw,Spin,64,64,16,
2023,2i5w-ykuw,Spin,64,65,20,
2023,2i5w-ykuw,Spin,64,66,6,
2023,2i5w-ykuw,Spin,64,71,1,
2023,2i5w-ykuw,Spin,65,41,1,
2023,2i5w-ykuw,Spin,65,42,2,
2023,2i5w-ykuw,Spin,65,43,1,
2023,2i5w-ykuw,Spin,65,46,1,
2023,2i5w-ykuw,Spin,65,56,13,
2023,2i5w-ykuw,Spin,65,57,8,
2023,2i5w-ykuw,Spin,65,58,1,
2023,2i5w-ykuw,Spin,65,60,1,
2023,2i5w-ykuw,Spin,65,61,2,
2023,2i5w-ykuw,Spin,65,62,36,
2023,2i5w-ykuw,Spin,65,63,30,
2023,2i5w-ykuw,Spin,65,64,22,
2023,2i5w-ykuw,Spin,65,65,262,
2023,2i5w-ykuw,Spin,65,66,51,
2023,2i5w-ykuw,Spin,65,67,4,
2023,2i5w-ykuw,Spin,66,,2,
2023,2i5w-ykuw,Spin,66,1,1,
2023,2i5w-ykuw,Spin,66,23,1,
2023,2i5w-ykuw,Spin,66,25,2,
2023,2i5w-ykuw,Spin,66,28,5,
2023,2i5w-ykuw,Spin,66,29,1,
2023,2i5w-ykuw,Spin,66,31,2,
2023,2i5w-ykuw,Spin,66,38,2,
2023,2i5w-ykuw,Spin,66,40,2,
2023,2i5w-ykuw,Spin,66,41,2,
2023,2i5w-ykuw,Spin,66,42,2,
2023,2i5w-ykuw,Spin,66,43,1,
2023,2i5w-ykuw,Spin,66,44,2,
2023,2i5w-ykuw,Spin,66,46,2,
2023,2i5w-ykuw,Spin,66,49,1,
2023,2i5w-ykuw,Spin,66,51,1,
2023,2i5w-ykuw,Spin,66,56,6,
2023,2i5w-ykuw,Spin,66,57,7,
2023,2i5w-ykuw,Spin,66,58,39,
2023,2i5w-ykuw,Spin,66,59,1,
2023,2i5w-ykuw,Spin,66,60,3,
2023,2i5w-ykuw,Spin,66,61,33,
2023,2i5w-ykuw,Spin,66,62,16,
2023,2i5w-ykuw,Spin,66,63,95,
2023,2i5w-ykuw,Spin,66,64,8,
2023,2i5w-ykuw,Spin,66,65,72,
2023,2i5w-ykuw,Spin,66,66,1230,
2023,2i5w-ykuw,Spin,66,67,92,
2023,2i5w-ykuw,Spin,66,68,16,
2023,2i5w-ykuw,Spin,66,69,6,
2023,2i5w-ykuw,Spin,66,70,15,
2023,2i5w-ykuw,Spin,66,71,14,
2023,2i5w-ykuw,Spin,66,72,6,
2023,2i5w-ykuw,Spin,66,73,5,
2023,2i5w-ykuw,Spin,67,25,1,
2023,2i5w-ykuw,Spin,67,27,1,
2023,2i5w-ykuw,Spin,67,28,2,
2023,2i5w-ykuw,Spin,67,37,6,
2023,2i5w-ykuw,Spin,67,38,3,
2023,2i5w-ykuw,Spin,67,39,2,
2023,2i5w-ykuw,Spin,67,41,1,
2023,2i5w-ykuw,Spin,67,42,15,
2023,2i5w-ykuw,Spin,67,43,15,
2023,2i5w-ykuw,Spin,67,44,3,
2023,2i5w-ykuw,Spin,67,46,1,
2023,2i5w-ykuw,Spin,67,49,1,
2023,2i5w-ykuw,Spin,67,58,7,
2023,2i5w-ykuw,Spin,67,61,35,
2023,2i5w-ykuw,Spin,67,62,2,
2023,2i5w-ykuw,Spin,67,63,12,
2023,2i5w-ykuw,Spin,67,66,40,
2023,2i5w-ykuw,Spin,67,67,913,
2023,2i5w-ykuw,Spin,67,68,144,
2023,2i5w-ykuw,Spin,67,69,25,
2023,2i5w-ykuw,Spin,67,70,1,
2023,2i5w-ykuw,Spin,67,71,49,
2023,2i5w-ykuw,Spin,67,73,1,
2023,2i5w-ykuw,Spin,68,25,2,
2023,2i5w-ykuw,Spin,68,27,1,
2023,2i5w-ykuw,Spin,68,28,1,
2023,2i5w-ykuw,Spin,68,32,3,
2023,2i5w-ykuw,Spin,68,33,2,
2023,2i5w-ykuw,Spin,68,37,31,
2023,2i5w-ykuw,Spin,68,38,3,
2023,2i5w-ykuw,Spin,68,39,3,
2023,2i5w-ykuw,Spin,68,40,25,
2023,2i5w-ykuw,Spin,68,41,1,
2023,2i5w-ykuw,Spin,68,42,21,
2023,2i5w-ykuw,Spin,68,43,10,
2023,2i5w-ykuw,Spin,68,44,18,
2023,2i5w-ykuw,Spin,68,45,1,
2023,2i5w-ykuw,Spin,68,49,3,
2023,2i5w-ykuw,Spin,68,53,1,
2023,2i5w-ykuw,Spin,68,58,2,
2023,2i5w-ykuw,Spin,68,60,1,
2023,2i5w-ykuw,Spin,68,61,58,
2023,2i5w-ykuw,Spin,68,62,1,
2023,2i5w-ykuw,Spin,68,63,3,
2023,2i5w-ykuw,Spin,68,65,1,
2023,2i5w-ykuw,Spin,68,66,15,
2023,2i5w-ykuw,Spin,68,67,158,
2023,2i5w-ykuw,Spin,68,68,653,
2023,2i5w-ykuw,Spin,68,69,57,
2023,2i5w-ykuw,Spin,68,70,1,
2023,2i5w-ykuw,Spin,68,71,54,
2023,2i5w-ykuw,Spin,68,73,3,
2023,2i5w-ykuw,Spin,69,8,1,
2023,2i5w-ykuw,Spin,69,24,1,
2023,2i5w-ykuw,Spin,69,29,1,
2023,2i5w-ykuw,Spin,69,30,1,
2023,2i5w-ykuw,Spin,69,31,1,
2023,2i5w-ykuw,Spin,69,32,1,
2023,2i5w-ykuw,Spin,69,33,1,
2023,2i5w-ykuw,Spin,69,35,1,
2023,2i5w-ykuw,Spin,69,36,4,
2023,2i5w-ykuw,Spin,69,37,2,
2023,2i5w-ykuw,Spin,69,38,5,
2023,2i5w-ykuw,Spin,69,39,5,
2023,2i5w-ykuw,Spin,69,40,15,
2023,2i5w-ykuw,Spin,69,41,4,
2023,2i5w-ykuw,Spin,69,42,39,
2023,2i5w-ykuw,Spin,69,43,88,
2023,2i5w-ykuw,Spin,69,44,82,
2023,2i5w-ykuw,Spin,69,45,13,
2023,2i5w-ykuw,Spin,69,46,5,
2023,2i5w-ykuw,Spin,69,47,1,
2023,2i5w-ykuw,Spin,69,48,1,
2023,2i5w-ykuw,Spin,69,49,5,
2023,2i5w-ykuw,Spin,69,53,1,
2023,2i5w-ykuw,Spin,69,61,2,
2023,2i5w-ykuw,Spin,69,63,11,
2023,2i5w-ykuw,Spin,69,66,7,
2023,2i5w-ykuw,Spin,69,67,16,
2023,2i5w-ykuw,Spin,69,68,69,
2023,2i5w-ykuw,Spin,69,69,775,
2023,2i5w-ykuw,Spin,69,70,3,
2023,2i5w-ykuw,Spin,69,71,26,
2023,2i5w-ykuw,Spin,69,73,7,
2023,2i5w-ykuw,Spin,70,,1,
2023,2i5w-ykuw,Spin,70,39,1,
2023,2i5w-ykuw,Spin,70,42,1,
2023,2i5w-ykuw,Spin,70,43,1,
2023,2i5w-ykuw,Spin,70,44,2,
2023,2i5w-ykuw,Spin,70,49,2,
2023,2i5w-ykuw,Spin,70,52,1,
2023,2i5w-ykuw,Spin,70,63,1,
2023,2i5w-ykuw,Spin,70,66,8,
2023,2i5w-ykuw,Spin,70,67,2,
2023,2i5w-ykuw,Spin,70,70,21,
2023,2i5w-ykuw,Spin,70,71,9,
2023,2i5w-ykuw,Spin,70,72,4,
2023,2i5w-ykuw,Spin,71,,2,
2023,2i5w-ykuw,Spin,71,8,1,
2023,2i5w-ykuw,Spin,71,28,1,
2023,2i5w-ykuw,Spin,71,30,1,
2023,2i5w-ykuw,Spin,71,35,1,
2023,2i5w-ykuw,Spin,71,37,2,
2023,2i5w-ykuw,Spin,71,39,3,
2023,2i5w-ykuw,Spin,71,40,19,
2023,2i5w-ykuw,Spin,71,41,1,
2023,2i5w-ykuw,Spin,71,42,2,
2023,2i5w-ykuw,Spin,71,43,9,
2023,2i5w-ykuw,Spin,71,44,73,
2023,2i5w-ykuw,Spin,71,45,1,
2023,2i5w-ykuw,Spin,71,46,3,
2023,2i5w-ykuw,Spin,71,49,12,
2023,2i5w-ykuw,Spin,71,51,3,
2023,2i5w-ykuw,Spin,71,53,1,
2023,2i5w-ykuw,Spin,71,58,1,
2023,2i5w-ykuw,Spin,71,59,1,
2023,2i5w-ykuw,Spin,71,61,12,
2023,2i5w-ykuw,Spin,71,63,3,
2023,2i5w-ykuw,Spin,71,64,1,
2023,2i5w-ykuw,Spin,71,66,10,
2023,2i5w-ykuw,Spin,71,67,45,
2023,2i5w-ykuw,Spin,71,68,34,
2023,2i5w-ykuw,Spin,71,69,19,
2023,2i5w-ykuw,Spin,71,70,16,
2023,2i5w-ykuw,Spin,71,71,647,
2023,2i5w-ykuw,Spin,71,72,17,
2023,2i5w-ykuw,Spin,71,73,47,
2023,2i5w-ykuw,Spin,71,75,1,
2023,2i5w-ykuw,Spin,72,8,1,
2023,2i5w-ykuw,Spin,72,49,2,
2023,2i5w-ykuw,Spin,72,53,1,
2023,2i5w-ykuw,Spin,72,66,2,
2023,2i5w-ykuw,Spin,72,69,1,
2023,2i5w-ykuw,Spin,72,70,2,
2023,2i5w-ykuw,Spin,72,71,17,
2023,2i5w-ykuw,Spin,72,72,25,
2023,2i5w-ykuw,Spin,72,73,8,
2023,2i5w-ykuw,Spin,73,,1,
2023,2i5w-ykuw,Spin,73,38,1,
2023,2i5w-ykuw,Spin,73,43,1,
2023,2i5w-ykuw,Spin,73,44,11,
2023,2i5w-ykuw,Spin,73,46,1,
2023,2i5w-ykuw,Spin,73,47,1,
2023,2i5w-ykuw,Spin,73,49,58,
2023,2i5w-ykuw,Spin,73,50,3,
2023,2i5w-ykuw,Spin,73,51,1,
2023,2i5w-ykuw,Spin,73,53,2,
2023,2i5w-ykuw,Spin,73,54,1,
2023,2i5w-ykuw,Spin,73,66,3,
2023,2i5w-ykuw,Spin,73,67,1,
2023,2i5w-ykuw,Spin,73,69,4,
2023,2i5w-ykuw,Spin,73,70,2,
2023,2i5w-ykuw,Spin,73,71,27,
2023,2i5w-ykuw,Spin,73,72,12,
2023,2i5w-ykuw,Spin,73,73,180,
2023,2i5w-ykuw,Spin,74,74,4,
2023,2i5w-ykuw,Spin,75,7,1,
2023,2i5w-ykuw,Spin,75,24,1,
2023,2i5w-ykuw,Spin,75,44,1,
2023,2i5w-ykuw,Spin,75,46,1,
2023,2i5w-ykuw,Spin,75,49,18,
2023,2i5w-ykuw,Spin,75,53,7,
2023,2i5w-ykuw,Spin,75,54,1,
2023,2i5w-ykuw,Spin,75,67,1,
2023,2i5w-ykuw,Spin,75,71,1,
2023,2i5w-ykuw,Spin,75,72,2,
2023,2i5w-ykuw,Spin,75,73,5,
2023,2i5w-ykuw,Spin,75,75,133,
2023,2i5w-ykuw,Spin,76,25,11,
2023,2i5w-ykuw,Spin,77,1,301,
2023,2i5w-ykuw,Spin,77,2,171,
2023,2i5w-ykuw,Spin,77,3,1038,
2023,2i5w-ykuw,Spin,77,4,363,
2023,2i5w-ykuw,Spin,77,5,26,
2023,2i5w-ykuw,Spin,77,6,207,
2023,2i5w-ykuw,Spin,77,7,13,
2023,2i5w-ykuw,Spin,77,8,6,
2023,2i5w-ykuw,Spin,77,13,22,
2023,2i5w-ykuw,Spin,77,14,8,
2023,2i5w-ykuw,Spin,77,16,4,
2023,2i5w-ykuw,Spin,77,17,1,
2023,2i5w-ykuw,Spin,77,19,2,
2023,2i5w-ykuw,Spin,77,21,2,
2023,2i5w-ykuw,Spin,77,22,7,
2023,2i5w-ykuw,Spin,77,24,5,
2023,2i5w-ykuw,Spin,77,77,2562,
2024,2i5w-ykuw,Coco,8,8,195,
2024,2i5w-ykuw,Coco,8,24,33,
2024,2i5w-ykuw,Coco,8,28,19,
2024,2i5w-ykuw,Coco,24,8,40,
2024,2i5w-ykuw,Coco,24,24,21,
2024,2i5w-ykuw,Coco,24,28,3,
2024,2i5w-ykuw,Coco,28,8,23,
2024,2i5w-ykuw,Coco,28,24,3,
2024,2i5w-ykuw,Coco,28,28,5,
2024,2i5w-ykuw,Lime,,,235,
2024,2i5w-ykuw,Lime,,1,423,
2024,2i5w-ykuw,Lime,,2,372,
2024,2i5w-ykuw,Lime,,3,8,
2024,2i5w-ykuw,Lime,,4,31,
2024,2i5w-ykuw,Lime,,5,15,
2024,2i5w-ykuw,Lime,,6,31,
2024,2i5w-ykuw,Lime,,7,25,
2024,2i5w-ykuw,Lime,,8,24,
2024,2i5w-ykuw,Lime,,9,25,
2024,2i5w-ykuw,Lime,,10,93,
2024,2i5w-ykuw,Lime,,11,41,
2024,2i5w-ykuw,Lime,,12,38,
2024,2i5w-ykuw,Lime,,13,50,
2024,2i5w-ykuw,Lime,,14,25,
2024,2i5w-ykuw,Lime,,15,137,
2024,2i5w-ykuw,Lime,,16,14,
2024,2i5w-ykuw,Lime,,17,329,
2024,2i5w-ykuw,Lime,,18,171,
2024,2i5w-ykuw,Lime,,19,193,
2024,2i5w-ykuw,Lime,,20,13,
2024,2i5w-ykuw,Lime,,21,12,
2024,2i5w-ykuw,Lime,,22,21,
2024,2i5w-ykuw,Lime,,23,35,
2024,2i5w-ykuw,Lime,,24,18,
2024,2i5w-ykuw,Lime,,25,782,
2024,2i5w-ykuw,Lime,,26,38,
2024,2i5w-ykuw,Lime,,27,19,
2024,2i5w-ykuw,Lime,,28,19,
2024,2i5w-ykuw,Lime,,29,120,
2024,2i5w-ykuw,Lime,,30,147,
2024,2i5w-ykuw,Lime,,31,2,
2024,2i5w-ykuw,Lime,,32,9,
2024,2i5w-ykuw,Lime,,33,4,
2024,2i5w-ykuw,Lime,,34,1,
2024,2i5w-ykuw,Lime,,35,1,
2024,2i5w-ykuw,Lime,,36,1,
2024,2i5w-ykuw,Lime,,37,2,
2024,2i5w-ykuw,Lime,,39,1,
2024,2i5w-ykuw,Lime,,40,1,
2024,2i5w-ykuw,Lime,,41,1,
2024,2i5w-ykuw,Lime,,42,3,
2024,2i5w-ykuw,Lime,,43,4,
2024,2i5w-ykuw,Lime,,44,10,
2024,2i5w-ykuw,Lime,,45,4,
2024,2i5w-ykuw,Lime,,49,20,
2024,2i5w-ykuw,Lime,,50,3,
2024,2i5w-ykuw,Lime,,51,2,
2024,2i5w-ykuw,Lime,,52,9,
2024,2i5w-ykuw,Lime,,53,71,
2024,2i5w-ykuw,Lime,,54,14,
2024,2i5w-ykuw,Lime,,55,18,
2024,2i5w-ykuw,Lime,,56,50,
2024,2i5w-ykuw,Lime,,57,10,
2024,2i5w-ykuw,Lime,,58,4,
2024,2i5w-ykuw,Lime,,61,2,
2024,2i5w-ykuw,Lime,,62,4,
2024,2i5w-ykuw,Lime,,63,7,
2024,2i5w-ykuw,Lime,,64,47,
2024,2i5w-ykuw,Lime,,65,69,
2024,2i5w-ykuw,Lime,,66,27,
2024,2i5w-ykuw,Lime,,67,2,
2024,2i5w-ykuw,Lime,,68,1,
2024,2i5w-ykuw,Lime,,69,8,
2024,2i5w-ykuw,Lime,,70,66,
2024,2i5w-ykuw,Lime,,71,20,
2024,2i5w-ykuw,Lime,,72,59,
2024,2i5w-ykuw,Lime,,73,36,
2024,2i5w-ykuw,Lime,,74,6,
2024,2i5w-ykuw,Lime,,75,24,
2024,2i5w-ykuw,Lime,,76,25,
2024,2i5w-ykuw,Lime,,77,23,
2024,2i5w-ykuw,Lime,1,,576,
2024,2i5w-ykuw,Lime,1,1,64563,
2024,2i5w-ykuw,Lime,1,2,10399,
2024,2i5w-ykuw,Lime,1,3,1386,
2024,2i5w-ykuw,Lime,1,4,448,
2024,2i5w-ykuw,Lime,1,5,93,
2024,2i5w-ykuw,Lime,1,6,553,
2024,2i5w-ykuw,Lime,1,7,84,
2024,2i5w-ykuw,Lime,1,8,31,
2024,2i5w-ykuw,Lime,1,9,1,
2024,2i5w-ykuw,Lime,1,10,3,
2024,2i5w-ykuw,Lime,1,11,12,
2024,2i5w-ykuw,Lime,1,12,11,
2024,2i5w-ykuw,Lime,1,13,208,
2024,2i5w-ykuw,Lime,1,14,213,
2024,2i5w-ykuw,Lime,1,15,9,
2024,2i5w-ykuw,Lime,1,16,48,
2024,2i5w-ykuw,Lime,1,18,2,
2024,2i5w-ykuw,Lime,1,19,9,
2024,2i5w-ykuw,Lime,1,20,4,
2024,2i5w-ykuw,Lime,1,21,29,
2024,2i5w-ykuw,Lime,1,22,52,
2024,2i5w-ykuw,Lime,1,23,12,
2024,2i5w-ykuw,Lime,1,24,53,
2024,2i5w-ykuw,Lime,1,25,6,
2024,2i5w-ykuw,Lime,1,26,1,
2024,2i5w-ykuw,Lime,1,28,31,
2024,2i5w-ykuw,Lime,1,29,3,
2024,2i5w-ykuw,Lime,1,30,1,
2024,2i5w-ykuw,Lime,1,31,6,
2024,2i5w-ykuw,Lime,1,32,5,
2024,2i5w-ykuw,Lime,1,38,1,
2024,2i5w-ykuw,Lime,1,60,2,
2024,2i5w-ykuw,Lime,1,77,10720,
2024,2i5w-ykuw,Lime,2,,426,
2024,2i5w-ykuw,Lime,2,1,9583,
2024,2i5w-ykuw,Lime,2,2,35726,
2024,2i5w-ykuw,Lime,2,3,770,
2024,2i5w-ykuw,Lime,2,4,3350,
2024,2i5w-ykuw,Lime,2,5,388,
2024,2i5w-ykuw,Lime,2,6,363,
2024,2i5w-ykuw,Lime,2,7,96,
2024,2i5w-ykuw,Lime,2,8,27,
2024,2i5w-ykuw,Lime,2,9,1,
2024,2i5w-ykuw,Lime,2,10,9,
2024,2i5w-ykuw,Lime,2,11,113,
2024,2i5w-ykuw,Lime,2,12,111,
2024,2i5w-ykuw,Lime,2,13,2189,
2024,2i5w-ykuw,Lime,2,14,715,
2024,2i5w-ykuw,Lime,2,15,47,
2024,2i5w-ykuw,Lime,2,16,324,
2024,2i5w-ykuw,Lime,2,17,6,
2024,2i5w-ykuw,Lime,2,18,1,
2024,2i5w-ykuw,Lime,2,19,11,
2024,2i5w-ykuw,Lime,2,20,29,
2024,2i5w-ykuw,Lime,2,21,93,
2024,2i5w-ykuw,Lime,2,22,84,
2024,2i5w-ykuw,Lime,2,23,13,
2024,2i5w-ykuw,Lime,2,24,43,
2024,2i5w-ykuw,Lime,2,25,20,
2024,2i5w-ykuw,Lime,2,26,2,
2024,2i5w-ykuw,Lime,2,27,3,
2024,2i5w-ykuw,Lime,2,28,86,
2024,2i5w-ykuw,Lime,2,29,2,
2024,2i5w-ykuw,Lime,2,32,3,
2024,2i5w-ykuw,Lime,2,33,2,
2024,2i5w-ykuw,Lime,2,34,1,
2024,2i5w-ykuw,Lime,2,35,1,
2024,2i5w-ykuw,Lime,2,38,1,
2024,2i5w-ykuw,Lime,2,61,1,
2024,2i5w-ykuw,Lime,2,63,1,
2024,2i5w-ykuw,Lime,2,66,1,
2024,2i5w-ykuw,Lime,2,67,1,
2024,2i5w-ykuw,Lime,2,77,5270,
2024,2i5w-ykuw,Lime,3,,27,
2024,2i5w-ykuw,Lime,3,1,1382,
2024,2i5w-ykuw,Lime,3,2,930,
2024,2i5w-ykuw,Lime,3,3,80384,
2024,2i5w-ykuw,Lime,3,4,10427,
2024,2i5w-ykuw,Lime,3,5,2907,
2024,2i5w-ykuw,Lime,3,6,34170,
2024,2i5w-ykuw,Lime,3,7,2463,
2024,2i5w-ykuw,Lime,3,8,679,
2024,2i5w-ykuw,Lime,3,10,7,
2024,2i5w-ykuw,Lime,3,11,66,
2024,2i5w-ykuw,Lime,3,12,15,
2024,2i5w-ykuw,Lime,3,13,156,
2024,2i5w-ykuw,Lime,3,14,819,
2024,2i5w-ykuw,Lime,3,15,95,
2024,2i5w-ykuw,Lime,3,16,545,
2024,2i5w-ykuw,Lime,3,17,19,
2024,2i5w-ykuw,Lime,3,19,64,
2024,2i5w-ykuw,Lime,3,20,16,
2024,2i5w-ykuw,Lime,3,21,416,
2024,2i5w-ykuw,Lime,3,22,450,
2024,2i5w-ykuw,Lime,3,23,33,
2024,2i5w-ykuw,Lime,3,24,422,
2024,2i5w-ykuw,Lime,3,25,29,
2024,2i5w-ykuw,Lime,3,26,3,
2024,2i5w-ykuw,Lime,3,27,5,
2024,2i5w-ykuw,Lime,3,28,232,
2024,2i5w-ykuw,Lime,3,29,8,
2024,2i5w-ykuw,Lime,3,30,4,
2024,2i5w-ykuw,Lime,3,31,12,
2024,2i5w-ykuw,Lime,3,32,96,
2024,2i5w-ykuw,Lime,3,33,7,
2024,2i5w-ykuw,Lime,3,34,2,
2024,2i5w-ykuw,Lime,3,37,1,
2024,2i5w-ykuw,Lime,3,42,1,
2024,2i5w-ykuw,Lime,3,49,1,
2024,2i5w-ykuw,Lime,3,58,1,
2024,2i5w-ykuw,Lime,3,60,2,
2024,2i5w-ykuw,Lime,3,61,1,
2024,2i5w-ykuw,Lime,3,63,1,
2024,2i5w-ykuw,Lime,3,66,1,
2024,2i5w-ykuw,Lime,3,69,1,
2024,2i5w-ykuw,Lime,3,76,2,
2024,2i5w-ykuw,Lime,3,77,17142,
2024,2i5w-ykuw,Lime,4,,45,
2024,2i5w-ykuw,Lime,4,1,452,
2024,2i5w-ykuw,Lime,4,2,3963,
2024,2i5w-ykuw,Lime,4,3,9980,
2024,2i5w-ykuw,Lime,4,4,36086,
2024,2i5w-ykuw,Lime,4,5,7476,
2024,2i5w-ykuw,Lime,4,6,5481,
2024,2i5w-ykuw,Lime,4,7,577,
2024,2i5w-ykuw,Lime,4,8,142,
2024,2i5w-ykuw,Lime,4,9,1,
2024,2i5w-ykuw,Lime,4,10,22,
2024,2i5w-ykuw,Lime,4,11,104,
2024,2i5w-ykuw,Lime,4,12,43,
2024,2i5w-ykuw,Lime,4,13,1144,
2024,2i5w-ykuw,Lime,4,14,3509,
2024,2i5w-ykuw,Lime,4,15,126,
2024,2i5w-ykuw,Lime,4,16,1326,
2024,2i5w-ykuw,Lime,4,17,35,
2024,2i5w-ykuw,Lime,4,18,4,
2024,2i5w-ykuw,Lime,4,19,69,
2024,2i5w-ykuw,Lime,4,20,32,
2024,2i5w-ykuw,Lime,4,21,530,
2024,2i5w-ykuw,Lime,4,22,583,
2024,2i5w-ykuw,Lime,4,23,80,
2024,2i5w-ykuw,Lime,4,24,297,
2024,2i5w-ykuw,Lime,4,25,30,
2024,2i5w-ykuw,Lime,4,26,2,
2024,2i5w-ykuw,Lime,4,27,5,
2024,2i5w-ykuw,Lime,4,28,112,
2024,2i5w-ykuw,Lime,4,29,4,
2024,2i5w-ykuw,Lime,4,30,3,
2024,2i5w-ykuw,Lime,4,31,2,
2024,2i5w-ykuw,Lime,4,32,30,
2024,2i5w-ykuw,Lime,4,33,4,
2024,2i5w-ykuw,Lime,4,56,1,
2024,2i5w-ykuw,Lime,4,58,1,
2024,2i5w-ykuw,Lime,4,59,1,
2024,2i5w-ykuw,Lime,4,60,1,
2024,2i5w-ykuw,Lime,4,64,1,
2024,2i5w-ykuw,Lime,4,68,2,
2024,2i5w-ykuw,Lime,4,77,4511,
2024,2i5w-ykuw,Lime,5,,11,
2024,2i5w-ykuw,Lime,5,1,138,
2024,2i5w-ykuw,Lime,5,2,453,
2024,2i5w-ykuw,Lime,5,3,2874,
2024,2i5w-ykuw,Lime,5,4,6983,
2024,2i5w-ykuw,Lime,5,5,40917,
2024,2i5w-ykuw,Lime,5,6,22858,
2024,2i5w-ykuw,Lime,5,7,4568,
2024,2i5w-ykuw,Lime,5,8,500,
2024,2i5w-ykuw,Lime,5,10,7,
2024,2i5w-ykuw,Lime,5,11,98,
2024,2i5w-ykuw,Lime,5,12,51,
2024,2i5w-ykuw,Lime,5,13,218,
2024,2i5w-ykuw,Lime,5,14,1246,
2024,2i5w-ykuw,Lime,5,15,350,
2024,2i5w-ykuw,Lime,5,16,4674,
2024,2i5w-ykuw,Lime,5,17,76,
2024,2i5w-ykuw,Lime,5,18,1,
2024,2i5w-ykuw,Lime,5,19,211,
2024,2i5w-ykuw,Lime,5,20,261,
2024,2i5w-ykuw,Lime,5,21,3135,
2024,2i5w-ykuw,Lime,5,22,4072,
2024,2i5w-ykuw,Lime,5,23,223,
2024,2i5w-ykuw,Lime,5,24,1509,
2024,2i5w-ykuw,Lime,5,25,35,
2024,2i5w-ykuw,Lime,5,26,41,
2024,2i5w-ykuw,Lime,5,27,33,
2024,2i5w-ykuw,Lime,5,28,305,
2024,2i5w-ykuw,Lime,5,29,16,
2024,2i5w-ykuw,Lime,5,30,8,
2024,2i5w-ykuw,Lime,5,31,10,
2024,2i5w-ykuw,Lime,5,32,47,
2024,2i5w-ykuw,Lime,5,33,5,
2024,2i5w-ykuw,Lime,5,34,2,
2024,2i5w-ykuw,Lime,5,38,1,
2024,2i5w-ykuw,Lime,5,58,3,
2024,2i5w-ykuw,Lime,5,59,2,
2024,2i5w-ykuw,Lime,5,60,4,
2024,2i5w-ykuw,Lime,5,61,3,
2024,2i5w-ykuw,Lime,5,77,751,
2024,2i5w-ykuw,Lime,6,,16,
2024,2i5w-ykuw,Lime,6,1,731,
2024,2i5w-ykuw,Lime,6,2,472,
2024,2i5w-ykuw,Lime,6,3,34637,
2024,2i5w-ykuw,Lime,6,4,5760,
2024,2i5w-ykuw,Lime,6,5,25277,
2024,2i5w-ykuw,Lime,6,6,326197,
2024,2i5w-ykuw,Lime,6,7,67490,
2024,2i5w-ykuw,Lime,6,8,8117,
2024,2i5w-ykuw,Lime,6,9,4,
2024,2i5w-ykuw,Lime,6,10,7,
2024,2i5w-ykuw,Lime,6,11,52,
2024,2i5w-ykuw,Lime,6,12,22,
2024,2i5w-ykuw,Lime,6,13,72,
2024,2i5w-ykuw,Lime,6,14,925,
2024,2i5w-ykuw,Lime,6,15,485,
2024,2i5w-ykuw,Lime,6,16,2296,
2024,2i5w-ykuw,Lime,6,17,97,
2024,2i5w-ykuw,Lime,6,18,10,
2024,2i5w-ykuw,Lime,6,19,315,
2024,2i5w-ykuw,Lime,6,20,197,
2024,2i5w-ykuw,Lime,6,21,2912,
2024,2i5w-ykuw,Lime,6,22,5431,
2024,2i5w-ykuw,Lime,6,23,180,
2024,2i5w-ykuw,Lime,6,24,4654,
2024,2i5w-ykuw,Lime,6,25,175,
2024,2i5w-ykuw,Lime,6,26,3,
2024,2i5w-ykuw,Lime,6,27,36,
2024,2i5w-ykuw,Lime,6,28,2470,
2024,2i5w-ykuw,Lime,6,29,49,
2024,2i5w-ykuw,Lime,6,30,14,
2024,2i5w-ykuw,Lime,6,31,76,
2024,2i5w-ykuw,Lime,6,32,586,
2024,2i5w-ykuw,Lime,6,33,34,
2024,2i5w-ykuw,Lime,6,34,12,
2024,2i5w-ykuw,Lime,6,35,7,
2024,2i5w-ykuw,Lime,6,38,6,
2024,2i5w-ykuw,Lime,6,40,2,
2024,2i5w-ykuw,Lime,6,41,3,
2024,2i5w-ykuw,Lime,6,42,1,
2024,2i5w-ykuw,Lime,6,43,2,
2024,2i5w-ykuw,Lime,6,49,1,
2024,2i5w-ykuw,Lime,6,56,2,
2024,2i5w-ykuw,Lime,6,58,4,
2024,2i5w-ykuw,Lime,6,59,5,
2024,2i5w-ykuw,Lime,6,60,13,
2024,2i5w-ykuw,Lime,6,61,2,
2024,2i5w-ykuw,Lime,6,63,2,
2024,2i5w-ykuw,Lime,6,64,1,
2024,2i5w-ykuw,Lime,6,65,1,
2024,2i5w-ykuw,Lime,6,68,2,
2024,2i5w-ykuw,Lime,6,70,1,
2024,2i5w-ykuw,Lime,6,71,2,
2024,2i5w-ykuw,Lime,6,76,1,
2024,2i5w-ykuw,Lime,6,77,4515,
2024,2i5w-ykuw,Lime,7,,27,
2024,2i5w-ykuw,Lime,7,1,167,
2024,2i5w-ykuw,Lime,7,2,132,
2024,2i5w-ykuw,Lime,7,3,2507,
2024,2i5w-ykuw,Lime,7,4,727,
2024,2i5w-ykuw,Lime,7,5,4410,
2024,2i5w-ykuw,Lime,7,6,66035,
2024,2i5w-ykuw,Lime,7,7,206961,
2024,2i5w-ykuw,Lime,7,8,31753,
2024,2i5w-ykuw,Lime,7,10,14,
2024,2i5w-ykuw,Lime,7,11,10,
2024,2i5w-ykuw,Lime,7,12,6,
2024,2i5w-ykuw,Lime,7,13,14,
2024,2i5w-ykuw,Lime,7,14,327,
2024,2i5w-ykuw,Lime,7,15,109,
2024,2i5w-ykuw,Lime,7,16,346,
2024,2i5w-ykuw,Lime,7,17,9,
2024,2i5w-ykuw,Lime,7,18,18,
2024,2i5w-ykuw,Lime,7,19,342,
2024,2i5w-ykuw,Lime,7,20,278,
2024,2i5w-ykuw,Lime,7,21,997,
2024,2i5w-ykuw,Lime,7,22,11992,
2024,2i5w-ykuw,Lime,7,23,660,
2024,2i5w-ykuw,Lime,7,24,8483,
2024,2i5w-ykuw,Lime,7,25,161,
2024,2i5w-ykuw,Lime,7,26,20,
2024,2i5w-ykuw,Lime,7,27,80,
2024,2i5w-ykuw,Lime,7,28,3007,
2024,2i5w-ykuw,Lime,7,29,44,
2024,2i5w-ykuw,Lime,7,30,17,
2024,2i5w-ykuw,Lime,7,31,73,
2024,2i5w-ykuw,Lime,7,32,1599,
2024,2i5w-ykuw,Lime,7,33,65,
2024,2i5w-ykuw,Lime,7,34,24,
2024,2i5w-ykuw,Lime,7,35,17,
2024,2i5w-ykuw,Lime,7,36,1,
2024,2i5w-ykuw,Lime,7,38,6,
2024,2i5w-ykuw,Lime,7,40,1,
2024,2i5w-ykuw,Lime,7,41,3,
2024,2i5w-ykuw,Lime,7,42,2,
2024,2i5w-ykuw,Lime,7,43,2,
2024,2i5w-ykuw,Lime,7,44,1,
2024,2i5w-ykuw,Lime,7,46,1,
2024,2i5w-ykuw,Lime,7,49,1,
2024,2i5w-ykuw,Lime,7,57,2,
2024,2i5w-ykuw,Lime,7,58,2,
2024,2i5w-ykuw,Lime,7,59,7,
2024,2i5w-ykuw,Lime,7,60,20,
2024,2i5w-ykuw,Lime,7,61,3,
2024,2i5w-ykuw,Lime,7,63,1,
2024,2i5w-ykuw,Lime,7,66,4,
2024,2i5w-ykuw,Lime,7,67,21,
2024,2i5w-ykuw,Lime,7,68,2,
2024,2i5w-ykuw,Lime,7,69,4,
2024,2i5w-ykuw,Lime,7,73,1,
2024,2i5w-ykuw,Lime,7,77,571,
2024,2i5w-ykuw,Lime,8,,15,
2024,2i5w-ykuw,Lime,8,1,34,
2024,2i5w-ykuw,Lime,8,2,30,
2024,2i5w-ykuw,Lime,8,3,497,
2024,2i5w-ykuw,Lime,8,4,137,
2024,2i5w-ykuw,Lime,8,5,502,
2024,2i5w-ykuw,Lime,8,6,6013,
2024,2i5w-ykuw,Lime,8,7,21534,
2024,2i5w-ykuw,Lime,8,8,57390,
2024,2i5w-ykuw,Lime,8,10,4,
2024,2i5w-ykuw,Lime,8,11,4,
2024,2i5w-ykuw,Lime,8,12,2,
2024,2i5w-ykuw,Lime,8,13,12,
2024,2i5w-ykuw,Lime,8,14,45,
2024,2i5w-ykuw,Lime,8,15,55,
2024,2i5w-ykuw,Lime,8,16,105,
2024,2i5w-ykuw,Lime,8,17,6,
2024,2i5w-ykuw,Lime,8,18,38,
2024,2i5w-ykuw,Lime,8,19,169,
2024,2i5w-ykuw,Lime,8,20,46,
2024,2i5w-ykuw,Lime,8,21,189,
2024,2i5w-ykuw,Lime,8,22,1633,
2024,2i5w-ykuw,Lime,8,23,695,
2024,2i5w-ykuw,Lime,8,24,8591,
2024,2i5w-ykuw,Lime,8,25,131,
2024,2i5w-ykuw,Lime,8,26,38,
2024,2i5w-ykuw,Lime,8,27,99,
2024,2i5w-ykuw,Lime,8,28,5165,
2024,2i5w-ykuw,Lime,8,29,59,
2024,2i5w-ykuw,Lime,8,30,49,
2024,2i5w-ykuw,Lime,8,31,145,
2024,2i5w-ykuw,Lime,8,32,6138,
2024,2i5w-ykuw,Lime,8,33,203,
2024,2i5w-ykuw,Lime,8,34,82,
2024,2i5w-ykuw,Lime,8,35,77,
2024,2i5w-ykuw,Lime,8,36,11,
2024,2i5w-ykuw,Lime,8,37,1,
2024,2i5w-ykuw,Lime,8,38,13,
2024,2i5w-ykuw,Lime,8,39,15,
2024,2i5w-ykuw,Lime,8,40,3,
2024,2i5w-ykuw,Lime,8,41,10,
2024,2i5w-ykuw,Lime,8,42,5,
2024,2i5w-ykuw,Lime,8,43,1,
2024,2i5w-ykuw,Lime,8,44,1,
2024,2i5w-ykuw,Lime,8,49,1,
2024,2i5w-ykuw,Lime,8,56,4,
2024,2i5w-ykuw,Lime,8,57,2,
2024,2i5w-ykuw,Lime,8,58,11,
2024,2i5w-ykuw,Lime,8,59,13,
2024,2i5w-ykuw,Lime,8,60,42,
2024,2i5w-ykuw,Lime,8,61,14,
2024,2i5w-ykuw,Lime,8,62,1,
2024,2i5w-ykuw,Lime,8,63,3,
2024,2i5w-ykuw,Lime,8,66,4,
2024,2i5w-ykuw,Lime,8,67,21,
2024,2i5w-ykuw,Lime,8,68,4,
2024,2i5w-ykuw,Lime,8,69,3,
2024,2i5w-ykuw,Lime,8,70,1,
2024,2i5w-ykuw,Lime,8,71,1,
2024,2i5w-ykuw,Lime,8,77,105,
2024,2i5w-ykuw,Lime,9,,41,
2024,2i5w-ykuw,Lime,9,1,1,
2024,2i5w-ykuw,Lime,9,3,1,
2024,2i5w-ykuw,Lime,9,4,2,
2024,2i5w-ykuw,Lime,9,6,2,
2024,2i5w-ykuw,Lime,9,9,818,
2024,2i5w-ykuw,Lime,9,10,176,
2024,2i5w-ykuw,Lime,9,11,40,
2024,2i5w-ykuw,Lime,9,12,10,
2024,2i5w-ykuw,Lime,9,13,3,
2024,2i5w-ykuw,Lime,9,14,4,
2024,2i5w-ykuw,Lime,9,15,5,
2024,2i5w-ykuw,Lime,9,17,2,
2024,2i5w-ykuw,Lime,9,19,2,
2024,2i5w-ykuw,Lime,9,21,3,
2024,2i5w-ykuw,Lime,9,23,3,
2024,2i5w-ykuw,Lime,9,25,6,
2024,2i5w-ykuw,Lime,9,26,1,
2024,2i5w-ykuw,Lime,9,76,1,
2024,2i5w-ykuw,Lime,9,77,1,
2024,2i5w-ykuw,Lime,10,,118,
2024,2i5w-ykuw,Lime,10,1,2,
2024,2i5w-ykuw,Lime,10,2,9,
2024,2i5w-ykuw,Lime,10,3,4,
2024,2i5w-ykuw,Lime,10,4,16,
2024,2i5w-ykuw,Lime,10,5,7,
2024,2i5w-ykuw,Lime,10,6,2,
2024,2i5w-ykuw,Lime,10,7,1,
2024,2i5w-ykuw,Lime,10,9,202,
2024,2i5w-ykuw,Lime,10,10,3736,
2024,2i5w-ykuw,Lime,10,11,762,
2024,2i5w-ykuw,Lime,10,12,118,
2024,2i5w-ykuw,Lime,10,13,10,
2024,2i5w-ykuw,Lime,10,14,53,
2024,2i5w-ykuw,Lime,10,15,335,
2024,2i5w-ykuw,Lime,10,16,52,
2024,2i5w-ykuw,Lime,10,17,172,
2024,2i5w-ykuw,Lime,10,18,19,
2024,2i5w-ykuw,Lime,10,19,78,
2024,2i5w-ykuw,Lime,10,20,7,
2024,2i5w-ykuw,Lime,10,21,6,
2024,2i5w-ykuw,Lime,10,22,14,
2024,2i5w-ykuw,Lime,10,23,6,
2024,2i5w-ykuw,Lime,10,24,6,
2024,2i5w-ykuw,Lime,10,25,19,
2024,2i5w-ykuw,Lime,10,32,1,
2024,2i5w-ykuw,Lime,10,76,28,
2024,2i5w-ykuw,Lime,10,77,5,
2024,2i5w-ykuw,Lime,11,,61,
2024,2i5w-ykuw,Lime,11,1,13,
2024,2i5w-ykuw,Lime,11,2,53,
2024,2i5w-ykuw,Lime,11,3,54,
2024,2i5w-ykuw,Lime,11,4,97,
2024,2i5w-ykuw,Lime,11,5,68,
2024,2i5w-ykuw,Lime,11,6,20,
2024,2i5w-ykuw,Lime,11,7,9,
2024,2i5w-ykuw,Lime,11,8,10,
2024,2i5w-ykuw,Lime,11,9,41,
2024,2i5w-ykuw,Lime,11,10,1051,
2024,2i5w-ykuw,Lime,11,11,5460,
2024,2i5w-ykuw,Lime,11,12,573,
2024,2i5w-ykuw,Lime,11,13,147,
2024,2i5w-ykuw,Lime,11,14,577,
2024,2i5w-ykuw,Lime,11,15,2157,
2024,2i5w-ykuw,Lime,11,16,396,
2024,2i5w-ykuw,Lime,11,17,175,
2024,2i5w-ykuw,Lime,11,18,19,
2024,2i5w-ykuw,Lime,11,19,334,
2024,2i5w-ykuw,Lime,11,20,28,
2024,2i5w-ykuw,Lime,11,21,51,
2024,2i5w-ykuw,Lime,11,22,44,
2024,2i5w-ykuw,Lime,11,23,27,
2024,2i5w-ykuw,Lime,11,24,8,
2024,2i5w-ykuw,Lime,11,25,85,
2024,2i5w-ykuw,Lime,11,28,1,
2024,2i5w-ykuw,Lime,11,30,2,
2024,2i5w-ykuw,Lime,11,31,2,
2024,2i5w-ykuw,Lime,11,32,3,
2024,2i5w-ykuw,Lime,11,76,3,
2024,2i5w-ykuw,Lime,11,77,50,
2024,2i5w-ykuw,Lime,12,,42,
2024,2i5w-ykuw,Lime,12,1,12,
2024,2i5w-ykuw,Lime,12,2,116,
2024,2i5w-ykuw,Lime,12,3,14,
2024,2i5w-ykuw,Lime,12,4,23,
2024,2i5w-ykuw,Lime,12,5,13,
2024,2i5w-ykuw,Lime,12,6,11,
2024,2i5w-ykuw,Lime,12,7,2,
2024,2i5w-ykuw,Lime,12,8,1,
2024,2i5w-ykuw,Lime,12,9,13,
2024,2i5w-ykuw,Lime,12,10,101,
2024,2i5w-ykuw,Lime,12,11,417,
2024,2i5w-ykuw,Lime,12,12,1260,
2024,2i5w-ykuw,Lime,12,13,307,
2024,2i5w-ykuw,Lime,12,14,228,
2024,2i5w-ykuw,Lime,12,15,160,
2024,2i5w-ykuw,Lime,12,16,98,
2024,2i5w-ykuw,Lime,12,17,8,
2024,2i5w-ykuw,Lime,12,18,13,
2024,2i5w-ykuw,Lime,12,19,39,
2024,2i5w-ykuw,Lime,12,20,5,
2024,2i5w-ykuw,Lime,12,21,59,
2024,2i5w-ykuw,Lime,12,22,15,
2024,2i5w-ykuw,Lime,12,23,3,
2024,2i5w-ykuw,Lime,12,24,5,
2024,2i5w-ykuw,Lime,12,25,22,
2024,2i5w-ykuw,Lime,12,26,4,
2024,2i5w-ykuw,Lime,12,63,1,
2024,2i5w-ykuw,Lime,12,77,8,
2024,2i5w-ykuw,Lime,13,,83,
2024,2i5w-ykuw,Lime,13,1,176,
2024,2i5w-ykuw,Lime,13,2,2280,
2024,2i5w-ykuw,Lime,13,3,161,
2024,2i5w-ykuw,Lime,13,4,1090,
2024,2i5w-ykuw,Lime,13,5,210,
2024,2i5w-ykuw,Lime,13,6,45,
2024,2i5w-ykuw,Lime,13,7,4,
2024,2i5w-ykuw,Lime,13,8,10,
2024,2i5w-ykuw,Lime,13,10,8,
2024,2i5w-ykuw,Lime,13,11,122,
2024,2i5w-ykuw,Lime,13,12,359,
2024,2i5w-ykuw,Lime,13,13,5250,
2024,2i5w-ykuw,Lime,13,14,2619,
2024,2i5w-ykuw,Lime,13,15,122,
2024,2i5w-ykuw,Lime,13,16,417,
2024,2i5w-ykuw,Lime,13,17,9,
2024,2i5w-ykuw,Lime,13,18,5,
2024,2i5w-ykuw,Lime,13,19,56,
2024,2i5w-ykuw,Lime,13,20,28,
2024,2i5w-ykuw,Lime,13,21,114,
2024,2i5w-ykuw,Lime,13,22,68,
2024,2i5w-ykuw,Lime,13,23,48,
2024,2i5w-ykuw,Lime,13,24,27,
2024,2i5w-ykuw,Lime,13,25,19,
2024,2i5w-ykuw,Lime,13,26,1,
2024,2i5w-ykuw,Lime,13,27,4,
2024,2i5w-ykuw,Lime,13,28,9,
2024,2i5w-ykuw,Lime,13,29,3,
2024,2i5w-ykuw,Lime,13,30,2,
2024,2i5w-ykuw,Lime,13,31,1,
2024,2i5w-ykuw,Lime,13,66,1,
2024,2i5w-ykuw,Lime,13,77,306,
2024,2i5w-ykuw,Lime,14,,36,
2024,2i5w-ykuw,Lime,14,1,195,
2024,2i5w-ykuw,Lime,14,2,707,
2024,2i5w-ykuw,Lime,14,3,635,
2024,2i5w-ykuw,Lime,14,4,2798,
2024,2i5w-ykuw,Lime,14,5,1053,
2024,2i5w-ykuw,Lime,14,6,742,
2024,2i5w-ykuw,Lime,14,7,196,
2024,2i5w-ykuw,Lime,14,8,49,
2024,2i5w-ykuw,Lime,14,9,17,
2024,2i5w-ykuw,Lime,14,10,72,
2024,2i5w-ykuw,Lime,14,11,707,
2024,2i5w-ykuw,Lime,14,12,227,
2024,2i5w-ykuw,Lime,14,13,2723,
2024,2i5w-ykuw,Lime,14,14,21220,
2024,2i5w-ykuw,Lime,14,15,930,
2024,2i5w-ykuw,Lime,14,16,5964,
2024,2i5w-ykuw,Lime,14,17,57,
2024,2i5w-ykuw,Lime,14,18,9,
2024,2i5w-ykuw,Lime,14,19,370,
2024,2i5w-ykuw,Lime,14,20,128,
2024,2i5w-ykuw,Lime,14,21,1105,
2024,2i5w-ykuw,Lime,14,22,519,
2024,2i5w-ykuw,Lime,14,23,173,
2024,2i5w-ykuw,Lime,14,24,153,
2024,2i5w-ykuw,Lime,14,25,66,
2024,2i5w-ykuw,Lime,14,26,4,
2024,2i5w-ykuw,Lime,14,27,9,
2024,2i5w-ykuw,Lime,14,28,13,
2024,2i5w-ykuw,Lime,14,29,12,
2024,2i5w-ykuw,Lime,14,31,2,
2024,2i5w-ykuw,Lime,14,32,5,
2024,2i5w-ykuw,Lime,14,33,2,
2024,2i5w-ykuw,Lime,14,58,1,
2024,2i5w-ykuw,Lime,14,59,1,
2024,2i5w-ykuw,Lime,14,60,1,
2024,2i5w-ykuw,Lime,14,61,1,
2024,2i5w-ykuw,Lime,14,63,2,
2024,2i5w-ykuw,Lime,14,66,3,
2024,2i5w-ykuw,Lime,14,76,6,
2024,2i5w-ykuw,Lime,14,77,482,
2024,2i5w-ykuw,Lime,15,,152,
2024,2i5w-ykuw,Lime,15,1,23,
2024,2i5w-ykuw,Lime,15,2,55,
2024,2i5w-ykuw,Lime,15,3,75,
2024,2i5w-ykuw,Lime,15,4,168,
2024,2i5w-ykuw,Lime,15,5,306,
2024,2i5w-ykuw,Lime,15,6,287,
2024,2i5w-ykuw,Lime,15,7,89,
2024,2i5w-ykuw,Lime,15,8,72,
2024,2i5w-ykuw,Lime,15,9,64,
2024,2i5w-ykuw,Lime,15,10,410,
2024,2i5w-ykuw,Lime,15,11,2309,
2024,2i5w-ykuw,Lime,15,12,221,
2024,2i5w-ykuw,Lime,15,13,116,
2024,2i5w-ykuw,Lime,15,14,851,
2024,2i5w-ykuw,Lime,15,15,29590,
2024,2i5w-ykuw,Lime,15,16,5239,
2024,2i5w-ykuw,Lime,15,17,2170,
2024,2i5w-ykuw,Lime,15,18,331,
2024,2i5w-ykuw,Lime,15,19,7649,
2024,2i5w-ykuw,Lime,15,20,811,
2024,2i5w-ykuw,Lime,15,21,1761,
2024,2i5w-ykuw,Lime,15,22,777,
2024,2i5w-ykuw,Lime,15,23,281,
2024,2i5w-ykuw,Lime,15,24,160,
2024,2i5w-ykuw,Lime,15,25,726,
2024,2i5w-ykuw,Lime,15,26,23,
2024,2i5w-ykuw,Lime,15,27,16,
2024,2i5w-ykuw,Lime,15,28,23,
2024,2i5w-ykuw,Lime,15,29,8,
2024,2i5w-ykuw,Lime,15,31,3,
2024,2i5w-ykuw,Lime,15,32,8,
2024,2i5w-ykuw,Lime,15,33,2,
2024,2i5w-ykuw,Lime,15,41,1,
2024,2i5w-ykuw,Lime,15,57,1,
2024,2i5w-ykuw,Lime,15,58,2,
2024,2i5w-ykuw,Lime,15,62,1,
2024,2i5w-ykuw,Lime,15,71,1,
2024,2i5w-ykuw,Lime,15,76,18,
2024,2i5w-ykuw,Lime,15,77,29,
2024,2i5w-ykuw,Lime,16,,50,
2024,2i5w-ykuw,Lime,16,1,126,
2024,2i5w-ykuw,Lime,16,2,315,
2024,2i5w-ykuw,Lime,16,3,561,
2024,2i5w-ykuw,Lime,16,4,1252,
2024,2i5w-ykuw,Lime,16,5,4010,
2024,2i5w-ykuw,Lime,16,6,1777,
2024,2i5w-ykuw,Lime,16,7,465,
2024,2i5w-ykuw,Lime,16,8,143,
2024,2i5w-ykuw,Lime,16,9,1,
2024,2i5w-ykuw,Lime,16,10,30,
2024,2i5w-ykuw,Lime,16,11,360,
2024,2i5w-ykuw,Lime,16,12,126,
2024,2i5w-ykuw,Lime,16,13,454,
2024,2i5w-ykuw,Lime,16,14,6135,
2024,2i5w-ykuw,Lime,16,15,5814,
2024,2i5w-ykuw,Lime,16,16,25754,
2024,2i5w-ykuw,Lime,16,17,340,
2024,2i5w-ykuw,Lime,16,18,36,
2024,2i5w-ykuw,Lime,16,19,1632,
2024,2i5w-ykuw,Lime,16,20,1226,
2024,2i5w-ykuw,Lime,16,21,7713,
2024,2i5w-ykuw,Lime,16,22,2295,
2024,2i5w-ykuw,Lime,16,23,546,
2024,2i5w-ykuw,Lime,16,24,486,
2024,2i5w-ykuw,Lime,16,25,151,
2024,2i5w-ykuw,Lime,16,26,60,
2024,2i5w-ykuw,Lime,16,27,24,
2024,2i5w-ykuw,Lime,16,28,64,
2024,2i5w-ykuw,Lime,16,29,19,
2024,2i5w-ykuw,Lime,16,30,12,
2024,2i5w-ykuw,Lime,16,31,7,
2024,2i5w-ykuw,Lime,16,32,15,
2024,2i5w-ykuw,Lime,16,34,2,
2024,2i5w-ykuw,Lime,16,57,1,
2024,2i5w-ykuw,Lime,16,60,2,
2024,2i5w-ykuw,Lime,16,61,1,
2024,2i5w-ykuw,Lime,16,66,2,
2024,2i5w-ykuw,Lime,16,68,2,
2024,2i5w-ykuw,Lime,16,76,4,
2024,2i5w-ykuw,Lime,16,77,193,
2024,2i5w-ykuw,Lime,17,,337,
2024,2i5w-ykuw,Lime,17,2,5,
2024,2i5w-ykuw,Lime,17,3,30,
2024,2i5w-ykuw,Lime,17,4,17,
2024,2i5w-ykuw,Lime,17,5,49,
2024,2i5w-ykuw,Lime,17,6,62,
2024,2i5w-ykuw,Lime,17,7,8,
2024,2i5w-ykuw,Lime,17,8,3,
2024,2i5w-ykuw,Lime,17,9,1,
2024,2i5w-ykuw,Lime,17,10,176,
2024,2i5w-ykuw,Lime,17,11,193,
2024,2i5w-ykuw,Lime,17,12,17,
2024,2i5w-ykuw,Lime,17,13,17,
2024,2i5w-ykuw,Lime,17,14,56,
2024,2i5w-ykuw,Lime,17,15,2156,
2024,2i5w-ykuw,Lime,17,16,229,
2024,2i5w-ykuw,Lime,17,17,8959,
2024,2i5w-ykuw,Lime,17,18,1291,
2024,2i5w-ykuw,Lime,17,19,2393,
2024,2i5w-ykuw,Lime,17,20,116,
2024,2i5w-ykuw,Lime,17,21,197,
2024,2i5w-ykuw,Lime,17,22,55,
2024,2i5w-ykuw,Lime,17,23,68,
2024,2i5w-ykuw,Lime,17,24,30,
2024,2i5w-ykuw,Lime,17,25,461,
2024,2i5w-ykuw,Lime,17,26,5,
2024,2i5w-ykuw,Lime,17,27,1,
2024,2i5w-ykuw,Lime,17,29,2,
2024,2i5w-ykuw,Lime,17,30,1,
2024,2i5w-ykuw,Lime,17,32,1,
2024,2i5w-ykuw,Lime,17,76,69,
2024,2i5w-ykuw,Lime,17,77,17,
2024,2i5w-ykuw,Lime,18,,213,
2024,2i5w-ykuw,Lime,18,1,1,
2024,2i5w-ykuw,Lime,18,2,5,
2024,2i5w-ykuw,Lime,18,3,2,
2024,2i5w-ykuw,Lime,18,4,12,
2024,2i5w-ykuw,Lime,18,5,2,
2024,2i5w-ykuw,Lime,18,6,7,
2024,2i5w-ykuw,Lime,18,7,22,
2024,2i5w-ykuw,Lime,18,8,10,
2024,2i5w-ykuw,Lime,18,9,1,
2024,2i5w-ykuw,Lime,18,10,20,
2024,2i5w-ykuw,Lime,18,11,20,
2024,2i5w-ykuw,Lime,18,12,25,
2024,2i5w-ykuw,Lime,18,13,32,
2024,2i5w-ykuw,Lime,18,14,22,
2024,2i5w-ykuw,Lime,18,15,361,
2024,2i5w-ykuw,Lime,18,16,56,
2024,2i5w-ykuw,Lime,18,17,1500,
2024,2i5w-ykuw,Lime,18,18,8377,
2024,2i5w-ykuw,Lime,18,19,5549,
2024,2i5w-ykuw,Lime,18,20,195,
2024,2i5w-ykuw,Lime,18,21,117,
2024,2i5w-ykuw,Lime,18,22,138,
2024,2i5w-ykuw,Lime,18,23,202,
2024,2i5w-ykuw,Lime,18,24,35,
2024,2i5w-ykuw,Lime,18,25,1717,
2024,2i5w-ykuw,Lime,18,26,21,
2024,2i5w-ykuw,Lime,18,27,5,
2024,2i5w-ykuw,Lime,18,28,9,
2024,2i5w-ykuw,Lime,18,29,7,
2024,2i5w-ykuw,Lime,18,30,1,
2024,2i5w-ykuw,Lime,18,32,2,
2024,2i5w-ykuw,Lime,18,33,1,
2024,2i5w-ykuw,Lime,18,61,6,
2024,2i5w-ykuw,Lime,18,76,23,
2024,2i5w-ykuw,Lime,18,77,13,
2024,2i5w-ykuw,Lime,19,,261,
2024,2i5w-ykuw,Lime,19,1,21,
2024,2i5w-ykuw,Lime,19,2,27,
2024,2i5w-ykuw,Lime,19,3,55,
2024,2i5w-ykuw,Lime,19,4,159,
2024,2i5w-ykuw,Lime,19,5,269,
2024,2i5w-ykuw,Lime,19,6,256,
2024,2i5w-ykuw,Lime,19,7,224,
2024,2i5w-ykuw,Lime,19,8,213,
2024,2i5w-ykuw,Lime,19,9,2,
2024,2i5w-ykuw,Lime,19,10,75,
2024,2i5w-ykuw,Lime,19,11,517,
2024,2i5w-ykuw,Lime,19,12,49,
2024,2i5w-ykuw,Lime,19,13,82,
2024,2i5w-ykuw,Lime,19,14,297,
2024,2i5w-ykuw,Lime,19,15,7967,
2024,2i5w-ykuw,Lime,19,16,1877,
2024,2i5w-ykuw,Lime,19,17,2841,
2024,2i5w-ykuw,Lime,19,18,6126,
2024,2i5w-ykuw,Lime,19,19,99335,
2024,2i5w-ykuw,Lime,19,20,7738,
2024,2i5w-ykuw,Lime,19,21,2740,
2024,2i5w-ykuw,Lime,19,22,3765,
2024,2i5w-ykuw,Lime,19,23,3190,
2024,2i5w-ykuw,Lime,19,24,681,
2024,2i5w-ykuw,Lime,19,25,11598,
2024,2i5w-ykuw,Lime,19,26,199,
2024,2i5w-ykuw,Lime,19,27,102,
2024,2i5w-ykuw,Lime,19,28,90,
2024,2i5w-ykuw,Lime,19,29,68,
2024,2i5w-ykuw,Lime,19,30,13,
2024,2i5w-ykuw,Lime,19,31,3,
2024,2i5w-ykuw,Lime,19,32,44,
2024,2i5w-ykuw,Lime,19,33,2,
2024,2i5w-ykuw,Lime,19,34,2,
2024,2i5w-ykuw,Lime,19,35,3,
2024,2i5w-ykuw,Lime,19,36,1,
2024,2i5w-ykuw,Lime,19,38,1,
2024,2i5w-ykuw,Lime,19,41,1,
2024,2i5w-ykuw,Lime,19,44,1,
2024,2i5w-ykuw,Lime,19,56,2,
2024,2i5w-ykuw,Lime,19,57,9,
2024,2i5w-ykuw,Lime,19,58,3,
2024,2i5w-ykuw,Lime,19,59,1,
2024,2i5w-ykuw,Lime,19,61,2,
2024,2i5w-ykuw,Lime,19,63,3,
2024,2i5w-ykuw,Lime,19,65,4,
2024,2i5w-ykuw,Lime,19,66,1,
2024,2i5w-ykuw,Lime,19,68,1,
2024,2i5w-ykuw,Lime,19,76,18,
2024,2i5w-ykuw,Lime,19,77,22,
2024,2i5w-ykuw,Lime,20,,13,
2024,2i5w-ykuw,Lime,20,1,2,
2024,2i5w-ykuw,Lime,20,2,17,
2024,2i5w-ykuw,Lime,20,3,22,
2024,2i5w-ykuw,Lime,20,4,49,
2024,2i5w-ykuw,Lime,20,5,219,
2024,2i5w-ykuw,Lime,20,6,127,
2024,2i5w-ykuw,Lime,20,7,195,
2024,2i5w-ykuw,Lime,20,8,79,
2024,2i5w-ykuw,Lime,20,10,4,
2024,2i5w-ykuw,Lime,20,11,95,
2024,2i5w-ykuw,Lime,20,12,9,
2024,2i5w-ykuw,Lime,20,13,61,
2024,2i5w-ykuw,Lime,20,14,140,
2024,2i5w-ykuw,Lime,20,15,987,
2024,2i5w-ykuw,Lime,20,16,1263,
2024,2i5w-ykuw,Lime,20,17,187,
2024,2i5w-ykuw,Lime,20,18,157,
2024,2i5w-ykuw,Lime,20,19,7461,
2024,2i5w-ykuw,Lime,20,20,14197,
2024,2i5w-ykuw,Lime,20,21,2095,
2024,2i5w-ykuw,Lime,20,22,7118,
2024,2i5w-ykuw,Lime,20,23,4713,
2024,2i5w-ykuw,Lime,20,24,861,
2024,2i5w-ykuw,Lime,20,25,1452,
2024,2i5w-ykuw,Lime,20,26,294,
2024,2i5w-ykuw,Lime,20,27,78,
2024,2i5w-ykuw,Lime,20,28,118,
2024,2i5w-ykuw,Lime,20,29,37,
2024,2i5w-ykuw,Lime,20,30,10,
2024,2i5w-ykuw,Lime,20,31,9,
2024,2i5w-ykuw,Lime,20,32,12,
2024,2i5w-ykuw,Lime,20,33,1,
2024,2i5w-ykuw,Lime,20,34,1,
2024,2i5w-ykuw,Lime,20,39,1,
2024,2i5w-ykuw,Lime,20,57,2,
2024,2i5w-ykuw,Lime,20,58,5,
2024,2i5w-ykuw,Lime,20,59,2,
2024,2i5w-ykuw,Lime,20,60,4,
2024,2i5w-ykuw,Lime,20,63,1,
2024,2i5w-ykuw,Lime,20,68,1,
2024,2i5w-ykuw,Lime,20,76,1,
2024,2i5w-ykuw,Lime,20,77,8,
2024,2i5w-ykuw,Lime,21,,17,
2024,2i5w-ykuw,Lime,21,1,29,
2024,2i5w-ykuw,Lime,21,2,95,
2024,2i5w-ykuw,Lime,21,3,370,
2024,2i5w-ykuw,Lime,21,4,520,
2024,2i5w-ykuw,Lime,21,5,3133,
2024,2i5w-ykuw,Lime,21,6,2710,
2024,2i5w-ykuw,Lime,21,7,891,
2024,2i5w-ykuw,Lime,21,8,167,
2024,2i5w-ykuw,Lime,21,10,24,
2024,2i5w-ykuw,Lime,21,11,63,
2024,2i5w-ykuw,Lime,21,12,130,
2024,2i5w-ykuw,Lime,21,13,217,
2024,2i5w-ykuw,Lime,21,14,1148,
2024,2i5w-ykuw,Lime,21,15,2028,
2024,2i5w-ykuw,Lime,21,16,8390,
2024,2i5w-ykuw,Lime,21,17,260,
2024,2i5w-ykuw,Lime,21,18,62,
2024,2i5w-ykuw,Lime,21,19,2824,
2024,2i5w-ykuw,Lime,21,20,2169,
2024,2i5w-ykuw,Lime,21,21,29464,
2024,2i5w-ykuw,Lime,21,22,12603,
2024,2i5w-ykuw,Lime,21,23,1338,
2024,2i5w-ykuw,Lime,21,24,1648,
2024,2i5w-ykuw,Lime,21,25,378,
2024,2i5w-ykuw,Lime,21,26,51,
2024,2i5w-ykuw,Lime,21,27,49,
2024,2i5w-ykuw,Lime,21,28,307,
2024,2i5w-ykuw,Lime,21,29,31,
2024,2i5w-ykuw,Lime,21,30,35,
2024,2i5w-ykuw,Lime,21,31,28,
2024,2i5w-ykuw,Lime,21,32,30,
2024,2i5w-ykuw,Lime,21,33,4,
2024,2i5w-ykuw,Lime,21,41,1,
2024,2i5w-ykuw,Lime,21,56,26,
2024,2i5w-ykuw,Lime,21,57,8,
2024,2i5w-ykuw,Lime,21,58,1,
2024,2i5w-ykuw,Lime,21,59,2,
2024,2i5w-ykuw,Lime,21,60,3,
2024,2i5w-ykuw,Lime,21,61,2,
2024,2i5w-ykuw,Lime,21,66,1,
2024,2i5w-ykuw,Lime,21,68,3,
2024,2i5w-ykuw,Lime,21,71,1,
2024,2i5w-ykuw,Lime,21,76,1,
2024,2i5w-ykuw,Lime,21,77,83,
2024,2i5w-ykuw,Lime,22,,20,
2024,2i5w-ykuw,Lime,22,1,50,
2024,2i5w-ykuw,Lime,22,2,151,
2024,2i5w-ykuw,Lime,22,3,498,
2024,2i5w-ykuw,Lime,22,4,617,
2024,2i5w-ykuw,Lime,22,5,4375,
2024,2i5w-ykuw,Lime,22,6,5072,
2024,2i5w-ykuw,Lime,22,7,11253,
2024,2i5w-ykuw,Lime,22,8,2121,
2024,2i5w-ykuw,Lime,22,9,1,
2024,2i5w-ykuw,Lime,22,10,11,
2024,2i5w-ykuw,Lime,22,11,46,
2024,2i5w-ykuw,Lime,22,12,24,
2024,2i5w-ykuw,Lime,22,13,85,
2024,2i5w-ykuw,Lime,22,14,571,
2024,2i5w-ykuw,Lime,22,15,1058,
2024,2i5w-ykuw,Lime,22,16,2451,
2024,2i5w-ykuw,Lime,22,17,97,
2024,2i5w-ykuw,Lime,22,18,153,
2024,2i5w-ykuw,Lime,22,19,4034,
2024,2i5w-ykuw,Lime,22,20,7203,
2024,2i5w-ykuw,Lime,22,21,13717,
2024,2i5w-ykuw,Lime,22,22,114212,
2024,2i5w-ykuw,Lime,22,23,8985,
2024,2i5w-ykuw,Lime,22,24,28978,
2024,2i5w-ykuw,Lime,22,25,1201,
2024,2i5w-ykuw,Lime,22,26,128,
2024,2i5w-ykuw,Lime,22,27,416,
2024,2i5w-ykuw,Lime,22,28,1968,
2024,2i5w-ykuw,Lime,22,29,208,
2024,2i5w-ykuw,Lime,22,30,86,
2024,2i5w-ykuw,Lime,22,31,80,
2024,2i5w-ykuw,Lime,22,32,241,
2024,2i5w-ykuw,Lime,22,33,29,
2024,2i5w-ykuw,Lime,22,34,16,
2024,2i5w-ykuw,Lime,22,35,2,
2024,2i5w-ykuw,Lime,22,36,2,
2024,2i5w-ykuw,Lime,22,38,2,
2024,2i5w-ykuw,Lime,22,56,3,
2024,2i5w-ykuw,Lime,22,57,3,
2024,2i5w-ykuw,Lime,22,58,7,
2024,2i5w-ykuw,Lime,22,59,17,
2024,2i5w-ykuw,Lime,22,60,12,
2024,2i5w-ykuw,Lime,22,61,5,
2024,2i5w-ykuw,Lime,22,62,3,
2024,2i5w-ykuw,Lime,22,63,5,
2024,2i5w-ykuw,Lime,22,65,2,
2024,2i5w-ykuw,Lime,22,66,2,
2024,2i5w-ykuw,Lime,22,67,2,
2024,2i5w-ykuw,Lime,22,70,1,
2024,2i5w-ykuw,Lime,22,72,1,
2024,2i5w-ykuw,Lime,22,76,1,
2024,2i5w-ykuw,Lime,22,77,233,
2024,2i5w-ykuw,Lime,23,,48,
2024,2i5w-ykuw,Lime,23,1,14,
2024,2i5w-ykuw,Lime,23,2,26,
2024,2i5w-ykuw,Lime,23,3,60,
2024,2i5w-ykuw,Lime,23,4,80,
2024,2i5w-ykuw,Lime,23,5,188,
2024,2i5w-ykuw,Lime,23,6,218,
2024,2i5w-ykuw,Lime,23,7,644,
2024,2i5w-ykuw,Lime,23,8,1064,
2024,2i5w-ykuw,Lime,23,9,5,
2024,2i5w-ykuw,Lime,23,10,3,
2024,2i5w-ykuw,Lime,23,11,27,
2024,2i5w-ykuw,Lime,23,12,4,
2024,2i5w-ykuw,Lime,23,13,37,
2024,2i5w-ykuw,Lime,23,14,166,
2024,2i5w-ykuw,Lime,23,15,479,
2024,2i5w-ykuw,Lime,23,16,559,
2024,2i5w-ykuw,Lime,23,17,73,
2024,2i5w-ykuw,Lime,23,18,378,
2024,2i5w-ykuw,Lime,23,19,3439,
2024,2i5w-ykuw,Lime,23,20,4393,
2024,2i5w-ykuw,Lime,23,21,1127,
2024,2i5w-ykuw,Lime,23,22,8698,
2024,2i5w-ykuw,Lime,23,23,65235,
2024,2i5w-ykuw,Lime,23,24,10722,
2024,2i5w-ykuw,Lime,23,25,8709,
2024,2i5w-ykuw,Lime,23,26,3458,
2024,2i5w-ykuw,Lime,23,27,5038,
2024,2i5w-ykuw,Lime,23,28,1537,
2024,2i5w-ykuw,Lime,23,29,1421,
2024,2i5w-ykuw,Lime,23,30,214,
2024,2i5w-ykuw,Lime,23,31,64,
2024,2i5w-ykuw,Lime,23,32,134,
2024,2i5w-ykuw,Lime,23,33,32,
2024,2i5w-ykuw,Lime,23,34,5,
2024,2i5w-ykuw,Lime,23,35,3,
2024,2i5w-ykuw,Lime,23,38,1,
2024,2i5w-ykuw,Lime,23,39,2,
2024,2i5w-ykuw,Lime,23,40,1,
2024,2i5w-ykuw,Lime,23,41,3,
2024,2i5w-ykuw,Lime,23,49,1,
2024,2i5w-ykuw,Lime,23,56,2,
2024,2i5w-ykuw,Lime,23,57,29,
2024,2i5w-ykuw,Lime,23,58,19,
2024,2i5w-ykuw,Lime,23,59,5,
2024,2i5w-ykuw,Lime,23,60,11,
2024,2i5w-ykuw,Lime,23,61,19,
2024,2i5w-ykuw,Lime,23,62,8,
2024,2i5w-ykuw,Lime,23,63,13,
2024,2i5w-ykuw,Lime,23,65,5,
2024,2i5w-ykuw,Lime,23,66,13,
2024,2i5w-ykuw,Lime,23,67,10,
2024,2i5w-ykuw,Lime,23,68,3,
2024,2i5w-ykuw,Lime,23,69,3,
2024,2i5w-ykuw,Lime,23,70,2,
2024,2i5w-ykuw,Lime,23,71,3,
2024,2i5w-ykuw,Lime,23,77,21,
2024,2i5w-ykuw,Lime,24,,13,
2024,2i5w-ykuw,Lime,24,1,59,
2024,2i5w-ykuw,Lime,24,2,62,
2024,2i5w-ykuw,Lime,24,3,481,
2024,2i5w-ykuw,Lime,24,4,328,
2024,2i5w-ykuw,Lime,24,5,1526,
2024,2i5w-ykuw,Lime,24,6,4201,
2024,2i5w-ykuw,Lime,24,7,7340,
2024,2i5w-ykuw,Lime,24,8,10768,
2024,2i5w-ykuw,Lime,24,9,1,
2024,2i5w-ykuw,Lime,24,10,8,
2024,2i5w-ykuw,Lime,24,11,18,
2024,2i5w-ykuw,Lime,24,12,8,
2024,2i5w-ykuw,Lime,24,13,21,
2024,2i5w-ykuw,Lime,24,14,148,
2024,2i5w-ykuw,Lime,24,15,224,
2024,2i5w-ykuw,Lime,24,16,504,
2024,2i5w-ykuw,Lime,24,17,32,
2024,2i5w-ykuw,Lime,24,18,49,
2024,2i5w-ykuw,Lime,24,19,827,
2024,2i5w-ykuw,Lime,24,20,835,
2024,2i5w-ykuw,Lime,24,21,1662,
2024,2i5w-ykuw,Lime,24,22,29758,
2024,2i5w-ykuw,Lime,24,23,10814,
2024,2i5w-ykuw,Lime,24,24,150018,
2024,2i5w-ykuw,Lime,24,25,1145,
2024,2i5w-ykuw,Lime,24,26,366,
2024,2i5w-ykuw,Lime,24,27,1168,
2024,2i5w-ykuw,Lime,24,28,17330,
2024,2i5w-ykuw,Lime,24,29,423,
2024,2i5w-ykuw,Lime,24,30,226,
2024,2i5w-ykuw,Lime,24,31,576,
2024,2i5w-ykuw,Lime,24,32,1330,
2024,2i5w-ykuw,Lime,24,33,119,
2024,2i5w-ykuw,Lime,24,34,85,
2024,2i5w-ykuw,Lime,24,35,6,
2024,2i5w-ykuw,Lime,24,37,2,
2024,2i5w-ykuw,Lime,24,38,14,
2024,2i5w-ykuw,Lime,24,39,3,
2024,2i5w-ykuw,Lime,24,40,1,
2024,2i5w-ykuw,Lime,24,41,6,
2024,2i5w-ykuw,Lime,24,42,1,
2024,2i5w-ykuw,Lime,24,43,1,
2024,2i5w-ykuw,Lime,24,44,2,
2024,2i5w-ykuw,Lime,24,45,2,
2024,2i5w-ykuw,Lime,24,46,1,
2024,2i5w-ykuw,Lime,24,56,2,
2024,2i5w-ykuw,Lime,24,57,4,
2024,2i5w-ykuw,Lime,24,58,38,
2024,2i5w-ykuw,Lime,24,59,75,
2024,2i5w-ykuw,Lime,24,60,82,
2024,2i5w-ykuw,Lime,24,61,32,
2024,2i5w-ykuw,Lime,24,62,3,
2024,2i5w-ykuw,Lime,24,63,9,
2024,2i5w-ykuw,Lime,24,65,1,
2024,2i5w-ykuw,Lime,24,66,16,
2024,2i5w-ykuw,Lime,24,67,10,
2024,2i5w-ykuw,Lime,24,68,7,
2024,2i5w-ykuw,Lime,24,69,1,
2024,2i5w-ykuw,Lime,24,70,1,
2024,2i5w-ykuw,Lime,24,71,4,
2024,2i5w-ykuw,Lime,24,73,1,
2024,2i5w-ykuw,Lime,24,76,3,
2024,2i5w-ykuw,Lime,24,77,145,
2024,2i5w-ykuw,Lime,25,,1126,
2024,2i5w-ykuw,Lime,25,1,3,
2024,2i5w-ykuw,Lime,25,2,47,
2024,2i5w-ykuw,Lime,25,3,90,
2024,2i5w-ykuw,Lime,25,4,26,
2024,2i5w-ykuw,Lime,25,5,18,
2024,2i5w-ykuw,Lime,25,6,166,
2024,2i5w-ykuw,Lime,25,7,149,
2024,2i5w-ykuw,Lime,25,8,152,
2024,2i5w-ykuw,Lime,25,9,2,
2024,2i5w-ykuw,Lime,25,10,57,
2024,2i5w-ykuw,Lime,25,11,207,
2024,2i5w-ykuw,Lime,25,12,45,
2024,2i5w-ykuw,Lime,25,13,21,
2024,2i5w-ykuw,Lime,25,14,67,
2024,2i5w-ykuw,Lime,25,15,906,
2024,2i5w-ykuw,Lime,25,16,209,
2024,2i5w-ykuw,Lime,25,17,480,
2024,2i5w-ykuw,Lime,25,18,1787,
2024,2i5w-ykuw,Lime,25,19,10755,
2024,2i5w-ykuw,Lime,25,20,1311,
2024,2i5w-ykuw,Lime,25,21,316,
2024,2i5w-ykuw,Lime,25,22,1082,
2024,2i5w-ykuw,Lime,25,23,8083,
2024,2i5w-ykuw,Lime,25,24,930,
2024,2i5w-ykuw,Lime,25,25,131969,
2024,2i5w-ykuw,Lime,25,26,5715,
2024,2i5w-ykuw,Lime,25,27,1746,
2024,2i5w-ykuw,Lime,25,28,804,
2024,2i5w-ykuw,Lime,25,29,2536,
2024,2i5w-ykuw,Lime,25,30,253,
2024,2i5w-ykuw,Lime,25,31,35,
2024,2i5w-ykuw,Lime,25,32,68,
2024,2i5w-ykuw,Lime,25,33,9,
2024,2i5w-ykuw,Lime,25,34,3,
2024,2i5w-ykuw,Lime,25,35,10,
2024,2i5w-ykuw,Lime,25,36,2,
2024,2i5w-ykuw,Lime,25,38,8,
2024,2i5w-ykuw,Lime,25,39,1,
2024,2i5w-ykuw,Lime,25,40,4,
2024,2i5w-ykuw,Lime,25,41,1,
2024,2i5w-ykuw,Lime,25,42,1,
2024,2i5w-ykuw,Lime,25,43,3,
2024,2i5w-ykuw,Lime,25,44,2,
2024,2i5w-ykuw,Lime,25,45,1,
2024,2i5w-ykuw,Lime,25,51,1,
2024,2i5w-ykuw,Lime,25,56,7,
2024,2i5w-ykuw,Lime,25,57,18,
2024,2i5w-ykuw,Lime,25,58,52,
2024,2i5w-ykuw,Lime,25,59,1,
2024,2i5w-ykuw,Lime,25,60,7,
2024,2i5w-ykuw,Lime,25,61,12,
2024,2i5w-ykuw,Lime,25,62,4,
2024,2i5w-ykuw,Lime,25,63,1,
2024,2i5w-ykuw,Lime,25,64,2,
2024,2i5w-ykuw,Lime,25,65,2,
2024,2i5w-ykuw,Lime,25,66,11,
2024,2i5w-ykuw,Lime,25,67,4,
2024,2i5w-ykuw,Lime,25,68,5,
2024,2i5w-ykuw,Lime,25,69,1,
2024,2i5w-ykuw,Lime,25,70,4,
2024,2i5w-ykuw,Lime,25,71,4,
2024,2i5w-ykuw,Lime,25,73,4,
2024,2i5w-ykuw,Lime,25,76,6,
2024,2i5w-ykuw,Lime,25,77,12,
2024,2i5w-ykuw,Lime,26,,57,
2024,2i5w-ykuw,Lime,26,1,4,
2024,2i5w-ykuw,Lime,26,2,14,
2024,2i5w-ykuw,Lime,26,3,3,
2024,2i5w-ykuw,Lime,26,4,3,
2024,2i5w-ykuw,Lime,26,5,99,
2024,2i5w-ykuw,Lime,26,6,13,
2024,2i5w-ykuw,Lime,26,7,20,
2024,2i5w-ykuw,Lime,26,8,75,
2024,2i5w-ykuw,Lime,26,11,3,
2024,2i5w-ykuw,Lime,26,12,1,
2024,2i5w-ykuw,Lime,26,13,17,
2024,2i5w-ykuw,Lime,26,14,6,
2024,2i5w-ykuw,Lime,26,15,20,
2024,2i5w-ykuw,Lime,26,16,25,
2024,2i5w-ykuw,Lime,26,17,4,
2024,2i5w-ykuw,Lime,26,18,4,
2024,2i5w-ykuw,Lime,26,19,134,
2024,2i5w-ykuw,Lime,26,20,216,
2024,2i5w-ykuw,Lime,26,21,20,
2024,2i5w-ykuw,Lime,26,22,94,
2024,2i5w-ykuw,Lime,26,23,3321,
2024,2i5w-ykuw,Lime,26,24,239,
2024,2i5w-ykuw,Lime,26,25,5845,
2024,2i5w-ykuw,Lime,26,26,26373,
2024,2i5w-ykuw,Lime,26,27,2820,
2024,2i5w-ykuw,Lime,26,28,838,
2024,2i5w-ykuw,Lime,26,29,3771,
2024,2i5w-ykuw,Lime,26,30,249,
2024,2i5w-ykuw,Lime,26,31,27,
2024,2i5w-ykuw,Lime,26,32,47,
2024,2i5w-ykuw,Lime,26,33,19,
2024,2i5w-ykuw,Lime,26,34,2,
2024,2i5w-ykuw,Lime,26,35,4,
2024,2i5w-ykuw,Lime,26,38,2,
2024,2i5w-ykuw,Lime,26,40,5,
2024,2i5w-ykuw,Lime,26,41,1,
2024,2i5w-ykuw,Lime,26,43,1,
2024,2i5w-ykuw,Lime,26,44,1,
2024,2i5w-ykuw,Lime,26,56,6,
2024,2i5w-ykuw,Lime,26,57,31,
2024,2i5w-ykuw,Lime,26,58,11,
2024,2i5w-ykuw,Lime,26,59,1,
2024,2i5w-ykuw,Lime,26,60,3,
2024,2i5w-ykuw,Lime,26,61,8,
2024,2i5w-ykuw,Lime,26,62,2,
2024,2i5w-ykuw,Lime,26,66,5,
2024,2i5w-ykuw,Lime,26,67,7,
2024,2i5w-ykuw,Lime,26,68,2,
2024,2i5w-ykuw,Lime,26,69,1,
2024,2i5w-ykuw,Lime,26,70,1,
2024,2i5w-ykuw,Lime,26,71,2,
2024,2i5w-ykuw,Lime,26,72,1,
2024,2i5w-ykuw,Lime,26,73,1,
2024,2i5w-ykuw,Lime,26,77,3,
2024,2i5w-ykuw,Lime,27,,28,
2024,2i5w-ykuw,Lime,27,2,8,
2024,2i5w-ykuw,Lime,27,3,2,
2024,2i5w-ykuw,Lime,27,4,19,
2024,2i5w-ykuw,Lime,27,5,21,
2024,2i5w-ykuw,Lime,27,6,56,
2024,2i5w-ykuw,Lime,27,7,31,
2024,2i5w-ykuw,Lime,27,8,83,
2024,2i5w-ykuw,Lime,27,9,1,
2024,2i5w-ykuw,Lime,27,13,33,
2024,2i5w-ykuw,Lime,27,14,8,
2024,2i5w-ykuw,Lime,27,15,14,
2024,2i5w-ykuw,Lime,27,16,36,
2024,2i5w-ykuw,Lime,27,17,1,
2024,2i5w-ykuw,Lime,27,18,7,
2024,2i5w-ykuw,Lime,27,19,70,
2024,2i5w-ykuw,Lime,27,20,38,
2024,2i5w-ykuw,Lime,27,21,66,
2024,2i5w-ykuw,Lime,27,22,282,
2024,2i5w-ykuw,Lime,27,23,4728,
2024,2i5w-ykuw,Lime,27,24,1041,
2024,2i5w-ykuw,Lime,27,25,1980,
2024,2i5w-ykuw,Lime,27,26,2861,
2024,2i5w-ykuw,Lime,27,27,20727,
2024,2i5w-ykuw,Lime,27,28,3881,
2024,2i5w-ykuw,Lime,27,29,4907,
2024,2i5w-ykuw,Lime,27,30,448,
2024,2i5w-ykuw,Lime,27,31,203,
2024,2i5w-ykuw,Lime,27,32,123,
2024,2i5w-ykuw,Lime,27,33,26,
2024,2i5w-ykuw,Lime,27,34,10,
2024,2i5w-ykuw,Lime,27,35,1,
2024,2i5w-ykuw,Lime,27,37,3,
2024,2i5w-ykuw,Lime,27,38,9,
2024,2i5w-ykuw,Lime,27,39,4,
2024,2i5w-ykuw,Lime,27,40,4,
2024,2i5w-ykuw,Lime,27,41,1,
2024,2i5w-ykuw,Lime,27,42,1,
2024,2i5w-ykuw,Lime,27,49,2,
2024,2i5w-ykuw,Lime,27,53,1,
2024,2i5w-ykuw,Lime,27,56,3,
2024,2i5w-ykuw,Lime,27,57,10,
2024,2i5w-ykuw,Lime,27,58,56,
2024,2i5w-ykuw,Lime,27,59,12,
2024,2i5w-ykuw,Lime,27,60,16,
2024,2i5w-ykuw,Lime,27,61,15,
2024,2i5w-ykuw,Lime,27,62,1,
2024,2i5w-ykuw,Lime,27,63,9,
2024,2i5w-ykuw,Lime,27,66,11,
2024,2i5w-ykuw,Lime,27,67,1,
2024,2i5w-ykuw,Lime,27,68,1,
2024,2i5w-ykuw,Lime,27,69,1,
2024,2i5w-ykuw,Lime,27,70,1,
2024,2i5w-ykuw,Lime,27,71,2,
2024,2i5w-ykuw,Lime,27,76,1,
2024,2i5w-ykuw,Lime,27,77,3,
2024,2i5w-ykuw,Lime,28,,12,
2024,2i5w-ykuw,Lime,28,1,19,
2024,2i5w-ykuw,Lime,28,2,79,
2024,2i5w-ykuw,Lime,28,3,320,
2024,2i5w-ykuw,Lime,28,4,97,
2024,2i5w-ykuw,Lime,28,5,244,
2024,2i5w-ykuw,Lime,28,6,1744,
2024,2i5w-ykuw,Lime,28,7,2013,
2024,2i5w-ykuw,Lime,28,8,5596,
2024,2i5w-ykuw,Lime,28,10,2,
2024,2i5w-ykuw,Lime,28,11,1,
2024,2i5w-ykuw,Lime,28,13,6,
2024,2i5w-ykuw,Lime,28,14,14,
2024,2i5w-ykuw,Lime,28,15,27,
2024,2i5w-ykuw,Lime,28,16,68,
2024,2i5w-ykuw,Lime,28,17,4,
2024,2i5w-ykuw,Lime,28,18,4,
2024,2i5w-ykuw,Lime,28,19,120,
2024,2i5w-ykuw,Lime,28,20,46,
2024,2i5w-ykuw,Lime,28,21,269,
2024,2i5w-ykuw,Lime,28,22,1497,
2024,2i5w-ykuw,Lime,28,23,1289,
2024,2i5w-ykuw,Lime,28,24,14665,
2024,2i5w-ykuw,Lime,28,25,862,
2024,2i5w-ykuw,Lime,28,26,734,
2024,2i5w-ykuw,Lime,28,27,3884,
2024,2i5w-ykuw,Lime,28,28,60382,
2024,2i5w-ykuw,Lime,28,29,2639,
2024,2i5w-ykuw,Lime,28,30,1092,
2024,2i5w-ykuw,Lime,28,31,2755,
2024,2i5w-ykuw,Lime,28,32,4372,
2024,2i5w-ykuw,Lime,28,33,802,
2024,2i5w-ykuw,Lime,28,34,275,
2024,2i5w-ykuw,Lime,28,35,87,
2024,2i5w-ykuw,Lime,28,36,6,
2024,2i5w-ykuw,Lime,28,37,9,
2024,2i5w-ykuw,Lime,28,38,39,
2024,2i5w-ykuw,Lime,28,39,9,
2024,2i5w-ykuw,Lime,28,40,13,
2024,2i5w-ykuw,Lime,28,41,15,
2024,2i5w-ykuw,Lime,28,42,9,
2024,2i5w-ykuw,Lime,28,43,4,
2024,2i5w-ykuw,Lime,28,44,4,
2024,2i5w-ykuw,Lime,28,45,2,
2024,2i5w-ykuw,Lime,28,46,2,
2024,2i5w-ykuw,Lime,28,49,3,
2024,2i5w-ykuw,Lime,28,56,3,
2024,2i5w-ykuw,Lime,28,57,9,
2024,2i5w-ykuw,Lime,28,58,101,
2024,2i5w-ykuw,Lime,28,59,201,
2024,2i5w-ykuw,Lime,28,60,616,
2024,2i5w-ykuw,Lime,28,61,213,
2024,2i5w-ykuw,Lime,28,62,3,
2024,2i5w-ykuw,Lime,28,63,33,
2024,2i5w-ykuw,Lime,28,64,1,
2024,2i5w-ykuw,Lime,28,65,7,
2024,2i5w-ykuw,Lime,28,66,106,
2024,2i5w-ykuw,Lime,28,67,72,
2024,2i5w-ykuw,Lime,28,68,49,
2024,2i5w-ykuw,Lime,28,69,19,
2024,2i5w-ykuw,Lime,28,70,4,
2024,2i5w-ykuw,Lime,28,71,9,
2024,2i5w-ykuw,Lime,28,72,1,
2024,2i5w-ykuw,Lime,28,73,7,
2024,2i5w-ykuw,Lime,28,75,3,
2024,2i5w-ykuw,Lime,28,76,2,
2024,2i5w-ykuw,Lime,28,77,78,
2024,2i5w-ykuw,Lime,29,,230,
2024,2i5w-ykuw,Lime,29,1,2,
2024,2i5w-ykuw,Lime,29,2,7,
2024,2i5w-ykuw,Lime,29,3,3,
2024,2i5w-ykuw,Lime,29,4,1,
2024,2i5w-ykuw,Lime,29,5,10,
2024,2i5w-ykuw,Lime,29,6,24,
2024,2i5w-ykuw,Lime,29,7,48,
2024,2i5w-ykuw,Lime,29,8,117,
2024,2i5w-ykuw,Lime,29,13,4,
2024,2i5w-ykuw,Lime,29,14,11,
2024,2i5w-ykuw,Lime,29,15,21,
2024,2i5w-ykuw,Lime,29,16,24,
2024,2i5w-ykuw,Lime,29,17,3,
2024,2i5w-ykuw,Lime,29,18,8,
2024,2i5w-ykuw,Lime,29,19,56,
2024,2i5w-ykuw,Lime,29,20,39,
2024,2i5w-ykuw,Lime,29,21,30,
2024,2i5w-ykuw,Lime,29,22,118,
2024,2i5w-ykuw,Lime,29,23,1363,
2024,2i5w-ykuw,Lime,29,24,414,
2024,2i5w-ykuw,Lime,29,25,2541,
2024,2i5w-ykuw,Lime,29,26,3876,
2024,2i5w-ykuw,Lime,29,27,4954,
2024,2i5w-ykuw,Lime,29,28,2679,
2024,2i5w-ykuw,Lime,29,29,52819,
2024,2i5w-ykuw,Lime,29,30,7755,
2024,2i5w-ykuw,Lime,29,31,597,
2024,2i5w-ykuw,Lime,29,32,97,
2024,2i5w-ykuw,Lime,29,33,81,
2024,2i5w-ykuw,Lime,29,34,12,
2024,2i5w-ykuw,Lime,29,35,24,
2024,2i5w-ykuw,Lime,29,36,1,
2024,2i5w-ykuw,Lime,29,37,15,
2024,2i5w-ykuw,Lime,29,38,83,
2024,2i5w-ykuw,Lime,29,39,5,
2024,2i5w-ykuw,Lime,29,40,19,
2024,2i5w-ykuw,Lime,29,41,4,
2024,2i5w-ykuw,Lime,29,43,1,
2024,2i5w-ykuw,Lime,29,56,56,
2024,2i5w-ykuw,Lime,29,57,89,
2024,2i5w-ykuw,Lime,29,58,177,
2024,2i5w-ykuw,Lime,29,59,94,
2024,2i5w-ykuw,Lime,29,60,34,
2024,2i5w-ykuw,Lime,29,61,50,
2024,2i5w-ykuw,Lime,29,62,31,
2024,2i5w-ykuw,Lime,29,63,53,
2024,2i5w-ykuw,Lime,29,64,5,
2024,2i5w-ykuw,Lime,29,65,11,
2024,2i5w-ykuw,Lime,29,66,32,
2024,2i5w-ykuw,Lime,29,67,13,
2024,2i5w-ykuw,Lime,29,68,8,
2024,2i5w-ykuw,Lime,29,69,6,
2024,2i5w-ykuw,Lime,29,70,8,
2024,2i5w-ykuw,Lime,29,71,3,
2024,2i5w-ykuw,Lime,29,73,2,
2024,2i5w-ykuw,Lime,29,77,4,
2024,2i5w-ykuw,Lime,30,,203,
2024,2i5w-ykuw,Lime,30,2,8,
2024,2i5w-ykuw,Lime,30,3,3,
2024,2i5w-ykuw,Lime,30,5,4,
2024,2i5w-ykuw,Lime,30,6,14,
2024,2i5w-ykuw,Lime,30,7,53,
2024,2i5w-ykuw,Lime,30,8,78,
2024,2i5w-ykuw,Lime,30,9,1,
2024,2i5w-ykuw,Lime,30,14,1,
2024,2i5w-ykuw,Lime,30,15,2,
2024,2i5w-ykuw,Lime,30,16,10,
2024,2i5w-ykuw,Lime,30,17,1,
2024,2i5w-ykuw,Lime,30,18,7,
2024,2i5w-ykuw,Lime,30,19,20,
2024,2i5w-ykuw,Lime,30,20,10,
2024,2i5w-ykuw,Lime,30,21,9,
2024,2i5w-ykuw,Lime,30,22,76,
2024,2i5w-ykuw,Lime,30,23,187,
2024,2i5w-ykuw,Lime,30,24,267,
2024,2i5w-ykuw,Lime,30,25,283,
2024,2i5w-ykuw,Lime,30,26,246,
2024,2i5w-ykuw,Lime,30,27,468,
2024,2i5w-ykuw,Lime,30,28,1148,
2024,2i5w-ykuw,Lime,30,29,7899,
2024,2i5w-ykuw,Lime,30,30,57564,
2024,2i5w-ykuw,Lime,30,31,3521,
2024,2i5w-ykuw,Lime,30,32,89,
2024,2i5w-ykuw,Lime,30,33,87,
2024,2i5w-ykuw,Lime,30,34,111,
2024,2i5w-ykuw,Lime,30,35,28,
2024,2i5w-ykuw,Lime,30,36,1,
2024,2i5w-ykuw,Lime,30,37,6,
2024,2i5w-ykuw,Lime,30,38,30,
2024,2i5w-ykuw,Lime,30,39,1,
2024,2i5w-ykuw,Lime,30,40,2,
2024,2i5w-ykuw,Lime,30,41,5,
2024,2i5w-ykuw,Lime,30,42,2,
2024,2i5w-ykuw,Lime,30,43,2,
2024,2i5w-ykuw,Lime,30,44,3,
2024,2i5w-ykuw,Lime,30,51,1,
2024,2i5w-ykuw,Lime,30,56,45,
2024,2i5w-ykuw,Lime,30,57,931,
2024,2i5w-ykuw,Lime,30,58,1546,
2024,2i5w-ykuw,Lime,30,59,311,
2024,2i5w-ykuw,Lime,30,60,84,
2024,2i5w-ykuw,Lime,30,61,335,
2024,2i5w-ykuw,Lime,30,62,169,
2024,2i5w-ykuw,Lime,30,63,325,
2024,2i5w-ykuw,Lime,30,64,22,
2024,2i5w-ykuw,Lime,30,65,62,
2024,2i5w-ykuw,Lime,30,66,195,
2024,2i5w-ykuw,Lime,30,67,36,
2024,2i5w-ykuw,Lime,30,68,38,
2024,2i5w-ykuw,Lime,30,69,5,
2024,2i5w-ykuw,Lime,30,70,57,
2024,2i5w-ykuw,Lime,30,71,10,
2024,2i5w-ykuw,Lime,31,,1,
2024,2i5w-ykuw,Lime,31,1,4,
2024,2i5w-ykuw,Lime,31,3,2,
2024,2i5w-ykuw,Lime,31,4,2,
2024,2i5w-ykuw,Lime,31,5,9,
2024,2i5w-ykuw,Lime,31,6,64,
2024,2i5w-ykuw,Lime,31,7,42,
2024,2i5w-ykuw,Lime,31,8,155,
2024,2i5w-ykuw,Lime,31,13,2,
2024,2i5w-ykuw,Lime,31,14,2,
2024,2i5w-ykuw,Lime,31,15,3,
2024,2i5w-ykuw,Lime,31,16,6,
2024,2i5w-ykuw,Lime,31,19,10,
2024,2i5w-ykuw,Lime,31,20,5,
2024,2i5w-ykuw,Lime,31,21,44,
2024,2i5w-ykuw,Lime,31,22,86,
2024,2i5w-ykuw,Lime,31,23,47,
2024,2i5w-ykuw,Lime,31,24,441,
2024,2i5w-ykuw,Lime,31,25,40,
2024,2i5w-ykuw,Lime,31,26,17,
2024,2i5w-ykuw,Lime,31,27,165,
2024,2i5w-ykuw,Lime,31,28,2432,
2024,2i5w-ykuw,Lime,31,29,550,
2024,2i5w-ykuw,Lime,31,30,3348,
2024,2i5w-ykuw,Lime,31,31,10620,
2024,2i5w-ykuw,Lime,31,32,270,
2024,2i5w-ykuw,Lime,31,33,384,
2024,2i5w-ykuw,Lime,31,34,398,
2024,2i5w-ykuw,Lime,31,35,27,
2024,2i5w-ykuw,Lime,31,36,2,
2024,2i5w-ykuw,Lime,31,37,10,
2024,2i5w-ykuw,Lime,31,38,15,
2024,2i5w-ykuw,Lime,31,39,4,
2024,2i5w-ykuw,Lime,31,40,2,
2024,2i5w-ykuw,Lime,31,41,9,
2024,2i5w-ykuw,Lime,31,42,3,
2024,2i5w-ykuw,Lime,31,43,2,
2024,2i5w-ykuw,Lime,31,44,6,
2024,2i5w-ykuw,Lime,31,48,1,
2024,2i5w-ykuw,Lime,31,49,1,
2024,2i5w-ykuw,Lime,31,56,6,
2024,2i5w-ykuw,Lime,31,57,16,
2024,2i5w-ykuw,Lime,31,58,354,
2024,2i5w-ykuw,Lime,31,59,809,
2024,2i5w-ykuw,Lime,31,60,783,
2024,2i5w-ykuw,Lime,31,61,455,
2024,2i5w-ykuw,Lime,31,62,15,
2024,2i5w-ykuw,Lime,31,63,113,
2024,2i5w-ykuw,Lime,31,64,2,
2024,2i5w-ykuw,Lime,31,65,20,
2024,2i5w-ykuw,Lime,31,66,88,
2024,2i5w-ykuw,Lime,31,67,70,
2024,2i5w-ykuw,Lime,31,68,26,
2024,2i5w-ykuw,Lime,31,69,18,
2024,2i5w-ykuw,Lime,31,70,7,
2024,2i5w-ykuw,Lime,31,71,14,
2024,2i5w-ykuw,Lime,31,73,3,
2024,2i5w-ykuw,Lime,31,75,1,
2024,2i5w-ykuw,Lime,31,77,2,
2024,2i5w-ykuw,Lime,32,,3,
2024,2i5w-ykuw,Lime,32,1,2,
2024,2i5w-ykuw,Lime,32,2,3,
2024,2i5w-ykuw,Lime,32,3,48,
2024,2i5w-ykuw,Lime,32,4,28,
2024,2i5w-ykuw,Lime,32,5,31,
2024,2i5w-ykuw,Lime,32,6,273,
2024,2i5w-ykuw,Lime,32,7,529,
2024,2i5w-ykuw,Lime,32,8,4708,
2024,2i5w-ykuw,Lime,32,11,1,
2024,2i5w-ykuw,Lime,32,14,3,
2024,2i5w-ykuw,Lime,32,15,3,
2024,2i5w-ykuw,Lime,32,16,7,
2024,2i5w-ykuw,Lime,32,17,1,
2024,2i5w-ykuw,Lime,32,19,19,
2024,2i5w-ykuw,Lime,32,20,4,
2024,2i5w-ykuw,Lime,32,21,20,
2024,2i5w-ykuw,Lime,32,22,121,
2024,2i5w-ykuw,Lime,32,23,64,
2024,2i5w-ykuw,Lime,32,24,708,
2024,2i5w-ykuw,Lime,32,25,36,
2024,2i5w-ykuw,Lime,32,26,25,
2024,2i5w-ykuw,Lime,32,27,41,
2024,2i5w-ykuw,Lime,32,28,3159,
2024,2i5w-ykuw,Lime,32,29,63,
2024,2i5w-ykuw,Lime,32,30,52,
2024,2i5w-ykuw,Lime,32,31,188,
2024,2i5w-ykuw,Lime,32,32,19860,
2024,2i5w-ykuw,Lime,32,33,1293,
2024,2i5w-ykuw,Lime,32,34,197,
2024,2i5w-ykuw,Lime,32,35,113,
2024,2i5w-ykuw,Lime,32,36,9,
2024,2i5w-ykuw,Lime,32,37,4,
2024,2i5w-ykuw,Lime,32,38,54,
2024,2i5w-ykuw,Lime,32,39,13,
2024,2i5w-ykuw,Lime,32,40,18,
2024,2i5w-ykuw,Lime,32,41,10,
2024,2i5w-ykuw,Lime,32,42,11,
2024,2i5w-ykuw,Lime,32,43,9,
2024,2i5w-ykuw,Lime,32,44,5,
2024,2i5w-ykuw,Lime,32,45,4,
2024,2i5w-ykuw,Lime,32,46,4,
2024,2i5w-ykuw,Lime,32,48,2,
2024,2i5w-ykuw,Lime,32,49,1,
2024,2i5w-ykuw,Lime,32,57,4,
2024,2i5w-ykuw,Lime,32,58,25,
2024,2i5w-ykuw,Lime,32,59,22,
2024,2i5w-ykuw,Lime,32,60,102,
2024,2i5w-ykuw,Lime,32,61,24,
2024,2i5w-ykuw,Lime,32,62,3,
2024,2i5w-ykuw,Lime,32,63,5,
2024,2i5w-ykuw,Lime,32,66,9,
2024,2i5w-ykuw,Lime,32,67,10,
2024,2i5w-ykuw,Lime,32,68,8,
2024,2i5w-ykuw,Lime,32,69,14,
2024,2i5w-ykuw,Lime,32,70,2,
2024,2i5w-ykuw,Lime,32,71,4,
2024,2i5w-ykuw,Lime,32,73,2,
2024,2i5w-ykuw,Lime,32,75,1,
2024,2i5w-ykuw,Lime,32,77,12,
2024,2i5w-ykuw,Lime,33,,2,
2024,2i5w-ykuw,Lime,33,3,2,
2024,2i5w-ykuw,Lime,33,4,1,
2024,2i5w-ykuw,Lime,33,5,3,
2024,2i5w-ykuw,Lime,33,6,17,
2024,2i5w-ykuw,Lime,33,7,20,
2024,2i5w-ykuw,Lime,33,8,222,
2024,2i5w-ykuw,Lime,33,15,1,
2024,2i5w-ykuw,Lime,33,17,1,
2024,2i5w-ykuw,Lime,33,20,1,
2024,2i5w-ykuw,Lime,33,21,5,
2024,2i5w-ykuw,Lime,33,22,15,
2024,2i5w-ykuw,Lime,33,23,11,
2024,2i5w-ykuw,Lime,33,24,67,
2024,2i5w-ykuw,Lime,33,25,7,
2024,2i5w-ykuw,Lime,33,26,2,
2024,2i5w-ykuw,Lime,33,27,19,
2024,2i5w-ykuw,Lime,33,28,637,
2024,2i5w-ykuw,Lime,33,29,67,
2024,2i5w-ykuw,Lime,33,30,56,
2024,2i5w-ykuw,Lime,33,31,299,
2024,2i5w-ykuw,Lime,33,32,1845,
2024,2i5w-ykuw,Lime,33,33,3684,
2024,2i5w-ykuw,Lime,33,34,606,
2024,2i5w-ykuw,Lime,33,35,335,
2024,2i5w-ykuw,Lime,33,36,37,
2024,2i5w-ykuw,Lime,33,37,8,
2024,2i5w-ykuw,Lime,33,38,76,
2024,2i5w-ykuw,Lime,33,39,11,
2024,2i5w-ykuw,Lime,33,40,13,
2024,2i5w-ykuw,Lime,33,41,33,
2024,2i5w-ykuw,Lime,33,42,14,
2024,2i5w-ykuw,Lime,33,43,13,
2024,2i5w-ykuw,Lime,33,44,7,
2024,2i5w-ykuw,Lime,33,45,2,
2024,2i5w-ykuw,Lime,33,46,2,
2024,2i5w-ykuw,Lime,33,47,1,
2024,2i5w-ykuw,Lime,33,48,4,
2024,2i5w-ykuw,Lime,33,49,2,
2024,2i5w-ykuw,Lime,33,50,3,
2024,2i5w-ykuw,Lime,33,57,2,
2024,2i5w-ykuw,Lime,33,58,11,
2024,2i5w-ykuw,Lime,33,59,24,
2024,2i5w-ykuw,Lime,33,60,206,
2024,2i5w-ykuw,Lime,33,61,37,
2024,2i5w-ykuw,Lime,33,62,10,
2024,2i5w-ykuw,Lime,33,63,3,
2024,2i5w-ykuw,Lime,33,65,1,
2024,2i5w-ykuw,Lime,33,66,15,
2024,2i5w-ykuw,Lime,33,67,9,
2024,2i5w-ykuw,Lime,33,68,14,
2024,2i5w-ykuw,Lime,33,69,17,
2024,2i5w-ykuw,Lime,33,71,1,
2024,2i5w-ykuw,Lime,33,73,2,
2024,2i5w-ykuw,Lime,33,77,3,
2024,2i5w-ykuw,Lime,34,3,2,
2024,2i5w-ykuw,Lime,34,5,1,
2024,2i5w-ykuw,Lime,34,6,7,
2024,2i5w-ykuw,Lime,34,7,3,
2024,2i5w-ykuw,Lime,34,8,77,
2024,2i5w-ykuw,Lime,34,10,2,
2024,2i5w-ykuw,Lime,34,18,1,
2024,2i5w-ykuw,Lime,34,19,5,
2024,2i5w-ykuw,Lime,34,20,2,
2024,2i5w-ykuw,Lime,34,22,6,
2024,2i5w-ykuw,Lime,34,23,2,
2024,2i5w-ykuw,Lime,34,24,48,
2024,2i5w-ykuw,Lime,34,25,3,
2024,2i5w-ykuw,Lime,34,27,8,
2024,2i5w-ykuw,Lime,34,28,253,
2024,2i5w-ykuw,Lime,34,29,14,
2024,2i5w-ykuw,Lime,34,30,93,
2024,2i5w-ykuw,Lime,34,31,433,
2024,2i5w-ykuw,Lime,34,32,253,
2024,2i5w-ykuw,Lime,34,33,673,
2024,2i5w-ykuw,Lime,34,34,2031,
2024,2i5w-ykuw,Lime,34,35,693,
2024,2i5w-ykuw,Lime,34,36,40,
2024,2i5w-ykuw,Lime,34,37,87,
2024,2i5w-ykuw,Lime,34,38,152,
2024,2i5w-ykuw,Lime,34,39,17,
2024,2i5w-ykuw,Lime,34,40,16,
2024,2i5w-ykuw,Lime,34,41,8,
2024,2i5w-ykuw,Lime,34,42,9,
2024,2i5w-ykuw,Lime,34,43,2,
2024,2i5w-ykuw,Lime,34,44,9,
2024,2i5w-ykuw,Lime,34,45,1,
2024,2i5w-ykuw,Lime,34,47,1,
2024,2i5w-ykuw,Lime,34,48,1,
2024,2i5w-ykuw,Lime,34,49,1,
2024,2i5w-ykuw,Lime,34,51,2,
2024,2i5w-ykuw,Lime,34,52,1,
2024,2i5w-ykuw,Lime,34,55,1,
2024,2i5w-ykuw,Lime,34,56,12,
2024,2i5w-ykuw,Lime,34,57,3,
2024,2i5w-ykuw,Lime,34,58,49,
2024,2i5w-ykuw,Lime,34,59,200,
2024,2i5w-ykuw,Lime,34,60,1225,
2024,2i5w-ykuw,Lime,34,61,146,
2024,2i5w-ykuw,Lime,34,62,4,
2024,2i5w-ykuw,Lime,34,63,30,
2024,2i5w-ykuw,Lime,34,65,1,
2024,2i5w-ykuw,Lime,34,66,7,
2024,2i5w-ykuw,Lime,34,67,19,
2024,2i5w-ykuw,Lime,34,68,43,
2024,2i5w-ykuw,Lime,34,69,12,
2024,2i5w-ykuw,Lime,34,71,4,
2024,2i5w-ykuw,Lime,34,73,1,
2024,2i5w-ykuw,Lime,35,,5,
2024,2i5w-ykuw,Lime,35,1,3,
2024,2i5w-ykuw,Lime,35,3,2,
2024,2i5w-ykuw,Lime,35,6,1,
2024,2i5w-ykuw,Lime,35,7,1,
2024,2i5w-ykuw,Lime,35,8,91,
2024,2i5w-ykuw,Lime,35,19,2,
2024,2i5w-ykuw,Lime,35,21,1,
2024,2i5w-ykuw,Lime,35,23,4,
2024,2i5w-ykuw,Lime,35,24,21,
2024,2i5w-ykuw,Lime,35,25,4,
2024,2i5w-ykuw,Lime,35,26,1,
2024,2i5w-ykuw,Lime,35,27,4,
2024,2i5w-ykuw,Lime,35,28,70,
2024,2i5w-ykuw,Lime,35,29,17,
2024,2i5w-ykuw,Lime,35,30,8,
2024,2i5w-ykuw,Lime,35,31,21,
2024,2i5w-ykuw,Lime,35,32,192,
2024,2i5w-ykuw,Lime,35,33,451,
2024,2i5w-ykuw,Lime,35,34,588,
2024,2i5w-ykuw,Lime,35,35,6020,
2024,2i5w-ykuw,Lime,35,36,673,
2024,2i5w-ykuw,Lime,35,37,119,
2024,2i5w-ykuw,Lime,35,38,1463,
2024,2i5w-ykuw,Lime,35,39,194,
2024,2i5w-ykuw,Lime,35,40,124,
2024,2i5w-ykuw,Lime,35,41,87,
2024,2i5w-ykuw,Lime,35,42,64,
2024,2i5w-ykuw,Lime,35,43,22,
2024,2i5w-ykuw,Lime,35,44,15,
2024,2i5w-ykuw,Lime,35,45,2,
2024,2i5w-ykuw,Lime,35,46,6,
2024,2i5w-ykuw,Lime,35,49,2,
2024,2i5w-ykuw,Lime,35,52,1,
2024,2i5w-ykuw,Lime,35,56,2,
2024,2i5w-ykuw,Lime,35,57,2,
2024,2i5w-ykuw,Lime,35,58,9,
2024,2i5w-ykuw,Lime,35,59,65,
2024,2i5w-ykuw,Lime,35,60,286,
2024,2i5w-ykuw,Lime,35,61,69,
2024,2i5w-ykuw,Lime,35,62,1,
2024,2i5w-ykuw,Lime,35,63,4,
2024,2i5w-ykuw,Lime,35,66,6,
2024,2i5w-ykuw,Lime,35,67,21,
2024,2i5w-ykuw,Lime,35,68,33,
2024,2i5w-ykuw,Lime,35,69,71,
2024,2i5w-ykuw,Lime,35,70,1,
2024,2i5w-ykuw,Lime,35,71,6,
2024,2i5w-ykuw,Lime,35,72,1,
2024,2i5w-ykuw,Lime,35,73,3,
2024,2i5w-ykuw,Lime,36,7,2,
2024,2i5w-ykuw,Lime,36,8,11,
2024,2i5w-ykuw,Lime,36,15,1,
2024,2i5w-ykuw,Lime,36,24,5,
2024,2i5w-ykuw,Lime,36,25,2,
2024,2i5w-ykuw,Lime,36,27,1,
2024,2i5w-ykuw,Lime,36,28,16,
2024,2i5w-ykuw,Lime,36,29,1,
2024,2i5w-ykuw,Lime,36,30,1,
2024,2i5w-ykuw,Lime,36,31,2,
2024,2i5w-ykuw,Lime,36,32,26,
2024,2i5w-ykuw,Lime,36,33,27,
2024,2i5w-ykuw,Lime,36,34,62,
2024,2i5w-ykuw,Lime,36,35,691,
2024,2i5w-ykuw,Lime,36,36,1492,
2024,2i5w-ykuw,Lime,36,37,25,
2024,2i5w-ykuw,Lime,36,38,714,
2024,2i5w-ykuw,Lime,36,39,506,
2024,2i5w-ykuw,Lime,36,40,41,
2024,2i5w-ykuw,Lime,36,41,170,
2024,2i5w-ykuw,Lime,36,42,42,
2024,2i5w-ykuw,Lime,36,43,18,
2024,2i5w-ykuw,Lime,36,44,8,
2024,2i5w-ykuw,Lime,36,45,5,
2024,2i5w-ykuw,Lime,36,46,4,
2024,2i5w-ykuw,Lime,36,48,1,
2024,2i5w-ykuw,Lime,36,51,1,
2024,2i5w-ykuw,Lime,36,59,11,
2024,2i5w-ykuw,Lime,36,60,23,
2024,2i5w-ykuw,Lime,36,61,12,
2024,2i5w-ykuw,Lime,36,63,3,
2024,2i5w-ykuw,Lime,36,66,4,
2024,2i5w-ykuw,Lime,36,67,5,
2024,2i5w-ykuw,Lime,36,68,12,
2024,2i5w-ykuw,Lime,36,69,22,
2024,2i5w-ykuw,Lime,36,70,1,
2024,2i5w-ykuw,Lime,36,73,3,
2024,2i5w-ykuw,Lime,37,6,1,
2024,2i5w-ykuw,Lime,37,24,1,
2024,2i5w-ykuw,Lime,37,25,2,
2024,2i5w-ykuw,Lime,37,27,1,
2024,2i5w-ykuw,Lime,37,28,7,
2024,2i5w-ykuw,Lime,37,29,3,
2024,2i5w-ykuw,Lime,37,30,1,
2024,2i5w-ykuw,Lime,37,31,6,
2024,2i5w-ykuw,Lime,37,32,5,
2024,2i5w-ykuw,Lime,37,33,15,
2024,2i5w-ykuw,Lime,37,34,90,
2024,2i5w-ykuw,Lime,37,35,136,
2024,2i5w-ykuw,Lime,37,36,44,
2024,2i5w-ykuw,Lime,37,37,2112,
2024,2i5w-ykuw,Lime,37,38,801,
2024,2i5w-ykuw,Lime,37,39,254,
2024,2i5w-ykuw,Lime,37,40,1060,
2024,2i5w-ykuw,Lime,37,41,214,
2024,2i5w-ykuw,Lime,37,42,107,
2024,2i5w-ykuw,Lime,37,43,18,
2024,2i5w-ykuw,Lime,37,44,20,
2024,2i5w-ykuw,Lime,37,45,2,
2024,2i5w-ykuw,Lime,37,46,5,
2024,2i5w-ykuw,Lime,37,47,1,
2024,2i5w-ykuw,Lime,37,48,1,
2024,2i5w-ykuw,Lime,37,49,4,
2024,2i5w-ykuw,Lime,37,56,4,
2024,2i5w-ykuw,Lime,37,57,4,
2024,2i5w-ykuw,Lime,37,58,18,
2024,2i5w-ykuw,Lime,37,59,5,
2024,2i5w-ykuw,Lime,37,60,37,
2024,2i5w-ykuw,Lime,37,61,1491,
2024,2i5w-ykuw,Lime,37,62,3,
2024,2i5w-ykuw,Lime,37,63,61,
2024,2i5w-ykuw,Lime,37,65,7,
2024,2i5w-ykuw,Lime,37,66,18,
2024,2i5w-ykuw,Lime,37,67,225,
2024,2i5w-ykuw,Lime,37,68,664,
2024,2i5w-ykuw,Lime,37,69,70,
2024,2i5w-ykuw,Lime,37,71,15,
2024,2i5w-ykuw,Lime,37,73,4,
2024,2i5w-ykuw,Lime,38,,3,
2024,2i5w-ykuw,Lime,38,1,1,
2024,2i5w-ykuw,Lime,38,6,5,
2024,2i5w-ykuw,Lime,38,7,7,
2024,2i5w-ykuw,Lime,38,8,19,
2024,2i5w-ykuw,Lime,38,15,1,
2024,2i5w-ykuw,Lime,38,23,1,
2024,2i5w-ykuw,Lime,38,24,10,
2024,2i5w-ykuw,Lime,38,25,7,
2024,2i5w-ykuw,Lime,38,26,3,
2024,2i5w-ykuw,Lime,38,27,2,
2024,2i5w-ykuw,Lime,38,28,47,
2024,2i5w-ykuw,Lime,38,29,100,
2024,2i5w-ykuw,Lime,38,30,6,
2024,2i5w-ykuw,Lime,38,31,28,
2024,2i5w-ykuw,Lime,38,32,116,
2024,2i5w-ykuw,Lime,38,33,124,
2024,2i5w-ykuw,Lime,38,34,172,
2024,2i5w-ykuw,Lime,38,35,1497,
2024,2i5w-ykuw,Lime,38,36,864,
2024,2i5w-ykuw,Lime,38,37,830,
2024,2i5w-ykuw,Lime,38,38,13060,
2024,2i5w-ykuw,Lime,38,39,2431,
2024,2i5w-ykuw,Lime,38,40,1506,
2024,2i5w-ykuw,Lime,38,41,1257,
2024,2i5w-ykuw,Lime,38,42,420,
2024,2i5w-ykuw,Lime,38,43,96,
2024,2i5w-ykuw,Lime,38,44,88,
2024,2i5w-ykuw,Lime,38,45,21,
2024,2i5w-ykuw,Lime,38,46,5,
2024,2i5w-ykuw,Lime,38,47,6,
2024,2i5w-ykuw,Lime,38,48,6,
2024,2i5w-ykuw,Lime,38,49,15,
2024,2i5w-ykuw,Lime,38,50,1,
2024,2i5w-ykuw,Lime,38,51,2,
2024,2i5w-ykuw,Lime,38,53,2,
2024,2i5w-ykuw,Lime,38,54,1,
2024,2i5w-ykuw,Lime,38,56,10,
2024,2i5w-ykuw,Lime,38,57,15,
2024,2i5w-ykuw,Lime,38,58,17,
2024,2i5w-ykuw,Lime,38,59,42,
2024,2i5w-ykuw,Lime,38,60,120,
2024,2i5w-ykuw,Lime,38,61,266,
2024,2i5w-ykuw,Lime,38,63,113,
2024,2i5w-ykuw,Lime,38,64,1,
2024,2i5w-ykuw,Lime,38,66,15,
2024,2i5w-ykuw,Lime,38,67,45,
2024,2i5w-ykuw,Lime,38,68,258,
2024,2i5w-ykuw,Lime,38,69,246,
2024,2i5w-ykuw,Lime,38,70,3,
2024,2i5w-ykuw,Lime,38,71,31,
2024,2i5w-ykuw,Lime,38,72,8,
2024,2i5w-ykuw,Lime,38,73,7,
2024,2i5w-ykuw,Lime,38,75,1,
2024,2i5w-ykuw,Lime,39,,3,
2024,2i5w-ykuw,Lime,39,7,1,
2024,2i5w-ykuw,Lime,39,8,10,
2024,2i5w-ykuw,Lime,39,22,1,
2024,2i5w-ykuw,Lime,39,24,3,
2024,2i5w-ykuw,Lime,39,25,1,
2024,2i5w-ykuw,Lime,39,27,1,
2024,2i5w-ykuw,Lime,39,28,11,
2024,2i5w-ykuw,Lime,39,29,6,
2024,2i5w-ykuw,Lime,39,30,2,
2024,2i5w-ykuw,Lime,39,31,26,
2024,2i5w-ykuw,Lime,39,32,36,
2024,2i5w-ykuw,Lime,39,33,35,
2024,2i5w-ykuw,Lime,39,34,24,
2024,2i5w-ykuw,Lime,39,35,244,
2024,2i5w-ykuw,Lime,39,36,538,
2024,2i5w-ykuw,Lime,39,37,253,
2024,2i5w-ykuw,Lime,39,38,2142,
2024,2i5w-ykuw,Lime,39,39,5824,
2024,2i5w-ykuw,Lime,39,40,380,
2024,2i5w-ykuw,Lime,39,41,3253,
2024,2i5w-ykuw,Lime,39,42,494,
2024,2i5w-ykuw,Lime,39,43,137,
2024,2i5w-ykuw,Lime,39,44,40,
2024,2i5w-ykuw,Lime,39,45,60,
2024,2i5w-ykuw,Lime,39,46,11,
2024,2i5w-ykuw,Lime,39,47,6,
2024,2i5w-ykuw,Lime,39,48,11,
2024,2i5w-ykuw,Lime,39,49,7,
2024,2i5w-ykuw,Lime,39,50,1,
2024,2i5w-ykuw,Lime,39,51,2,
2024,2i5w-ykuw,Lime,39,57,3,
2024,2i5w-ykuw,Lime,39,58,7,
2024,2i5w-ykuw,Lime,39,59,24,
2024,2i5w-ykuw,Lime,39,60,10,
2024,2i5w-ykuw,Lime,39,61,85,
2024,2i5w-ykuw,Lime,39,63,5,
2024,2i5w-ykuw,Lime,39,66,5,
2024,2i5w-ykuw,Lime,39,67,18,
2024,2i5w-ykuw,Lime,39,68,89,
2024,2i5w-ykuw,Lime,39,69,144,
2024,2i5w-ykuw,Lime,39,70,1,
2024,2i5w-ykuw,Lime,39,71,27,
2024,2i5w-ykuw,Lime,40,,2,
2024,2i5w-ykuw,Lime,40,7,1,
2024,2i5w-ykuw,Lime,40,8,7,
2024,2i5w-ykuw,Lime,40,24,3,
2024,2i5w-ykuw,Lime,40,25,5,
2024,2i5w-ykuw,Lime,40,26,4,
2024,2i5w-ykuw,Lime,40,27,6,
2024,2i5w-ykuw,Lime,40,28,24,
2024,2i5w-ykuw,Lime,40,29,8,
2024,2i5w-ykuw,Lime,40,30,5,
2024,2i5w-ykuw,Lime,40,31,5,
2024,2i5w-ykuw,Lime,40,32,32,
2024,2i5w-ykuw,Lime,40,33,56,
2024,2i5w-ykuw,Lime,40,34,24,
2024,2i5w-ykuw,Lime,40,35,184,
2024,2i5w-ykuw,Lime,40,36,54,
2024,2i5w-ykuw,Lime,40,37,1134,
2024,2i5w-ykuw,Lime,40,38,1442,
2024,2i5w-ykuw,Lime,40,39,486,
2024,2i5w-ykuw,Lime,40,40,9834,
2024,2i5w-ykuw,Lime,40,41,1054,
2024,2i5w-ykuw,Lime,40,42,1893,
2024,2i5w-ykuw,Lime,40,43,292,
2024,2i5w-ykuw,Lime,40,44,234,
2024,2i5w-ykuw,Lime,40,45,24,
2024,2i5w-ykuw,Lime,40,46,69,
2024,2i5w-ykuw,Lime,40,47,1,
2024,2i5w-ykuw,Lime,40,48,28,
2024,2i5w-ykuw,Lime,40,49,27,
2024,2i5w-ykuw,Lime,40,50,4,
2024,2i5w-ykuw,Lime,40,51,5,
2024,2i5w-ykuw,Lime,40,52,2,
2024,2i5w-ykuw,Lime,40,53,4,
2024,2i5w-ykuw,Lime,40,54,1,
2024,2i5w-ykuw,Lime,40,56,1,
2024,2i5w-ykuw,Lime,40,57,1,
2024,2i5w-ykuw,Lime,40,58,6,
2024,2i5w-ykuw,Lime,40,59,13,
2024,2i5w-ykuw,Lime,40,60,6,
2024,2i5w-ykuw,Lime,40,61,124,
2024,2i5w-ykuw,Lime,40,62,1,
2024,2i5w-ykuw,Lime,40,63,96,
2024,2i5w-ykuw,Lime,40,64,1,
2024,2i5w-ykuw,Lime,40,65,2,
2024,2i5w-ykuw,Lime,40,66,31,
2024,2i5w-ykuw,Lime,40,67,130,
2024,2i5w-ykuw,Lime,40,68,1174,
2024,2i5w-ykuw,Lime,40,69,893,
2024,2i5w-ykuw,Lime,40,70,5,
2024,2i5w-ykuw,Lime,40,71,56,
2024,2i5w-ykuw,Lime,40,72,4,
2024,2i5w-ykuw,Lime,40,73,11,
2024,2i5w-ykuw,Lime,40,75,1,
2024,2i5w-ykuw,Lime,41,,1,
2024,2i5w-ykuw,Lime,41,3,1,
2024,2i5w-ykuw,Lime,41,6,1,
2024,2i5w-ykuw,Lime,41,7,1,
2024,2i5w-ykuw,Lime,41,8,9,
2024,2i5w-ykuw,Lime,41,21,1,
2024,2i5w-ykuw,Lime,41,24,6,
2024,2i5w-ykuw,Lime,41,28,13,
2024,2i5w-ykuw,Lime,41,29,1,
2024,2i5w-ykuw,Lime,41,30,2,
2024,2i5w-ykuw,Lime,41,31,13,
2024,2i5w-ykuw,Lime,41,32,50,
2024,2i5w-ykuw,Lime,41,33,65,
2024,2i5w-ykuw,Lime,41,34,8,
2024,2i5w-ykuw,Lime,41,35,130,
2024,2i5w-ykuw,Lime,41,36,212,
2024,2i5w-ykuw,Lime,41,37,215,
2024,2i5w-ykuw,Lime,41,38,1236,
2024,2i5w-ykuw,Lime,41,39,3364,
2024,2i5w-ykuw,Lime,41,40,1268,
2024,2i5w-ykuw,Lime,41,41,35815,
2024,2i5w-ykuw,Lime,41,42,4912,
2024,2i5w-ykuw,Lime,41,43,699,
2024,2i5w-ykuw,Lime,41,44,248,
2024,2i5w-ykuw,Lime,41,45,57,
2024,2i5w-ykuw,Lime,41,46,105,
2024,2i5w-ykuw,Lime,41,47,1,
2024,2i5w-ykuw,Lime,41,48,18,
2024,2i5w-ykuw,Lime,41,49,10,
2024,2i5w-ykuw,Lime,41,50,5,
2024,2i5w-ykuw,Lime,41,51,8,
2024,2i5w-ykuw,Lime,41,52,2,
2024,2i5w-ykuw,Lime,41,53,1,
2024,2i5w-ykuw,Lime,41,56,1,
2024,2i5w-ykuw,Lime,41,58,5,
2024,2i5w-ykuw,Lime,41,59,5,
2024,2i5w-ykuw,Lime,41,60,9,
2024,2i5w-ykuw,Lime,41,61,116,
2024,2i5w-ykuw,Lime,41,62,1,
2024,2i5w-ykuw,Lime,41,63,11,
2024,2i5w-ykuw,Lime,41,66,25,
2024,2i5w-ykuw,Lime,41,67,65,
2024,2i5w-ykuw,Lime,41,68,271,
2024,2i5w-ykuw,Lime,41,69,222,
2024,2i5w-ykuw,Lime,41,70,8,
2024,2i5w-ykuw,Lime,41,71,28,
2024,2i5w-ykuw,Lime,41,72,2,
2024,2i5w-ykuw,Lime,41,73,6,
2024,2i5w-ykuw,Lime,41,75,1,
2024,2i5w-ykuw,Lime,42,,5,
2024,2i5w-ykuw,Lime,42,8,2,
2024,2i5w-ykuw,Lime,42,19,1,
2024,2i5w-ykuw,Lime,42,25,2,
2024,2i5w-ykuw,Lime,42,28,7,
2024,2i5w-ykuw,Lime,42,29,2,
2024,2i5w-ykuw,Lime,42,30,4,
2024,2i5w-ykuw,Lime,42,31,3,
2024,2i5w-ykuw,Lime,42,32,12,
2024,2i5w-ykuw,Lime,42,33,10,
2024,2i5w-ykuw,Lime,42,34,20,
2024,2i5w-ykuw,Lime,42,35,84,
2024,2i5w-ykuw,Lime,42,36,46,
2024,2i5w-ykuw,Lime,42,37,80,
2024,2i5w-ykuw,Lime,42,38,406,
2024,2i5w-ykuw,Lime,42,39,383,
2024,2i5w-ykuw,Lime,42,40,1796,
2024,2i5w-ykuw,Lime,42,41,5055,
2024,2i5w-ykuw,Lime,42,42,15494,
2024,2i5w-ykuw,Lime,42,43,2866,
2024,2i5w-ykuw,Lime,42,44,450,
2024,2i5w-ykuw,Lime,42,45,144,
2024,2i5w-ykuw,Lime,42,46,212,
2024,2i5w-ykuw,Lime,42,47,35,
2024,2i5w-ykuw,Lime,42,48,41,
2024,2i5w-ykuw,Lime,42,49,54,
2024,2i5w-ykuw,Lime,42,50,26,
2024,2i5w-ykuw,Lime,42,51,20,
2024,2i5w-ykuw,Lime,42,52,7,
2024,2i5w-ykuw,Lime,42,53,2,
2024,2i5w-ykuw,Lime,42,54,2,
2024,2i5w-ykuw,Lime,42,57,1,
2024,2i5w-ykuw,Lime,42,58,3,
2024,2i5w-ykuw,Lime,42,59,1,
2024,2i5w-ykuw,Lime,42,60,3,
2024,2i5w-ykuw,Lime,42,61,99,
2024,2i5w-ykuw,Lime,42,63,36,
2024,2i5w-ykuw,Lime,42,64,1,
2024,2i5w-ykuw,Lime,42,65,8,
2024,2i5w-ykuw,Lime,42,66,45,
2024,2i5w-ykuw,Lime,42,67,113,
2024,2i5w-ykuw,Lime,42,68,862,
2024,2i5w-ykuw,Lime,42,69,1800,
2024,2i5w-ykuw,Lime,42,70,11,
2024,2i5w-ykuw,Lime,42,71,123,
2024,2i5w-ykuw,Lime,42,72,17,
2024,2i5w-ykuw,Lime,42,73,10,
2024,2i5w-ykuw,Lime,42,75,1,
2024,2i5w-ykuw,Lime,43,,13,
2024,2i5w-ykuw,Lime,43,7,2,
2024,2i5w-ykuw,Lime,43,8,4,
2024,2i5w-ykuw,Lime,43,19,1,
2024,2i5w-ykuw,Lime,43,23,2,
2024,2i5w-ykuw,Lime,43,24,2,
2024,2i5w-ykuw,Lime,43,25,1,
2024,2i5w-ykuw,Lime,43,28,13,
2024,2i5w-ykuw,Lime,43,29,1,
2024,2i5w-ykuw,Lime,43,30,2,
2024,2i5w-ykuw,Lime,43,31,3,
2024,2i5w-ykuw,Lime,43,32,10,
2024,2i5w-ykuw,Lime,43,33,19,
2024,2i5w-ykuw,Lime,43,34,3,
2024,2i5w-ykuw,Lime,43,35,43,
2024,2i5w-ykuw,Lime,43,36,33,
2024,2i5w-ykuw,Lime,43,37,13,
2024,2i5w-ykuw,Lime,43,38,83,
2024,2i5w-ykuw,Lime,43,39,157,
2024,2i5w-ykuw,Lime,43,40,228,
2024,2i5w-ykuw,Lime,43,41,744,
2024,2i5w-ykuw,Lime,43,42,3088,
2024,2i5w-ykuw,Lime,43,43,46507,
2024,2i5w-ykuw,Lime,43,44,1125,
2024,2i5w-ykuw,Lime,43,45,1282,
2024,2i5w-ykuw,Lime,43,46,3658,
2024,2i5w-ykuw,Lime,43,47,130,
2024,2i5w-ykuw,Lime,43,48,382,
2024,2i5w-ykuw,Lime,43,49,189,
2024,2i5w-ykuw,Lime,43,50,264,
2024,2i5w-ykuw,Lime,43,51,272,
2024,2i5w-ykuw,Lime,43,52,38,
2024,2i5w-ykuw,Lime,43,53,13,
2024,2i5w-ykuw,Lime,43,54,5,
2024,2i5w-ykuw,Lime,43,55,3,
2024,2i5w-ykuw,Lime,43,57,1,
2024,2i5w-ykuw,Lime,43,58,3,
2024,2i5w-ykuw,Lime,43,59,3,
2024,2i5w-ykuw,Lime,43,60,4,
2024,2i5w-ykuw,Lime,43,61,57,
2024,2i5w-ykuw,Lime,43,63,14,
2024,2i5w-ykuw,Lime,43,65,4,
2024,2i5w-ykuw,Lime,43,66,57,
2024,2i5w-ykuw,Lime,43,67,83,
2024,2i5w-ykuw,Lime,43,68,192,
2024,2i5w-ykuw,Lime,43,69,3090,
2024,2i5w-ykuw,Lime,43,70,20,
2024,2i5w-ykuw,Lime,43,71,198,
2024,2i5w-ykuw,Lime,43,72,33,
2024,2i5w-ykuw,Lime,43,73,74,
2024,2i5w-ykuw,Lime,43,74,5,
2024,2i5w-ykuw,Lime,43,75,9,
2024,2i5w-ykuw,Lime,44,,23,
2024,2i5w-ykuw,Lime,44,6,1,
2024,2i5w-ykuw,Lime,44,8,3,
2024,2i5w-ykuw,Lime,44,14,1,
2024,2i5w-ykuw,Lime,44,22,1,
2024,2i5w-ykuw,Lime,44,26,1,
2024,2i5w-ykuw,Lime,44,27,2,
2024,2i5w-ykuw,Lime,44,28,13,
2024,2i5w-ykuw,Lime,44,29,2,
2024,2i5w-ykuw,Lime,44,30,2,
2024,2i5w-ykuw,Lime,44,31,9,
2024,2i5w-ykuw,Lime,44,32,11,
2024,2i5w-ykuw,Lime,44,33,14,
2024,2i5w-ykuw,Lime,44,34,6,
2024,2i5w-ykuw,Lime,44,35,31,
2024,2i5w-ykuw,Lime,44,36,9,
2024,2i5w-ykuw,Lime,44,37,22,
2024,2i5w-ykuw,Lime,44,38,128,
2024,2i5w-ykuw,Lime,44,39,41,
2024,2i5w-ykuw,Lime,44,40,306,
2024,2i5w-ykuw,Lime,44,41,275,
2024,2i5w-ykuw,Lime,44,42,579,
2024,2i5w-ykuw,Lime,44,43,1504,
2024,2i5w-ykuw,Lime,44,44,39820,
2024,2i5w-ykuw,Lime,44,45,1825,
2024,2i5w-ykuw,Lime,44,46,726,
2024,2i5w-ykuw,Lime,44,47,579,
2024,2i5w-ykuw,Lime,44,48,722,
2024,2i5w-ykuw,Lime,44,49,3235,
2024,2i5w-ykuw,Lime,44,50,508,
2024,2i5w-ykuw,Lime,44,51,345,
2024,2i5w-ykuw,Lime,44,52,13,
2024,2i5w-ykuw,Lime,44,53,105,
2024,2i5w-ykuw,Lime,44,54,12,
2024,2i5w-ykuw,Lime,44,56,5,
2024,2i5w-ykuw,Lime,44,58,4,
2024,2i5w-ykuw,Lime,44,59,3,
2024,2i5w-ykuw,Lime,44,60,9,
2024,2i5w-ykuw,Lime,44,61,32,
2024,2i5w-ykuw,Lime,44,63,26,
2024,2i5w-ykuw,Lime,44,64,1,
2024,2i5w-ykuw,Lime,44,65,25,
2024,2i5w-ykuw,Lime,44,66,136,
2024,2i5w-ykuw,Lime,44,67,273,
2024,2i5w-ykuw,Lime,44,68,782,
2024,2i5w-ykuw,Lime,44,69,6807,
2024,2i5w-ykuw,Lime,44,70,101,
2024,2i5w-ykuw,Lime,44,71,4211,
2024,2i5w-ykuw,Lime,44,72,177,
2024,2i5w-ykuw,Lime,44,73,735,
2024,2i5w-ykuw,Lime,44,74,4,
2024,2i5w-ykuw,Lime,44,75,107,
2024,2i5w-ykuw,Lime,45,,3,
2024,2i5w-ykuw,Lime,45,8,1,
2024,2i5w-ykuw,Lime,45,24,1,
2024,2i5w-ykuw,Lime,45,30,5,
2024,2i5w-ykuw,Lime,45,32,5,
2024,2i5w-ykuw,Lime,45,33,2,
2024,2i5w-ykuw,Lime,45,34,1,
2024,2i5w-ykuw,Lime,45,35,2,
2024,2i5w-ykuw,Lime,45,36,14,
2024,2i5w-ykuw,Lime,45,37,3,
2024,2i5w-ykuw,Lime,45,38,16,
2024,2i5w-ykuw,Lime,45,39,29,
2024,2i5w-ykuw,Lime,45,40,11,
2024,2i5w-ykuw,Lime,45,41,57,
2024,2i5w-ykuw,Lime,45,42,148,
2024,2i5w-ykuw,Lime,45,43,1279,
2024,2i5w-ykuw,Lime,45,44,1621,
2024,2i5w-ykuw,Lime,45,45,4939,
2024,2i5w-ykuw,Lime,45,46,748,
2024,2i5w-ykuw,Lime,45,47,85,
2024,2i5w-ykuw,Lime,45,48,890,
2024,2i5w-ykuw,Lime,45,49,70,
2024,2i5w-ykuw,Lime,45,50,142,
2024,2i5w-ykuw,Lime,45,51,168,
2024,2i5w-ykuw,Lime,45,52,13,
2024,2i5w-ykuw,Lime,45,53,8,
2024,2i5w-ykuw,Lime,45,54,1,
2024,2i5w-ykuw,Lime,45,55,2,
2024,2i5w-ykuw,Lime,45,61,4,
2024,2i5w-ykuw,Lime,45,63,2,
2024,2i5w-ykuw,Lime,45,66,8,
2024,2i5w-ykuw,Lime,45,67,25,
2024,2i5w-ykuw,Lime,45,68,31,
2024,2i5w-ykuw,Lime,45,69,643,
2024,2i5w-ykuw,Lime,45,70,2,
2024,2i5w-ykuw,Lime,45,71,70,
2024,2i5w-ykuw,Lime,45,72,6,
2024,2i5w-ykuw,Lime,45,73,15,
2024,2i5w-ykuw,Lime,45,75,1,
2024,2i5w-ykuw,Lime,46,,4,
2024,2i5w-ykuw,Lime,46,6,1,
2024,2i5w-ykuw,Lime,46,7,1,
2024,2i5w-ykuw,Lime,46,19,1,
2024,2i5w-ykuw,Lime,46,25,1,
2024,2i5w-ykuw,Lime,46,28,3,
2024,2i5w-ykuw,Lime,46,29,1,
2024,2i5w-ykuw,Lime,46,32,3,
2024,2i5w-ykuw,Lime,46,33,4,
2024,2i5w-ykuw,Lime,46,34,1,
2024,2i5w-ykuw,Lime,46,35,6,
2024,2i5w-ykuw,Lime,46,36,3,
2024,2i5w-ykuw,Lime,46,37,4,
2024,2i5w-ykuw,Lime,46,38,12,
2024,2i5w-ykuw,Lime,46,39,5,
2024,2i5w-ykuw,Lime,46,40,97,
2024,2i5w-ykuw,Lime,46,41,101,
2024,2i5w-ykuw,Lime,46,42,185,
2024,2i5w-ykuw,Lime,46,43,3876,
2024,2i5w-ykuw,Lime,46,44,624,
2024,2i5w-ykuw,Lime,46,45,755,
2024,2i5w-ykuw,Lime,46,46,19517,
2024,2i5w-ykuw,Lime,46,47,84,
2024,2i5w-ykuw,Lime,46,48,1133,
2024,2i5w-ykuw,Lime,46,49,78,
2024,2i5w-ykuw,Lime,46,50,90,
2024,2i5w-ykuw,Lime,46,51,827,
2024,2i5w-ykuw,Lime,46,52,859,
2024,2i5w-ykuw,Lime,46,53,2,
2024,2i5w-ykuw,Lime,46,54,3,
2024,2i5w-ykuw,Lime,46,55,33,
2024,2i5w-ykuw,Lime,46,60,1,
2024,2i5w-ykuw,Lime,46,61,5,
2024,2i5w-ykuw,Lime,46,63,1,
2024,2i5w-ykuw,Lime,46,65,1,
2024,2i5w-ykuw,Lime,46,66,8,
2024,2i5w-ykuw,Lime,46,67,16,
2024,2i5w-ykuw,Lime,46,68,47,
2024,2i5w-ykuw,Lime,46,69,473,
2024,2i5w-ykuw,Lime,46,70,9,
2024,2i5w-ykuw,Lime,46,71,61,
2024,2i5w-ykuw,Lime,46,72,2,
2024,2i5w-ykuw,Lime,46,73,11,
2024,2i5w-ykuw,Lime,46,74,1,
2024,2i5w-ykuw,Lime,46,75,4,
2024,2i5w-ykuw,Lime,47,,1,
2024,2i5w-ykuw,Lime,47,23,1,
2024,2i5w-ykuw,Lime,47,30,2,
2024,2i5w-ykuw,Lime,47,36,1,
2024,2i5w-ykuw,Lime,47,38,3,
2024,2i5w-ykuw,Lime,47,41,3,
2024,2i5w-ykuw,Lime,47,42,48,
2024,2i5w-ykuw,Lime,47,43,104,
2024,2i5w-ykuw,Lime,47,44,476,
2024,2i5w-ykuw,Lime,47,45,68,
2024,2i5w-ykuw,Lime,47,46,66,
2024,2i5w-ykuw,Lime,47,47,925,
2024,2i5w-ykuw,Lime,47,48,133,
2024,2i5w-ykuw,Lime,47,49,239,
2024,2i5w-ykuw,Lime,47,50,51,
2024,2i5w-ykuw,Lime,47,51,101,
2024,2i5w-ykuw,Lime,47,52,1,
2024,2i5w-ykuw,Lime,47,53,5,
2024,2i5w-ykuw,Lime,47,61,1,
2024,2i5w-ykuw,Lime,47,66,1,
2024,2i5w-ykuw,Lime,47,67,2,
2024,2i5w-ykuw,Lime,47,68,5,
2024,2i5w-ykuw,Lime,47,69,175,
2024,2i5w-ykuw,Lime,47,70,3,
2024,2i5w-ykuw,Lime,47,71,17,
2024,2i5w-ykuw,Lime,47,72,3,
2024,2i5w-ykuw,Lime,47,73,20,
2024,2i5w-ykuw,Lime,47,74,2,
2024,2i5w-ykuw,Lime,48,,5,
2024,2i5w-ykuw,Lime,48,8,2,
2024,2i5w-ykuw,Lime,48,31,1,
2024,2i5w-ykuw,Lime,48,32,2,
2024,2i5w-ykuw,Lime,48,33,1,
2024,2i5w-ykuw,Lime,48,35,1,
2024,2i5w-ykuw,Lime,48,36,2,
2024,2i5w-ykuw,Lime,48,37,2,
2024,2i5w-ykuw,Lime,48,38,7,
2024,2i5w-ykuw,Lime,48,39,6,
2024,2i5w-ykuw,Lime,48,40,14,
2024,2i5w-ykuw,Lime,48,41,10,
2024,2i5w-ykuw,Lime,48,42,47,
2024,2i5w-ykuw,Lime,48,43,445,
2024,2i5w-ykuw,Lime,48,44,593,
2024,2i5w-ykuw,Lime,48,45,894,
2024,2i5w-ykuw,Lime,48,46,1141,
2024,2i5w-ykuw,Lime,48,47,125,
2024,2i5w-ykuw,Lime,48,48,6255,
2024,2i5w-ykuw,Lime,48,49,168,
2024,2i5w-ykuw,Lime,48,50,119,
2024,2i5w-ykuw,Lime,48,51,1067,
2024,2i5w-ykuw,Lime,48,52,38,
2024,2i5w-ykuw,Lime,48,53,4,
2024,2i5w-ykuw,Lime,48,54,4,
2024,2i5w-ykuw,Lime,48,55,2,
2024,2i5w-ykuw,Lime,48,57,1,
2024,2i5w-ykuw,Lime,48,61,1,
2024,2i5w-ykuw,Lime,48,66,7,
2024,2i5w-ykuw,Lime,48,67,12,
2024,2i5w-ykuw,Lime,48,68,24,
2024,2i5w-ykuw,Lime,48,69,137,
2024,2i5w-ykuw,Lime,48,70,4,
2024,2i5w-ykuw,Lime,48,71,46,
2024,2i5w-ykuw,Lime,48,72,2,
2024,2i5w-ykuw,Lime,48,73,35,
2024,2i5w-ykuw,Lime,48,75,5,
2024,2i5w-ykuw,Lime,49,,71,
2024,2i5w-ykuw,Lime,49,3,2,
2024,2i5w-ykuw,Lime,49,8,1,
2024,2i5w-ykuw,Lime,49,24,1,
2024,2i5w-ykuw,Lime,49,28,5,
2024,2i5w-ykuw,Lime,49,29,1,
2024,2i5w-ykuw,Lime,49,30,1,
2024,2i5w-ykuw,Lime,49,31,1,
2024,2i5w-ykuw,Lime,49,32,6,
2024,2i5w-ykuw,Lime,49,33,2,
2024,2i5w-ykuw,Lime,49,34,4,
2024,2i5w-ykuw,Lime,49,35,11,
2024,2i5w-ykuw,Lime,49,37,5,
2024,2i5w-ykuw,Lime,49,38,19,
2024,2i5w-ykuw,Lime,49,39,11,
2024,2i5w-ykuw,Lime,49,40,35,
2024,2i5w-ykuw,Lime,49,41,15,
2024,2i5w-ykuw,Lime,49,42,61,
2024,2i5w-ykuw,Lime,49,43,180,
2024,2i5w-ykuw,Lime,49,44,2970,
2024,2i5w-ykuw,Lime,49,45,77,
2024,2i5w-ykuw,Lime,49,46,91,
2024,2i5w-ykuw,Lime,49,47,259,
2024,2i5w-ykuw,Lime,49,48,305,
2024,2i5w-ykuw,Lime,49,49,35302,
2024,2i5w-ykuw,Lime,49,50,3324,
2024,2i5w-ykuw,Lime,49,51,287,
2024,2i5w-ykuw,Lime,49,52,56,
2024,2i5w-ykuw,Lime,49,53,2294,
2024,2i5w-ykuw,Lime,49,54,163,
2024,2i5w-ykuw,Lime,49,55,5,
2024,2i5w-ykuw,Lime,49,56,1,
2024,2i5w-ykuw,Lime,49,57,1,
2024,2i5w-ykuw,Lime,49,58,1,
2024,2i5w-ykuw,Lime,49,59,1,
2024,2i5w-ykuw,Lime,49,60,1,
2024,2i5w-ykuw,Lime,49,61,8,
2024,2i5w-ykuw,Lime,49,63,1,
2024,2i5w-ykuw,Lime,49,65,7,
2024,2i5w-ykuw,Lime,49,66,40,
2024,2i5w-ykuw,Lime,49,67,90,
2024,2i5w-ykuw,Lime,49,68,81,
2024,2i5w-ykuw,Lime,49,69,336,
2024,2i5w-ykuw,Lime,49,70,30,
2024,2i5w-ykuw,Lime,49,71,560,
2024,2i5w-ykuw,Lime,49,72,365,
2024,2i5w-ykuw,Lime,49,73,2872,
2024,2i5w-ykuw,Lime,49,74,15,
2024,2i5w-ykuw,Lime,49,75,986,
2024,2i5w-ykuw,Lime,50,,4,
2024,2i5w-ykuw,Lime,50,28,1,
2024,2i5w-ykuw,Lime,50,29,1,
2024,2i5w-ykuw,Lime,50,33,1,
2024,2i5w-ykuw,Lime,50,34,2,
2024,2i5w-ykuw,Lime,50,35,1,
2024,2i5w-ykuw,Lime,50,38,5,
2024,2i5w-ykuw,Lime,50,39,4,
2024,2i5w-ykuw,Lime,50,40,7,
2024,2i5w-ykuw,Lime,50,41,5,
2024,2i5w-ykuw,Lime,50,42,47,
2024,2i5w-ykuw,Lime,50,43,251,
2024,2i5w-ykuw,Lime,50,44,401,
2024,2i5w-ykuw,Lime,50,45,115,
2024,2i5w-ykuw,Lime,50,46,86,
2024,2i5w-ykuw,Lime,50,47,73,
2024,2i5w-ykuw,Lime,50,48,83,
2024,2i5w-ykuw,Lime,50,49,3272,
2024,2i5w-ykuw,Lime,50,50,6591,
2024,2i5w-ykuw,Lime,50,51,579,
2024,2i5w-ykuw,Lime,50,52,20,
2024,2i5w-ykuw,Lime,50,53,551,
2024,2i5w-ykuw,Lime,50,54,152,
2024,2i5w-ykuw,Lime,50,55,2,
2024,2i5w-ykuw,Lime,50,60,1,
2024,2i5w-ykuw,Lime,50,61,2,
2024,2i5w-ykuw,Lime,50,63,1,
2024,2i5w-ykuw,Lime,50,66,2,
2024,2i5w-ykuw,Lime,50,67,5,
2024,2i5w-ykuw,Lime,50,68,12,
2024,2i5w-ykuw,Lime,50,69,41,
2024,2i5w-ykuw,Lime,50,70,8,
2024,2i5w-ykuw,Lime,50,71,85,
2024,2i5w-ykuw,Lime,50,72,14,
2024,2i5w-ykuw,Lime,50,73,66,
2024,2i5w-ykuw,Lime,50,74,2,
2024,2i5w-ykuw,Lime,50,75,45,
2024,2i5w-ykuw,Lime,51,,2,
2024,2i5w-ykuw,Lime,51,28,1,
2024,2i5w-ykuw,Lime,51,30,1,
2024,2i5w-ykuw,Lime,51,33,1,
2024,2i5w-ykuw,Lime,51,38,1,
2024,2i5w-ykuw,Lime,51,39,4,
2024,2i5w-ykuw,Lime,51,40,4,
2024,2i5w-ykuw,Lime,51,41,3,
2024,2i5w-ykuw,Lime,51,42,25,
2024,2i5w-ykuw,Lime,51,43,292,
2024,2i5w-ykuw,Lime,51,44,300,
2024,2i5w-ykuw,Lime,51,45,139,
2024,2i5w-ykuw,Lime,51,46,759,
2024,2i5w-ykuw,Lime,51,47,93,
2024,2i5w-ykuw,Lime,51,48,1160,
2024,2i5w-ykuw,Lime,51,49,258,
2024,2i5w-ykuw,Lime,51,50,543,
2024,2i5w-ykuw,Lime,51,51,8665,
2024,2i5w-ykuw,Lime,51,52,485,
2024,2i5w-ykuw,Lime,51,53,13,
2024,2i5w-ykuw,Lime,51,54,17,
2024,2i5w-ykuw,Lime,51,55,91,
2024,2i5w-ykuw,Lime,51,57,1,
2024,2i5w-ykuw,Lime,51,61,3,
2024,2i5w-ykuw,Lime,51,66,2,
2024,2i5w-ykuw,Lime,51,67,3,
2024,2i5w-ykuw,Lime,51,68,6,
2024,2i5w-ykuw,Lime,51,69,40,
2024,2i5w-ykuw,Lime,51,71,49,
2024,2i5w-ykuw,Lime,51,72,17,
2024,2i5w-ykuw,Lime,51,73,22,
2024,2i5w-ykuw,Lime,51,75,6,
2024,2i5w-ykuw,Lime,52,,14,
2024,2i5w-ykuw,Lime,52,39,1,
2024,2i5w-ykuw,Lime,52,40,1,
2024,2i5w-ykuw,Lime,52,41,1,
2024,2i5w-ykuw,Lime,52,42,3,
2024,2i5w-ykuw,Lime,52,43,34,
2024,2i5w-ykuw,Lime,52,44,10,
2024,2i5w-ykuw,Lime,52,45,9,
2024,2i5w-ykuw,Lime,52,46,739,
2024,2i5w-ykuw,Lime,52,47,1,
2024,2i5w-ykuw,Lime,52,48,30,
2024,2i5w-ykuw,Lime,52,49,20,
2024,2i5w-ykuw,Lime,52,50,23,
2024,2i5w-ykuw,Lime,52,51,582,
2024,2i5w-ykuw,Lime,52,52,11801,
2024,2i5w-ykuw,Lime,52,53,3,
2024,2i5w-ykuw,Lime,52,55,1087,
2024,2i5w-ykuw,Lime,52,62,1,
2024,2i5w-ykuw,Lime,52,65,2,
2024,2i5w-ykuw,Lime,52,67,1,
2024,2i5w-ykuw,Lime,52,68,2,
2024,2i5w-ykuw,Lime,52,69,12,
2024,2i5w-ykuw,Lime,52,71,2,
2024,2i5w-ykuw,Lime,52,73,12,
2024,2i5w-ykuw,Lime,52,74,1,
2024,2i5w-ykuw,Lime,52,75,5,
2024,2i5w-ykuw,Lime,53,,163,
2024,2i5w-ykuw,Lime,53,28,1,
2024,2i5w-ykuw,Lime,53,30,1,
2024,2i5w-ykuw,Lime,53,31,1,
2024,2i5w-ykuw,Lime,53,32,2,
2024,2i5w-ykuw,Lime,53,35,1,
2024,2i5w-ykuw,Lime,53,37,2,
2024,2i5w-ykuw,Lime,53,38,4,
2024,2i5w-ykuw,Lime,53,40,1,
2024,2i5w-ykuw,Lime,53,41,3,
2024,2i5w-ykuw,Lime,53,42,2,
2024,2i5w-ykuw,Lime,53,43,16,
2024,2i5w-ykuw,Lime,53,44,65,
2024,2i5w-ykuw,Lime,53,45,2,
2024,2i5w-ykuw,Lime,53,46,7,
2024,2i5w-ykuw,Lime,53,47,3,
2024,2i5w-ykuw,Lime,53,48,5,
2024,2i5w-ykuw,Lime,53,49,2114,
2024,2i5w-ykuw,Lime,53,50,667,
2024,2i5w-ykuw,Lime,53,51,22,
2024,2i5w-ykuw,Lime,53,52,9,
2024,2i5w-ykuw,Lime,53,53,13155,
2024,2i5w-ykuw,Lime,53,54,230,
2024,2i5w-ykuw,Lime,53,55,6,
2024,2i5w-ykuw,Lime,53,61,5,
2024,2i5w-ykuw,Lime,53,62,1,
2024,2i5w-ykuw,Lime,53,63,1,
2024,2i5w-ykuw,Lime,53,65,1,
2024,2i5w-ykuw,Lime,53,66,4,
2024,2i5w-ykuw,Lime,53,67,13,
2024,2i5w-ykuw,Lime,53,68,22,
2024,2i5w-ykuw,Lime,53,69,38,
2024,2i5w-ykuw,Lime,53,70,6,
2024,2i5w-ykuw,Lime,53,71,89,
2024,2i5w-ykuw,Lime,53,72,44,
2024,2i5w-ykuw,Lime,53,73,239,
2024,2i5w-ykuw,Lime,53,74,6,
2024,2i5w-ykuw,Lime,53,75,1073,
2024,2i5w-ykuw,Lime,54,,35,
2024,2i5w-ykuw,Lime,54,30,1,
2024,2i5w-ykuw,Lime,54,38,3,
2024,2i5w-ykuw,Lime,54,40,2,
2024,2i5w-ykuw,Lime,54,43,3,
2024,2i5w-ykuw,Lime,54,44,6,
2024,2i5w-ykuw,Lime,54,48,2,
2024,2i5w-ykuw,Lime,54,49,140,
2024,2i5w-ykuw,Lime,54,50,67,
2024,2i5w-ykuw,Lime,54,51,13,
2024,2i5w-ykuw,Lime,54,53,159,
2024,2i5w-ykuw,Lime,54,54,4203,
2024,2i5w-ykuw,Lime,54,61,1,
2024,2i5w-ykuw,Lime,54,67,3,
2024,2i5w-ykuw,Lime,54,68,1,
2024,2i5w-ykuw,Lime,54,69,20,
2024,2i5w-ykuw,Lime,54,71,7,
2024,2i5w-ykuw,Lime,54,73,2,
2024,2i5w-ykuw,Lime,54,75,24,
2024,2i5w-ykuw,Lime,55,,29,
2024,2i5w-ykuw,Lime,55,43,3,
2024,2i5w-ykuw,Lime,55,44,1,
2024,2i5w-ykuw,Lime,55,46,18,
2024,2i5w-ykuw,Lime,55,48,3,
2024,2i5w-ykuw,Lime,55,49,4,
2024,2i5w-ykuw,Lime,55,50,1,
2024,2i5w-ykuw,Lime,55,51,73,
2024,2i5w-ykuw,Lime,55,52,1020,
2024,2i5w-ykuw,Lime,55,53,2,
2024,2i5w-ykuw,Lime,55,54,1,
2024,2i5w-ykuw,Lime,55,55,3105,
2024,2i5w-ykuw,Lime,55,69,1,
2024,2i5w-ykuw,Lime,55,75,3,
2024,2i5w-ykuw,Lime,56,,101,
2024,2i5w-ykuw,Lime,56,2,1,
2024,2i5w-ykuw,Lime,56,4,1,
2024,2i5w-ykuw,Lime,56,12,1,
2024,2i5w-ykuw,Lime,56,19,1,
2024,2i5w-ykuw,Lime,56,20,2,
2024,2i5w-ykuw,Lime,56,22,6,
2024,2i5w-ykuw,Lime,56,23,1,
2024,2i5w-ykuw,Lime,56,24,2,
2024,2i5w-ykuw,Lime,56,25,8,
2024,2i5w-ykuw,Lime,56,26,3,
2024,2i5w-ykuw,Lime,56,27,4,
2024,2i5w-ykuw,Lime,56,28,11,
2024,2i5w-ykuw,Lime,56,29,12,
2024,2i5w-ykuw,Lime,56,30,48,
2024,2i5w-ykuw,Lime,56,31,11,
2024,2i5w-ykuw,Lime,56,32,3,
2024,2i5w-ykuw,Lime,56,34,4,
2024,2i5w-ykuw,Lime,56,35,1,
2024,2i5w-ykuw,Lime,56,37,3,
2024,2i5w-ykuw,Lime,56,38,6,
2024,2i5w-ykuw,Lime,56,40,4,
2024,2i5w-ykuw,Lime,56,41,2,
2024,2i5w-ykuw,Lime,56,42,1,
2024,2i5w-ykuw,Lime,56,43,1,
2024,2i5w-ykuw,Lime,56,44,2,
2024,2i5w-ykuw,Lime,56,48,1,
2024,2i5w-ykuw,Lime,56,52,1,
2024,2i5w-ykuw,Lime,56,56,8012,
2024,2i5w-ykuw,Lime,56,57,1282,
2024,2i5w-ykuw,Lime,56,58,167,
2024,2i5w-ykuw,Lime,56,59,6,
2024,2i5w-ykuw,Lime,56,60,3,
2024,2i5w-ykuw,Lime,56,61,109,
2024,2i5w-ykuw,Lime,56,62,1477,
2024,2i5w-ykuw,Lime,56,63,367,
2024,2i5w-ykuw,Lime,56,64,1761,
2024,2i5w-ykuw,Lime,56,65,2025,
2024,2i5w-ykuw,Lime,56,66,309,
2024,2i5w-ykuw,Lime,56,67,37,
2024,2i5w-ykuw,Lime,56,68,16,
2024,2i5w-ykuw,Lime,56,69,3,
2024,2i5w-ykuw,Lime,56,70,100,
2024,2i5w-ykuw,Lime,56,71,20,
2024,2i5w-ykuw,Lime,56,72,1,
2024,2i5w-ykuw,Lime,56,73,5,
2024,2i5w-ykuw,Lime,56,75,1,
2024,2i5w-ykuw,Lime,57,,23,
2024,2i5w-ykuw,Lime,57,6,1,
2024,2i5w-ykuw,Lime,57,8,1,
2024,2i5w-ykuw,Lime,57,13,1,
2024,2i5w-ykuw,Lime,57,19,8,
2024,2i5w-ykuw,Lime,57,20,2,
2024,2i5w-ykuw,Lime,57,22,7,
2024,2i5w-ykuw,Lime,57,23,13,
2024,2i5w-ykuw,Lime,57,24,23,
2024,2i5w-ykuw,Lime,57,25,9,
2024,2i5w-ykuw,Lime,57,26,18,
2024,2i5w-ykuw,Lime,57,27,10,
2024,2i5w-ykuw,Lime,57,28,36,
2024,2i5w-ykuw,Lime,57,29,106,
2024,2i5w-ykuw,Lime,57,30,937,
2024,2i5w-ykuw,Lime,57,31,10,
2024,2i5w-ykuw,Lime,57,32,1,
2024,2i5w-ykuw,Lime,57,33,4,
2024,2i5w-ykuw,Lime,57,34,3,
2024,2i5w-ykuw,Lime,57,35,1,
2024,2i5w-ykuw,Lime,57,37,2,
2024,2i5w-ykuw,Lime,57,38,16,
2024,2i5w-ykuw,Lime,57,39,1,
2024,2i5w-ykuw,Lime,57,40,19,
2024,2i5w-ykuw,Lime,57,41,3,
2024,2i5w-ykuw,Lime,57,42,1,
2024,2i5w-ykuw,Lime,57,43,3,
2024,2i5w-ykuw,Lime,57,44,1,
2024,2i5w-ykuw,Lime,57,49,2,
2024,2i5w-ykuw,Lime,57,53,1,
2024,2i5w-ykuw,Lime,57,56,2028,
2024,2i5w-ykuw,Lime,57,57,13827,
2024,2i5w-ykuw,Lime,57,58,2070,
2024,2i5w-ykuw,Lime,57,59,60,
2024,2i5w-ykuw,Lime,57,60,24,
2024,2i5w-ykuw,Lime,57,61,351,
2024,2i5w-ykuw,Lime,57,62,4128,
2024,2i5w-ykuw,Lime,57,63,1392,
2024,2i5w-ykuw,Lime,57,64,139,
2024,2i5w-ykuw,Lime,57,65,1153,
2024,2i5w-ykuw,Lime,57,66,573,
2024,2i5w-ykuw,Lime,57,67,75,
2024,2i5w-ykuw,Lime,57,68,6,
2024,2i5w-ykuw,Lime,57,69,1,
2024,2i5w-ykuw,Lime,57,70,148,
2024,2i5w-ykuw,Lime,57,71,8,
2024,2i5w-ykuw,Lime,58,,21,
2024,2i5w-ykuw,Lime,58,2,2,
2024,2i5w-ykuw,Lime,58,4,2,
2024,2i5w-ykuw,Lime,58,5,1,
2024,2i5w-ykuw,Lime,58,6,2,
2024,2i5w-ykuw,Lime,58,7,5,
2024,2i5w-ykuw,Lime,58,8,15,
2024,2i5w-ykuw,Lime,58,15,3,
2024,2i5w-ykuw,Lime,58,16,4,
2024,2i5w-ykuw,Lime,58,18,1,
2024,2i5w-ykuw,Lime,58,19,2,
2024,2i5w-ykuw,Lime,58,21,1,
2024,2i5w-ykuw,Lime,58,22,8,
2024,2i5w-ykuw,Lime,58,23,15,
2024,2i5w-ykuw,Lime,58,24,67,
2024,2i5w-ykuw,Lime,58,25,22,
2024,2i5w-ykuw,Lime,58,26,11,
2024,2i5w-ykuw,Lime,58,27,68,
2024,2i5w-ykuw,Lime,58,28,117,
2024,2i5w-ykuw,Lime,58,29,190,
2024,2i5w-ykuw,Lime,58,30,1644,
2024,2i5w-ykuw,Lime,58,31,433,
2024,2i5w-ykuw,Lime,58,32,24,
2024,2i5w-ykuw,Lime,58,33,23,
2024,2i5w-ykuw,Lime,58,34,82,
2024,2i5w-ykuw,Lime,58,35,10,
2024,2i5w-ykuw,Lime,58,36,1,
2024,2i5w-ykuw,Lime,58,37,29,
2024,2i5w-ykuw,Lime,58,38,22,
2024,2i5w-ykuw,Lime,58,39,5,
2024,2i5w-ykuw,Lime,58,40,14,
2024,2i5w-ykuw,Lime,58,41,9,
2024,2i5w-ykuw,Lime,58,42,8,
2024,2i5w-ykuw,Lime,58,43,7,
2024,2i5w-ykuw,Lime,58,44,2,
2024,2i5w-ykuw,Lime,58,46,1,
2024,2i5w-ykuw,Lime,58,48,1,
2024,2i5w-ykuw,Lime,58,49,2,
2024,2i5w-ykuw,Lime,58,52,1,
2024,2i5w-ykuw,Lime,58,56,322,
2024,2i5w-ykuw,Lime,58,57,2158,
2024,2i5w-ykuw,Lime,58,58,44233,
2024,2i5w-ykuw,Lime,58,59,3612,
2024,2i5w-ykuw,Lime,58,60,227,
2024,2i5w-ykuw,Lime,58,61,3456,
2024,2i5w-ykuw,Lime,58,62,924,
2024,2i5w-ykuw,Lime,58,63,9738,
2024,2i5w-ykuw,Lime,58,64,70,
2024,2i5w-ykuw,Lime,58,65,613,
2024,2i5w-ykuw,Lime,58,66,3002,
2024,2i5w-ykuw,Lime,58,67,250,
2024,2i5w-ykuw,Lime,58,68,90,
2024,2i5w-ykuw,Lime,58,69,4,
2024,2i5w-ykuw,Lime,58,70,185,
2024,2i5w-ykuw,Lime,58,71,7,
2024,2i5w-ykuw,Lime,58,72,2,
2024,2i5w-ykuw,Lime,58,75,3,
2024,2i5w-ykuw,Lime,59,,6,
2024,2i5w-ykuw,Lime,59,4,1,
2024,2i5w-ykuw,Lime,59,5,3,
2024,2i5w-ykuw,Lime,59,8,11,
2024,2i5w-ykuw,Lime,59,16,1,
2024,2i5w-ykuw,Lime,59,20,4,
2024,2i5w-ykuw,Lime,59,21,1,
2024,2i5w-ykuw,Lime,59,22,8,
2024,2i5w-ykuw,Lime,59,23,7,
2024,2i5w-ykuw,Lime,59,24,77,
2024,2i5w-ykuw,Lime,59,25,15,
2024,2i5w-ykuw,Lime,59,26,7,
2024,2i5w-ykuw,Lime,59,27,13,
2024,2i5w-ykuw,Lime,59,28,176,
2024,2i5w-ykuw,Lime,59,29,26,
2024,2i5w-ykuw,Lime,59,30,346,
2024,2i5w-ykuw,Lime,59,31,859,
2024,2i5w-ykuw,Lime,59,32,21,
2024,2i5w-ykuw,Lime,59,33,67,
2024,2i5w-ykuw,Lime,59,34,161,
2024,2i5w-ykuw,Lime,59,35,41,
2024,2i5w-ykuw,Lime,59,36,3,
2024,2i5w-ykuw,Lime,59,37,9,
2024,2i5w-ykuw,Lime,59,38,22,
2024,2i5w-ykuw,Lime,59,39,8,
2024,2i5w-ykuw,Lime,59,40,14,
2024,2i5w-ykuw,Lime,59,41,4,
2024,2i5w-ykuw,Lime,59,42,4,
2024,2i5w-ykuw,Lime,59,43,1,
2024,2i5w-ykuw,Lime,59,46,1,
2024,2i5w-ykuw,Lime,59,53,1,
2024,2i5w-ykuw,Lime,59,56,5,
2024,2i5w-ykuw,Lime,59,57,40,
2024,2i5w-ykuw,Lime,59,58,3351,
2024,2i5w-ykuw,Lime,59,59,5656,
2024,2i5w-ykuw,Lime,59,60,764,
2024,2i5w-ykuw,Lime,59,61,910,
2024,2i5w-ykuw,Lime,59,62,21,
2024,2i5w-ykuw,Lime,59,63,225,
2024,2i5w-ykuw,Lime,59,64,10,
2024,2i5w-ykuw,Lime,59,65,18,
2024,2i5w-ykuw,Lime,59,66,76,
2024,2i5w-ykuw,Lime,59,67,91,
2024,2i5w-ykuw,Lime,59,68,22,
2024,2i5w-ykuw,Lime,59,69,36,
2024,2i5w-ykuw,Lime,59,70,7,
2024,2i5w-ykuw,Lime,59,71,13,
2024,2i5w-ykuw,Lime,59,73,1,
2024,2i5w-ykuw,Lime,60,,1,
2024,2i5w-ykuw,Lime,60,2,1,
2024,2i5w-ykuw,Lime,60,3,3,
2024,2i5w-ykuw,Lime,60,4,1,
2024,2i5w-ykuw,Lime,60,5,1,
2024,2i5w-ykuw,Lime,60,6,6,
2024,2i5w-ykuw,Lime,60,7,14,
2024,2i5w-ykuw,Lime,60,8,57,
2024,2i5w-ykuw,Lime,60,14,1,
2024,2i5w-ykuw,Lime,60,15,1,
2024,2i5w-ykuw,Lime,60,20,1,
2024,2i5w-ykuw,Lime,60,21,2,
2024,2i5w-ykuw,Lime,60,22,9,
2024,2i5w-ykuw,Lime,60,23,3,
2024,2i5w-ykuw,Lime,60,24,53,
2024,2i5w-ykuw,Lime,60,25,10,
2024,2i5w-ykuw,Lime,60,26,1,
2024,2i5w-ykuw,Lime,60,27,2,
2024,2i5w-ykuw,Lime,60,28,466,
2024,2i5w-ykuw,Lime,60,29,24,
2024,2i5w-ykuw,Lime,60,30,75,
2024,2i5w-ykuw,Lime,60,31,662,
2024,2i5w-ykuw,Lime,60,32,103,
2024,2i5w-ykuw,Lime,60,33,190,
2024,2i5w-ykuw,Lime,60,34,1088,
2024,2i5w-ykuw,Lime,60,35,233,
2024,2i5w-ykuw,Lime,60,36,35,
2024,2i5w-ykuw,Lime,60,37,28,
2024,2i5w-ykuw,Lime,60,38,69,
2024,2i5w-ykuw,Lime,60,39,29,
2024,2i5w-ykuw,Lime,60,40,4,
2024,2i5w-ykuw,Lime,60,41,9,
2024,2i5w-ykuw,Lime,60,42,12,
2024,2i5w-ykuw,Lime,60,43,1,
2024,2i5w-ykuw,Lime,60,44,5,
2024,2i5w-ykuw,Lime,60,46,1,
2024,2i5w-ykuw,Lime,60,56,7,
2024,2i5w-ykuw,Lime,60,57,21,
2024,2i5w-ykuw,Lime,60,58,156,
2024,2i5w-ykuw,Lime,60,59,615,
2024,2i5w-ykuw,Lime,60,60,6218,
2024,2i5w-ykuw,Lime,60,61,912,
2024,2i5w-ykuw,Lime,60,62,13,
2024,2i5w-ykuw,Lime,60,63,106,
2024,2i5w-ykuw,Lime,60,64,4,
2024,2i5w-ykuw,Lime,60,65,6,
2024,2i5w-ykuw,Lime,60,66,21,
2024,2i5w-ykuw,Lime,60,67,38,
2024,2i5w-ykuw,Lime,60,68,62,
2024,2i5w-ykuw,Lime,60,69,5,
2024,2i5w-ykuw,Lime,60,70,4,
2024,2i5w-ykuw,Lime,60,71,14,
2024,2i5w-ykuw,Lime,60,73,1,
2024,2i5w-ykuw,Lime,60,75,1,
2024,2i5w-ykuw,Lime,61,,9,
2024,2i5w-ykuw,Lime,61,6,2,
2024,2i5w-ykuw,Lime,61,7,7,
2024,2i5w-ykuw,Lime,61,8,8,
2024,2i5w-ykuw,Lime,61,13,1,
2024,2i5w-ykuw,Lime,61,14,4,
2024,2i5w-ykuw,Lime,61,16,2,
2024,2i5w-ykuw,Lime,61,18,4,
2024,2i5w-ykuw,Lime,61,19,3,
2024,2i5w-ykuw,Lime,61,20,4,
2024,2i5w-ykuw,Lime,61,21,2,
2024,2i5w-ykuw,Lime,61,22,10,
2024,2i5w-ykuw,Lime,61,23,16,
2024,2i5w-ykuw,Lime,61,24,46,
2024,2i5w-ykuw,Lime,61,25,13,
2024,2i5w-ykuw,Lime,61,26,4,
2024,2i5w-ykuw,Lime,61,27,20,
2024,2i5w-ykuw,Lime,61,28,269,
2024,2i5w-ykuw,Lime,61,29,50,
2024,2i5w-ykuw,Lime,61,30,395,
2024,2i5w-ykuw,Lime,61,31,503,
2024,2i5w-ykuw,Lime,61,32,41,
2024,2i5w-ykuw,Lime,61,33,55,
2024,2i5w-ykuw,Lime,61,34,183,
2024,2i5w-ykuw,Lime,61,35,68,
2024,2i5w-ykuw,Lime,61,36,24,
2024,2i5w-ykuw,Lime,61,37,1429,
2024,2i5w-ykuw,Lime,61,38,264,
2024,2i5w-ykuw,Lime,61,39,85,
2024,2i5w-ykuw,Lime,61,40,146,
2024,2i5w-ykuw,Lime,61,41,113,
2024,2i5w-ykuw,Lime,61,42,84,
2024,2i5w-ykuw,Lime,61,43,75,
2024,2i5w-ykuw,Lime,61,44,40,
2024,2i5w-ykuw,Lime,61,45,5,
2024,2i5w-ykuw,Lime,61,46,5,
2024,2i5w-ykuw,Lime,61,47,1,
2024,2i5w-ykuw,Lime,61,48,3,
2024,2i5w-ykuw,Lime,61,49,6,
2024,2i5w-ykuw,Lime,61,53,4,
2024,2i5w-ykuw,Lime,61,54,1,
2024,2i5w-ykuw,Lime,61,56,117,
2024,2i5w-ykuw,Lime,61,57,461,
2024,2i5w-ykuw,Lime,61,58,3589,
2024,2i5w-ykuw,Lime,61,59,905,
2024,2i5w-ykuw,Lime,61,60,914,
2024,2i5w-ykuw,Lime,61,61,35411,
2024,2i5w-ykuw,Lime,61,62,116,
2024,2i5w-ykuw,Lime,61,63,3858,
2024,2i5w-ykuw,Lime,61,64,14,
2024,2i5w-ykuw,Lime,61,65,155,
2024,2i5w-ykuw,Lime,61,66,1312,
2024,2i5w-ykuw,Lime,61,67,2403,
2024,2i5w-ykuw,Lime,61,68,1061,
2024,2i5w-ykuw,Lime,61,69,88,
2024,2i5w-ykuw,Lime,61,70,75,
2024,2i5w-ykuw,Lime,61,71,144,
2024,2i5w-ykuw,Lime,61,72,4,
2024,2i5w-ykuw,Lime,61,73,22,
2024,2i5w-ykuw,Lime,61,74,1,
2024,2i5w-ykuw,Lime,62,,15,
2024,2i5w-ykuw,Lime,62,3,1,
2024,2i5w-ykuw,Lime,62,7,2,
2024,2i5w-ykuw,Lime,62,8,2,
2024,2i5w-ykuw,Lime,62,15,1,
2024,2i5w-ykuw,Lime,62,22,9,
2024,2i5w-ykuw,Lime,62,23,9,
2024,2i5w-ykuw,Lime,62,24,1,
2024,2i5w-ykuw,Lime,62,26,1,
2024,2i5w-ykuw,Lime,62,27,1,
2024,2i5w-ykuw,Lime,62,28,8,
2024,2i5w-ykuw,Lime,62,29,33,
2024,2i5w-ykuw,Lime,62,30,116,
2024,2i5w-ykuw,Lime,62,31,4,
2024,2i5w-ykuw,Lime,62,32,4,
2024,2i5w-ykuw,Lime,62,33,22,
2024,2i5w-ykuw,Lime,62,34,1,
2024,2i5w-ykuw,Lime,62,38,2,
2024,2i5w-ykuw,Lime,62,39,9,
2024,2i5w-ykuw,Lime,62,40,6,
2024,2i5w-ykuw,Lime,62,41,5,
2024,2i5w-ykuw,Lime,62,42,1,
2024,2i5w-ykuw,Lime,62,43,1,
2024,2i5w-ykuw,Lime,62,52,1,
2024,2i5w-ykuw,Lime,62,53,2,
2024,2i5w-ykuw,Lime,62,56,1421,
2024,2i5w-ykuw,Lime,62,57,3740,
2024,2i5w-ykuw,Lime,62,58,717,
2024,2i5w-ykuw,Lime,62,59,35,
2024,2i5w-ykuw,Lime,62,60,6,
2024,2i5w-ykuw,Lime,62,61,73,
2024,2i5w-ykuw,Lime,62,62,9494,
2024,2i5w-ykuw,Lime,62,63,3008,
2024,2i5w-ykuw,Lime,62,64,359,
2024,2i5w-ykuw,Lime,62,65,2812,
2024,2i5w-ykuw,Lime,62,66,1013,
2024,2i5w-ykuw,Lime,62,67,81,
2024,2i5w-ykuw,Lime,62,68,6,
2024,2i5w-ykuw,Lime,62,70,146,
2024,2i5w-ykuw,Lime,62,71,13,
2024,2i5w-ykuw,Lime,62,72,2,
2024,2i5w-ykuw,Lime,62,73,1,
2024,2i5w-ykuw,Lime,62,75,1,
2024,2i5w-ykuw,Lime,63,,11,
2024,2i5w-ykuw,Lime,63,3,1,
2024,2i5w-ykuw,Lime,63,5,1,
2024,2i5w-ykuw,Lime,63,6,3,
2024,2i5w-ykuw,Lime,63,8,3,
2024,2i5w-ykuw,Lime,63,14,1,
2024,2i5w-ykuw,Lime,63,19,1,
2024,2i5w-ykuw,Lime,63,22,7,
2024,2i5w-ykuw,Lime,63,23,8,
2024,2i5w-ykuw,Lime,63,24,10,
2024,2i5w-ykuw,Lime,63,25,6,
2024,2i5w-ykuw,Lime,63,26,2,
2024,2i5w-ykuw,Lime,63,27,13,
2024,2i5w-ykuw,Lime,63,28,46,
2024,2i5w-ykuw,Lime,63,29,47,
2024,2i5w-ykuw,Lime,63,30,309,
2024,2i5w-ykuw,Lime,63,31,140,
2024,2i5w-ykuw,Lime,63,32,5,
2024,2i5w-ykuw,Lime,63,33,28,
2024,2i5w-ykuw,Lime,63,34,31,
2024,2i5w-ykuw,Lime,63,35,6,
2024,2i5w-ykuw,Lime,63,36,2,
2024,2i5w-ykuw,Lime,63,37,63,
2024,2i5w-ykuw,Lime,63,38,153,
2024,2i5w-ykuw,Lime,63,39,4,
2024,2i5w-ykuw,Lime,63,40,164,
2024,2i5w-ykuw,Lime,63,41,26,
2024,2i5w-ykuw,Lime,63,42,19,
2024,2i5w-ykuw,Lime,63,43,8,
2024,2i5w-ykuw,Lime,63,44,64,
2024,2i5w-ykuw,Lime,63,45,1,
2024,2i5w-ykuw,Lime,63,46,1,
2024,2i5w-ykuw,Lime,63,49,5,
2024,2i5w-ykuw,Lime,63,53,7,
2024,2i5w-ykuw,Lime,63,56,456,
2024,2i5w-ykuw,Lime,63,57,1476,
2024,2i5w-ykuw,Lime,63,58,7395,
2024,2i5w-ykuw,Lime,63,59,211,
2024,2i5w-ykuw,Lime,63,60,119,
2024,2i5w-ykuw,Lime,63,61,3221,
2024,2i5w-ykuw,Lime,63,62,3442,
2024,2i5w-ykuw,Lime,63,63,37999,
2024,2i5w-ykuw,Lime,63,64,84,
2024,2i5w-ykuw,Lime,63,65,1741,
2024,2i5w-ykuw,Lime,63,66,7446,
2024,2i5w-ykuw,Lime,63,67,1190,
2024,2i5w-ykuw,Lime,63,68,221,
2024,2i5w-ykuw,Lime,63,69,34,
2024,2i5w-ykuw,Lime,63,70,214,
2024,2i5w-ykuw,Lime,63,71,51,
2024,2i5w-ykuw,Lime,63,72,16,
2024,2i5w-ykuw,Lime,63,73,11,
2024,2i5w-ykuw,Lime,63,74,1,
2024,2i5w-ykuw,Lime,63,75,3,
2024,2i5w-ykuw,Lime,64,,60,
2024,2i5w-ykuw,Lime,64,4,1,
2024,2i5w-ykuw,Lime,64,13,1,
2024,2i5w-ykuw,Lime,64,23,1,
2024,2i5w-ykuw,Lime,64,28,1,
2024,2i5w-ykuw,Lime,64,29,4,
2024,2i5w-ykuw,Lime,64,30,11,
2024,2i5w-ykuw,Lime,64,32,2,
2024,2i5w-ykuw,Lime,64,41,3,
2024,2i5w-ykuw,Lime,64,42,5,
2024,2i5w-ykuw,Lime,64,43,2,
2024,2i5w-ykuw,Lime,64,44,1,
2024,2i5w-ykuw,Lime,64,56,1374,
2024,2i5w-ykuw,Lime,64,57,88,
2024,2i5w-ykuw,Lime,64,58,33,
2024,2i5w-ykuw,Lime,64,61,10,
2024,2i5w-ykuw,Lime,64,62,231,
2024,2i5w-ykuw,Lime,64,63,86,
2024,2i5w-ykuw,Lime,64,64,4568,
2024,2i5w-ykuw,Lime,64,65,1194,
2024,2i5w-ykuw,Lime,64,66,284,
2024,2i5w-ykuw,Lime,64,67,26,
2024,2i5w-ykuw,Lime,64,68,7,
2024,2i5w-ykuw,Lime,64,70,121,
2024,2i5w-ykuw,Lime,64,71,11,
2024,2i5w-ykuw,Lime,64,72,1,
2024,2i5w-ykuw,Lime,64,73,1,
2024,2i5w-ykuw,Lime,64,74,1,
2024,2i5w-ykuw,Lime,64,75,1,
2024,2i5w-ykuw,Lime,65,,112,
2024,2i5w-ykuw,Lime,65,6,1,
2024,2i5w-ykuw,Lime,65,7,1,
2024,2i5w-ykuw,Lime,65,15,1,
2024,2i5w-ykuw,Lime,65,20,1,
2024,2i5w-ykuw,Lime,65,22,1,
2024,2i5w-ykuw,Lime,65,23,8,
2024,2i5w-ykuw,Lime,65,24,1,
2024,2i5w-ykuw,Lime,65,25,6,
2024,2i5w-ykuw,Lime,65,26,1,
2024,2i5w-ykuw,Lime,65,27,1,
2024,2i5w-ykuw,Lime,65,28,3,
2024,2i5w-ykuw,Lime,65,29,12,
2024,2i5w-ykuw,Lime,65,30,98,
2024,2i5w-ykuw,Lime,65,31,7,
2024,2i5w-ykuw,Lime,65,33,2,
2024,2i5w-ykuw,Lime,65,34,2,
2024,2i5w-ykuw,Lime,65,38,4,
2024,2i5w-ykuw,Lime,65,39,4,
2024,2i5w-ykuw,Lime,65,40,2,
2024,2i5w-ykuw,Lime,65,41,3,
2024,2i5w-ykuw,Lime,65,42,10,
2024,2i5w-ykuw,Lime,65,43,2,
2024,2i5w-ykuw,Lime,65,44,20,
2024,2i5w-ykuw,Lime,65,45,1,
2024,2i5w-ykuw,Lime,65,52,3,
2024,2i5w-ykuw,Lime,65,53,1,
2024,2i5w-ykuw,Lime,65,56,2074,
2024,2i5w-ykuw,Lime,65,57,906,
2024,2i5w-ykuw,Lime,65,58,302,
2024,2i5w-ykuw,Lime,65,59,47,
2024,2i5w-ykuw,Lime,65,60,5,
2024,2i5w-ykuw,Lime,65,61,137,
2024,2i5w-ykuw,Lime,65,62,2762,
2024,2i5w-ykuw,Lime,65,63,1346,
2024,2i5w-ykuw,Lime,65,64,1454,
2024,2i5w-ykuw,Lime,65,65,17378,
2024,2i5w-ykuw,Lime,65,66,4788,
2024,2i5w-ykuw,Lime,65,67,147,
2024,2i5w-ykuw,Lime,65,68,48,
2024,2i5w-ykuw,Lime,65,69,26,
2024,2i5w-ykuw,Lime,65,70,1148,
2024,2i5w-ykuw,Lime,65,71,111,
2024,2i5w-ykuw,Lime,65,72,2,
2024,2i5w-ykuw,Lime,65,73,10,
2024,2i5w-ykuw,Lime,65,74,1,
2024,2i5w-ykuw,Lime,65,75,1,
2024,2i5w-ykuw,Lime,66,,56,
2024,2i5w-ykuw,Lime,66,3,1,
2024,2i5w-ykuw,Lime,66,4,1,
2024,2i5w-ykuw,Lime,66,8,6,
2024,2i5w-ykuw,Lime,66,12,1,
2024,2i5w-ykuw,Lime,66,15,1,
2024,2i5w-ykuw,Lime,66,16,1,
2024,2i5w-ykuw,Lime,66,19,1,
2024,2i5w-ykuw,Lime,66,21,1,
2024,2i5w-ykuw,Lime,66,22,2,
2024,2i5w-ykuw,Lime,66,23,9,
2024,2i5w-ykuw,Lime,66,24,19,
2024,2i5w-ykuw,Lime,66,25,12,
2024,2i5w-ykuw,Lime,66,26,4,
2024,2i5w-ykuw,Lime,66,27,11,
2024,2i5w-ykuw,Lime,66,28,79,
2024,2i5w-ykuw,Lime,66,29,34,
2024,2i5w-ykuw,Lime,66,30,215,
2024,2i5w-ykuw,Lime,66,31,92,
2024,2i5w-ykuw,Lime,66,32,14,
2024,2i5w-ykuw,Lime,66,33,22,
2024,2i5w-ykuw,Lime,66,34,9,
2024,2i5w-ykuw,Lime,66,35,5,
2024,2i5w-ykuw,Lime,66,36,8,
2024,2i5w-ykuw,Lime,66,37,28,
2024,2i5w-ykuw,Lime,66,38,11,
2024,2i5w-ykuw,Lime,66,39,8,
2024,2i5w-ykuw,Lime,66,40,30,
2024,2i5w-ykuw,Lime,66,41,31,
2024,2i5w-ykuw,Lime,66,42,48,
2024,2i5w-ykuw,Lime,66,43,63,
2024,2i5w-ykuw,Lime,66,44,94,
2024,2i5w-ykuw,Lime,66,45,6,
2024,2i5w-ykuw,Lime,66,46,10,
2024,2i5w-ykuw,Lime,66,48,4,
2024,2i5w-ykuw,Lime,66,49,27,
2024,2i5w-ykuw,Lime,66,50,3,
2024,2i5w-ykuw,Lime,66,51,2,
2024,2i5w-ykuw,Lime,66,53,4,
2024,2i5w-ykuw,Lime,66,54,2,
2024,2i5w-ykuw,Lime,66,56,406,
2024,2i5w-ykuw,Lime,66,57,429,
2024,2i5w-ykuw,Lime,66,58,2263,
2024,2i5w-ykuw,Lime,66,59,81,
2024,2i5w-ykuw,Lime,66,60,37,
2024,2i5w-ykuw,Lime,66,61,885,
2024,2i5w-ykuw,Lime,66,62,973,
2024,2i5w-ykuw,Lime,66,63,7161,
2024,2i5w-ykuw,Lime,66,64,373,
2024,2i5w-ykuw,Lime,66,65,4781,
2024,2i5w-ykuw,Lime,66,66,41079,
2024,2i5w-ykuw,Lime,66,67,2216,
2024,2i5w-ykuw,Lime,66,68,800,
2024,2i5w-ykuw,Lime,66,69,144,
2024,2i5w-ykuw,Lime,66,70,1385,
2024,2i5w-ykuw,Lime,66,71,469,
2024,2i5w-ykuw,Lime,66,72,79,
2024,2i5w-ykuw,Lime,66,73,38,
2024,2i5w-ykuw,Lime,66,74,22,
2024,2i5w-ykuw,Lime,66,75,18,
2024,2i5w-ykuw,Lime,67,,20,
2024,2i5w-ykuw,Lime,67,6,1,
2024,2i5w-ykuw,Lime,67,7,74,
2024,2i5w-ykuw,Lime,67,8,29,
2024,2i5w-ykuw,Lime,67,23,4,
2024,2i5w-ykuw,Lime,67,24,11,
2024,2i5w-ykuw,Lime,67,25,7,
2024,2i5w-ykuw,Lime,67,26,13,
2024,2i5w-ykuw,Lime,67,27,17,
2024,2i5w-ykuw,Lime,67,28,81,
2024,2i5w-ykuw,Lime,67,29,32,
2024,2i5w-ykuw,Lime,67,30,41,
2024,2i5w-ykuw,Lime,67,31,88,
2024,2i5w-ykuw,Lime,67,32,21,
2024,2i5w-ykuw,Lime,67,33,32,
2024,2i5w-ykuw,Lime,67,34,14,
2024,2i5w-ykuw,Lime,67,35,30,
2024,2i5w-ykuw,Lime,67,36,6,
2024,2i5w-ykuw,Lime,67,37,192,
2024,2i5w-ykuw,Lime,67,38,66,
2024,2i5w-ykuw,Lime,67,39,34,
2024,2i5w-ykuw,Lime,67,40,118,
2024,2i5w-ykuw,Lime,67,41,48,
2024,2i5w-ykuw,Lime,67,42,143,
2024,2i5w-ykuw,Lime,67,43,94,
2024,2i5w-ykuw,Lime,67,44,249,
2024,2i5w-ykuw,Lime,67,45,19,
2024,2i5w-ykuw,Lime,67,46,24,
2024,2i5w-ykuw,Lime,67,47,2,
2024,2i5w-ykuw,Lime,67,48,10,
2024,2i5w-ykuw,Lime,67,49,63,
2024,2i5w-ykuw,Lime,67,50,11,
2024,2i5w-ykuw,Lime,67,51,3,
2024,2i5w-ykuw,Lime,67,52,2,
2024,2i5w-ykuw,Lime,67,53,11,
2024,2i5w-ykuw,Lime,67,54,4,
2024,2i5w-ykuw,Lime,67,56,35,
2024,2i5w-ykuw,Lime,67,57,86,
2024,2i5w-ykuw,Lime,67,58,187,
2024,2i5w-ykuw,Lime,67,59,62,
2024,2i5w-ykuw,Lime,67,60,39,
2024,2i5w-ykuw,Lime,67,61,2336,
2024,2i5w-ykuw,Lime,67,62,56,
2024,2i5w-ykuw,Lime,67,63,996,
2024,2i5w-ykuw,Lime,67,64,16,
2024,2i5w-ykuw,Lime,67,65,155,
2024,2i5w-ykuw,Lime,67,66,1824,
2024,2i5w-ykuw,Lime,67,67,21042,
2024,2i5w-ykuw,Lime,67,68,3617,
2024,2i5w-ykuw,Lime,67,69,707,
2024,2i5w-ykuw,Lime,67,70,237,
2024,2i5w-ykuw,Lime,67,71,1561,
2024,2i5w-ykuw,Lime,67,72,82,
2024,2i5w-ykuw,Lime,67,73,142,
2024,2i5w-ykuw,Lime,67,74,3,
2024,2i5w-ykuw,Lime,67,75,64,
2024,2i5w-ykuw,Lime,68,,11,
2024,2i5w-ykuw,Lime,68,4,1,
2024,2i5w-ykuw,Lime,68,5,1,
2024,2i5w-ykuw,Lime,68,6,2,
2024,2i5w-ykuw,Lime,68,7,4,
2024,2i5w-ykuw,Lime,68,8,11,
2024,2i5w-ykuw,Lime,68,14,1,
2024,2i5w-ykuw,Lime,68,22,3,
2024,2i5w-ykuw,Lime,68,23,3,
2024,2i5w-ykuw,Lime,68,24,4,
2024,2i5w-ykuw,Lime,68,25,6,
2024,2i5w-ykuw,Lime,68,26,3,
2024,2i5w-ykuw,Lime,68,27,3,
2024,2i5w-ykuw,Lime,68,28,45,
2024,2i5w-ykuw,Lime,68,29,9,
2024,2i5w-ykuw,Lime,68,30,21,
2024,2i5w-ykuw,Lime,68,31,16,
2024,2i5w-ykuw,Lime,68,32,12,
2024,2i5w-ykuw,Lime,68,33,25,
2024,2i5w-ykuw,Lime,68,34,63,
2024,2i5w-ykuw,Lime,68,35,30,
2024,2i5w-ykuw,Lime,68,36,10,
2024,2i5w-ykuw,Lime,68,37,567,
2024,2i5w-ykuw,Lime,68,38,197,
2024,2i5w-ykuw,Lime,68,39,106,
2024,2i5w-ykuw,Lime,68,40,1218,
2024,2i5w-ykuw,Lime,68,41,283,
2024,2i5w-ykuw,Lime,68,42,821,
2024,2i5w-ykuw,Lime,68,43,211,
2024,2i5w-ykuw,Lime,68,44,660,
2024,2i5w-ykuw,Lime,68,45,22,
2024,2i5w-ykuw,Lime,68,46,39,
2024,2i5w-ykuw,Lime,68,47,10,
2024,2i5w-ykuw,Lime,68,48,13,
2024,2i5w-ykuw,Lime,68,49,90,
2024,2i5w-ykuw,Lime,68,50,11,
2024,2i5w-ykuw,Lime,68,51,2,
2024,2i5w-ykuw,Lime,68,52,3,
2024,2i5w-ykuw,Lime,68,53,17,
2024,2i5w-ykuw,Lime,68,55,2,
2024,2i5w-ykuw,Lime,68,56,9,
2024,2i5w-ykuw,Lime,68,57,25,
2024,2i5w-ykuw,Lime,68,58,72,
2024,2i5w-ykuw,Lime,68,59,16,
2024,2i5w-ykuw,Lime,68,60,57,
2024,2i5w-ykuw,Lime,68,61,957,
2024,2i5w-ykuw,Lime,68,62,4,
2024,2i5w-ykuw,Lime,68,63,235,
2024,2i5w-ykuw,Lime,68,64,6,
2024,2i5w-ykuw,Lime,68,65,46,
2024,2i5w-ykuw,Lime,68,66,623,
2024,2i5w-ykuw,Lime,68,67,3485,
2024,2i5w-ykuw,Lime,68,68,23331,
2024,2i5w-ykuw,Lime,68,69,3279,
2024,2i5w-ykuw,Lime,68,70,46,
2024,2i5w-ykuw,Lime,68,71,1945,
2024,2i5w-ykuw,Lime,68,72,15,
2024,2i5w-ykuw,Lime,68,73,211,
2024,2i5w-ykuw,Lime,68,75,18,
2024,2i5w-ykuw,Lime,69,,11,
2024,2i5w-ykuw,Lime,69,2,1,
2024,2i5w-ykuw,Lime,69,4,1,
2024,2i5w-ykuw,Lime,69,6,5,
2024,2i5w-ykuw,Lime,69,7,1,
2024,2i5w-ykuw,Lime,69,8,8,
2024,2i5w-ykuw,Lime,69,16,1,
2024,2i5w-ykuw,Lime,69,22,1,
2024,2i5w-ykuw,Lime,69,25,3,
2024,2i5w-ykuw,Lime,69,26,1,
2024,2i5w-ykuw,Lime,69,28,16,
2024,2i5w-ykuw,Lime,69,29,3,
2024,2i5w-ykuw,Lime,69,30,4,
2024,2i5w-ykuw,Lime,69,31,46,
2024,2i5w-ykuw,Lime,69,32,26,
2024,2i5w-ykuw,Lime,69,33,25,
2024,2i5w-ykuw,Lime,69,34,23,
2024,2i5w-ykuw,Lime,69,35,100,
2024,2i5w-ykuw,Lime,69,36,24,
2024,2i5w-ykuw,Lime,69,37,51,
2024,2i5w-ykuw,Lime,69,38,248,
2024,2i5w-ykuw,Lime,69,39,169,
2024,2i5w-ykuw,Lime,69,40,829,
2024,2i5w-ykuw,Lime,69,41,267,
2024,2i5w-ykuw,Lime,69,42,1864,
2024,2i5w-ykuw,Lime,69,43,3051,
2024,2i5w-ykuw,Lime,69,44,6132,
2024,2i5w-ykuw,Lime,69,45,651,
2024,2i5w-ykuw,Lime,69,46,440,
2024,2i5w-ykuw,Lime,69,47,145,
2024,2i5w-ykuw,Lime,69,48,135,
2024,2i5w-ykuw,Lime,69,49,355,
2024,2i5w-ykuw,Lime,69,50,70,
2024,2i5w-ykuw,Lime,69,51,34,
2024,2i5w-ykuw,Lime,69,52,18,
2024,2i5w-ykuw,Lime,69,53,51,
2024,2i5w-ykuw,Lime,69,54,1,
2024,2i5w-ykuw,Lime,69,56,4,
2024,2i5w-ykuw,Lime,69,57,1,
2024,2i5w-ykuw,Lime,69,58,1,
2024,2i5w-ykuw,Lime,69,59,28,
2024,2i5w-ykuw,Lime,69,60,14,
2024,2i5w-ykuw,Lime,69,61,69,
2024,2i5w-ykuw,Lime,69,62,1,
2024,2i5w-ykuw,Lime,69,63,18,
2024,2i5w-ykuw,Lime,69,64,1,
2024,2i5w-ykuw,Lime,69,65,32,
2024,2i5w-ykuw,Lime,69,66,153,
2024,2i5w-ykuw,Lime,69,67,718,
2024,2i5w-ykuw,Lime,69,68,3265,
2024,2i5w-ykuw,Lime,69,69,32559,
2024,2i5w-ykuw,Lime,69,70,75,
2024,2i5w-ykuw,Lime,69,71,1761,
2024,2i5w-ykuw,Lime,69,72,164,
2024,2i5w-ykuw,Lime,69,73,177,
2024,2i5w-ykuw,Lime,69,74,1,
2024,2i5w-ykuw,Lime,69,75,21,
2024,2i5w-ykuw,Lime,70,,124,
2024,2i5w-ykuw,Lime,70,8,1,
2024,2i5w-ykuw,Lime,70,19,1,
2024,2i5w-ykuw,Lime,70,23,3,
2024,2i5w-ykuw,Lime,70,25,3,
2024,2i5w-ykuw,Lime,70,28,14,
2024,2i5w-ykuw,Lime,70,29,7,
2024,2i5w-ykuw,Lime,70,30,21,
2024,2i5w-ykuw,Lime,70,31,6,
2024,2i5w-ykuw,Lime,70,33,1,
2024,2i5w-ykuw,Lime,70,38,2,
2024,2i5w-ykuw,Lime,70,40,3,
2024,2i5w-ykuw,Lime,70,41,3,
2024,2i5w-ykuw,Lime,70,42,3,
2024,2i5w-ykuw,Lime,70,43,8,
2024,2i5w-ykuw,Lime,70,44,63,
2024,2i5w-ykuw,Lime,70,45,7,
2024,2i5w-ykuw,Lime,70,46,9,
2024,2i5w-ykuw,Lime,70,47,1,
2024,2i5w-ykuw,Lime,70,48,1,
2024,2i5w-ykuw,Lime,70,49,21,
2024,2i5w-ykuw,Lime,70,50,1,
2024,2i5w-ykuw,Lime,70,53,4,
2024,2i5w-ykuw,Lime,70,56,111,
2024,2i5w-ykuw,Lime,70,57,58,
2024,2i5w-ykuw,Lime,70,58,55,
2024,2i5w-ykuw,Lime,70,59,2,
2024,2i5w-ykuw,Lime,70,60,1,
2024,2i5w-ykuw,Lime,70,61,35,
2024,2i5w-ykuw,Lime,70,62,52,
2024,2i5w-ykuw,Lime,70,63,120,
2024,2i5w-ykuw,Lime,70,64,93,
2024,2i5w-ykuw,Lime,70,65,1004,
2024,2i5w-ykuw,Lime,70,66,917,
2024,2i5w-ykuw,Lime,70,67,176,
2024,2i5w-ykuw,Lime,70,68,49,
2024,2i5w-ykuw,Lime,70,69,60,
2024,2i5w-ykuw,Lime,70,70,8854,
2024,2i5w-ykuw,Lime,70,71,822,
2024,2i5w-ykuw,Lime,70,72,162,
2024,2i5w-ykuw,Lime,70,73,42,
2024,2i5w-ykuw,Lime,70,74,5,
2024,2i5w-ykuw,Lime,70,75,20,
2024,2i5w-ykuw,Lime,71,,54,
2024,2i5w-ykuw,Lime,71,6,2,
2024,2i5w-ykuw,Lime,71,15,1,
2024,2i5w-ykuw,Lime,71,23,2,
2024,2i5w-ykuw,Lime,71,25,3,
2024,2i5w-ykuw,Lime,71,26,2,
2024,2i5w-ykuw,Lime,71,27,5,
2024,2i5w-ykuw,Lime,71,28,16,
2024,2i5w-ykuw,Lime,71,29,7,
2024,2i5w-ykuw,Lime,71,30,2,
2024,2i5w-ykuw,Lime,71,31,13,
2024,2i5w-ykuw,Lime,71,32,4,
2024,2i5w-ykuw,Lime,71,33,6,
2024,2i5w-ykuw,Lime,71,34,5,
2024,2i5w-ykuw,Lime,71,35,19,
2024,2i5w-ykuw,Lime,71,36,2,
2024,2i5w-ykuw,Lime,71,37,13,
2024,2i5w-ykuw,Lime,71,38,21,
2024,2i5w-ykuw,Lime,71,39,19,
2024,2i5w-ykuw,Lime,71,40,60,
2024,2i5w-ykuw,Lime,71,41,31,
2024,2i5w-ykuw,Lime,71,42,128,
2024,2i5w-ykuw,Lime,71,43,187,
2024,2i5w-ykuw,Lime,71,44,3928,
2024,2i5w-ykuw,Lime,71,45,60,
2024,2i5w-ykuw,Lime,71,46,81,
2024,2i5w-ykuw,Lime,71,47,24,
2024,2i5w-ykuw,Lime,71,48,68,
2024,2i5w-ykuw,Lime,71,49,476,
2024,2i5w-ykuw,Lime,71,50,58,
2024,2i5w-ykuw,Lime,71,51,26,
2024,2i5w-ykuw,Lime,71,52,1,
2024,2i5w-ykuw,Lime,71,53,117,
2024,2i5w-ykuw,Lime,71,54,8,
2024,2i5w-ykuw,Lime,71,56,30,
2024,2i5w-ykuw,Lime,71,57,4,
2024,2i5w-ykuw,Lime,71,58,22,
2024,2i5w-ykuw,Lime,71,59,13,
2024,2i5w-ykuw,Lime,71,60,5,
2024,2i5w-ykuw,Lime,71,61,133,
2024,2i5w-ykuw,Lime,71,62,8,
2024,2i5w-ykuw,Lime,71,63,49,
2024,2i5w-ykuw,Lime,71,64,7,
2024,2i5w-ykuw,Lime,71,65,96,
2024,2i5w-ykuw,Lime,71,66,417,
2024,2i5w-ykuw,Lime,71,67,1801,
2024,2i5w-ykuw,Lime,71,68,1996,
2024,2i5w-ykuw,Lime,71,69,1468,
2024,2i5w-ykuw,Lime,71,70,1029,
2024,2i5w-ykuw,Lime,71,71,29525,
2024,2i5w-ykuw,Lime,71,72,384,
2024,2i5w-ykuw,Lime,71,73,1831,
2024,2i5w-ykuw,Lime,71,74,2,
2024,2i5w-ykuw,Lime,71,75,115,
2024,2i5w-ykuw,Lime,72,,59,
2024,2i5w-ykuw,Lime,72,24,3,
2024,2i5w-ykuw,Lime,72,25,1,
2024,2i5w-ykuw,Lime,72,38,7,
2024,2i5w-ykuw,Lime,72,41,3,
2024,2i5w-ykuw,Lime,72,42,6,
2024,2i5w-ykuw,Lime,72,43,25,
2024,2i5w-ykuw,Lime,72,44,154,
2024,2i5w-ykuw,Lime,72,45,10,
2024,2i5w-ykuw,Lime,72,46,3,
2024,2i5w-ykuw,Lime,72,47,2,
2024,2i5w-ykuw,Lime,72,48,4,
2024,2i5w-ykuw,Lime,72,49,245,
2024,2i5w-ykuw,Lime,72,50,17,
2024,2i5w-ykuw,Lime,72,51,2,
2024,2i5w-ykuw,Lime,72,53,49,
2024,2i5w-ykuw,Lime,72,54,2,
2024,2i5w-ykuw,Lime,72,56,1,
2024,2i5w-ykuw,Lime,72,57,1,
2024,2i5w-ykuw,Lime,72,59,1,
2024,2i5w-ykuw,Lime,72,61,2,
2024,2i5w-ykuw,Lime,72,62,1,
2024,2i5w-ykuw,Lime,72,63,13,
2024,2i5w-ykuw,Lime,72,65,1,
2024,2i5w-ykuw,Lime,72,66,69,
2024,2i5w-ykuw,Lime,72,67,108,
2024,2i5w-ykuw,Lime,72,68,20,
2024,2i5w-ykuw,Lime,72,69,105,
2024,2i5w-ykuw,Lime,72,70,161,
2024,2i5w-ykuw,Lime,72,71,309,
2024,2i5w-ykuw,Lime,72,72,3168,
2024,2i5w-ykuw,Lime,72,73,911,
2024,2i5w-ykuw,Lime,72,74,114,
2024,2i5w-ykuw,Lime,72,75,372,
2024,2i5w-ykuw,Lime,73,,51,
2024,2i5w-ykuw,Lime,73,6,1,
2024,2i5w-ykuw,Lime,73,19,1,
2024,2i5w-ykuw,Lime,73,25,1,
2024,2i5w-ykuw,Lime,73,26,1,
2024,2i5w-ykuw,Lime,73,28,2,
2024,2i5w-ykuw,Lime,73,30,1,
2024,2i5w-ykuw,Lime,73,31,3,
2024,2i5w-ykuw,Lime,73,32,1,
2024,2i5w-ykuw,Lime,73,35,1,
2024,2i5w-ykuw,Lime,73,37,3,
2024,2i5w-ykuw,Lime,73,38,10,
2024,2i5w-ykuw,Lime,73,39,1,
2024,2i5w-ykuw,Lime,73,40,8,
2024,2i5w-ykuw,Lime,73,41,1,
2024,2i5w-ykuw,Lime,73,42,9,
2024,2i5w-ykuw,Lime,73,43,84,
2024,2i5w-ykuw,Lime,73,44,622,
2024,2i5w-ykuw,Lime,73,45,14,
2024,2i5w-ykuw,Lime,73,46,11,
2024,2i5w-ykuw,Lime,73,47,11,
2024,2i5w-ykuw,Lime,73,48,26,
2024,2i5w-ykuw,Lime,73,49,2869,
2024,2i5w-ykuw,Lime,73,50,73,
2024,2i5w-ykuw,Lime,73,51,9,
2024,2i5w-ykuw,Lime,73,52,7,
2024,2i5w-ykuw,Lime,73,53,298,
2024,2i5w-ykuw,Lime,73,54,13,
2024,2i5w-ykuw,Lime,73,56,1,
2024,2i5w-ykuw,Lime,73,57,1,
2024,2i5w-ykuw,Lime,73,58,1,
2024,2i5w-ykuw,Lime,73,60,1,
2024,2i5w-ykuw,Lime,73,61,27,
2024,2i5w-ykuw,Lime,73,62,1,
2024,2i5w-ykuw,Lime,73,63,6,
2024,2i5w-ykuw,Lime,73,65,7,
2024,2i5w-ykuw,Lime,73,66,43,
2024,2i5w-ykuw,Lime,73,67,161,
2024,2i5w-ykuw,Lime,73,68,159,
2024,2i5w-ykuw,Lime,73,69,138,
2024,2i5w-ykuw,Lime,73,70,51,
2024,2i5w-ykuw,Lime,73,71,1970,
2024,2i5w-ykuw,Lime,73,72,1040,
2024,2i5w-ykuw,Lime,73,73,11657,
2024,2i5w-ykuw,Lime,73,74,10,
2024,2i5w-ykuw,Lime,73,75,658,
2024,2i5w-ykuw,Lime,74,,26,
2024,2i5w-ykuw,Lime,74,29,1,
2024,2i5w-ykuw,Lime,74,42,2,
2024,2i5w-ykuw,Lime,74,43,3,
2024,2i5w-ykuw,Lime,74,44,3,
2024,2i5w-ykuw,Lime,74,46,1,
2024,2i5w-ykuw,Lime,74,49,9,
2024,2i5w-ykuw,Lime,74,52,1,
2024,2i5w-ykuw,Lime,74,53,19,
2024,2i5w-ykuw,Lime,74,61,1,
2024,2i5w-ykuw,Lime,74,66,9,
2024,2i5w-ykuw,Lime,74,67,1,
2024,2i5w-ykuw,Lime,74,70,7,
2024,2i5w-ykuw,Lime,74,71,3,
2024,2i5w-ykuw,Lime,74,72,73,
2024,2i5w-ykuw,Lime,74,73,12,
2024,2i5w-ykuw,Lime,74,74,576,
2024,2i5w-ykuw,Lime,74,75,82,
2024,2i5w-ykuw,Lime,75,,71,
2024,2i5w-ykuw,Lime,75,25,1,
2024,2i5w-ykuw,Lime,75,27,1,
2024,2i5w-ykuw,Lime,75,28,2,
2024,2i5w-ykuw,Lime,75,29,1,
2024,2i5w-ykuw,Lime,75,37,1,
2024,2i5w-ykuw,Lime,75,38,1,
2024,2i5w-ykuw,Lime,75,40,11,
2024,2i5w-ykuw,Lime,75,42,8,
2024,2i5w-ykuw,Lime,75,43,8,
2024,2i5w-ykuw,Lime,75,44,98,
2024,2i5w-ykuw,Lime,75,45,2,
2024,2i5w-ykuw,Lime,75,46,10,
2024,2i5w-ykuw,Lime,75,48,3,
2024,2i5w-ykuw,Lime,75,49,996,
2024,2i5w-ykuw,Lime,75,50,79,
2024,2i5w-ykuw,Lime,75,51,5,
2024,2i5w-ykuw,Lime,75,53,1116,
2024,2i5w-ykuw,Lime,75,54,9,
2024,2i5w-ykuw,Lime,75,55,2,
2024,2i5w-ykuw,Lime,75,56,1,
2024,2i5w-ykuw,Lime,75,59,1,
2024,2i5w-ykuw,Lime,75,61,2,
2024,2i5w-ykuw,Lime,75,66,3,
2024,2i5w-ykuw,Lime,75,67,36,
2024,2i5w-ykuw,Lime,75,68,16,
2024,2i5w-ykuw,Lime,75,69,20,
2024,2i5w-ykuw,Lime,75,70,11,
2024,2i5w-ykuw,Lime,75,71,103,
2024,2i5w-ykuw,Lime,75,72,379,
2024,2i5w-ykuw,Lime,75,73,586,
2024,2i5w-ykuw,Lime,75,74,88,
2024,2i5w-ykuw,Lime,75,75,4909,
2024,2i5w-ykuw,Lime,76,,29,
2024,2i5w-ykuw,Lime,76,4,1,
2024,2i5w-ykuw,Lime,76,10,19,
2024,2i5w-ykuw,Lime,76,11,2,
2024,2i5w-ykuw,Lime,76,14,5,
2024,2i5w-ykuw,Lime,76,15,12,
2024,2i5w-ykuw,Lime,76,16,1,
2024,2i5w-ykuw,Lime,76,17,47,
2024,2i5w-ykuw,Lime,76,18,15,
2024,2i5w-ykuw,Lime,76,19,4,
2024,2i5w-ykuw,Lime,76,22,1,
2024,2i5w-ykuw,Lime,76,24,1,
2024,2i5w-ykuw,Lime,76,25,1,
2024,2i5w-ykuw,Lime,76,51,1,
2024,2i5w-ykuw,Lime,76,76,557,
2024,2i5w-ykuw,Lime,77,,39,
2024,2i5w-ykuw,Lime,77,1,11061,
2024,2i5w-ykuw,Lime,77,2,5882,
2024,2i5w-ykuw,Lime,77,3,15481,
2024,2i5w-ykuw,Lime,77,4,4830,
2024,2i5w-ykuw,Lime,77,5,770,
2024,2i5w-ykuw,Lime,77,6,4061,
2024,2i5w-ykuw,Lime,77,7,422,
2024,2i5w-ykuw,Lime,77,8,118,
2024,2i5w-ykuw,Lime,77,9,4,
2024,2i5w-ykuw,Lime,77,10,5,
2024,2i5w-ykuw,Lime,77,11,43,
2024,2i5w-ykuw,Lime,77,12,17,
2024,2i5w-ykuw,Lime,77,13,432,
2024,2i5w-ykuw,Lime,77,14,481,
2024,2i5w-ykuw,Lime,77,15,35,
2024,2i5w-ykuw,Lime,77,16,185,
2024,2i5w-ykuw,Lime,77,17,28,
2024,2i5w-ykuw,Lime,77,18,20,
2024,2i5w-ykuw,Lime,77,19,17,
2024,2i5w-ykuw,Lime,77,20,10,
2024,2i5w-ykuw,Lime,77,21,76,
2024,2i5w-ykuw,Lime,77,22,252,
2024,2i5w-ykuw,Lime,77,23,34,
2024,2i5w-ykuw,Lime,77,24,145,
2024,2i5w-ykuw,Lime,77,25,5,
2024,2i5w-ykuw,Lime,77,26,1,
2024,2i5w-ykuw,Lime,77,27,4,
2024,2i5w-ykuw,Lime,77,28,42,
2024,2i5w-ykuw,Lime,77,29,25,
2024,2i5w-ykuw,Lime,77,30,1,
2024,2i5w-ykuw,Lime,77,31,5,
2024,2i5w-ykuw,Lime,77,32,26,
2024,2i5w-ykuw,Lime,77,33,3,
2024,2i5w-ykuw,Lime,77,34,1,
2024,2i5w-ykuw,Lime,77,35,1,
2024,2i5w-ykuw,Lime,77,56,1,
2024,2i5w-ykuw,Lime,77,57,1,
2024,2i5w-ykuw,Lime,77,58,1,
2024,2i5w-ykuw,Lime,77,60,2,
2024,2i5w-ykuw,Lime,77,77,58666,
2024,2i5w-ykuw,Lyft,,,22,includes_classic_bike_rides
2024,2i5w-ykuw,Lyft,,1,797,includes_classic_bike_rides
2024,2i5w-ykuw,Lyft,,2,360,includes_classic_bike_rides
2024,2i5w-ykuw,Lyft,,3,90,includes_classic_bike_rides
2024,2i5w-ykuw,Lyft,,4,49,includes_classic_bike_rides
2024,2i5w-ykuw,Lyft,,5,12,includes_classic_bike_rides
2024,2i5w-ykuw,Lyft,,6,55,includes_classic_bike_rides
2024,2i5w-ykuw,Lyft,,7,32,includes_classic_bike_rides
2024,2i5w-ykuw,Lyft,,8,65,includes_classic_bike_rides
2024,2i5w-ykuw,Lyft,,11,1,includes_classic_bike_rides
2024,2i5w-ykuw,Lyft,,13,27,includes_classic_bike_rides
2024,2i5w-ykuw,Lyft,,14,7,includes_classic_bike_rides
2024,2i5w-ykuw,Lyft,,15,2,includes_classic_bike_rides
2024,2i5w-ykuw,Lyft,,16,6,includes_classic_bike_rides
2024,2i5w-ykuw,Lyft,,17,1,includes_classic_bike_rides
2024,2i5w-ykuw,Lyft,,19,2,includes_classic_bike_rides
2024,2i5w-ykuw,Lyft,,20,1,includes_classic_bike_rides
2024,2i5w-ykuw,Lyft,,21,1,includes_classic_bike_rides
2024,2i5w-ykuw,Lyft,,22,4,includes_classic_bike_rides
2024,2i5w-ykuw,Lyft,,24,2,includes_classic_bike_rides
2024,2i5w-ykuw,Lyft,,25,13,includes_classic_bike_rides
2024,2i5w-ykuw,Lyft,,28,2,includes_classic_bike_rides
2024,2i5w-ykuw,Lyft,,29,3,includes_classic_bike_rides
2024,2i5w-ykuw,Lyft,,30,1,includes_classic_bike_rides
2024,2i5w-ykuw,Lyft,,32,24,includes_classic_bike_rides
2024,2i5w-ykuw,Lyft,,33,5,includes_classic_bike_rides
2024,2i5w-ykuw,Lyft,,41,3,includes_classic_bike_rides
2024,2i5w-ykuw,Lyft,,77,117,includes_classic_bike_rides
2024,2i5w-ykuw,Lyft,1,,956,includes_classic_bike_rides
2024,2i5w-ykuw,Lyft,1,1,8223,includes_classic_bike_rides
2024,2i5w-ykuw,Lyft,1,2,1129,includes_classic_bike_rides
2024,2i5w-ykuw,Lyft,1,3,535,includes_classic_bike_rides
2024,2i5w-ykuw,Lyft,1,4,230,includes_classic_bike_rides
2024,2i5w-ykuw,Lyft,1,5,47,includes_classic_bike_rides
2024,2i5w-ykuw,Lyft,1,6,381,includes_classic_bike_rides
2024,2i5w-ykuw,Lyft,1,7,237,includes_classic_bike_rides
2024,2i5w-ykuw,Lyft,1,8,205,includes_classic_bike_rides
2024,2i5w-ykuw,Lyft,1,13,48,includes_classic_bike_rides
2024,2i5w-ykuw,Lyft,1,14,11,includes_classic_bike_rides
2024,2i5w-ykuw,Lyft,1,16,21,includes_classic_bike_rides
2024,2i5w-ykuw,Lyft,1,19,1,includes_classic_bike_rides
2024,2i5w-ykuw,Lyft,1,20,7,includes_classic_bike_rides
2024,2i5w-ykuw,Lyft,1,21,5,includes_classic_bike_rides
2024,2i5w-ykuw,Lyft,1,22,21,includes_classic_bike_rides
2024,2i5w-ykuw,Lyft,1,24,19,includes_classic_bike_rides
2024,2i5w-ykuw,Lyft,1,28,6,includes_classic_bike_rides
2024,2i5w-ykuw,Lyft,1,32,78,includes_classic_bike_rides
2024,2i5w-ykuw,Lyft,1,33,8,includes_classic_bike_rides
2024,2i5w-ykuw,Lyft,1,34,1,includes_classic_bike_rides
2024,2i5w-ykuw,Lyft,1,35,2,includes_classic_bike_rides
2024,2i5w-ykuw,Lyft,1,37,1,includes_classic_bike_rides
2024,2i5w-ykuw,Lyft,1,41,1,includes_classic_bike_rides
2024,2i5w-ykuw,Lyft,1,77,1802,includes_classic_bike_rides
2024,2i5w-ykuw,Lyft,2,,293,includes_classic_bike_rides
2024,2i5w-ykuw,Lyft,2,1,1071,includes_classic_bike_rides
2024,2i5w-ykuw,Lyft,2,2,2699,includes_classic_bike_rides
2024,2i5w-ykuw,Lyft,2,3,90,includes_classic_bike_rides
2024,2i5w-ykuw,Lyft,2,4,373,includes_classic_bike_rides
2024,2i5w-ykuw,Lyft,2,5,37,includes_classic_bike_rides
2024,2i5w-ykuw,Lyft,2,6,65,includes_classic_bike_rides
2024,2i5w-ykuw,Lyft,2,7,16,includes_classic_bike_rides
2024,2i5w-ykuw,Lyft,2,8,17,includes_classic_bike_rides
2024,2i5w-ykuw,Lyft,2,11,5,includes_classic_bike_rides
2024,2i5w-ykuw,Lyft,2,12,7,includes_classic_bike_rides
2024,2i5w-ykuw,Lyft,2,13,264,includes_classic_bike_rides
2024,2i5w-ykuw,Lyft,2,14,102,includes_classic_bike_rides
2024,2i5w-ykuw,Lyft,2,15,1,includes_classic_bike_rides
2024,2i5w-ykuw,Lyft,2,16,41,includes_classic_bike_rides
2024,2i5w-ykuw,Lyft,2,19,1,includes_classic_bike_rides
2024,2i5w-ykuw,Lyft,2,21,9,includes_classic_bike_rides
2024,2i5w-ykuw,Lyft,2,22,11,includes_classic_bike_rides
2024,2i5w-ykuw,Lyft,2,23,1,includes_classic_bike_rides
2024,2i5w-ykuw,Lyft,2,24,5,includes_classic_bike_rides
2024,2i5w-ykuw,Lyft,2,32,4,includes_classic_bike_rides
2024,2i5w-ykuw,Lyft,2,77,411,includes_classic_bike_rides
2024,2i5w-ykuw,Lyft,3,,90,includes_classic_bike_rides
2024,2i5w-ykuw,Lyft,3,1,692,includes_classic_bike_rides
2024,2i5w-ykuw,Lyft,3,2,128,includes_classic_bike_rides
2024,2i5w-ykuw,Lyft,3,3,21714,includes_classic_bike_rides
2024,2i5w-ykuw,Lyft,3,4,3643,includes_classic_bike_rides
2024,2i5w-ykuw,Lyft,3,5,1085,includes_classic_bike_rides
2024,2i5w-ykuw,Lyft,3,6,16037,includes_classic_bike_rides
2024,2i5w-ykuw,Lyft,3,7,3921,includes_classic_bike_rides
2024,2i5w-ykuw,Lyft,3,8,2416,includes_classic_bike_rides
2024,2i5w-ykuw,Lyft,3,11,11,includes_classic_bike_rides
2024,2i5w-ykuw,Lyft,3,13,55,includes_classic_bike_rides
2024,2i5w-ykuw,Lyft,3,14,161,includes_classic_bike_rides
2024,2i5w-ykuw,Lyft,3,15,7,includes_classic_bike_rides
2024,2i5w-ykuw,Lyft,3,16,186,includes_classic_bike_rides
2024,2i5w-ykuw,Lyft,3,21,49,includes_classic_bike_rides
2024,2i5w-ykuw,Lyft,3,22,241,includes_classic_bike_rides
2024,2i5w-ykuw,Lyft,3,23,2,includes_classic_bike_rides
2024,2i5w-ykuw,Lyft,3,24,364,includes_classic_bike_rides
2024,2i5w-ykuw,Lyft,3,25,2,includes_classic_bike_rides
2024,2i5w-ykuw,Lyft,3,27,2,includes_classic_bike_rides
2024,2i5w-ykuw,Lyft,3,28,186,includes_classic_bike_rides
2024,2i5w-ykuw,Lyft,3,30,1,includes_classic_bike_rides
2024,2i5w-ykuw,Lyft,3,31,3,includes_classic_bike_rides
2024,2i5w-ykuw,Lyft,3,32,749,includes_classic_bike_rides
2024,2i5w-ykuw,Lyft,3,33,116,includes_classic_bike_rides
2024,2i5w-ykuw,Lyft,3,34,9,includes_classic_bike_rides
2024,2i5w-ykuw,Lyft,3,35,9,includes_classic_bike_rides
2024,2i5w-ykuw,Lyft,3,38,1,includes_classic_bike_rides
2024,2i5w-ykuw,Lyft,3,39,3,includes_classic_bike_rides
2024,2i5w-ykuw,Lyft,3,41,8,includes_classic_bike_rides
2024,2i5w-ykuw,Lyft,3,42,2,includes_classic_bike_rides
2024,2i5w-ykuw,Lyft,3,46,2,includes_classic_bike_rides
2024,2i5w-ykuw,Lyft,3,59,1,includes_classic_bike_rides
2024,2i5w-ykuw,Lyft,3,60,1,includes_classic_bike_rides
2024,2i5w-ykuw,Lyft,3,77,5333,includes_classic_bike_rides
2024,2i5w-ykuw,Lyft,4,,47,includes_classic_bike_rides
2024,2i5w-ykuw,Lyft,4,1,227,includes_classic_bike_rides
2024,2i5w-ykuw,Lyft,4,2,582,includes_classic_bike_rides
2024,2i5w-ykuw,Lyft,4,3,3523,includes_classic_bike_rides
2024,2i5w-ykuw,Lyft,4,4,8257,includes_classic_bike_rides
2024,2i5w-ykuw,Lyft,4,5,2208,includes_classic_bike_rides
2024,2i5w-ykuw,Lyft,4,6,3199,includes_classic_bike_rides
2024,2i5w-ykuw,Lyft,4,7,576,includes_classic_bike_rides
2024,2i5w-ykuw,Lyft,4,8,212,includes_classic_bike_rides
2024,2i5w-ykuw,Lyft,4,11,10,includes_classic_bike_rides
2024,2i5w-ykuw,Lyft,4,12,1,includes_classic_bike_rides
2024,2i5w-ykuw,Lyft,4,13,332,includes_classic_bike_rides
2024,2i5w-ykuw,Lyft,4,14,516,includes_classic_bike_rides
2024,2i5w-ykuw,Lyft,4,15,30,includes_classic_bike_rides
2024,2i5w-ykuw,Lyft,4,16,562,includes_classic_bike_rides
2024,2i5w-ykuw,Lyft,4,17,2,includes_classic_bike_rides
2024,2i5w-ykuw,Lyft,4,19,3,includes_classic_bike_rides
2024,2i5w-ykuw,Lyft,4,20,24,includes_classic_bike_rides
2024,2i5w-ykuw,Lyft,4,21,83,includes_classic_bike_rides
2024,2i5w-ykuw,Lyft,4,22,276,includes_classic_bike_rides
2024,2i5w-ykuw,Lyft,4,23,2,includes_classic_bike_rides
2024,2i5w-ykuw,Lyft,4,24,173,includes_classic_bike_rides
2024,2i5w-ykuw,Lyft,4,27,13,includes_classic_bike_rides
2024,2i5w-ykuw,Lyft,4,28,117,includes_classic_bike_rides
2024,2i5w-ykuw,Lyft,4,29,10,includes_classic_bike_rides
2024,2i5w-ykuw,Lyft,4,32,163,includes_classic_bike_rides
2024,2i5w-ykuw,Lyft,4,33,10,includes_classic_bike_rides
2024,2i5w-ykuw,Lyft,4,34,1,includes_classic_bike_rides
2024,2i5w-ykuw,Lyft,4,39,2,includes_classic_bike_rides
2024,2i5w-ykuw,Lyft,4,41,6,includes_classic_bike_rides
2024,2i5w-ykuw,Lyft,4,77,1474,includes_classic_bike_rides
2024,2i5w-ykuw,Lyft,5,,12,includes_classic_bike_rides
2024,2i5w-ykuw,Lyft,5,1,58,includes_classic_bike_rides
2024,2i5w-ykuw,Lyft,5,2,40,includes_classic_bike_rides
2024,2i5w-ykuw,Lyft,5,3,1086,includes_classic_bike_rides
2024,2i5w-ykuw,Lyft,5,4,2100,includes_classic_bike_rides
2024,2i5w-ykuw,Lyft,5,5,4493,includes_classic_bike_rides
2024,2i5w-ykuw,Lyft,5,6,7064,includes_classic_bike_rides
2024,2i5w-ykuw,Lyft,5,7,1660,includes_classic_bike_rides
2024,2i5w-ykuw,Lyft,5,8,670,includes_classic_bike_rides
2024,2i5w-ykuw,Lyft,5,13,142,includes_classic_bike_rides
2024,2i5w-ykuw,Lyft,5,14,174,includes_classic_bike_rides
2024,2i5w-ykuw,Lyft,5,15,14,includes_classic_bike_rides
2024,2i5w-ykuw,Lyft,5,16,629,includes_classic_bike_rides
2024,2i5w-ykuw,Lyft,5,17,3,includes_classic_bike_rides
2024,2i5w-ykuw,Lyft,5,18,1,includes_classic_bike_rides
2024,2i5w-ykuw,Lyft,5,19,5,includes_classic_bike_rides
2024,2i5w-ykuw,Lyft,5,20,3,includes_classic_bike_rides
2024,2i5w-ykuw,Lyft,5,21,394,includes_classic_bike_rides
2024,2i5w-ykuw,Lyft,5,22,966,includes_classic_bike_rides
2024,2i5w-ykuw,Lyft,5,23,12,includes_classic_bike_rides
2024,2i5w-ykuw,Lyft,5,24,577,includes_classic_bike_rides
2024,2i5w-ykuw,Lyft,5,25,1,includes_classic_bike_rides
2024,2i5w-ykuw,Lyft,5,28,305,includes_classic_bike_rides
2024,2i5w-ykuw,Lyft,5,29,2,includes_classic_bike_rides
2024,2i5w-ykuw,Lyft,5,31,11,includes_classic_bike_rides
2024,2i5w-ykuw,Lyft,5,32,202,includes_classic_bike_rides
2024,2i5w-ykuw,Lyft,5,33,8,includes_classic_bike_rides
2024,2i5w-ykuw,Lyft,5,34,1,includes_classic_bike_rides
2024,2i5w-ykuw,Lyft,5,35,1,includes_classic_bike_rides
2024,2i5w-ykuw,Lyft,5,41,1,includes_classic_bike_rides
2024,2i5w-ykuw,Lyft,5,60,5,includes_classic_bike_rides
2024,2i5w-ykuw,Lyft,5,77,310,includes_classic_bike_rides
2024,2i5w-ykuw,Lyft,6,,89,includes_classic_bike_rides
2024,2i5w-ykuw,Lyft,6,1,519,includes_classic_bike_rides
2024,2i5w-ykuw,Lyft,6,2,84,includes_classic_bike_rides
2024,2i5w-ykuw,Lyft,6,3,16134,includes_classic_bike_rides
2024,2i5w-ykuw,Lyft,6,4,3626,includes_classic_bike_rides
2024,2i5w-ykuw,Lyft,6,5,7639,includes_classic_bike_rides
2024,2i5w-ykuw,Lyft,6,6,89164,includes_classic_bike_rides
2024,2i5w-ykuw,Lyft,6,7,34070,includes_classic_bike_rides
2024,2i5w-ykuw,Lyft,6,8,10392,includes_classic_bike_rides
2024,2i5w-ykuw,Lyft,6,12,3,includes_classic_bike_rides
2024,2i5w-ykuw,Lyft,6,13,53,includes_classic_bike_rides
2024,2i5w-ykuw,Lyft,6,14,196,includes_classic_bike_rides
2024,2i5w-ykuw,Lyft,6,15,44,includes_classic_bike_rides
2024,2i5w-ykuw,Lyft,6,16,766,includes_classic_bike_rides
2024,2i5w-ykuw,Lyft,6,17,3,includes_classic_bike_rides
2024,2i5w-ykuw,Lyft,6,18,1,includes_classic_bike_rides
2024,2i5w-ykuw,Lyft,6,19,29,includes_classic_bike_rides
2024,2i5w-ykuw,Lyft,6,20,75,includes_classic_bike_rides
2024,2i5w-ykuw,Lyft,6,21,684,includes_classic_bike_rides
2024,2i5w-ykuw,Lyft,6,22,2351,includes_classic_bike_rides
2024,2i5w-ykuw,Lyft,6,23,21,includes_classic_bike_rides
2024,2i5w-ykuw,Lyft,6,24,2392,includes_classic_bike_rides
2024,2i5w-ykuw,Lyft,6,25,9,includes_classic_bike_rides
2024,2i5w-ykuw,Lyft,6,27,4,includes_classic_bike_rides
2024,2i5w-ykuw,Lyft,6,28,1566,includes_classic_bike_rides
2024,2i5w-ykuw,Lyft,6,29,1,includes_classic_bike_rides
2024,2i5w-ykuw,Lyft,6,30,4,includes_classic_bike_rides
2024,2i5w-ykuw,Lyft,6,31,26,includes_classic_bike_rides
2024,2i5w-ykuw,Lyft,6,32,3468,includes_classic_bike_rides
2024,2i5w-ykuw,Lyft,6,33,367,includes_classic_bike_rides
2024,2i5w-ykuw,Lyft,6,34,18,includes_classic_bike_rides
2024,2i5w-ykuw,Lyft,6,35,31,includes_classic_bike_rides
2024,2i5w-ykuw,Lyft,6,38,1,includes_classic_bike_rides
2024,2i5w-ykuw,Lyft,6,39,5,includes_classic_bike_rides
2024,2i5w-ykuw,Lyft,6,41,36,includes_classic_bike_rides
2024,2i5w-ykuw,Lyft,6,42,2,includes_classic_bike_rides
2024,2i5w-ykuw,Lyft,6,43,3,includes_classic_bike_rides
2024,2i5w-ykuw,Lyft,6,59,1,includes_classic_bike_rides
2024,2i5w-ykuw,Lyft,6,60,5,includes_classic_bike_rides
2024,2i5w-ykuw,Lyft,6,69,1,includes_classic_bike_rides
2024,2i5w-ykuw,Lyft,6,77,2773,includes_classic_bike_rides
2024,2i5w-ykuw,Lyft,7,,41,includes_classic_bike_rides
2024,2i5w-ykuw,Lyft,7,1,165,includes_classic_bike_rides
2024,2i5w-ykuw,Lyft,7,2,30,includes_classic_bike_rides
2024,2i5w-ykuw,Lyft,7,3,3843,includes_classic_bike_rides
2024,2i5w-ykuw,Lyft,7,4,627,includes_classic_bike_rides
2024,2i5w-ykuw,Lyft,7,5,1847,includes_classic_bike_rides
2024,2i5w-ykuw,Lyft,7,6,35163,includes_classic_bike_rides
2024,2i5w-ykuw,Lyft,7,7,117197,includes_classic_bike_rides
2024,2i5w-ykuw,Lyft,7,8,54210,includes_classic_bike_rides
2024,2i5w-ykuw,Lyft,7,13,11,includes_classic_bike_rides
2024,2i5w-ykuw,Lyft,7,14,124,includes_classic_bike_rides
2024,2i5w-ykuw,Lyft,7,15,37,includes_classic_bike_rides
2024,2i5w-ykuw,Lyft,7,16,205,includes_classic_bike_rides
2024,2i5w-ykuw,Lyft,7,17,1,includes_classic_bike_rides
2024,2i5w-ykuw,Lyft,7,19,12,includes_classic_bike_rides
2024,2i5w-ykuw,Lyft,7,20,75,includes_classic_bike_rides
2024,2i5w-ykuw,Lyft,7,21,257,includes_classic_bike_rides
2024,2i5w-ykuw,Lyft,7,22,6169,includes_classic_bike_rides
2024,2i5w-ykuw,Lyft,7,23,40,includes_classic_bike_rides
2024,2i5w-ykuw,Lyft,7,24,7365,includes_classic_bike_rides
2024,2i5w-ykuw,Lyft,7,25,4,includes_classic_bike_rides
2024,2i5w-ykuw,Lyft,7,26,2,includes_classic_bike_rides
2024,2i5w-ykuw,Lyft,7,27,41,includes_classic_bike_rides
2024,2i5w-ykuw,Lyft,7,28,6704,includes_classic_bike_rides
2024,2i5w-ykuw,Lyft,7,29,2,includes_classic_bike_rides
2024,2i5w-ykuw,Lyft,7,30,2,includes_classic_bike_rides
2024,2i5w-ykuw,Lyft,7,31,153,includes_classic_bike_rides
2024,2i5w-ykuw,Lyft,7,32,12306,includes_classic_bike_rides
2024,2i5w-ykuw,Lyft,7,33,1463,includes_classic_bike_rides
2024,2i5w-ykuw,Lyft,7,34,73,includes_classic_bike_rides
2024,2i5w-ykuw,Lyft,7,35,85,includes_classic_bike_rides
2024,2i5w-ykuw,Lyft,7,38,9,includes_classic_bike_rides
2024,2i5w-ykuw,Lyft,7,39,13,includes_classic_bike_rides
2024,2i5w-ykuw,Lyft,7,41,98,includes_classic_bike_rides
2024,2i5w-ykuw,Lyft,7,42,17,includes_classic_bike_rides
2024,2i5w-ykuw,Lyft,7,43,9,includes_classic_bike_rides
2024,2i5w-ykuw,Lyft,7,58,2,includes_classic_bike_rides
2024,2i5w-ykuw,Lyft,7,59,1,includes_classic_bike_rides
2024,2i5w-ykuw,Lyft,7,60,29,includes_classic_bike_rides
2024,2i5w-ykuw,Lyft,7,67,1,includes_classic_bike_rides
2024,2i5w-ykuw,Lyft,7,77,1310,includes_classic_bike_rides
2024,2i5w-ykuw,Lyft,8,,84,includes_classic_bike_rides
2024,2i5w-ykuw,Lyft,8,1,162,includes_classic_bike_rides
2024,2i5w-ykuw,Lyft,8,2,17,includes_classic_bike_rides
2024,2i5w-ykuw,Lyft,8,3,2694,includes_classic_bike_rides
2024,2i5w-ykuw,Lyft,8,4,288,includes_classic_bike_rides
2024,2i5w-ykuw,Lyft,8,5,895,includes_classic_bike_rides
2024,2i5w-ykuw,Lyft,8,6,12803,includes_classic_bike_rides
2024,2i5w-ykuw,Lyft,8,7,62130,includes_classic_bike_rides
2024,2i5w-ykuw,Lyft,8,8,265268,includes_classic_bike_rides
2024,2i5w-ykuw,Lyft,8,11,1,includes_classic_bike_rides
2024,2i5w-ykuw,Lyft,8,13,2,includes_classic_bike_rides
2024,2i5w-ykuw,Lyft,8,14,42,includes_classic_bike_rides
2024,2i5w-ykuw,Lyft,8,15,12,includes_classic_bike_rides
2024,2i5w-ykuw,Lyft,8,16,89,includes_classic_bike_rides
2024,2i5w-ykuw,Lyft,8,19,8,includes_classic_bike_rides
2024,2i5w-ykuw,Lyft,8,20,34,includes_classic_bike_rides
2024,2i5w-ykuw,Lyft,8,21,197,includes_classic_bike_rides
2024,2i5w-ykuw,Lyft,8,22,3475,includes_classic_bike_rides
2024,2i5w-ykuw,Lyft,8,23,133,includes_classic_bike_rides
2024,2i5w-ykuw,Lyft,8,24,28050,includes_classic_bike_rides
2024,2i5w-ykuw,Lyft,8,25,19,includes_classic_bike_rides
2024,2i5w-ykuw,Lyft,8,26,3,includes_classic_bike_rides
2024,2i5w-ykuw,Lyft,8,27,33,includes_classic_bike_rides
2024,2i5w-ykuw,Lyft,8,28,51947,includes_classic_bike_rides
2024,2i5w-ykuw,Lyft,8,29,14,includes_classic_bike_rides
2024,2i5w-ykuw,Lyft,8,30,13,includes_classic_bike_rides
2024,2i5w-ykuw,Lyft,8,31,634,includes_classic_bike_rides
2024,2i5w-ykuw,Lyft,8,32,76747,includes_classic_bike_rides
2024,2i5w-ykuw,Lyft,8,33,7532,includes_classic_bike_rides
2024,2i5w-ykuw,Lyft,8,34,538,includes_classic_bike_rides
2024,2i5w-ykuw,Lyft,8,35,484,includes_classic_bike_rides
2024,2i5w-ykuw,Lyft,8,36,2,includes_classic_bike_rides
2024,2i5w-ykuw,Lyft,8,38,27,includes_classic_bike_rides
2024,2i5w-ykuw,Lyft,8,39,48,includes_classic_bike_rides
2024,2i5w-ykuw,Lyft,8,40,6,includes_classic_bike_rides
2024,2i5w-ykuw,Lyft,8,41,403,includes_classic_bike_rides
2024,2i5w-ykuw,Lyft,8,42,25,includes_classic_bike_rides
2024,2i5w-ykuw,Lyft,8,43,7,includes_classic_bike_rides
2024,2i5w-ykuw,Lyft,8,44,1,includes_classic_bike_rides
2024,2i5w-ykuw,Lyft,8,46,2,includes_classic_bike_rides
2024,2i5w-ykuw,Lyft,8,56,4,includes_classic_bike_rides
2024,2i5w-ykuw,Lyft,8,58,4,includes_classic_bike_rides
2024,2i5w-ykuw,Lyft,8,59,25,includes_classic_bike_rides
2024,2i5w-ykuw,Lyft,8,60,162,includes_classic_bike_rides
2024,2i5w-ykuw,Lyft,8,61,12,includes_classic_bike_rides
2024,2i5w-ykuw,Lyft,8,63,1,includes_classic_bike_rides
2024,2i5w-ykuw,Lyft,8,67,2,includes_classic_bike_rides
2024,2i5w-ykuw,Lyft,8,68,2,includes_classic_bike_rides
2024,2i5w-ykuw,Lyft,8,69,7,includes_classic_bike_rides
2024,2i5w-ykuw,Lyft,8,71,1,includes_classic_bike_rides
2024,2i5w-ykuw,Lyft,8,77,959,includes_classic_bike_rides
2024,2i5w-ykuw,Lyft,11,2,13,includes_classic_bike_rides
2024,2i5w-ykuw,Lyft,11,3,6,includes_classic_bike_rides
2024,2i5w-ykuw,Lyft,11,4,9,includes_classic_bike_rides
2024,2i5w-ykuw,Lyft,11,5,3,includes_classic_bike_rides
2024,2i5w-ykuw,Lyft,11,6,3,includes_classic_bike_rides
2024,2i5w-ykuw,Lyft,11,7,1,includes_classic_bike_rides
2024,2i5w-ykuw,Lyft,11,8,2,includes_classic_bike_rides
2024,2i5w-ykuw,Lyft,11,11,32,includes_classic_bike_rides
2024,2i5w-ykuw,Lyft,11,12,1,includes_classic_bike_rides
2024,2i5w-ykuw,Lyft,11,13,11,includes_classic_bike_rides
2024,2i5w-ykuw,Lyft,11,14,9,includes_classic_bike_rides
2024,2i5w-ykuw,Lyft,11,15,72,includes_classic_bike_rides
2024,2i5w-ykuw,Lyft,11,16,14,includes_classic_bike_rides
2024,2i5w-ykuw,Lyft,11,17,7,includes_classic_bike_rides
2024,2i5w-ykuw,Lyft,11,19,6,includes_classic_bike_rides
2024,2i5w-ykuw,Lyft,11,21,2,includes_classic_bike_rides
2024,2i5w-ykuw,Lyft,11,22,2,includes_classic_bike_rides
2024,2i5w-ykuw,Lyft,11,24,2,includes_classic_bike_rides
2024,2i5w-ykuw,Lyft,11,25,1,includes_classic_bike_rides
2024,2i5w-ykuw,Lyft,11,76,1,includes_classic_bike_rides
2024,2i5w-ykuw,Lyft,11,77,13,includes_classic_bike_rides
2024,2i5w-ykuw,Lyft,12,,1,includes_classic_bike_rides
2024,2i5w-ykuw,Lyft,12,1,2,includes_classic_bike_rides
2024,2i5w-ykuw,Lyft,12,2,7,includes_classic_bike_rides
2024,2i5w-ykuw,Lyft,12,3,2,includes_classic_bike_rides
2024,2i5w-ykuw,Lyft,12,4,1,includes_classic_bike_rides
2024,2i5w-ykuw,Lyft,12,5,1,includes_classic_bike_rides
2024,2i5w-ykuw,Lyft,12,11,1,includes_classic_bike_rides
2024,2i5w-ykuw,Lyft,12,12,81,includes_classic_bike_rides
2024,2i5w-ykuw,Lyft,12,13,41,includes_classic_bike_rides
2024,2i5w-ykuw,Lyft,12,14,3,includes_classic_bike_rides
2024,2i5w-ykuw,Lyft,12,16,2,includes_classic_bike_rides
2024,2i5w-ykuw,Lyft,12,21,1,includes_classic_bike_rides
2024,2i5w-ykuw,Lyft,12,22,1,includes_classic_bike_rides
2024,2i5w-ykuw,Lyft,12,77,2,includes_classic_bike_rides
2024,2i5w-ykuw,Lyft,13,,52,includes_classic_bike_rides
2024,2i5w-ykuw,Lyft,13,1,35,includes_classic_bike_rides
2024,2i5w-ykuw,Lyft,13,2,269,includes_classic_bike_rides
2024,2i5w-ykuw,Lyft,13,3,61,includes_classic_bike_rides
2024,2i5w-ykuw,Lyft,13,4,300,includes_classic_bike_rides
2024,2i5w-ykuw,Lyft,13,5,131,includes_classic_bike_rides
2024,2i5w-ykuw,Lyft,13,6,33,includes_classic_bike_rides
2024,2i5w-ykuw,Lyft,13,7,18,includes_classic_bike_rides
2024,2i5w-ykuw,Lyft,13,8,10,includes_classic_bike_rides
2024,2i5w-ykuw,Lyft,13,11,6,includes_classic_bike_rides
2024,2i5w-ykuw,Lyft,13,12,36,includes_classic_bike_rides
2024,2i5w-ykuw,Lyft,13,13,977,includes_classic_bike_rides
2024,2i5w-ykuw,Lyft,13,14,335,includes_classic_bike_rides
2024,2i5w-ykuw,Lyft,13,15,14,includes_classic_bike_rides
2024,2i5w-ykuw,Lyft,13,16,99,includes_classic_bike_rides
2024,2i5w-ykuw,Lyft,13,17,2,includes_classic_bike_rides
2024,2i5w-ykuw,Lyft,13,20,2,includes_classic_bike_rides
2024,2i5w-ykuw,Lyft,13,21,28,includes_classic_bike_rides
2024,2i5w-ykuw,Lyft,13,22,41,includes_classic_bike_rides
2024,2i5w-ykuw,Lyft,13,24,5,includes_classic_bike_rides
2024,2i5w-ykuw,Lyft,13,25,1,includes_classic_bike_rides
2024,2i5w-ykuw,Lyft,13,32,5,includes_classic_bike_rides
2024,2i5w-ykuw,Lyft,13,77,67,includes_classic_bike_rides
2024,2i5w-ykuw,Lyft,14,,6,includes_classic_bike_rides
2024,2i5w-ykuw,Lyft,14,1,15,includes_classic_bike_rides
2024,2i5w-ykuw,Lyft,14,2,100,includes_classic_bike_rides
2024,2i5w-ykuw,Lyft,14,3,142,includes_classic_bike_rides
2024,2i5w-ykuw,Lyft,14,4,435,includes_classic_bike_rides
2024,2i5w-ykuw,Lyft,14,5,132,includes_classic_bike_rides
2024,2i5w-ykuw,Lyft,14,6,173,includes_classic_bike_rides
2024,2i5w-ykuw,Lyft,14,7,38,includes_classic_bike_rides
2024,2i5w-ykuw,Lyft,14,8,32,includes_classic_bike_rides
2024,2i5w-ykuw,Lyft,14,11,11,includes_classic_bike_rides
2024,2i5w-ykuw,Lyft,14,12,3,includes_classic_bike_rides
2024,2i5w-ykuw,Lyft,14,13,275,includes_classic_bike_rides
2024,2i5w-ykuw,Lyft,14,14,1084,includes_classic_bike_rides
2024,2i5w-ykuw,Lyft,14,15,25,includes_classic_bike_rides
2024,2i5w-ykuw,Lyft,14,16,582,includes_classic_bike_rides
2024,2i5w-ykuw,Lyft,14,17,3,includes_classic_bike_rides
2024,2i5w-ykuw,Lyft,14,18,1,includes_classic_bike_rides
2024,2i5w-ykuw,Lyft,14,19,2,includes_classic_bike_rides
2024,2i5w-ykuw,Lyft,14,20,2,includes_classic_bike_rides
2024,2i5w-ykuw,Lyft,14,21,143,includes_classic_bike_rides
2024,2i5w-ykuw,Lyft,14,22,133,includes_classic_bike_rides
2024,2i5w-ykuw,Lyft,14,23,1,includes_classic_bike_rides
2024,2i5w-ykuw,Lyft,14,24,26,includes_classic_bike_rides
2024,2i5w-ykuw,Lyft,14,28,4,includes_classic_bike_rides
2024,2i5w-ykuw,Lyft,14,32,5,includes_classic_bike_rides
2024,2i5w-ykuw,Lyft,14,33,3,includes_classic_bike_rides
2024,2i5w-ykuw,Lyft,14,77,43,includes_classic_bike_rides
2024,2i5w-ykuw,Lyft,15,,1,includes_classic_bike_rides
2024,2i5w-ykuw,Lyft,15,1,2,includes_classic_bike_rides
2024,2i5w-ykuw,Lyft,15,2,5,includes_classic_bike_rides
2024,2i5w-ykuw,Lyft,15,3,9,includes_classic_bike_rides
2024,2i5w-ykuw,Lyft,15,4,17,includes_classic_bike_rides
2024,2i5w-ykuw,Lyft,15,5,5,includes_classic_bike_rides
2024,2i5w-ykuw,Lyft,15,6,63,includes_classic_bike_rides
2024,2i5w-ykuw,Lyft,15,7,42,includes_classic_bike_rides
2024,2i5w-ykuw,Lyft,15,8,12,includes_classic_bike_rides
2024,2i5w-ykuw,Lyft,15,11,76,includes_classic_bike_rides
2024,2i5w-ykuw,Lyft,15,12,1,includes_classic_bike_rides
2024,2i5w-ykuw,Lyft,15,13,10,includes_classic_bike_rides
2024,2i5w-ykuw,Lyft,15,14,43,includes_classic_bike_rides
2024,2i5w-ykuw,Lyft,15,15,378,includes_classic_bike_rides
2024,2i5w-ykuw,Lyft,15,16,210,includes_classic_bike_rides
2024,2i5w-ykuw,Lyft,15,17,74,includes_classic_bike_rides
2024,2i5w-ykuw,Lyft,15,18,1,includes_classic_bike_rides
2024,2i5w-ykuw,Lyft,15,19,43,includes_classic_bike_rides
2024,2i5w-ykuw,Lyft,15,20,7,includes_classic_bike_rides
2024,2i5w-ykuw,Lyft,15,21,24,includes_classic_bike_rides
2024,2i5w-ykuw,Lyft,15,22,52,includes_classic_bike_rides
2024,2i5w-ykuw,Lyft,15,23,1,includes_classic_bike_rides
2024,2i5w-ykuw,Lyft,15,24,17,includes_classic_bike_rides
2024,2i5w-ykuw,Lyft,15,25,4,includes_classic_bike_rides
2024,2i5w-ykuw,Lyft,15,28,1,includes_classic_bike_rides
2024,2i5w-ykuw,Lyft,15,29,1,includes_classic_bike_rides
2024,2i5w-ykuw,Lyft,15,32,2,includes_classic_bike_rides
2024,2i5w-ykuw,Lyft,15,77,12,includes_classic_bike_rides
2024,2i5w-ykuw,Lyft,16,,6,includes_classic_bike_rides
2024,2i5w-ykuw,Lyft,16,1,34,includes_classic_bike_rides
2024,2i5w-ykuw,Lyft,16,2,47,includes_classic_bike_rides
2024,2i5w-ykuw,Lyft,16,3,206,includes_classic_bike_rides
2024,2i5w-ykuw,Lyft,16,4,500,includes_classic_bike_rides
2024,2i5w-ykuw,Lyft,16,5,555,includes_classic_bike_rides
2024,2i5w-ykuw,Lyft,16,6,684,includes_classic_bike_rides
2024,2i5w-ykuw,Lyft,16,7,141,includes_classic_bike_rides
2024,2i5w-ykuw,Lyft,16,8,49,includes_classic_bike_rides
2024,2i5w-ykuw,Lyft,16,11,18,includes_classic_bike_rides
2024,2i5w-ykuw,Lyft,16,12,4,includes_classic_bike_rides
2024,2i5w-ykuw,Lyft,16,13,131,includes_classic_bike_rides
2024,2i5w-ykuw,Lyft,16,14,533,includes_classic_bike_rides
2024,2i5w-ykuw,Lyft,16,15,290,includes_classic_bike_rides
2024,2i5w-ykuw,Lyft,16,16,3081,includes_classic_bike_rides
2024,2i5w-ykuw,Lyft,16,17,20,includes_classic_bike_rides
2024,2i5w-ykuw,Lyft,16,18,1,includes_classic_bike_rides
2024,2i5w-ykuw,Lyft,16,19,31,includes_classic_bike_rides
2024,2i5w-ykuw,Lyft,16,20,25,includes_classic_bike_rides
2024,2i5w-ykuw,Lyft,16,21,476,includes_classic_bike_rides
2024,2i5w-ykuw,Lyft,16,22,435,includes_classic_bike_rides
2024,2i5w-ykuw,Lyft,16,23,3,includes_classic_bike_rides
2024,2i5w-ykuw,Lyft,16,24,127,includes_classic_bike_rides
2024,2i5w-ykuw,Lyft,16,25,3,includes_classic_bike_rides
2024,2i5w-ykuw,Lyft,16,27,1,includes_classic_bike_rides
2024,2i5w-ykuw,Lyft,16,28,50,includes_classic_bike_rides
2024,2i5w-ykuw,Lyft,16,32,37,includes_classic_bike_rides
2024,2i5w-ykuw,Lyft,16,33,7,includes_classic_bike_rides
2024,2i5w-ykuw,Lyft,16,34,1,includes_classic_bike_rides
2024,2i5w-ykuw,Lyft,16,59,1,includes_classic_bike_rides
2024,2i5w-ykuw,Lyft,16,77,52,includes_classic_bike_rides
2024,2i5w-ykuw,Lyft,17,,4,includes_classic_bike_rides
2024,2i5w-ykuw,Lyft,17,5,1,includes_classic_bike_rides
2024,2i5w-ykuw,Lyft,17,6,1,includes_classic_bike_rides
2024,2i5w-ykuw,Lyft,17,8,2,includes_classic_bike_rides
2024,2i5w-ykuw,Lyft,17,11,2,includes_classic_bike_rides
2024,2i5w-ykuw,Lyft,17,13,1,includes_classic_bike_rides
2024,2i5w-ykuw,Lyft,17,14,4,includes_classic_bike_rides
2024,2i5w-ykuw,Lyft,17,15,49,includes_classic_bike_rides
2024,2i5w-ykuw,Lyft,17,16,10,includes_classic_bike_rides
2024,2i5w-ykuw,Lyft,17,17,299,includes_classic_bike_rides
2024,2i5w-ykuw,Lyft,17,18,18,includes_classic_bike_rides
2024,2i5w-ykuw,Lyft,17,19,27,includes_classic_bike_rides
2024,2i5w-ykuw,Lyft,17,20,3,includes_classic_bike_rides
2024,2i5w-ykuw,Lyft,17,21,2,includes_classic_bike_rides
2024,2i5w-ykuw,Lyft,17,22,4,includes_classic_bike_rides
2024,2i5w-ykuw,Lyft,17,24,4,includes_classic_bike_rides
2024,2i5w-ykuw,Lyft,17,25,12,includes_classic_bike_rides
2024,2i5w-ykuw,Lyft,17,32,4,includes_classic_bike_rides
2024,2i5w-ykuw,Lyft,17,77,1,includes_classic_bike_rides
2024,2i5w-ykuw,Lyft,18,11,1,includes_classic_bike_rides
2024,2i5w-ykuw,Lyft,18,15,1,includes_classic_bike_rides
2024,2i5w-ykuw,Lyft,18,17,26,includes_classic_bike_rides
2024,2i5w-ykuw,Lyft,18,18,53,includes_classic_bike_rides
2024,2i5w-ykuw,Lyft,18,19,25,includes_classic_bike_rides
2024,2i5w-ykuw,Lyft,18,21,2,includes_classic_bike_rides
2024,2i5w-ykuw,Lyft,18,22,1,includes_classic_bike_rides
2024,2i5w-ykuw,Lyft,18,23,2,includes_classic_bike_rides
2024,2i5w-ykuw,Lyft,18,24,1,includes_classic_bike_rides
2024,2i5w-ykuw,Lyft,18,25,14,includes_classic_bike_rides
2024,2i5w-ykuw,Lyft,18,29,1,includes_classic_bike_rides
2024,2i5w-ykuw,Lyft,19,,5,includes_classic_bike_rides
2024,2i5w-ykuw,Lyft,19,2,1,includes_classic_bike_rides
2024,2i5w-ykuw,Lyft,19,3,4,includes_classic_bike_rides
2024,2i5w-ykuw,Lyft,19,4,3,includes_classic_bike_rides
2024,2i5w-ykuw,Lyft,19,5,4,includes_classic_bike_rides
2024,2i5w-ykuw,Lyft,19,6,12,includes_classic_bike_rides
2024,2i5w-ykuw,Lyft,19,7,8,includes_classic_bike_rides
2024,2i5w-ykuw,Lyft,19,8,5,includes_classic_bike_rides
2024,2i5w-ykuw,Lyft,19,11,4,includes_classic_bike_rides
2024,2i5w-ykuw,Lyft,19,13,1,includes_classic_bike_rides
2024,2i5w-ykuw,Lyft,19,14,5,includes_classic_bike_rides
2024,2i5w-ykuw,Lyft,19,15,76,includes_classic_bike_rides
2024,2i5w-ykuw,Lyft,19,16,18,includes_classic_bike_rides
2024,2i5w-ykuw,Lyft,19,17,22,includes_classic_bike_rides
2024,2i5w-ykuw,Lyft,19,18,24,includes_classic_bike_rides
2024,2i5w-ykuw,Lyft,19,19,1217,includes_classic_bike_rides
2024,2i5w-ykuw,Lyft,19,20,120,includes_classic_bike_rides
2024,2i5w-ykuw,Lyft,19,21,42,includes_classic_bike_rides
2024,2i5w-ykuw,Lyft,19,22,79,includes_classic_bike_rides
2024,2i5w-ykuw,Lyft,19,23,28,includes_classic_bike_rides
2024,2i5w-ykuw,Lyft,19,24,11,includes_classic_bike_rides
2024,2i5w-ykuw,Lyft,19,25,123,includes_classic_bike_rides
2024,2i5w-ykuw,Lyft,19,26,1,includes_classic_bike_rides
2024,2i5w-ykuw,Lyft,19,27,2,includes_classic_bike_rides
2024,2i5w-ykuw,Lyft,19,28,2,includes_classic_bike_rides
2024,2i5w-ykuw,Lyft,19,31,1,includes_classic_bike_rides
2024,2i5w-ykuw,Lyft,19,32,3,includes_classic_bike_rides
2024,2i5w-ykuw,Lyft,19,58,1,includes_classic_bike_rides
2024,2i5w-ykuw,Lyft,19,77,1,includes_classic_bike_rides
2024,2i5w-ykuw,Lyft,20,,5,includes_classic_bike_rides
2024,2i5w-ykuw,Lyft,20,1,5,includes_classic_bike_rides
2024,2i5w-ykuw,Lyft,20,3,1,includes_classic_bike_rides
2024,2i5w-ykuw,Lyft,20,4,37,includes_classic_bike_rides
2024,2i5w-ykuw,Lyft,20,5,9,includes_classic_bike_rides
2024,2i5w-ykuw,Lyft,20,6,52,includes_classic_bike_rides
2024,2i5w-ykuw,Lyft,20,7,51,includes_classic_bike_rides
2024,2i5w-ykuw,Lyft,20,8,12,includes_classic_bike_rides
2024,2i5w-ykuw,Lyft,20,12,1,includes_classic_bike_rides
2024,2i5w-ykuw,Lyft,20,13,3,includes_classic_bike_rides
2024,2i5w-ykuw,Lyft,20,14,2,includes_classic_bike_rides
2024,2i5w-ykuw,Lyft,20,15,10,includes_classic_bike_rides
2024,2i5w-ykuw,Lyft,20,16,29,includes_classic_bike_rides
2024,2i5w-ykuw,Lyft,20,17,6,includes_classic_bike_rides
2024,2i5w-ykuw,Lyft,20,18,1,includes_classic_bike_rides
2024,2i5w-ykuw,Lyft,20,19,125,includes_classic_bike_rides
2024,2i5w-ykuw,Lyft,20,20,631,includes_classic_bike_rides
2024,2i5w-ykuw,Lyft,20,21,67,includes_classic_bike_rides
2024,2i5w-ykuw,Lyft,20,22,520,includes_classic_bike_rides
2024,2i5w-ykuw,Lyft,20,23,102,includes_classic_bike_rides
2024,2i5w-ykuw,Lyft,20,24,84,includes_classic_bike_rides
2024,2i5w-ykuw,Lyft,20,25,35,includes_classic_bike_rides
2024,2i5w-ykuw,Lyft,20,26,3,includes_classic_bike_rides
2024,2i5w-ykuw,Lyft,20,28,22,includes_classic_bike_rides
2024,2i5w-ykuw,Lyft,20,29,5,includes_classic_bike_rides
2024,2i5w-ykuw,Lyft,20,32,5,includes_classic_bike_rides
2024,2i5w-ykuw,Lyft,20,33,1,includes_classic_bike_rides
2024,2i5w-ykuw,Lyft,20,34,1,includes_classic_bike_rides
2024,2i5w-ykuw,Lyft,20,77,59,includes_classic_bike_rides
2024,2i5w-ykuw,Lyft,21,,1,includes_classic_bike_rides
2024,2i5w-ykuw,Lyft,21,1,4,includes_classic_bike_rides
2024,2i5w-ykuw,Lyft,21,2,13,includes_classic_bike_rides
2024,2i5w-ykuw,Lyft,21,3,58,includes_classic_bike_rides
2024,2i5w-ykuw,Lyft,21,4,83,includes_classic_bike_rides
2024,2i5w-ykuw,Lyft,21,5,333,includes_classic_bike_rides
2024,2i5w-ykuw,Lyft,21,6,577,includes_classic_bike_rides
2024,2i5w-ykuw,Lyft,21,7,216,includes_classic_bike_rides
2024,2i5w-ykuw,Lyft,21,8,64,includes_classic_bike_rides
2024,2i5w-ykuw,Lyft,21,11,4,includes_classic_bike_rides
2024,2i5w-ykuw,Lyft,21,12,1,includes_classic_bike_rides
2024,2i5w-ykuw,Lyft,21,13,26,includes_classic_bike_rides
2024,2i5w-ykuw,Lyft,21,14,115,includes_classic_bike_rides
2024,2i5w-ykuw,Lyft,21,15,49,includes_classic_bike_rides
2024,2i5w-ykuw,Lyft,21,16,474,includes_classic_bike_rides
2024,2i5w-ykuw,Lyft,21,17,4,includes_classic_bike_rides
2024,2i5w-ykuw,Lyft,21,18,1,includes_classic_bike_rides
2024,2i5w-ykuw,Lyft,21,19,45,includes_classic_bike_rides
2024,2i5w-ykuw,Lyft,21,20,64,includes_classic_bike_rides
2024,2i5w-ykuw,Lyft,21,21,1929,includes_classic_bike_rides
2024,2i5w-ykuw,Lyft,21,22,1509,includes_classic_bike_rides
2024,2i5w-ykuw,Lyft,21,23,33,includes_classic_bike_rides
2024,2i5w-ykuw,Lyft,21,24,281,includes_classic_bike_rides
2024,2i5w-ykuw,Lyft,21,25,3,includes_classic_bike_rides
2024,2i5w-ykuw,Lyft,21,27,5,includes_classic_bike_rides
2024,2i5w-ykuw,Lyft,21,28,37,includes_classic_bike_rides
2024,2i5w-ykuw,Lyft,21,30,1,includes_classic_bike_rides
2024,2i5w-ykuw,Lyft,21,31,3,includes_classic_bike_rides
2024,2i5w-ykuw,Lyft,21,32,21,includes_classic_bike_rides
2024,2i5w-ykuw,Lyft,21,33,5,includes_classic_bike_rides
2024,2i5w-ykuw,Lyft,21,59,1,includes_classic_bike_rides
2024,2i5w-ykuw,Lyft,21,77,27,includes_classic_bike_rides
2024,2i5w-ykuw,Lyft,22,,17,includes_classic_bike_rides
2024,2i5w-ykuw,Lyft,22,1,14,includes_classic_bike_rides
2024,2i5w-ykuw,Lyft,22,2,11,includes_classic_bike_rides
2024,2i5w-ykuw,Lyft,22,3,276,includes_classic_bike_rides
2024,2i5w-ykuw,Lyft,22,4,311,includes_classic_bike_rides
2024,2i5w-ykuw,Lyft,22,5,960,includes_classic_bike_rides
2024,2i5w-ykuw,Lyft,22,6,2338,includes_classic_bike_rides
2024,2i5w-ykuw,Lyft,22,7,5845,includes_classic_bike_rides
2024,2i5w-ykuw,Lyft,22,8,2946,includes_classic_bike_rides
2024,2i5w-ykuw,Lyft,22,11,2,includes_classic_bike_rides
2024,2i5w-ykuw,Lyft,22,13,34,includes_classic_bike_rides
2024,2i5w-ykuw,Lyft,22,14,158,includes_classic_bike_rides
2024,2i5w-ykuw,Lyft,22,15,39,includes_classic_bike_rides
2024,2i5w-ykuw,Lyft,22,16,492,includes_classic_bike_rides
2024,2i5w-ykuw,Lyft,22,17,3,includes_classic_bike_rides
2024,2i5w-ykuw,Lyft,22,18,1,includes_classic_bike_rides
2024,2i5w-ykuw,Lyft,22,19,119,includes_classic_bike_rides
2024,2i5w-ykuw,Lyft,22,20,582,includes_classic_bike_rides
2024,2i5w-ykuw,Lyft,22,21,1767,includes_classic_bike_rides
2024,2i5w-ykuw,Lyft,22,22,22644,includes_classic_bike_rides
2024,2i5w-ykuw,Lyft,22,23,422,includes_classic_bike_rides
2024,2i5w-ykuw,Lyft,22,24,12398,includes_classic_bike_rides
2024,2i5w-ykuw,Lyft,22,25,28,includes_classic_bike_rides
2024,2i5w-ykuw,Lyft,22,26,2,includes_classic_bike_rides
2024,2i5w-ykuw,Lyft,22,27,38,includes_classic_bike_rides
2024,2i5w-ykuw,Lyft,22,28,1277,includes_classic_bike_rides
2024,2i5w-ykuw,Lyft,22,29,6,includes_classic_bike_rides
2024,2i5w-ykuw,Lyft,22,30,6,includes_classic_bike_rides
2024,2i5w-ykuw,Lyft,22,31,60,includes_classic_bike_rides
2024,2i5w-ykuw,Lyft,22,32,874,includes_classic_bike_rides
2024,2i5w-ykuw,Lyft,22,33,38,includes_classic_bike_rides
2024,2i5w-ykuw,Lyft,22,34,11,includes_classic_bike_rides
2024,2i5w-ykuw,Lyft,22,35,3,includes_classic_bike_rides
2024,2i5w-ykuw,Lyft,22,39,2,includes_classic_bike_rides
2024,2i5w-ykuw,Lyft,22,41,3,includes_classic_bike_rides
2024,2i5w-ykuw,Lyft,22,59,2,includes_classic_bike_rides
2024,2i5w-ykuw,Lyft,22,60,14,includes_classic_bike_rides
2024,2i5w-ykuw,Lyft,22,61,1,includes_classic_bike_rides
2024,2i5w-ykuw,Lyft,22,77,115,includes_classic_bike_rides
2024,2i5w-ykuw,Lyft,23,,1,includes_classic_bike_rides
2024,2i5w-ykuw,Lyft,23,3,1,includes_classic_bike_rides
2024,2i5w-ykuw,Lyft,23,4,1,includes_classic_bike_rides
2024,2i5w-ykuw,Lyft,23,5,10,includes_classic_bike_rides
2024,2i5w-ykuw,Lyft,23,6,21,includes_classic_bike_rides
2024,2i5w-ykuw,Lyft,23,7,30,includes_classic_bike_rides
2024,2i5w-ykuw,Lyft,23,8,71,includes_classic_bike_rides
2024,2i5w-ykuw,Lyft,23,14,2,includes_classic_bike_rides
2024,2i5w-ykuw,Lyft,23,15,4,includes_classic_bike_rides
2024,2i5w-ykuw,Lyft,23,16,7,includes_classic_bike_rides
2024,2i5w-ykuw,Lyft,23,17,2,includes_classic_bike_rides
2024,2i5w-ykuw,Lyft,23,18,2,includes_classic_bike_rides
2024,2i5w-ykuw,Lyft,23,19,31,includes_classic_bike_rides
2024,2i5w-ykuw,Lyft,23,20,119,includes_classic_bike_rides
2024,2i5w-ykuw,Lyft,23,21,44,includes_classic_bike_rides
2024,2i5w-ykuw,Lyft,23,22,419,includes_classic_bike_rides
2024,2i5w-ykuw,Lyft,23,23,1534,includes_classic_bike_rides
2024,2i5w-ykuw,Lyft,23,24,721,includes_classic_bike_rides
2024,2i5w-ykuw,Lyft,23,25,122,includes_classic_bike_rides
2024,2i5w-ykuw,Lyft,23,26,50,includes_classic_bike_rides
2024,2i5w-ykuw,Lyft,23,27,203,includes_classic_bike_rides
2024,2i5w-ykuw,Lyft,23,28,74,includes_classic_bike_rides
2024,2i5w-ykuw,Lyft,23,29,28,includes_classic_bike_rides
2024,2i5w-ykuw,Lyft,23,30,5,includes_classic_bike_rides
2024,2i5w-ykuw,Lyft,23,31,3,includes_classic_bike_rides
2024,2i5w-ykuw,Lyft,23,32,28,includes_classic_bike_rides
2024,2i5w-ykuw,Lyft,23,33,2,includes_classic_bike_rides
2024,2i5w-ykuw,Lyft,23,60,1,includes_classic_bike_rides
2024,2i5w-ykuw,Lyft,23,61,1,includes_classic_bike_rides
2024,2i5w-ykuw,Lyft,23,62,1,includes_classic_bike_rides
2024,2i5w-ykuw,Lyft,23,63,1,includes_classic_bike_rides
2024,2i5w-ykuw,Lyft,23,66,1,includes_classic_bike_rides
2024,2i5w-ykuw,Lyft,23,67,1,includes_classic_bike_rides
2024,2i5w-ykuw,Lyft,23,77,1,includes_classic_bike_rides
2024,2i5w-ykuw,Lyft,24,,3,includes_classic_bike_rides
2024,2i5w-ykuw,Lyft,24,1,37,includes_classic_bike_rides
2024,2i5w-ykuw,Lyft,24,2,5,includes_classic_bike_rides
2024,2i5w-ykuw,Lyft,24,3,362,includes_classic_bike_rides
2024,2i5w-ykuw,Lyft,24,4,206,includes_classic_bike_rides
2024,2i5w-ykuw,Lyft,24,5,681,includes_classic_bike_rides
2024,2i5w-ykuw,Lyft,24,6,2464,includes_classic_bike_rides
2024,2i5w-ykuw,Lyft,24,7,7750,includes_classic_bike_rides
2024,2i5w-ykuw,Lyft,24,8,25702,includes_classic_bike_rides
2024,2i5w-ykuw,Lyft,24,11,6,includes_classic_bike_rides
2024,2i5w-ykuw,Lyft,24,13,12,includes_classic_bike_rides
2024,2i5w-ykuw,Lyft,24,14,30,includes_classic_bike_rides
2024,2i5w-ykuw,Lyft,24,15,33,includes_classic_bike_rides
2024,2i5w-ykuw,Lyft,24,16,137,includes_classic_bike_rides
2024,2i5w-ykuw,Lyft,24,17,3,includes_classic_bike_rides
2024,2i5w-ykuw,Lyft,24,18,2,includes_classic_bike_rides
2024,2i5w-ykuw,Lyft,24,19,28,includes_classic_bike_rides
2024,2i5w-ykuw,Lyft,24,20,68,includes_classic_bike_rides
2024,2i5w-ykuw,Lyft,24,21,374,includes_classic_bike_rides
2024,2i5w-ykuw,Lyft,24,22,12999,includes_classic_bike_rides
2024,2i5w-ykuw,Lyft,24,23,824,includes_classic_bike_rides
2024,2i5w-ykuw,Lyft,24,24,71207,includes_classic_bike_rides
2024,2i5w-ykuw,Lyft,24,25,48,includes_classic_bike_rides
2024,2i5w-ykuw,Lyft,24,26,13,includes_classic_bike_rides
2024,2i5w-ykuw,Lyft,24,27,214,includes_classic_bike_rides
2024,2i5w-ykuw,Lyft,24,28,28375,includes_classic_bike_rides
2024,2i5w-ykuw,Lyft,24,29,53,includes_classic_bike_rides
2024,2i5w-ykuw,Lyft,24,30,69,includes_classic_bike_rides
2024,2i5w-ykuw,Lyft,24,31,419,includes_classic_bike_rides
2024,2i5w-ykuw,Lyft,24,32,7889,includes_classic_bike_rides
2024,2i5w-ykuw,Lyft,24,33,366,includes_classic_bike_rides
2024,2i5w-ykuw,Lyft,24,34,75,includes_classic_bike_rides
2024,2i5w-ykuw,Lyft,24,35,13,includes_classic_bike_rides
2024,2i5w-ykuw,Lyft,24,36,1,includes_classic_bike_rides
2024,2i5w-ykuw,Lyft,24,38,1,includes_classic_bike_rides
2024,2i5w-ykuw,Lyft,24,39,2,includes_classic_bike_rides
2024,2i5w-ykuw,Lyft,24,41,21,includes_classic_bike_rides
2024,2i5w-ykuw,Lyft,24,42,1,includes_classic_bike_rides
2024,2i5w-ykuw,Lyft,24,43,6,includes_classic_bike_rides
2024,2i5w-ykuw,Lyft,24,58,4,includes_classic_bike_rides
2024,2i5w-ykuw,Lyft,24,59,9,includes_classic_bike_rides
2024,2i5w-ykuw,Lyft,24,60,52,includes_classic_bike_rides
2024,2i5w-ykuw,Lyft,24,61,5,includes_classic_bike_rides
2024,2i5w-ykuw,Lyft,24,63,1,includes_classic_bike_rides
2024,2i5w-ykuw,Lyft,24,66,2,includes_classic_bike_rides
2024,2i5w-ykuw,Lyft,24,67,1,includes_classic_bike_rides
2024,2i5w-ykuw,Lyft,24,77,74,includes_classic_bike_rides
2024,2i5w-ykuw,Lyft,25,,48,includes_classic_bike_rides
2024,2i5w-ykuw,Lyft,25,3,4,includes_classic_bike_rides
2024,2i5w-ykuw,Lyft,25,6,7,includes_classic_bike_rides
2024,2i5w-ykuw,Lyft,25,7,6,includes_classic_bike_rides
2024,2i5w-ykuw,Lyft,25,8,8,includes_classic_bike_rides
2024,2i5w-ykuw,Lyft,25,13,6,includes_classic_bike_rides
2024,2i5w-ykuw,Lyft,25,15,10,includes_classic_bike_rides
2024,2i5w-ykuw,Lyft,25,16,2,includes_classic_bike_rides
2024,2i5w-ykuw,Lyft,25,17,4,includes_classic_bike_rides
2024,2i5w-ykuw,Lyft,25,18,14,includes_classic_bike_rides
2024,2i5w-ykuw,Lyft,25,19,143,includes_classic_bike_rides
2024,2i5w-ykuw,Lyft,25,20,37,includes_classic_bike_rides
2024,2i5w-ykuw,Lyft,25,21,2,includes_classic_bike_rides
2024,2i5w-ykuw,Lyft,25,22,19,includes_classic_bike_rides
2024,2i5w-ykuw,Lyft,25,23,117,includes_classic_bike_rides
2024,2i5w-ykuw,Lyft,25,24,27,includes_classic_bike_rides
2024,2i5w-ykuw,Lyft,25,25,2882,includes_classic_bike_rides
2024,2i5w-ykuw,Lyft,25,26,129,includes_classic_bike_rides
2024,2i5w-ykuw,Lyft,25,27,26,includes_classic_bike_rides
2024,2i5w-ykuw,Lyft,25,28,48,includes_classic_bike_rides
2024,2i5w-ykuw,Lyft,25,29,48,includes_classic_bike_rides
2024,2i5w-ykuw,Lyft,25,30,1,includes_classic_bike_rides
2024,2i5w-ykuw,Lyft,25,31,1,includes_classic_bike_rides
2024,2i5w-ykuw,Lyft,25,32,10,includes_classic_bike_rides
2024,2i5w-ykuw,Lyft,25,56,2,includes_classic_bike_rides
2024,2i5w-ykuw,Lyft,25,57,1,includes_classic_bike_rides
2024,2i5w-ykuw,Lyft,25,58,1,includes_classic_bike_rides
2024,2i5w-ykuw,Lyft,25,65,2,includes_classic_bike_rides
2024,2i5w-ykuw,Lyft,26,,3,includes_classic_bike_rides
2024,2i5w-ykuw,Lyft,26,3,1,includes_classic_bike_rides
2024,2i5w-ykuw,Lyft,26,5,2,includes_classic_bike_rides
2024,2i5w-ykuw,Lyft,26,6,1,includes_classic_bike_rides
2024,2i5w-ykuw,Lyft,26,7,2,includes_classic_bike_rides
2024,2i5w-ykuw,Lyft,26,8,2,includes_classic_bike_rides
2024,2i5w-ykuw,Lyft,26,15,1,includes_classic_bike_rides
2024,2i5w-ykuw,Lyft,26,19,2,includes_classic_bike_rides
2024,2i5w-ykuw,Lyft,26,20,2,includes_classic_bike_rides
2024,2i5w-ykuw,Lyft,26,22,3,includes_classic_bike_rides
2024,2i5w-ykuw,Lyft,26,23,50,includes_classic_bike_rides
2024,2i5w-ykuw,Lyft,26,24,9,includes_classic_bike_rides
2024,2i5w-ykuw,Lyft,26,25,156,includes_classic_bike_rides
2024,2i5w-ykuw,Lyft,26,26,604,includes_classic_bike_rides
2024,2i5w-ykuw,Lyft,26,27,69,includes_classic_bike_rides
2024,2i5w-ykuw,Lyft,26,28,17,includes_classic_bike_rides
2024,2i5w-ykuw,Lyft,26,29,65,includes_classic_bike_rides
2024,2i5w-ykuw,Lyft,26,30,20,includes_classic_bike_rides
2024,2i5w-ykuw,Lyft,26,31,5,includes_classic_bike_rides
2024,2i5w-ykuw,Lyft,26,32,2,includes_classic_bike_rides
2024,2i5w-ykuw,Lyft,26,33,1,includes_classic_bike_rides
2024,2i5w-ykuw,Lyft,26,38,1,includes_classic_bike_rides
2024,2i5w-ykuw,Lyft,27,,1,includes_classic_bike_rides
2024,2i5w-ykuw,Lyft,27,4,12,includes_classic_bike_rides
2024,2i5w-ykuw,Lyft,27,5,5,includes_classic_bike_rides
2024,2i5w-ykuw,Lyft,27,6,3,includes_classic_bike_rides
2024,2i5w-ykuw,Lyft,27,7,26,includes_classic_bike_rides
2024,2i5w-ykuw,Lyft,27,8,22,includes_classic_bike_rides
2024,2i5w-ykuw,Lyft,27,19,1,includes_classic_bike_rides
2024,2i5w-ykuw,Lyft,27,22,45,includes_classic_bike_rides
2024,2i5w-ykuw,Lyft,27,23,247,includes_classic_bike_rides
2024,2i5w-ykuw,Lyft,27,24,281,includes_classic_bike_rides
2024,2i5w-ykuw,Lyft,27,25,65,includes_classic_bike_rides
2024,2i5w-ykuw,Lyft,27,26,68,includes_classic_bike_rides
2024,2i5w-ykuw,Lyft,27,27,903,includes_classic_bike_rides
2024,2i5w-ykuw,Lyft,27,28,355,includes_classic_bike_rides
2024,2i5w-ykuw,Lyft,27,29,163,includes_classic_bike_rides
2024,2i5w-ykuw,Lyft,27,30,16,includes_classic_bike_rides
2024,2i5w-ykuw,Lyft,27,31,7,includes_classic_bike_rides
2024,2i5w-ykuw,Lyft,27,32,30,includes_classic_bike_rides
2024,2i5w-ykuw,Lyft,27,33,4,includes_classic_bike_rides
2024,2i5w-ykuw,Lyft,27,34,1,includes_classic_bike_rides
2024,2i5w-ykuw,Lyft,27,35,1,includes_classic_bike_rides
2024,2i5w-ykuw,Lyft,27,41,1,includes_classic_bike_rides
2024,2i5w-ykuw,Lyft,27,58,3,includes_classic_bike_rides
2024,2i5w-ykuw,Lyft,27,59,4,includes_classic_bike_rides
2024,2i5w-ykuw,Lyft,27,60,1,includes_classic_bike_rides
2024,2i5w-ykuw,Lyft,27,63,1,includes_classic_bike_rides
2024,2i5w-ykuw,Lyft,27,66,1,includes_classic_bike_rides
2024,2i5w-ykuw,Lyft,28,,10,includes_classic_bike_rides
2024,2i5w-ykuw,Lyft,28,1,7,includes_classic_bike_rides
2024,2i5w-ykuw,Lyft,28,2,2,includes_classic_bike_rides
2024,2i5w-ykuw,Lyft,28,3,306,includes_classic_bike_rides
2024,2i5w-ykuw,Lyft,28,4,135,includes_classic_bike_rides
2024,2i5w-ykuw,Lyft,28,5,393,includes_classic_bike_rides
2024,2i5w-ykuw,Lyft,28,6,2765,includes_classic_bike_rides
2024,2i5w-ykuw,Lyft,28,7,7706,includes_classic_bike_rides
2024,2i5w-ykuw,Lyft,28,8,51561,includes_classic_bike_rides
2024,2i5w-ykuw,Lyft,28,11,1,includes_classic_bike_rides
2024,2i5w-ykuw,Lyft,28,13,1,includes_classic_bike_rides
2024,2i5w-ykuw,Lyft,28,14,18,includes_classic_bike_rides
2024,2i5w-ykuw,Lyft,28,15,4,includes_classic_bike_rides
2024,2i5w-ykuw,Lyft,28,16,80,includes_classic_bike_rides
2024,2i5w-ykuw,Lyft,28,17,3,includes_classic_bike_rides
2024,2i5w-ykuw,Lyft,28,18,1,includes_classic_bike_rides
2024,2i5w-ykuw,Lyft,28,19,6,includes_classic_bike_rides
2024,2i5w-ykuw,Lyft,28,20,21,includes_classic_bike_rides
2024,2i5w-ykuw,Lyft,28,21,99,includes_classic_bike_rides
2024,2i5w-ykuw,Lyft,28,22,1767,includes_classic_bike_rides
2024,2i5w-ykuw,Lyft,28,23,135,includes_classic_bike_rides
2024,2i5w-ykuw,Lyft,28,24,30313,includes_classic_bike_rides
2024,2i5w-ykuw,Lyft,28,25,64,includes_classic_bike_rides
2024,2i5w-ykuw,Lyft,28,26,44,includes_classic_bike_rides
2024,2i5w-ykuw,Lyft,28,27,372,includes_classic_bike_rides
2024,2i5w-ykuw,Lyft,28,28,216505,includes_classic_bike_rides
2024,2i5w-ykuw,Lyft,28,29,382,includes_classic_bike_rides
2024,2i5w-ykuw,Lyft,28,30,185,includes_classic_bike_rides
2024,2i5w-ykuw,Lyft,28,31,9730,includes_classic_bike_rides
2024,2i5w-ykuw,Lyft,28,32,51256,includes_classic_bike_rides
2024,2i5w-ykuw,Lyft,28,33,5756,includes_classic_bike_rides
2024,2i5w-ykuw,Lyft,28,34,1267,includes_classic_bike_rides
2024,2i5w-ykuw,Lyft,28,35,550,includes_classic_bike_rides
2024,2i5w-ykuw,Lyft,28,37,2,includes_classic_bike_rides
2024,2i5w-ykuw,Lyft,28,38,34,includes_classic_bike_rides
2024,2i5w-ykuw,Lyft,28,39,61,includes_classic_bike_rides
2024,2i5w-ykuw,Lyft,28,40,26,includes_classic_bike_rides
2024,2i5w-ykuw,Lyft,28,41,89,includes_classic_bike_rides
2024,2i5w-ykuw,Lyft,28,42,10,includes_classic_bike_rides
2024,2i5w-ykuw,Lyft,28,43,11,includes_classic_bike_rides
2024,2i5w-ykuw,Lyft,28,44,4,includes_classic_bike_rides
2024,2i5w-ykuw,Lyft,28,46,1,includes_classic_bike_rides
2024,2i5w-ykuw,Lyft,28,49,1,includes_classic_bike_rides
2024,2i5w-ykuw,Lyft,28,56,1,includes_classic_bike_rides
2024,2i5w-ykuw,Lyft,28,57,3,includes_classic_bike_rides
2024,2i5w-ykuw,Lyft,28,58,8,includes_classic_bike_rides
2024,2i5w-ykuw,Lyft,28,59,64,includes_classic_bike_rides
2024,2i5w-ykuw,Lyft,28,60,1200,includes_classic_bike_rides
2024,2i5w-ykuw,Lyft,28,61,70,includes_classic_bike_rides
2024,2i5w-ykuw,Lyft,28,63,3,includes_classic_bike_rides
2024,2i5w-ykuw,Lyft,28,65,1,includes_classic_bike_rides
2024,2i5w-ykuw,Lyft,28,66,2,includes_classic_bike_rides
2024,2i5w-ykuw,Lyft,28,67,1,includes_classic_bike_rides
2024,2i5w-ykuw,Lyft,28,68,5,includes_classic_bike_rides
2024,2i5w-ykuw,Lyft,28,69,3,includes_classic_bike_rides
2024,2i5w-ykuw,Lyft,28,73,1,includes_classic_bike_rides
2024,2i5w-ykuw,Lyft,28,77,65,includes_classic_bike_rides
2024,2i5w-ykuw,Lyft,29,,11,includes_classic_bike_rides
2024,2i5w-ykuw,Lyft,29,1,1,includes_classic_bike_rides
2024,2i5w-ykuw,Lyft,29,3,1,includes_classic_bike_rides
2024,2i5w-ykuw,Lyft,29,4,1,includes_classic_bike_rides
2024,2i5w-ykuw,Lyft,29,5,1,includes_classic_bike_rides
2024,2i5w-ykuw,Lyft,29,8,7,includes_classic_bike_rides
2024,2i5w-ykuw,Lyft,29,20,2,includes_classic_bike_rides
2024,2i5w-ykuw,Lyft,29,21,1,includes_classic_bike_rides
2024,2i5w-ykuw,Lyft,29,22,9,includes_classic_bike_rides
2024,2i5w-ykuw,Lyft,29,23,14,includes_classic_bike_rides
2024,2i5w-ykuw,Lyft,29,24,75,includes_classic_bike_rides
2024,2i5w-ykuw,Lyft,29,25,31,includes_classic_bike_rides
2024,2i5w-ykuw,Lyft,29,26,55,includes_classic_bike_rides
2024,2i5w-ykuw,Lyft,29,27,113,includes_classic_bike_rides
2024,2i5w-ykuw,Lyft,29,28,357,includes_classic_bike_rides
2024,2i5w-ykuw,Lyft,29,29,1399,includes_classic_bike_rides
2024,2i5w-ykuw,Lyft,29,30,267,includes_classic_bike_rides
2024,2i5w-ykuw,Lyft,29,31,50,includes_classic_bike_rides
2024,2i5w-ykuw,Lyft,29,32,14,includes_classic_bike_rides
2024,2i5w-ykuw,Lyft,29,33,4,includes_classic_bike_rides
2024,2i5w-ykuw,Lyft,29,35,4,includes_classic_bike_rides
2024,2i5w-ykuw,Lyft,29,41,1,includes_classic_bike_rides
2024,2i5w-ykuw,Lyft,29,56,2,includes_classic_bike_rides
2024,2i5w-ykuw,Lyft,29,59,4,includes_classic_bike_rides
2024,2i5w-ykuw,Lyft,29,60,3,includes_classic_bike_rides
2024,2i5w-ykuw,Lyft,29,65,1,includes_classic_bike_rides
2024,2i5w-ykuw,Lyft,29,66,2,includes_classic_bike_rides
2024,2i5w-ykuw,Lyft,29,67,1,includes_classic_bike_rides
2024,2i5w-ykuw,Lyft,29,77,1,includes_classic_bike_rides
2024,2i5w-ykuw,Lyft,30,,10,includes_classic_bike_rides
2024,2i5w-ykuw,Lyft,30,1,2,includes_classic_bike_rides
2024,2i5w-ykuw,Lyft,30,3,1,includes_classic_bike_rides
2024,2i5w-ykuw,Lyft,30,5,1,includes_classic_bike_rides
2024,2i5w-ykuw,Lyft,30,6,3,includes_classic_bike_rides
2024,2i5w-ykuw,Lyft,30,7,4,includes_classic_bike_rides
2024,2i5w-ykuw,Lyft,30,8,29,includes_classic_bike_rides
2024,2i5w-ykuw,Lyft,30,16,1,includes_classic_bike_rides
2024,2i5w-ykuw,Lyft,30,19,1,includes_classic_bike_rides
2024,2i5w-ykuw,Lyft,30,21,1,includes_classic_bike_rides
2024,2i5w-ykuw,Lyft,30,22,9,includes_classic_bike_rides
2024,2i5w-ykuw,Lyft,30,23,8,includes_classic_bike_rides
2024,2i5w-ykuw,Lyft,30,24,45,includes_classic_bike_rides
2024,2i5w-ykuw,Lyft,30,25,1,includes_classic_bike_rides
2024,2i5w-ykuw,Lyft,30,26,2,includes_classic_bike_rides
2024,2i5w-ykuw,Lyft,30,27,43,includes_classic_bike_rides
2024,2i5w-ykuw,Lyft,30,28,140,includes_classic_bike_rides
2024,2i5w-ykuw,Lyft,30,29,201,includes_classic_bike_rides
2024,2i5w-ykuw,Lyft,30,30,1109,includes_classic_bike_rides
2024,2i5w-ykuw,Lyft,30,31,184,includes_classic_bike_rides
2024,2i5w-ykuw,Lyft,30,32,21,includes_classic_bike_rides
2024,2i5w-ykuw,Lyft,30,33,8,includes_classic_bike_rides
2024,2i5w-ykuw,Lyft,30,34,8,includes_classic_bike_rides
2024,2i5w-ykuw,Lyft,30,35,2,includes_classic_bike_rides
2024,2i5w-ykuw,Lyft,30,42,1,includes_classic_bike_rides
2024,2i5w-ykuw,Lyft,30,43,2,includes_classic_bike_rides
2024,2i5w-ykuw,Lyft,30,56,2,includes_classic_bike_rides
2024,2i5w-ykuw,Lyft,30,57,9,includes_classic_bike_rides
2024,2i5w-ykuw,Lyft,30,58,40,includes_classic_bike_rides
2024,2i5w-ykuw,Lyft,30,59,9,includes_classic_bike_rides
2024,2i5w-ykuw,Lyft,30,60,14,includes_classic_bike_rides
2024,2i5w-ykuw,Lyft,30,62,2,includes_classic_bike_rides
2024,2i5w-ykuw,Lyft,30,63,5,includes_classic_bike_rides
2024,2i5w-ykuw,Lyft,30,65,1,includes_classic_bike_rides
2024,2i5w-ykuw,Lyft,30,67,2,includes_classic_bike_rides
2024,2i5w-ykuw,Lyft,30,68,1,includes_classic_bike_rides
2024,2i5w-ykuw,Lyft,30,77,3,includes_classic_bike_rides
2024,2i5w-ykuw,Lyft,31,,3,includes_classic_bike_rides
2024,2i5w-ykuw,Lyft,31,3,7,includes_classic_bike_rides
2024,2i5w-ykuw,Lyft,31,4,2,includes_classic_bike_rides
2024,2i5w-ykuw,Lyft,31,5,16,includes_classic_bike_rides
2024,2i5w-ykuw,Lyft,31,6,25,includes_classic_bike_rides
2024,2i5w-ykuw,Lyft,31,7,154,includes_classic_bike_rides
2024,2i5w-ykuw,Lyft,31,8,461,includes_classic_bike_rides
2024,2i5w-ykuw,Lyft,31,16,1,includes_classic_bike_rides
2024,2i5w-ykuw,Lyft,31,19,8,includes_classic_bike_rides
2024,2i5w-ykuw,Lyft,31,21,3,includes_classic_bike_rides
2024,2i5w-ykuw,Lyft,31,22,81,includes_classic_bike_rides
2024,2i5w-ykuw,Lyft,31,23,5,includes_classic_bike_rides
2024,2i5w-ykuw,Lyft,31,24,383,includes_classic_bike_rides
2024,2i5w-ykuw,Lyft,31,25,3,includes_classic_bike_rides
2024,2i5w-ykuw,Lyft,31,26,2,includes_classic_bike_rides
2024,2i5w-ykuw,Lyft,31,27,13,includes_classic_bike_rides
2024,2i5w-ykuw,Lyft,31,28,9004,includes_classic_bike_rides
2024,2i5w-ykuw,Lyft,31,29,55,includes_classic_bike_rides
2024,2i5w-ykuw,Lyft,31,30,232,includes_classic_bike_rides
2024,2i5w-ykuw,Lyft,31,31,9422,includes_classic_bike_rides
2024,2i5w-ykuw,Lyft,31,32,1846,includes_classic_bike_rides
2024,2i5w-ykuw,Lyft,31,33,1404,includes_classic_bike_rides
2024,2i5w-ykuw,Lyft,31,34,1093,includes_classic_bike_rides
2024,2i5w-ykuw,Lyft,31,35,183,includes_classic_bike_rides
2024,2i5w-ykuw,Lyft,31,36,3,includes_classic_bike_rides
2024,2i5w-ykuw,Lyft,31,38,12,includes_classic_bike_rides
2024,2i5w-ykuw,Lyft,31,39,6,includes_classic_bike_rides
2024,2i5w-ykuw,Lyft,31,40,4,includes_classic_bike_rides
2024,2i5w-ykuw,Lyft,31,41,34,includes_classic_bike_rides
2024,2i5w-ykuw,Lyft,31,42,31,includes_classic_bike_rides
2024,2i5w-ykuw,Lyft,31,43,2,includes_classic_bike_rides
2024,2i5w-ykuw,Lyft,31,45,1,includes_classic_bike_rides
2024,2i5w-ykuw,Lyft,31,56,1,includes_classic_bike_rides
2024,2i5w-ykuw,Lyft,31,57,1,includes_classic_bike_rides
2024,2i5w-ykuw,Lyft,31,58,51,includes_classic_bike_rides
2024,2i5w-ykuw,Lyft,31,59,236,includes_classic_bike_rides
2024,2i5w-ykuw,Lyft,31,60,1324,includes_classic_bike_rides
2024,2i5w-ykuw,Lyft,31,61,53,includes_classic_bike_rides
2024,2i5w-ykuw,Lyft,31,62,2,includes_classic_bike_rides
2024,2i5w-ykuw,Lyft,31,63,23,includes_classic_bike_rides
2024,2i5w-ykuw,Lyft,31,66,2,includes_classic_bike_rides
2024,2i5w-ykuw,Lyft,31,67,3,includes_classic_bike_rides
2024,2i5w-ykuw,Lyft,31,68,2,includes_classic_bike_rides
2024,2i5w-ykuw,Lyft,31,69,1,includes_classic_bike_rides
2024,2i5w-ykuw,Lyft,31,71,1,includes_classic_bike_rides
2024,2i5w-ykuw,Lyft,31,77,5,includes_classic_bike_rides
2024,2i5w-ykuw,Lyft,32,,33,includes_classic_bike_rides
2024,2i5w-ykuw,Lyft,32,1,44,includes_classic_bike_rides
2024,2i5w-ykuw,Lyft,32,2,4,includes_classic_bike_rides
2024,2i5w-ykuw,Lyft,32,3,1138,includes_classic_bike_rides
2024,2i5w-ykuw,Lyft,32,4,111,includes_classic_bike_rides
2024,2i5w-ykuw,Lyft,32,5,204,includes_classic_bike_rides
2024,2i5w-ykuw,Lyft,32,6,4096,includes_classic_bike_rides
2024,2i5w-ykuw,Lyft,32,7,13635,includes_classic_bike_rides
2024,2i5w-ykuw,Lyft,32,8,81322,includes_classic_bike_rides
2024,2i5w-ykuw,Lyft,32,12,1,includes_classic_bike_rides
2024,2i5w-ykuw,Lyft,32,13,25,includes_classic_bike_rides
2024,2i5w-ykuw,Lyft,32,14,10,includes_classic_bike_rides
2024,2i5w-ykuw,Lyft,32,15,5,includes_classic_bike_rides
2024,2i5w-ykuw,Lyft,32,16,51,includes_classic_bike_rides
2024,2i5w-ykuw,Lyft,32,17,1,includes_classic_bike_rides
2024,2i5w-ykuw,Lyft,32,19,9,includes_classic_bike_rides
2024,2i5w-ykuw,Lyft,32,20,4,includes_classic_bike_rides
2024,2i5w-ykuw,Lyft,32,21,46,includes_classic_bike_rides
2024,2i5w-ykuw,Lyft,32,22,977,includes_classic_bike_rides
2024,2i5w-ykuw,Lyft,32,23,33,includes_classic_bike_rides
2024,2i5w-ykuw,Lyft,32,24,7999,includes_classic_bike_rides
2024,2i5w-ykuw,Lyft,32,25,25,includes_classic_bike_rides
2024,2i5w-ykuw,Lyft,32,26,5,includes_classic_bike_rides
2024,2i5w-ykuw,Lyft,32,27,62,includes_classic_bike_rides
2024,2i5w-ykuw,Lyft,32,28,53131,includes_classic_bike_rides
2024,2i5w-ykuw,Lyft,32,29,34,includes_classic_bike_rides
2024,2i5w-ykuw,Lyft,32,30,24,includes_classic_bike_rides
2024,2i5w-ykuw,Lyft,32,31,1869,includes_classic_bike_rides
2024,2i5w-ykuw,Lyft,32,32,177424,includes_classic_bike_rides
2024,2i5w-ykuw,Lyft,32,33,27796,includes_classic_bike_rides
2024,2i5w-ykuw,Lyft,32,34,2047,includes_classic_bike_rides
2024,2i5w-ykuw,Lyft,32,35,1816,includes_classic_bike_rides
2024,2i5w-ykuw,Lyft,32,36,5,includes_classic_bike_rides
2024,2i5w-ykuw,Lyft,32,37,3,includes_classic_bike_rides
2024,2i5w-ykuw,Lyft,32,38,136,includes_classic_bike_rides
2024,2i5w-ykuw,Lyft,32,39,203,includes_classic_bike_rides
2024,2i5w-ykuw,Lyft,32,40,20,includes_classic_bike_rides
2024,2i5w-ykuw,Lyft,32,41,1189,includes_classic_bike_rides
2024,2i5w-ykuw,Lyft,32,42,147,includes_classic_bike_rides
2024,2i5w-ykuw,Lyft,32,43,25,includes_classic_bike_rides
2024,2i5w-ykuw,Lyft,32,44,3,includes_classic_bike_rides
2024,2i5w-ykuw,Lyft,32,46,2,includes_classic_bike_rides
2024,2i5w-ykuw,Lyft,32,57,5,includes_classic_bike_rides
2024,2i5w-ykuw,Lyft,32,58,8,includes_classic_bike_rides
2024,2i5w-ykuw,Lyft,32,59,40,includes_classic_bike_rides
2024,2i5w-ykuw,Lyft,32,60,442,includes_classic_bike_rides
2024,2i5w-ykuw,Lyft,32,61,7,includes_classic_bike_rides
2024,2i5w-ykuw,Lyft,32,62,1,includes_classic_bike_rides
2024,2i5w-ykuw,Lyft,32,63,1,includes_classic_bike_rides
2024,2i5w-ykuw,Lyft,32,65,1,includes_classic_bike_rides
2024,2i5w-ykuw,Lyft,32,66,1,includes_classic_bike_rides
2024,2i5w-ykuw,Lyft,32,67,2,includes_classic_bike_rides
2024,2i5w-ykuw,Lyft,32,68,2,includes_classic_bike_rides
2024,2i5w-ykuw,Lyft,32,69,5,includes_classic_bike_rides
2024,2i5w-ykuw,Lyft,32,71,1,includes_classic_bike_rides
2024,2i5w-ykuw,Lyft,32,77,379,includes_classic_bike_rides
2024,2i5w-ykuw,Lyft,33,,3,includes_classic_bike_rides
2024,2i5w-ykuw,Lyft,33,1,3,includes_classic_bike_rides
2024,2i5w-ykuw,Lyft,33,3,106,includes_classic_bike_rides
2024,2i5w-ykuw,Lyft,33,4,8,includes_classic_bike_rides
2024,2i5w-ykuw,Lyft,33,5,12,includes_classic_bike_rides
2024,2i5w-ykuw,Lyft,33,6,402,includes_classic_bike_rides
2024,2i5w-ykuw,Lyft,33,7,1591,includes_classic_bike_rides
2024,2i5w-ykuw,Lyft,33,8,8950,includes_classic_bike_rides
2024,2i5w-ykuw,Lyft,33,14,5,includes_classic_bike_rides
2024,2i5w-ykuw,Lyft,33,15,1,includes_classic_bike_rides
2024,2i5w-ykuw,Lyft,33,16,2,includes_classic_bike_rides
2024,2i5w-ykuw,Lyft,33,19,9,includes_classic_bike_rides
2024,2i5w-ykuw,Lyft,33,21,14,includes_classic_bike_rides
2024,2i5w-ykuw,Lyft,33,22,52,includes_classic_bike_rides
2024,2i5w-ykuw,Lyft,33,23,4,includes_classic_bike_rides
2024,2i5w-ykuw,Lyft,33,24,432,includes_classic_bike_rides
2024,2i5w-ykuw,Lyft,33,25,2,includes_classic_bike_rides
2024,2i5w-ykuw,Lyft,33,26,6,includes_classic_bike_rides
2024,2i5w-ykuw,Lyft,33,27,14,includes_classic_bike_rides
2024,2i5w-ykuw,Lyft,33,28,5495,includes_classic_bike_rides
2024,2i5w-ykuw,Lyft,33,29,11,includes_classic_bike_rides
2024,2i5w-ykuw,Lyft,33,30,47,includes_classic_bike_rides
2024,2i5w-ykuw,Lyft,33,31,1566,includes_classic_bike_rides
2024,2i5w-ykuw,Lyft,33,32,29439,includes_classic_bike_rides
2024,2i5w-ykuw,Lyft,33,33,26395,includes_classic_bike_rides
2024,2i5w-ykuw,Lyft,33,34,2648,includes_classic_bike_rides
2024,2i5w-ykuw,Lyft,33,35,3120,includes_classic_bike_rides
2024,2i5w-ykuw,Lyft,33,36,15,includes_classic_bike_rides
2024,2i5w-ykuw,Lyft,33,37,1,includes_classic_bike_rides
2024,2i5w-ykuw,Lyft,33,38,96,includes_classic_bike_rides
2024,2i5w-ykuw,Lyft,33,39,215,includes_classic_bike_rides
2024,2i5w-ykuw,Lyft,33,40,14,includes_classic_bike_rides
2024,2i5w-ykuw,Lyft,33,41,1039,includes_classic_bike_rides
2024,2i5w-ykuw,Lyft,33,42,151,includes_classic_bike_rides
2024,2i5w-ykuw,Lyft,33,43,48,includes_classic_bike_rides
2024,2i5w-ykuw,Lyft,33,44,3,includes_classic_bike_rides
2024,2i5w-ykuw,Lyft,33,56,1,includes_classic_bike_rides
2024,2i5w-ykuw,Lyft,33,58,5,includes_classic_bike_rides
2024,2i5w-ykuw,Lyft,33,59,73,includes_classic_bike_rides
2024,2i5w-ykuw,Lyft,33,60,563,includes_classic_bike_rides
2024,2i5w-ykuw,Lyft,33,61,5,includes_classic_bike_rides
2024,2i5w-ykuw,Lyft,33,63,9,includes_classic_bike_rides
2024,2i5w-ykuw,Lyft,33,66,2,includes_classic_bike_rides
2024,2i5w-ykuw,Lyft,33,68,1,includes_classic_bike_rides
2024,2i5w-ykuw,Lyft,33,69,7,includes_classic_bike_rides
2024,2i5w-ykuw,Lyft,33,77,63,includes_classic_bike_rides
2024,2i5w-ykuw,Lyft,34,,1,includes_classic_bike_rides
2024,2i5w-ykuw,Lyft,34,1,1,includes_classic_bike_rides
2024,2i5w-ykuw,Lyft,34,3,5,includes_classic_bike_rides
2024,2i5w-ykuw,Lyft,34,5,6,includes_classic_bike_rides
2024,2i5w-ykuw,Lyft,34,6,15,includes_classic_bike_rides
2024,2i5w-ykuw,Lyft,34,7,47,includes_classic_bike_rides
2024,2i5w-ykuw,Lyft,34,8,466,includes_classic_bike_rides
2024,2i5w-ykuw,Lyft,34,21,1,includes_classic_bike_rides
2024,2i5w-ykuw,Lyft,34,22,12,includes_classic_bike_rides
2024,2i5w-ykuw,Lyft,34,24,144,includes_classic_bike_rides
2024,2i5w-ykuw,Lyft,34,25,2,includes_classic_bike_rides
2024,2i5w-ykuw,Lyft,34,28,887,includes_classic_bike_rides
2024,2i5w-ykuw,Lyft,34,29,7,includes_classic_bike_rides
2024,2i5w-ykuw,Lyft,34,30,11,includes_classic_bike_rides
2024,2i5w-ykuw,Lyft,34,31,1204,includes_classic_bike_rides
2024,2i5w-ykuw,Lyft,34,32,1852,includes_classic_bike_rides
2024,2i5w-ykuw,Lyft,34,33,2254,includes_classic_bike_rides
2024,2i5w-ykuw,Lyft,34,34,6084,includes_classic_bike_rides
2024,2i5w-ykuw,Lyft,34,35,2226,includes_classic_bike_rides
2024,2i5w-ykuw,Lyft,34,36,1,includes_classic_bike_rides
2024,2i5w-ykuw,Lyft,34,37,12,includes_classic_bike_rides
2024,2i5w-ykuw,Lyft,34,38,36,includes_classic_bike_rides
2024,2i5w-ykuw,Lyft,34,39,27,includes_classic_bike_rides
2024,2i5w-ykuw,Lyft,34,40,3,includes_classic_bike_rides
2024,2i5w-ykuw,Lyft,34,41,66,includes_classic_bike_rides
2024,2i5w-ykuw,Lyft,34,42,4,includes_classic_bike_rides
2024,2i5w-ykuw,Lyft,34,43,1,includes_classic_bike_rides
2024,2i5w-ykuw,Lyft,34,56,1,includes_classic_bike_rides
2024,2i5w-ykuw,Lyft,34,57,1,includes_classic_bike_rides
2024,2i5w-ykuw,Lyft,34,58,7,includes_classic_bike_rides
2024,2i5w-ykuw,Lyft,34,59,65,includes_classic_bike_rides
2024,2i5w-ykuw,Lyft,34,60,2788,includes_classic_bike_rides
2024,2i5w-ykuw,Lyft,34,61,28,includes_classic_bike_rides
2024,2i5w-ykuw,Lyft,34,63,4,includes_classic_bike_rides
2024,2i5w-ykuw,Lyft,34,68,1,includes_classic_bike_rides
2024,2i5w-ykuw,Lyft,34,69,4,includes_classic_bike_rides
2024,2i5w-ykuw,Lyft,34,77,4,includes_classic_bike_rides
2024,2i5w-ykuw,Lyft,35,,4,includes_classic_bike_rides
2024,2i5w-ykuw,Lyft,35,1,1,includes_classic_bike_rides
2024,2i5w-ykuw,Lyft,35,2,2,includes_classic_bike_rides
2024,2i5w-ykuw,Lyft,35,3,6,includes_classic_bike_rides
2024,2i5w-ykuw,Lyft,35,5,4,includes_classic_bike_rides
2024,2i5w-ykuw,Lyft,35,6,25,includes_classic_bike_rides
2024,2i5w-ykuw,Lyft,35,7,104,includes_classic_bike_rides
2024,2i5w-ykuw,Lyft,35,8,520,includes_classic_bike_rides
2024,2i5w-ykuw,Lyft,35,23,1,includes_classic_bike_rides
2024,2i5w-ykuw,Lyft,35,24,8,includes_classic_bike_rides
2024,2i5w-ykuw,Lyft,35,28,441,includes_classic_bike_rides
2024,2i5w-ykuw,Lyft,35,30,4,includes_classic_bike_rides
2024,2i5w-ykuw,Lyft,35,31,150,includes_classic_bike_rides
2024,2i5w-ykuw,Lyft,35,32,1744,includes_classic_bike_rides
2024,2i5w-ykuw,Lyft,35,33,3088,includes_classic_bike_rides
2024,2i5w-ykuw,Lyft,35,34,2432,includes_classic_bike_rides
2024,2i5w-ykuw,Lyft,35,35,33137,includes_classic_bike_rides
2024,2i5w-ykuw,Lyft,35,36,87,includes_classic_bike_rides
2024,2i5w-ykuw,Lyft,35,37,16,includes_classic_bike_rides
2024,2i5w-ykuw,Lyft,35,38,451,includes_classic_bike_rides
2024,2i5w-ykuw,Lyft,35,39,293,includes_classic_bike_rides
2024,2i5w-ykuw,Lyft,35,40,16,includes_classic_bike_rides
2024,2i5w-ykuw,Lyft,35,41,475,includes_classic_bike_rides
2024,2i5w-ykuw,Lyft,35,42,114,includes_classic_bike_rides
2024,2i5w-ykuw,Lyft,35,43,21,includes_classic_bike_rides
2024,2i5w-ykuw,Lyft,35,44,4,includes_classic_bike_rides
2024,2i5w-ykuw,Lyft,35,45,2,includes_classic_bike_rides
2024,2i5w-ykuw,Lyft,35,56,1,includes_classic_bike_rides
2024,2i5w-ykuw,Lyft,35,57,1,includes_classic_bike_rides
2024,2i5w-ykuw,Lyft,35,58,3,includes_classic_bike_rides
2024,2i5w-ykuw,Lyft,35,59,28,includes_classic_bike_rides
2024,2i5w-ykuw,Lyft,35,60,1299,includes_classic_bike_rides
2024,2i5w-ykuw,Lyft,35,61,15,includes_classic_bike_rides
2024,2i5w-ykuw,Lyft,35,67,2,includes_classic_bike_rides
2024,2i5w-ykuw,Lyft,35,69,4,includes_classic_bike_rides
2024,2i5w-ykuw,Lyft,35,77,2,includes_classic_bike_rides
2024,2i5w-ykuw,Lyft,36,,1,includes_classic_bike_rides
2024,2i5w-ykuw,Lyft,36,8,2,includes_classic_bike_rides
2024,2i5w-ykuw,Lyft,36,28,2,includes_classic_bike_rides
2024,2i5w-ykuw,Lyft,36,31,3,includes_classic_bike_rides
2024,2i5w-ykuw,Lyft,36,32,6,includes_classic_bike_rides
2024,2i5w-ykuw,Lyft,36,33,14,includes_classic_bike_rides
2024,2i5w-ykuw,Lyft,36,34,6,includes_classic_bike_rides
2024,2i5w-ykuw,Lyft,36,35,76,includes_classic_bike_rides
2024,2i5w-ykuw,Lyft,36,36,152,includes_classic_bike_rides
2024,2i5w-ykuw,Lyft,36,38,40,includes_classic_bike_rides
2024,2i5w-ykuw,Lyft,36,39,29,includes_classic_bike_rides
2024,2i5w-ykuw,Lyft,36,40,2,includes_classic_bike_rides
2024,2i5w-ykuw,Lyft,36,41,8,includes_classic_bike_rides
2024,2i5w-ykuw,Lyft,36,43,1,includes_classic_bike_rides
2024,2i5w-ykuw,Lyft,36,60,3,includes_classic_bike_rides
2024,2i5w-ykuw,Lyft,36,69,1,includes_classic_bike_rides
2024,2i5w-ykuw,Lyft,37,,1,includes_classic_bike_rides
2024,2i5w-ykuw,Lyft,37,23,1,includes_classic_bike_rides
2024,2i5w-ykuw,Lyft,37,28,1,includes_classic_bike_rides
2024,2i5w-ykuw,Lyft,37,34,14,includes_classic_bike_rides
2024,2i5w-ykuw,Lyft,37,35,26,includes_classic_bike_rides
2024,2i5w-ykuw,Lyft,37,36,1,includes_classic_bike_rides
2024,2i5w-ykuw,Lyft,37,37,139,includes_classic_bike_rides
2024,2i5w-ykuw,Lyft,37,38,37,includes_classic_bike_rides
2024,2i5w-ykuw,Lyft,37,39,15,includes_classic_bike_rides
2024,2i5w-ykuw,Lyft,37,40,18,includes_classic_bike_rides
2024,2i5w-ykuw,Lyft,37,41,45,includes_classic_bike_rides
2024,2i5w-ykuw,Lyft,37,42,11,includes_classic_bike_rides
2024,2i5w-ykuw,Lyft,37,58,2,includes_classic_bike_rides
2024,2i5w-ykuw,Lyft,37,60,7,includes_classic_bike_rides
2024,2i5w-ykuw,Lyft,37,61,79,includes_classic_bike_rides
2024,2i5w-ykuw,Lyft,37,63,2,includes_classic_bike_rides
2024,2i5w-ykuw,Lyft,37,67,8,includes_classic_bike_rides
2024,2i5w-ykuw,Lyft,37,68,10,includes_classic_bike_rides
2024,2i5w-ykuw,Lyft,37,69,1,includes_classic_bike_rides
2024,2i5w-ykuw,Lyft,38,6,3,includes_classic_bike_rides
2024,2i5w-ykuw,Lyft,38,7,6,includes_classic_bike_rides
2024,2i5w-ykuw,Lyft,38,8,18,includes_classic_bike_rides
2024,2i5w-ykuw,Lyft,38,23,1,includes_classic_bike_rides
2024,2i5w-ykuw,Lyft,38,24,5,includes_classic_bike_rides
2024,2i5w-ykuw,Lyft,38,28,24,includes_classic_bike_rides
2024,2i5w-ykuw,Lyft,38,31,5,includes_classic_bike_rides
2024,2i5w-ykuw,Lyft,38,32,55,includes_classic_bike_rides
2024,2i5w-ykuw,Lyft,38,33,55,includes_classic_bike_rides
2024,2i5w-ykuw,Lyft,38,34,21,includes_classic_bike_rides
2024,2i5w-ykuw,Lyft,38,35,414,includes_classic_bike_rides
2024,2i5w-ykuw,Lyft,38,36,55,includes_classic_bike_rides
2024,2i5w-ykuw,Lyft,38,37,35,includes_classic_bike_rides
2024,2i5w-ykuw,Lyft,38,38,1300,includes_classic_bike_rides
2024,2i5w-ykuw,Lyft,38,39,419,includes_classic_bike_rides
2024,2i5w-ykuw,Lyft,38,40,80,includes_classic_bike_rides
2024,2i5w-ykuw,Lyft,38,41,410,includes_classic_bike_rides
2024,2i5w-ykuw,Lyft,38,42,73,includes_classic_bike_rides
2024,2i5w-ykuw,Lyft,38,43,4,includes_classic_bike_rides
2024,2i5w-ykuw,Lyft,38,44,4,includes_classic_bike_rides
2024,2i5w-ykuw,Lyft,38,59,4,includes_classic_bike_rides
2024,2i5w-ykuw,Lyft,38,60,13,includes_classic_bike_rides
2024,2i5w-ykuw,Lyft,38,61,15,includes_classic_bike_rides
2024,2i5w-ykuw,Lyft,38,67,2,includes_classic_bike_rides
2024,2i5w-ykuw,Lyft,38,68,6,includes_classic_bike_rides
2024,2i5w-ykuw,Lyft,38,69,4,includes_classic_bike_rides
2024,2i5w-ykuw,Lyft,38,77,1,includes_classic_bike_rides
2024,2i5w-ykuw,Lyft,39,3,3,includes_classic_bike_rides
2024,2i5w-ykuw,Lyft,39,6,7,includes_classic_bike_rides
2024,2i5w-ykuw,Lyft,39,7,13,includes_classic_bike_rides
2024,2i5w-ykuw,Lyft,39,8,55,includes_classic_bike_rides
2024,2i5w-ykuw,Lyft,39,13,1,includes_classic_bike_rides
2024,2i5w-ykuw,Lyft,39,19,2,includes_classic_bike_rides
2024,2i5w-ykuw,Lyft,39,23,1,includes_classic_bike_rides
2024,2i5w-ykuw,Lyft,39,24,2,includes_classic_bike_rides
2024,2i5w-ykuw,Lyft,39,28,30,includes_classic_bike_rides
2024,2i5w-ykuw,Lyft,39,31,13,includes_classic_bike_rides
2024,2i5w-ykuw,Lyft,39,32,221,includes_classic_bike_rides
2024,2i5w-ykuw,Lyft,39,33,219,includes_classic_bike_rides
2024,2i5w-ykuw,Lyft,39,34,17,includes_classic_bike_rides
2024,2i5w-ykuw,Lyft,39,35,300,includes_classic_bike_rides
2024,2i5w-ykuw,Lyft,39,36,30,includes_classic_bike_rides
2024,2i5w-ykuw,Lyft,39,37,43,includes_classic_bike_rides
2024,2i5w-ykuw,Lyft,39,38,459,includes_classic_bike_rides
2024,2i5w-ykuw,Lyft,39,39,1783,includes_classic_bike_rides
2024,2i5w-ykuw,Lyft,39,40,24,includes_classic_bike_rides
2024,2i5w-ykuw,Lyft,39,41,2588,includes_classic_bike_rides
2024,2i5w-ykuw,Lyft,39,42,245,includes_classic_bike_rides
2024,2i5w-ykuw,Lyft,39,43,31,includes_classic_bike_rides
2024,2i5w-ykuw,Lyft,39,44,7,includes_classic_bike_rides
2024,2i5w-ykuw,Lyft,39,45,2,includes_classic_bike_rides
2024,2i5w-ykuw,Lyft,39,46,1,includes_classic_bike_rides
2024,2i5w-ykuw,Lyft,39,58,2,includes_classic_bike_rides
2024,2i5w-ykuw,Lyft,39,59,1,includes_classic_bike_rides
2024,2i5w-ykuw,Lyft,39,60,11,includes_classic_bike_rides
2024,2i5w-ykuw,Lyft,39,61,2,includes_classic_bike_rides
2024,2i5w-ykuw,Lyft,39,67,1,includes_classic_bike_rides
2024,2i5w-ykuw,Lyft,39,68,14,includes_classic_bike_rides
2024,2i5w-ykuw,Lyft,39,69,10,includes_classic_bike_rides
2024,2i5w-ykuw,Lyft,39,71,1,includes_classic_bike_rides
2024,2i5w-ykuw,Lyft,39,77,2,includes_classic_bike_rides
2024,2i5w-ykuw,Lyft,40,7,2,includes_classic_bike_rides
2024,2i5w-ykuw,Lyft,40,8,3,includes_classic_bike_rides
2024,2i5w-ykuw,Lyft,40,28,18,includes_classic_bike_rides
2024,2i5w-ykuw,Lyft,40,31,2,includes_classic_bike_rides
2024,2i5w-ykuw,Lyft,40,32,7,includes_classic_bike_rides
2024,2i5w-ykuw,Lyft,40,33,18,includes_classic_bike_rides
2024,2i5w-ykuw,Lyft,40,34,6,includes_classic_bike_rides
2024,2i5w-ykuw,Lyft,40,35,24,includes_classic_bike_rides
2024,2i5w-ykuw,Lyft,40,37,15,includes_classic_bike_rides
2024,2i5w-ykuw,Lyft,40,38,71,includes_classic_bike_rides
2024,2i5w-ykuw,Lyft,40,39,33,includes_classic_bike_rides
2024,2i5w-ykuw,Lyft,40,40,467,includes_classic_bike_rides
2024,2i5w-ykuw,Lyft,40,41,418,includes_classic_bike_rides
2024,2i5w-ykuw,Lyft,40,42,146,includes_classic_bike_rides
2024,2i5w-ykuw,Lyft,40,43,12,includes_classic_bike_rides
2024,2i5w-ykuw,Lyft,40,44,3,includes_classic_bike_rides
2024,2i5w-ykuw,Lyft,40,60,11,includes_classic_bike_rides
2024,2i5w-ykuw,Lyft,40,61,6,includes_classic_bike_rides
2024,2i5w-ykuw,Lyft,40,67,4,includes_classic_bike_rides
2024,2i5w-ykuw,Lyft,40,68,9,includes_classic_bike_rides
2024,2i5w-ykuw,Lyft,40,69,19,includes_classic_bike_rides
2024,2i5w-ykuw,Lyft,41,,1,includes_classic_bike_rides
2024,2i5w-ykuw,Lyft,41,1,3,includes_classic_bike_rides
2024,2i5w-ykuw,Lyft,41,3,11,includes_classic_bike_rides
2024,2i5w-ykuw,Lyft,41,4,1,includes_classic_bike_rides
2024,2i5w-ykuw,Lyft,41,6,25,includes_classic_bike_rides
2024,2i5w-ykuw,Lyft,41,7,126,includes_classic_bike_rides
2024,2i5w-ykuw,Lyft,41,8,384,includes_classic_bike_rides
2024,2i5w-ykuw,Lyft,41,24,5,includes_classic_bike_rides
2024,2i5w-ykuw,Lyft,41,25,1,includes_classic_bike_rides
2024,2i5w-ykuw,Lyft,41,28,60,includes_classic_bike_rides
2024,2i5w-ykuw,Lyft,41,31,70,includes_classic_bike_rides
2024,2i5w-ykuw,Lyft,41,32,1431,includes_classic_bike_rides
2024,2i5w-ykuw,Lyft,41,33,985,includes_classic_bike_rides
2024,2i5w-ykuw,Lyft,41,34,73,includes_classic_bike_rides
2024,2i5w-ykuw,Lyft,41,35,567,includes_classic_bike_rides
2024,2i5w-ykuw,Lyft,41,36,10,includes_classic_bike_rides
2024,2i5w-ykuw,Lyft,41,37,49,includes_classic_bike_rides
2024,2i5w-ykuw,Lyft,41,38,506,includes_classic_bike_rides
2024,2i5w-ykuw,Lyft,41,39,2522,includes_classic_bike_rides
2024,2i5w-ykuw,Lyft,41,40,405,includes_classic_bike_rides
2024,2i5w-ykuw,Lyft,41,41,46668,includes_classic_bike_rides
2024,2i5w-ykuw,Lyft,41,42,10389,includes_classic_bike_rides
2024,2i5w-ykuw,Lyft,41,43,154,includes_classic_bike_rides
2024,2i5w-ykuw,Lyft,41,44,7,includes_classic_bike_rides
2024,2i5w-ykuw,Lyft,41,46,9,includes_classic_bike_rides
2024,2i5w-ykuw,Lyft,41,49,1,includes_classic_bike_rides
2024,2i5w-ykuw,Lyft,41,50,1,includes_classic_bike_rides
2024,2i5w-ykuw,Lyft,41,52,13,includes_classic_bike_rides
2024,2i5w-ykuw,Lyft,41,58,1,includes_classic_bike_rides
2024,2i5w-ykuw,Lyft,41,59,1,includes_classic_bike_rides
2024,2i5w-ykuw,Lyft,41,60,65,includes_classic_bike_rides
2024,2i5w-ykuw,Lyft,41,61,14,includes_classic_bike_rides
2024,2i5w-ykuw,Lyft,41,66,1,includes_classic_bike_rides
2024,2i5w-ykuw,Lyft,41,67,5,includes_classic_bike_rides
2024,2i5w-ykuw,Lyft,41,68,11,includes_classic_bike_rides
2024,2i5w-ykuw,Lyft,41,69,31,includes_classic_bike_rides
2024,2i5w-ykuw,Lyft,41,70,1,includes_classic_bike_rides
2024,2i5w-ykuw,Lyft,41,77,7,includes_classic_bike_rides
2024,2i5w-ykuw,Lyft,42,3,6,includes_classic_bike_rides
2024,2i5w-ykuw,Lyft,42,5,1,includes_classic_bike_rides
2024,2i5w-ykuw,Lyft,42,6,3,includes_classic_bike_rides
2024,2i5w-ykuw,Lyft,42,7,10,includes_classic_bike_rides
2024,2i5w-ykuw,Lyft,42,8,32,includes_classic_bike_rides
2024,2i5w-ykuw,Lyft,42,24,3,includes_classic_bike_rides
2024,2i5w-ykuw,Lyft,42,28,4,includes_classic_bike_rides
2024,2i5w-ykuw,Lyft,42,29,1,includes_classic_bike_rides
2024,2i5w-ykuw,Lyft,42,30,1,includes_classic_bike_rides
2024,2i5w-ykuw,Lyft,42,31,13,includes_classic_bike_rides
2024,2i5w-ykuw,Lyft,42,32,159,includes_classic_bike_rides
2024,2i5w-ykuw,Lyft,42,33,158,includes_classic_bike_rides
2024,2i5w-ykuw,Lyft,42,34,3,includes_classic_bike_rides
2024,2i5w-ykuw,Lyft,42,35,97,includes_classic_bike_rides
2024,2i5w-ykuw,Lyft,42,37,11,includes_classic_bike_rides
2024,2i5w-ykuw,Lyft,42,38,77,includes_classic_bike_rides
2024,2i5w-ykuw,Lyft,42,39,219,includes_classic_bike_rides
2024,2i5w-ykuw,Lyft,42,40,100,includes_classic_bike_rides
2024,2i5w-ykuw,Lyft,42,41,10199,includes_classic_bike_rides
2024,2i5w-ykuw,Lyft,42,42,2379,includes_classic_bike_rides
2024,2i5w-ykuw,Lyft,42,43,152,includes_classic_bike_rides
2024,2i5w-ykuw,Lyft,42,44,11,includes_classic_bike_rides
2024,2i5w-ykuw,Lyft,42,45,11,includes_classic_bike_rides
2024,2i5w-ykuw,Lyft,42,46,3,includes_classic_bike_rides
2024,2i5w-ykuw,Lyft,42,49,1,includes_classic_bike_rides
2024,2i5w-ykuw,Lyft,42,52,1,includes_classic_bike_rides
2024,2i5w-ykuw,Lyft,42,55,1,includes_classic_bike_rides
2024,2i5w-ykuw,Lyft,42,59,1,includes_classic_bike_rides
2024,2i5w-ykuw,Lyft,42,60,1,includes_classic_bike_rides
2024,2i5w-ykuw,Lyft,42,61,1,includes_classic_bike_rides
2024,2i5w-ykuw,Lyft,42,67,2,includes_classic_bike_rides
2024,2i5w-ykuw,Lyft,42,68,32,includes_classic_bike_rides
2024,2i5w-ykuw,Lyft,42,69,67,includes_classic_bike_rides
2024,2i5w-ykuw,Lyft,42,71,1,includes_classic_bike_rides
2024,2i5w-ykuw,Lyft,42,72,1,includes_classic_bike_rides
2024,2i5w-ykuw,Lyft,42,77,3,includes_classic_bike_rides
2024,2i5w-ykuw,Lyft,43,3,2,includes_classic_bike_rides
2024,2i5w-ykuw,Lyft,43,6,1,includes_classic_bike_rides
2024,2i5w-ykuw,Lyft,43,7,6,includes_classic_bike_rides
2024,2i5w-ykuw,Lyft,43,8,9,includes_classic_bike_rides
2024,2i5w-ykuw,Lyft,43,22,2,includes_classic_bike_rides
2024,2i5w-ykuw,Lyft,43,24,3,includes_classic_bike_rides
2024,2i5w-ykuw,Lyft,43,28,4,includes_classic_bike_rides
2024,2i5w-ykuw,Lyft,43,31,1,includes_classic_bike_rides
2024,2i5w-ykuw,Lyft,43,32,23,includes_classic_bike_rides
2024,2i5w-ykuw,Lyft,43,33,49,includes_classic_bike_rides
2024,2i5w-ykuw,Lyft,43,35,14,includes_classic_bike_rides
2024,2i5w-ykuw,Lyft,43,38,6,includes_classic_bike_rides
2024,2i5w-ykuw,Lyft,43,39,25,includes_classic_bike_rides
2024,2i5w-ykuw,Lyft,43,40,2,includes_classic_bike_rides
2024,2i5w-ykuw,Lyft,43,41,145,includes_classic_bike_rides
2024,2i5w-ykuw,Lyft,43,42,131,includes_classic_bike_rides
2024,2i5w-ykuw,Lyft,43,43,852,includes_classic_bike_rides
2024,2i5w-ykuw,Lyft,43,44,7,includes_classic_bike_rides
2024,2i5w-ykuw,Lyft,43,45,9,includes_classic_bike_rides
2024,2i5w-ykuw,Lyft,43,46,78,includes_classic_bike_rides
2024,2i5w-ykuw,Lyft,43,48,3,includes_classic_bike_rides
2024,2i5w-ykuw,Lyft,43,52,5,includes_classic_bike_rides
2024,2i5w-ykuw,Lyft,43,66,1,includes_classic_bike_rides
2024,2i5w-ykuw,Lyft,43,68,4,includes_classic_bike_rides
2024,2i5w-ykuw,Lyft,43,69,24,includes_classic_bike_rides
2024,2i5w-ykuw,Lyft,43,77,2,includes_classic_bike_rides
2024,2i5w-ykuw,Lyft,44,35,1,includes_classic_bike_rides
2024,2i5w-ykuw,Lyft,44,39,5,includes_classic_bike_rides
2024,2i5w-ykuw,Lyft,44,40,2,includes_classic_bike_rides
2024,2i5w-ykuw,Lyft,44,41,5,includes_classic_bike_rides
2024,2i5w-ykuw,Lyft,44,42,6,includes_classic_bike_rides
2024,2i5w-ykuw,Lyft,44,43,15,includes_classic_bike_rides
2024,2i5w-ykuw,Lyft,44,44,238,includes_classic_bike_rides
2024,2i5w-ykuw,Lyft,44,45,19,includes_classic_bike_rides
2024,2i5w-ykuw,Lyft,44,46,5,includes_classic_bike_rides
2024,2i5w-ykuw,Lyft,44,48,13,includes_classic_bike_rides
2024,2i5w-ykuw,Lyft,44,49,7,includes_classic_bike_rides
2024,2i5w-ykuw,Lyft,44,50,15,includes_classic_bike_rides
2024,2i5w-ykuw,Lyft,44,51,1,includes_classic_bike_rides
2024,2i5w-ykuw,Lyft,44,68,5,includes_classic_bike_rides
2024,2i5w-ykuw,Lyft,44,69,38,includes_classic_bike_rides
2024,2i5w-ykuw,Lyft,44,70,1,includes_classic_bike_rides
2024,2i5w-ykuw,Lyft,44,71,8,includes_classic_bike_rides
2024,2i5w-ykuw,Lyft,44,73,1,includes_classic_bike_rides
2024,2i5w-ykuw,Lyft,45,32,1,includes_classic_bike_rides
2024,2i5w-ykuw,Lyft,45,39,1,includes_classic_bike_rides
2024,2i5w-ykuw,Lyft,45,40,1,includes_classic_bike_rides
2024,2i5w-ykuw,Lyft,45,41,2,includes_classic_bike_rides
2024,2i5w-ykuw,Lyft,45,42,8,includes_classic_bike_rides
2024,2i5w-ykuw,Lyft,45,43,9,includes_classic_bike_rides
2024,2i5w-ykuw,Lyft,45,44,13,includes_classic_bike_rides
2024,2i5w-ykuw,Lyft,45,45,29,includes_classic_bike_rides
2024,2i5w-ykuw,Lyft,45,46,6,includes_classic_bike_rides
2024,2i5w-ykuw,Lyft,45,48,1,includes_classic_bike_rides
2024,2i5w-ykuw,Lyft,45,51,1,includes_classic_bike_rides
2024,2i5w-ykuw,Lyft,45,69,3,includes_classic_bike_rides
2024,2i5w-ykuw,Lyft,45,73,1,includes_classic_bike_rides
2024,2i5w-ykuw,Lyft,46,39,1,includes_classic_bike_rides
2024,2i5w-ykuw,Lyft,46,41,12,includes_classic_bike_rides
2024,2i5w-ykuw,Lyft,46,42,3,includes_classic_bike_rides
2024,2i5w-ykuw,Lyft,46,43,50,includes_classic_bike_rides
2024,2i5w-ykuw,Lyft,46,44,3,includes_classic_bike_rides
2024,2i5w-ykuw,Lyft,46,45,2,includes_classic_bike_rides
2024,2i5w-ykuw,Lyft,46,46,170,includes_classic_bike_rides
2024,2i5w-ykuw,Lyft,46,49,1,includes_classic_bike_rides
2024,2i5w-ykuw,Lyft,46,51,9,includes_classic_bike_rides
2024,2i5w-ykuw,Lyft,46,52,11,includes_classic_bike_rides
2024,2i5w-ykuw,Lyft,46,66,1,includes_classic_bike_rides
2024,2i5w-ykuw,Lyft,47,47,53,includes_classic_bike_rides
2024,2i5w-ykuw,Lyft,48,43,1,includes_classic_bike_rides
2024,2i5w-ykuw,Lyft,48,44,3,includes_classic_bike_rides
2024,2i5w-ykuw,Lyft,48,45,2,includes_classic_bike_rides
2024,2i5w-ykuw,Lyft,48,46,3,includes_classic_bike_rides
2024,2i5w-ykuw,Lyft,48,48,6,includes_classic_bike_rides
2024,2i5w-ykuw,Lyft,48,51,2,includes_classic_bike_rides
2024,2i5w-ykuw,Lyft,48,69,1,includes_classic_bike_rides
2024,2i5w-ykuw,Lyft,49,42,1,includes_classic_bike_rides
2024,2i5w-ykuw,Lyft,49,44,13,includes_classic_bike_rides
2024,2i5w-ykuw,Lyft,49,48,3,includes_classic_bike_rides
2024,2i5w-ykuw,Lyft,49,49,177,includes_classic_bike_rides
2024,2i5w-ykuw,Lyft,49,50,28,includes_classic_bike_rides
2024,2i5w-ykuw,Lyft,49,51,16,includes_classic_bike_rides
2024,2i5w-ykuw,Lyft,49,52,1,includes_classic_bike_rides
2024,2i5w-ykuw,Lyft,49,53,3,includes_classic_bike_rides
2024,2i5w-ykuw,Lyft,49,69,1,includes_classic_bike_rides
2024,2i5w-ykuw,Lyft,49,72,6,includes_classic_bike_rides
2024,2i5w-ykuw,Lyft,49,73,17,includes_classic_bike_rides
2024,2i5w-ykuw,Lyft,49,75,4,includes_classic_bike_rides
2024,2i5w-ykuw,Lyft,50,44,15,includes_classic_bike_rides
2024,2i5w-ykuw,Lyft,50,45,1,includes_classic_bike_rides
2024,2i5w-ykuw,Lyft,50,46,2,includes_classic_bike_rides
2024,2i5w-ykuw,Lyft,50,48,1,includes_classic_bike_rides
2024,2i5w-ykuw,Lyft,50,49,33,includes_classic_bike_rides
2024,2i5w-ykuw,Lyft,50,50,42,includes_classic_bike_rides
2024,2i5w-ykuw,Lyft,50,51,6,includes_classic_bike_rides
2024,2i5w-ykuw,Lyft,50,52,1,includes_classic_bike_rides
2024,2i5w-ykuw,Lyft,50,53,1,includes_classic_bike_rides
2024,2i5w-ykuw,Lyft,50,54,1,includes_classic_bike_rides
2024,2i5w-ykuw,Lyft,50,69,4,includes_classic_bike_rides
2024,2i5w-ykuw,Lyft,51,41,1,includes_classic_bike_rides
2024,2i5w-ykuw,Lyft,51,43,2,includes_classic_bike_rides
2024,2i5w-ykuw,Lyft,51,46,8,includes_classic_bike_rides
2024,2i5w-ykuw,Lyft,51,49,2,includes_classic_bike_rides
2024,2i5w-ykuw,Lyft,51,50,4,includes_classic_bike_rides
2024,2i5w-ykuw,Lyft,51,51,135,includes_classic_bike_rides
2024,2i5w-ykuw,Lyft,51,52,11,includes_classic_bike_rides
2024,2i5w-ykuw,Lyft,51,55,2,includes_classic_bike_rides
2024,2i5w-ykuw,Lyft,51,75,1,includes_classic_bike_rides
2024,2i5w-ykuw,Lyft,52,21,1,includes_classic_bike_rides
2024,2i5w-ykuw,Lyft,52,32,1,includes_classic_bike_rides
2024,2i5w-ykuw,Lyft,52,41,8,includes_classic_bike_rides
2024,2i5w-ykuw,Lyft,52,42,1,includes_classic_bike_rides
2024,2i5w-ykuw,Lyft,52,43,11,includes_classic_bike_rides
2024,2i5w-ykuw,Lyft,52,46,7,includes_classic_bike_rides
2024,2i5w-ykuw,Lyft,52,48,2,includes_classic_bike_rides
2024,2i5w-ykuw,Lyft,52,49,1,includes_classic_bike_rides
2024,2i5w-ykuw,Lyft,52,51,14,includes_classic_bike_rides
2024,2i5w-ykuw,Lyft,52,52,216,includes_classic_bike_rides
2024,2i5w-ykuw,Lyft,52,55,27,includes_classic_bike_rides
2024,2i5w-ykuw,Lyft,53,33,1,includes_classic_bike_rides
2024,2i5w-ykuw,Lyft,53,51,1,includes_classic_bike_rides
2024,2i5w-ykuw,Lyft,53,53,18,includes_classic_bike_rides
2024,2i5w-ykuw,Lyft,53,72,1,includes_classic_bike_rides
2024,2i5w-ykuw,Lyft,53,75,4,includes_classic_bike_rides
2024,2i5w-ykuw,Lyft,54,54,9,includes_classic_bike_rides
2024,2i5w-ykuw,Lyft,55,49,1,includes_classic_bike_rides
2024,2i5w-ykuw,Lyft,55,51,2,includes_classic_bike_rides
2024,2i5w-ykuw,Lyft,55,52,31,includes_classic_bike_rides
2024,2i5w-ykuw,Lyft,55,55,90,includes_classic_bike_rides
2024,2i5w-ykuw,Lyft,56,,2,includes_classic_bike_rides
2024,2i5w-ykuw,Lyft,56,25,1,includes_classic_bike_rides
2024,2i5w-ykuw,Lyft,56,30,2,includes_classic_bike_rides
2024,2i5w-ykuw,Lyft,56,31,1,includes_classic_bike_rides
2024,2i5w-ykuw,Lyft,56,32,1,includes_classic_bike_rides
2024,2i5w-ykuw,Lyft,56,33,2,includes_classic_bike_rides
2024,2i5w-ykuw,Lyft,56,42,2,includes_classic_bike_rides
2024,2i5w-ykuw,Lyft,56,56,136,includes_classic_bike_rides
2024,2i5w-ykuw,Lyft,56,57,4,includes_classic_bike_rides
2024,2i5w-ykuw,Lyft,56,58,2,includes_classic_bike_rides
2024,2i5w-ykuw,Lyft,56,59,2,includes_classic_bike_rides
2024,2i5w-ykuw,Lyft,56,60,1,includes_classic_bike_rides
2024,2i5w-ykuw,Lyft,56,62,5,includes_classic_bike_rides
2024,2i5w-ykuw,Lyft,56,63,6,includes_classic_bike_rides
2024,2i5w-ykuw,Lyft,56,65,90,includes_classic_bike_rides
2024,2i5w-ykuw,Lyft,56,66,6,includes_classic_bike_rides
2024,2i5w-ykuw,Lyft,56,70,23,includes_classic_bike_rides
2024,2i5w-ykuw,Lyft,57,28,2,includes_classic_bike_rides
2024,2i5w-ykuw,Lyft,57,29,1,includes_classic_bike_rides
2024,2i5w-ykuw,Lyft,57,30,3,includes_classic_bike_rides
2024,2i5w-ykuw,Lyft,57,31,2,includes_classic_bike_rides
2024,2i5w-ykuw,Lyft,57,35,1,includes_classic_bike_rides
2024,2i5w-ykuw,Lyft,57,56,43,includes_classic_bike_rides
2024,2i5w-ykuw,Lyft,57,57,333,includes_classic_bike_rides
2024,2i5w-ykuw,Lyft,57,58,21,includes_classic_bike_rides
2024,2i5w-ykuw,Lyft,57,59,1,includes_classic_bike_rides
2024,2i5w-ykuw,Lyft,57,60,1,includes_classic_bike_rides
2024,2i5w-ykuw,Lyft,57,61,2,includes_classic_bike_rides
2024,2i5w-ykuw,Lyft,57,62,45,includes_classic_bike_rides
2024,2i5w-ykuw,Lyft,57,63,9,includes_classic_bike_rides
2024,2i5w-ykuw,Lyft,57,65,41,includes_classic_bike_rides
2024,2i5w-ykuw,Lyft,57,66,7,includes_classic_bike_rides
2024,2i5w-ykuw,Lyft,57,70,6,includes_classic_bike_rides
2024,2i5w-ykuw,Lyft,58,,1,includes_classic_bike_rides
2024,2i5w-ykuw,Lyft,58,8,5,includes_classic_bike_rides
2024,2i5w-ykuw,Lyft,58,21,1,includes_classic_bike_rides
2024,2i5w-ykuw,Lyft,58,23,3,includes_classic_bike_rides
2024,2i5w-ykuw,Lyft,58,24,1,includes_classic_bike_rides
2024,2i5w-ykuw,Lyft,58,25,1,includes_classic_bike_rides
2024,2i5w-ykuw,Lyft,58,27,3,includes_classic_bike_rides
2024,2i5w-ykuw,Lyft,58,28,11,includes_classic_bike_rides
2024,2i5w-ykuw,Lyft,58,29,4,includes_classic_bike_rides
2024,2i5w-ykuw,Lyft,58,30,35,includes_classic_bike_rides
2024,2i5w-ykuw,Lyft,58,31,38,includes_classic_bike_rides
2024,2i5w-ykuw,Lyft,58,32,6,includes_classic_bike_rides
2024,2i5w-ykuw,Lyft,58,33,3,includes_classic_bike_rides
2024,2i5w-ykuw,Lyft,58,34,4,includes_classic_bike_rides
2024,2i5w-ykuw,Lyft,58,35,4,includes_classic_bike_rides
2024,2i5w-ykuw,Lyft,58,37,2,includes_classic_bike_rides
2024,2i5w-ykuw,Lyft,58,39,1,includes_classic_bike_rides
2024,2i5w-ykuw,Lyft,58,41,1,includes_classic_bike_rides
2024,2i5w-ykuw,Lyft,58,56,1,includes_classic_bike_rides
2024,2i5w-ykuw,Lyft,58,57,40,includes_classic_bike_rides
2024,2i5w-ykuw,Lyft,58,58,821,includes_classic_bike_rides
2024,2i5w-ykuw,Lyft,58,59,220,includes_classic_bike_rides
2024,2i5w-ykuw,Lyft,58,60,14,includes_classic_bike_rides
2024,2i5w-ykuw,Lyft,58,61,72,includes_classic_bike_rides
2024,2i5w-ykuw,Lyft,58,62,1,includes_classic_bike_rides
2024,2i5w-ykuw,Lyft,58,63,187,includes_classic_bike_rides
2024,2i5w-ykuw,Lyft,58,65,3,includes_classic_bike_rides
2024,2i5w-ykuw,Lyft,58,66,74,includes_classic_bike_rides
2024,2i5w-ykuw,Lyft,58,67,1,includes_classic_bike_rides
2024,2i5w-ykuw,Lyft,58,68,1,includes_classic_bike_rides
2024,2i5w-ykuw,Lyft,58,70,1,includes_classic_bike_rides
2024,2i5w-ykuw,Lyft,59,6,2,includes_classic_bike_rides
2024,2i5w-ykuw,Lyft,59,7,1,includes_classic_bike_rides
2024,2i5w-ykuw,Lyft,59,8,5,includes_classic_bike_rides
2024,2i5w-ykuw,Lyft,59,21,2,includes_classic_bike_rides
2024,2i5w-ykuw,Lyft,59,23,1,includes_classic_bike_rides
2024,2i5w-ykuw,Lyft,59,24,7,includes_classic_bike_rides
2024,2i5w-ykuw,Lyft,59,25,1,includes_classic_bike_rides
2024,2i5w-ykuw,Lyft,59,27,3,includes_classic_bike_rides
2024,2i5w-ykuw,Lyft,59,28,50,includes_classic_bike_rides
2024,2i5w-ykuw,Lyft,59,29,1,includes_classic_bike_rides
2024,2i5w-ykuw,Lyft,59,30,14,includes_classic_bike_rides
2024,2i5w-ykuw,Lyft,59,31,236,includes_classic_bike_rides
2024,2i5w-ykuw,Lyft,59,32,35,includes_classic_bike_rides
2024,2i5w-ykuw,Lyft,59,33,66,includes_classic_bike_rides
2024,2i5w-ykuw,Lyft,59,34,66,includes_classic_bike_rides
2024,2i5w-ykuw,Lyft,59,35,25,includes_classic_bike_rides
2024,2i5w-ykuw,Lyft,59,36,1,includes_classic_bike_rides
2024,2i5w-ykuw,Lyft,59,37,3,includes_classic_bike_rides
2024,2i5w-ykuw,Lyft,59,38,1,includes_classic_bike_rides
2024,2i5w-ykuw,Lyft,59,39,1,includes_classic_bike_rides
2024,2i5w-ykuw,Lyft,59,40,2,includes_classic_bike_rides
2024,2i5w-ykuw,Lyft,59,41,4,includes_classic_bike_rides
2024,2i5w-ykuw,Lyft,59,56,3,includes_classic_bike_rides
2024,2i5w-ykuw,Lyft,59,57,3,includes_classic_bike_rides
2024,2i5w-ykuw,Lyft,59,58,288,includes_classic_bike_rides
2024,2i5w-ykuw,Lyft,59,59,1003,includes_classic_bike_rides
2024,2i5w-ykuw,Lyft,59,60,395,includes_classic_bike_rides
2024,2i5w-ykuw,Lyft,59,61,63,includes_classic_bike_rides
2024,2i5w-ykuw,Lyft,59,63,13,includes_classic_bike_rides
2024,2i5w-ykuw,Lyft,59,66,2,includes_classic_bike_rides
2024,2i5w-ykuw,Lyft,59,67,5,includes_classic_bike_rides
2024,2i5w-ykuw,Lyft,59,68,2,includes_classic_bike_rides
2024,2i5w-ykuw,Lyft,60,5,2,includes_classic_bike_rides
2024,2i5w-ykuw,Lyft,60,6,6,includes_classic_bike_rides
2024,2i5w-ykuw,Lyft,60,7,51,includes_classic_bike_rides
2024,2i5w-ykuw,Lyft,60,8,201,includes_classic_bike_rides
2024,2i5w-ykuw,Lyft,60,14,1,includes_classic_bike_rides
2024,2i5w-ykuw,Lyft,60,20,1,includes_classic_bike_rides
2024,2i5w-ykuw,Lyft,60,22,11,includes_classic_bike_rides
2024,2i5w-ykuw,Lyft,60,23,2,includes_classic_bike_rides
2024,2i5w-ykuw,Lyft,60,24,57,includes_classic_bike_rides
2024,2i5w-ykuw,Lyft,60,27,1,includes_classic_bike_rides
2024,2i5w-ykuw,Lyft,60,28,1005,includes_classic_bike_rides
2024,2i5w-ykuw,Lyft,60,29,5,includes_classic_bike_rides
2024,2i5w-ykuw,Lyft,60,30,6,includes_classic_bike_rides
2024,2i5w-ykuw,Lyft,60,31,1389,includes_classic_bike_rides
2024,2i5w-ykuw,Lyft,60,32,381,includes_classic_bike_rides
2024,2i5w-ykuw,Lyft,60,33,491,includes_classic_bike_rides
2024,2i5w-ykuw,Lyft,60,34,2718,includes_classic_bike_rides
2024,2i5w-ykuw,Lyft,60,35,1284,includes_classic_bike_rides
2024,2i5w-ykuw,Lyft,60,36,1,includes_classic_bike_rides
2024,2i5w-ykuw,Lyft,60,37,10,includes_classic_bike_rides
2024,2i5w-ykuw,Lyft,60,38,19,includes_classic_bike_rides
2024,2i5w-ykuw,Lyft,60,39,10,includes_classic_bike_rides
2024,2i5w-ykuw,Lyft,60,40,41,includes_classic_bike_rides
2024,2i5w-ykuw,Lyft,60,41,45,includes_classic_bike_rides
2024,2i5w-ykuw,Lyft,60,42,10,includes_classic_bike_rides
2024,2i5w-ykuw,Lyft,60,43,1,includes_classic_bike_rides
2024,2i5w-ykuw,Lyft,60,57,1,includes_classic_bike_rides
2024,2i5w-ykuw,Lyft,60,58,20,includes_classic_bike_rides
2024,2i5w-ykuw,Lyft,60,59,446,includes_classic_bike_rides
2024,2i5w-ykuw,Lyft,60,60,6493,includes_classic_bike_rides
2024,2i5w-ykuw,Lyft,60,61,151,includes_classic_bike_rides
2024,2i5w-ykuw,Lyft,60,62,2,includes_classic_bike_rides
2024,2i5w-ykuw,Lyft,60,63,13,includes_classic_bike_rides
2024,2i5w-ykuw,Lyft,60,65,1,includes_classic_bike_rides
2024,2i5w-ykuw,Lyft,60,66,1,includes_classic_bike_rides
2024,2i5w-ykuw,Lyft,60,68,1,includes_classic_bike_rides
2024,2i5w-ykuw,Lyft,60,69,2,includes_classic_bike_rides
2024,2i5w-ykuw,Lyft,60,71,1,includes_classic_bike_rides
2024,2i5w-ykuw,Lyft,61,,1,includes_classic_bike_rides
2024,2i5w-ykuw,Lyft,61,6,1,includes_classic_bike_rides
2024,2i5w-ykuw,Lyft,61,8,4,includes_classic_bike_rides
2024,2i5w-ykuw,Lyft,61,22,3,includes_classic_bike_rides
2024,2i5w-ykuw,Lyft,61,23,1,includes_classic_bike_rides
2024,2i5w-ykuw,Lyft,61,24,2,includes_classic_bike_rides
2024,2i5w-ykuw,Lyft,61,28,25,includes_classic_bike_rides
2024,2i5w-ykuw,Lyft,61,29,1,includes_classic_bike_rides
2024,2i5w-ykuw,Lyft,61,30,1,includes_classic_bike_rides
2024,2i5w-ykuw,Lyft,61,31,25,includes_classic_bike_rides
2024,2i5w-ykuw,Lyft,61,32,2,includes_classic_bike_rides
2024,2i5w-ykuw,Lyft,61,33,10,includes_classic_bike_rides
2024,2i5w-ykuw,Lyft,61,34,37,includes_classic_bike_rides
2024,2i5w-ykuw,Lyft,61,35,11,includes_classic_bike_rides
2024,2i5w-ykuw,Lyft,61,37,74,includes_classic_bike_rides
2024,2i5w-ykuw,Lyft,61,38,13,includes_classic_bike_rides
2024,2i5w-ykuw,Lyft,61,39,5,includes_classic_bike_rides
2024,2i5w-ykuw,Lyft,61,40,5,includes_classic_bike_rides
2024,2i5w-ykuw,Lyft,61,41,9,includes_classic_bike_rides
2024,2i5w-ykuw,Lyft,61,44,3,includes_classic_bike_rides
2024,2i5w-ykuw,Lyft,61,56,2,includes_classic_bike_rides
2024,2i5w-ykuw,Lyft,61,57,3,includes_classic_bike_rides
2024,2i5w-ykuw,Lyft,61,58,84,includes_classic_bike_rides
2024,2i5w-ykuw,Lyft,61,59,38,includes_classic_bike_rides
2024,2i5w-ykuw,Lyft,61,60,138,includes_classic_bike_rides
2024,2i5w-ykuw,Lyft,61,61,716,includes_classic_bike_rides
2024,2i5w-ykuw,Lyft,61,63,134,includes_classic_bike_rides
2024,2i5w-ykuw,Lyft,61,65,2,includes_classic_bike_rides
2024,2i5w-ykuw,Lyft,61,66,17,includes_classic_bike_rides
2024,2i5w-ykuw,Lyft,61,67,29,includes_classic_bike_rides
2024,2i5w-ykuw,Lyft,61,68,35,includes_classic_bike_rides
2024,2i5w-ykuw,Lyft,61,69,2,includes_classic_bike_rides
2024,2i5w-ykuw,Lyft,61,70,1,includes_classic_bike_rides
2024,2i5w-ykuw,Lyft,61,71,2,includes_classic_bike_rides
2024,2i5w-ykuw,Lyft,62,24,1,includes_classic_bike_rides
2024,2i5w-ykuw,Lyft,62,28,1,includes_classic_bike_rides
2024,2i5w-ykuw,Lyft,62,29,1,includes_classic_bike_rides
2024,2i5w-ykuw,Lyft,62,56,5,includes_classic_bike_rides
2024,2i5w-ykuw,Lyft,62,57,41,includes_classic_bike_rides
2024,2i5w-ykuw,Lyft,62,58,4,includes_classic_bike_rides
2024,2i5w-ykuw,Lyft,62,61,2,includes_classic_bike_rides
2024,2i5w-ykuw,Lyft,62,62,73,includes_classic_bike_rides
2024,2i5w-ykuw,Lyft,62,63,24,includes_classic_bike_rides
2024,2i5w-ykuw,Lyft,62,64,1,includes_classic_bike_rides
2024,2i5w-ykuw,Lyft,62,65,20,includes_classic_bike_rides
2024,2i5w-ykuw,Lyft,62,66,8,includes_classic_bike_rides
2024,2i5w-ykuw,Lyft,62,68,1,includes_classic_bike_rides
2024,2i5w-ykuw,Lyft,62,70,1,includes_classic_bike_rides
2024,2i5w-ykuw,Lyft,63,28,1,includes_classic_bike_rides
2024,2i5w-ykuw,Lyft,63,30,6,includes_classic_bike_rides
2024,2i5w-ykuw,Lyft,63,31,10,includes_classic_bike_rides
2024,2i5w-ykuw,Lyft,63,33,4,includes_classic_bike_rides
2024,2i5w-ykuw,Lyft,63,34,1,includes_classic_bike_rides
2024,2i5w-ykuw,Lyft,63,37,6,includes_classic_bike_rides
2024,2i5w-ykuw,Lyft,63,38,2,includes_classic_bike_rides
2024,2i5w-ykuw,Lyft,63,42,1,includes_classic_bike_rides
2024,2i5w-ykuw,Lyft,63,56,6,includes_classic_bike_rides
2024,2i5w-ykuw,Lyft,63,57,6,includes_classic_bike_rides
2024,2i5w-ykuw,Lyft,63,58,138,includes_classic_bike_rides
2024,2i5w-ykuw,Lyft,63,59,9,includes_classic_bike_rides
2024,2i5w-ykuw,Lyft,63,60,20,includes_classic_bike_rides
2024,2i5w-ykuw,Lyft,63,61,113,includes_classic_bike_rides
2024,2i5w-ykuw,Lyft,63,62,29,includes_classic_bike_rides
2024,2i5w-ykuw,Lyft,63,63,442,includes_classic_bike_rides
2024,2i5w-ykuw,Lyft,63,65,19,includes_classic_bike_rides
2024,2i5w-ykuw,Lyft,63,66,134,includes_classic_bike_rides
2024,2i5w-ykuw,Lyft,63,67,9,includes_classic_bike_rides
2024,2i5w-ykuw,Lyft,63,68,1,includes_classic_bike_rides
2024,2i5w-ykuw,Lyft,63,70,3,includes_classic_bike_rides
2024,2i5w-ykuw,Lyft,65,21,1,includes_classic_bike_rides
2024,2i5w-ykuw,Lyft,65,25,2,includes_classic_bike_rides
2024,2i5w-ykuw,Lyft,65,31,1,includes_classic_bike_rides
2024,2i5w-ykuw,Lyft,65,56,37,includes_classic_bike_rides
2024,2i5w-ykuw,Lyft,65,57,11,includes_classic_bike_rides
2024,2i5w-ykuw,Lyft,65,62,4,includes_classic_bike_rides
2024,2i5w-ykuw,Lyft,65,63,12,includes_classic_bike_rides
2024,2i5w-ykuw,Lyft,65,65,99,includes_classic_bike_rides
2024,2i5w-ykuw,Lyft,65,66,10,includes_classic_bike_rides
2024,2i5w-ykuw,Lyft,65,70,3,includes_classic_bike_rides
2024,2i5w-ykuw,Lyft,66,,1,includes_classic_bike_rides
2024,2i5w-ykuw,Lyft,66,29,1,includes_classic_bike_rides
2024,2i5w-ykuw,Lyft,66,31,1,includes_classic_bike_rides
2024,2i5w-ykuw,Lyft,66,41,1,includes_classic_bike_rides
2024,2i5w-ykuw,Lyft,66,44,1,includes_classic_bike_rides
2024,2i5w-ykuw,Lyft,66,56,7,includes_classic_bike_rides
2024,2i5w-ykuw,Lyft,66,57,2,includes_classic_bike_rides
2024,2i5w-ykuw,Lyft,66,58,36,includes_classic_bike_rides
2024,2i5w-ykuw,Lyft,66,59,1,includes_classic_bike_rides
2024,2i5w-ykuw,Lyft,66,60,1,includes_classic_bike_rides
2024,2i5w-ykuw,Lyft,66,61,8,includes_classic_bike_rides
2024,2i5w-ykuw,Lyft,66,62,5,includes_classic_bike_rides
2024,2i5w-ykuw,Lyft,66,63,71,includes_classic_bike_rides
2024,2i5w-ykuw,Lyft,66,64,1,includes_classic_bike_rides
2024,2i5w-ykuw,Lyft,66,65,15,includes_classic_bike_rides
2024,2i5w-ykuw,Lyft,66,66,227,includes_classic_bike_rides
2024,2i5w-ykuw,Lyft,66,67,6,includes_classic_bike_rides
2024,2i5w-ykuw,Lyft,66,68,3,includes_classic_bike_rides
2024,2i5w-ykuw,Lyft,66,70,8,includes_classic_bike_rides
2024,2i5w-ykuw,Lyft,67,24,1,includes_classic_bike_rides
2024,2i5w-ykuw,Lyft,67,28,2,includes_classic_bike_rides
2024,2i5w-ykuw,Lyft,67,29,1,includes_classic_bike_rides
2024,2i5w-ykuw,Lyft,67,37,3,includes_classic_bike_rides
2024,2i5w-ykuw,Lyft,67,39,1,includes_classic_bike_rides
2024,2i5w-ykuw,Lyft,67,40,3,includes_classic_bike_rides
2024,2i5w-ykuw,Lyft,67,41,1,includes_classic_bike_rides
2024,2i5w-ykuw,Lyft,67,42,1,includes_classic_bike_rides
2024,2i5w-ykuw,Lyft,67,61,24,includes_classic_bike_rides
2024,2i5w-ykuw,Lyft,67,63,9,includes_classic_bike_rides
2024,2i5w-ykuw,Lyft,67,66,22,includes_classic_bike_rides
2024,2i5w-ykuw,Lyft,67,67,240,includes_classic_bike_rides
2024,2i5w-ykuw,Lyft,67,68,19,includes_classic_bike_rides
2024,2i5w-ykuw,Lyft,67,69,8,includes_classic_bike_rides
2024,2i5w-ykuw,Lyft,67,70,2,includes_classic_bike_rides
2024,2i5w-ykuw,Lyft,67,71,13,includes_classic_bike_rides
2024,2i5w-ykuw,Lyft,68,8,1,includes_classic_bike_rides
2024,2i5w-ykuw,Lyft,68,28,1,includes_classic_bike_rides
2024,2i5w-ykuw,Lyft,68,31,2,includes_classic_bike_rides
2024,2i5w-ykuw,Lyft,68,32,2,includes_classic_bike_rides
2024,2i5w-ykuw,Lyft,68,33,2,includes_classic_bike_rides
2024,2i5w-ykuw,Lyft,68,34,1,includes_classic_bike_rides
2024,2i5w-ykuw,Lyft,68,35,1,includes_classic_bike_rides
2024,2i5w-ykuw,Lyft,68,37,9,includes_classic_bike_rides
2024,2i5w-ykuw,Lyft,68,38,5,includes_classic_bike_rides
2024,2i5w-ykuw,Lyft,68,39,1,includes_classic_bike_rides
2024,2i5w-ykuw,Lyft,68,40,14,includes_classic_bike_rides
2024,2i5w-ykuw,Lyft,68,41,9,includes_classic_bike_rides
2024,2i5w-ykuw,Lyft,68,42,31,includes_classic_bike_rides
2024,2i5w-ykuw,Lyft,68,43,8,includes_classic_bike_rides
2024,2i5w-ykuw,Lyft,68,44,3,includes_classic_bike_rides
2024,2i5w-ykuw,Lyft,68,45,2,includes_classic_bike_rides
2024,2i5w-ykuw,Lyft,68,61,22,includes_classic_bike_rides
2024,2i5w-ykuw,Lyft,68,63,1,includes_classic_bike_rides
2024,2i5w-ykuw,Lyft,68,66,6,includes_classic_bike_rides
2024,2i5w-ykuw,Lyft,68,67,42,includes_classic_bike_rides
2024,2i5w-ykuw,Lyft,68,68,337,includes_classic_bike_rides
2024,2i5w-ykuw,Lyft,68,69,68,includes_classic_bike_rides
2024,2i5w-ykuw,Lyft,68,70,1,includes_classic_bike_rides
2024,2i5w-ykuw,Lyft,68,71,21,includes_classic_bike_rides
2024,2i5w-ykuw,Lyft,69,28,1,includes_classic_bike_rides
2024,2i5w-ykuw,Lyft,69,33,2,includes_classic_bike_rides
2024,2i5w-ykuw,Lyft,69,35,33,includes_classic_bike_rides
2024,2i5w-ykuw,Lyft,69,36,1,includes_classic_bike_rides
2024,2i5w-ykuw,Lyft,69,38,5,includes_classic_bike_rides
2024,2i5w-ykuw,Lyft,69,39,2,includes_classic_bike_rides
2024,2i5w-ykuw,Lyft,69,40,12,includes_classic_bike_rides
2024,2i5w-ykuw,Lyft,69,41,23,includes_classic_bike_rides
2024,2i5w-ykuw,Lyft,69,42,52,includes_classic_bike_rides
2024,2i5w-ykuw,Lyft,69,43,50,includes_classic_bike_rides
2024,2i5w-ykuw,Lyft,69,44,42,includes_classic_bike_rides
2024,2i5w-ykuw,Lyft,69,45,7,includes_classic_bike_rides
2024,2i5w-ykuw,Lyft,69,46,1,includes_classic_bike_rides
2024,2i5w-ykuw,Lyft,69,49,2,includes_classic_bike_rides
2024,2i5w-ykuw,Lyft,69,50,1,includes_classic_bike_rides
2024,2i5w-ykuw,Lyft,69,60,1,includes_classic_bike_rides
2024,2i5w-ykuw,Lyft,69,61,2,includes_classic_bike_rides
2024,2i5w-ykuw,Lyft,69,66,2,includes_classic_bike_rides
2024,2i5w-ykuw,Lyft,69,67,7,includes_classic_bike_rides
2024,2i5w-ykuw,Lyft,69,68,71,includes_classic_bike_rides
2024,2i5w-ykuw,Lyft,69,69,351,includes_classic_bike_rides
2024,2i5w-ykuw,Lyft,69,71,5,includes_classic_bike_rides
2024,2i5w-ykuw,Lyft,69,73,1,includes_classic_bike_rides
2024,2i5w-ykuw,Lyft,70,41,1,includes_classic_bike_rides
2024,2i5w-ykuw,Lyft,70,44,1,includes_classic_bike_rides
2024,2i5w-ykuw,Lyft,70,49,1,includes_classic_bike_rides
2024,2i5w-ykuw,Lyft,70,53,1,includes_classic_bike_rides
2024,2i5w-ykuw,Lyft,70,56,12,includes_classic_bike_rides
2024,2i5w-ykuw,Lyft,70,57,1,includes_classic_bike_rides
2024,2i5w-ykuw,Lyft,70,61,1,includes_classic_bike_rides
2024,2i5w-ykuw,Lyft,70,62,2,includes_classic_bike_rides
2024,2i5w-ykuw,Lyft,70,63,1,includes_classic_bike_rides
2024,2i5w-ykuw,Lyft,70,65,5,includes_classic_bike_rides
2024,2i5w-ykuw,Lyft,70,66,7,includes_classic_bike_rides
2024,2i5w-ykuw,Lyft,70,67,3,includes_classic_bike_rides
2024,2i5w-ykuw,Lyft,70,70,254,includes_classic_bike_rides
2024,2i5w-ykuw,Lyft,70,71,31,includes_classic_bike_rides
2024,2i5w-ykuw,Lyft,70,72,3,includes_classic_bike_rides
2024,2i5w-ykuw,Lyft,71,28,1,includes_classic_bike_rides
2024,2i5w-ykuw,Lyft,71,43,1,includes_classic_bike_rides
2024,2i5w-ykuw,Lyft,71,44,7,includes_classic_bike_rides
2024,2i5w-ykuw,Lyft,71,49,1,includes_classic_bike_rides
2024,2i5w-ykuw,Lyft,71,66,1,includes_classic_bike_rides
2024,2i5w-ykuw,Lyft,71,67,8,includes_classic_bike_rides
2024,2i5w-ykuw,Lyft,71,68,8,includes_classic_bike_rides
2024,2i5w-ykuw,Lyft,71,69,32,includes_classic_bike_rides
2024,2i5w-ykuw,Lyft,71,70,24,includes_classic_bike_rides
2024,2i5w-ykuw,Lyft,71,71,182,includes_classic_bike_rides
2024,2i5w-ykuw,Lyft,71,72,13,includes_classic_bike_rides
2024,2i5w-ykuw,Lyft,71,73,3,includes_classic_bike_rides
2024,2i5w-ykuw,Lyft,71,74,1,includes_classic_bike_rides
2024,2i5w-ykuw,Lyft,71,75,1,includes_classic_bike_rides
2024,2i5w-ykuw,Lyft,72,49,1,includes_classic_bike_rides
2024,2i5w-ykuw,Lyft,72,51,1,includes_classic_bike_rides
2024,2i5w-ykuw,Lyft,72,65,2,includes_classic_bike_rides
2024,2i5w-ykuw,Lyft,72,67,2,includes_classic_bike_rides
2024,2i5w-ykuw,Lyft,72,70,7,includes_classic_bike_rides
2024,2i5w-ykuw,Lyft,72,71,18,includes_classic_bike_rides
2024,2i5w-ykuw,Lyft,72,72,83,includes_classic_bike_rides
2024,2i5w-ykuw,Lyft,72,73,9,includes_classic_bike_rides
2024,2i5w-ykuw,Lyft,72,74,2,includes_classic_bike_rides
2024,2i5w-ykuw,Lyft,72,75,23,includes_classic_bike_rides
2024,2i5w-ykuw,Lyft,73,42,1,includes_classic_bike_rides
2024,2i5w-ykuw,Lyft,73,44,2,includes_classic_bike_rides
2024,2i5w-ykuw,Lyft,73,49,15,includes_classic_bike_rides
2024,2i5w-ykuw,Lyft,73,69,2,includes_classic_bike_rides
2024,2i5w-ykuw,Lyft,73,72,1,includes_classic_bike_rides
2024,2i5w-ykuw,Lyft,73,73,21,includes_classic_bike_rides
2024,2i5w-ykuw,Lyft,73,75,1,includes_classic_bike_rides
2024,2i5w-ykuw,Lyft,74,70,1,includes_classic_bike_rides
2024,2i5w-ykuw,Lyft,74,72,5,includes_classic_bike_rides
2024,2i5w-ykuw,Lyft,74,74,72,includes_classic_bike_rides
2024,2i5w-ykuw,Lyft,74,75,10,includes_classic_bike_rides
2024,2i5w-ykuw,Lyft,75,49,2,includes_classic_bike_rides
2024,2i5w-ykuw,Lyft,75,50,3,includes_classic_bike_rides
2024,2i5w-ykuw,Lyft,75,53,2,includes_classic_bike_rides
2024,2i5w-ykuw,Lyft,75,72,32,includes_classic_bike_rides
2024,2i5w-ykuw,Lyft,75,73,4,includes_classic_bike_rides
2024,2i5w-ykuw,Lyft,75,74,10,includes_classic_bike_rides
2024,2i5w-ykuw,Lyft,75,75,76,includes_classic_bike_rides
2024,2i5w-ykuw,Lyft,77,,127,includes_classic_bike_rides
2024,2i5w-ykuw,Lyft,77,1,1893,includes_classic_bike_rides
2024,2i5w-ykuw,Lyft,77,2,426,includes_classic_bike_rides
2024,2i5w-ykuw,Lyft,77,3,4657,includes_classic_bike_rides
2024,2i5w-ykuw,Lyft,77,4,1624,includes_classic_bike_rides
2024,2i5w-ykuw,Lyft,77,5,265,includes_classic_bike_rides
2024,2i5w-ykuw,Lyft,77,6,2438,includes_classic_bike_rides
2024,2i5w-ykuw,Lyft,77,7,1181,includes_classic_bike_rides
2024,2i5w-ykuw,Lyft,77,8,699,includes_classic_bike_rides
2024,2i5w-ykuw,Lyft,77,11,6,includes_classic_bike_rides
2024,2i5w-ykuw,Lyft,77,12,3,includes_classic_bike_rides
2024,2i5w-ykuw,Lyft,77,13,68,includes_classic_bike_rides
2024,2i5w-ykuw,Lyft,77,14,57,includes_classic_bike_rides
2024,2i5w-ykuw,Lyft,77,15,5,includes_classic_bike_rides
2024,2i5w-ykuw,Lyft,77,16,76,includes_classic_bike_rides
2024,2i5w-ykuw,Lyft,77,17,1,includes_classic_bike_rides
2024,2i5w-ykuw,Lyft,77,19,1,includes_classic_bike_rides
2024,2i5w-ykuw,Lyft,77,20,79,includes_classic_bike_rides
2024,2i5w-ykuw,Lyft,77,21,21,includes_classic_bike_rides
2024,2i5w-ykuw,Lyft,77,22,102,includes_classic_bike_rides
2024,2i5w-ykuw,Lyft,77,24,60,includes_classic_bike_rides
2024,2i5w-ykuw,Lyft,77,28,48,includes_classic_bike_rides
2024,2i5w-ykuw,Lyft,77,31,1,includes_classic_bike_rides
2024,2i5w-ykuw,Lyft,77,32,266,includes_classic_bike_rides
2024,2i5w-ykuw,Lyft,77,33,54,includes_classic_bike_rides
2024,2i5w-ykuw,Lyft,77,34,1,includes_classic_bike_rides
2024,2i5w-ykuw,Lyft,77,35,2,includes_classic_bike_rides
2024,2i5w-ykuw,Lyft,77,39,1,includes_classic_bike_rides
2024,2i5w-ykuw,Lyft,77,40,2,includes_classic_bike_rides
2024,2i5w-ykuw,Lyft,77,41,9,includes_classic_bike_rides
2024,2i5w-ykuw,Lyft,77,42,2,includes_classic_bike_rides
2024,2i5w-ykuw,Lyft,77,43,6,includes_classic_bike_rides
2024,2i5w-ykuw,Lyft,77,62,1,includes_classic_bike_rides
2024,2i5w-ykuw,Lyft,77,77,8750,includes_classic_bike_rides
2024,2i5w-ykuw,Spin,,,2,
2024,2i5w-ykuw,Spin,,2,3,
2024,2i5w-ykuw,Spin,,15,2,
2024,2i5w-ykuw,Spin,,17,1,
2024,2i5w-ykuw,Spin,,19,1,
2024,2i5w-ykuw,Spin,,25,15,
2024,2i5w-ykuw,Spin,,26,3,
2024,2i5w-ykuw,Spin,,64,3,
2024,2i5w-ykuw,Spin,,65,1,
2024,2i5w-ykuw,Spin,,66,2,
2024,2i5w-ykuw,Spin,1,1,182,
2024,2i5w-ykuw,Spin,1,2,36,
2024,2i5w-ykuw,Spin,1,3,11,
2024,2i5w-ykuw,Spin,1,4,1,
2024,2i5w-ykuw,Spin,1,5,1,
2024,2i5w-ykuw,Spin,1,6,4,
2024,2i5w-ykuw,Spin,1,8,1,
2024,2i5w-ykuw,Spin,1,13,1,
2024,2i5w-ykuw,Spin,1,22,2,
2024,2i5w-ykuw,Spin,1,77,19,
2024,2i5w-ykuw,Spin,2,,2,
2024,2i5w-ykuw,Spin,2,1,33,
2024,2i5w-ykuw,Spin,2,2,220,
2024,2i5w-ykuw,Spin,2,3,10,
2024,2i5w-ykuw,Spin,2,4,11,
2024,2i5w-ykuw,Spin,2,6,2,
2024,2i5w-ykuw,Spin,2,13,6,
2024,2i5w-ykuw,Spin,2,14,1,
2024,2i5w-ykuw,Spin,2,16,1,
2024,2i5w-ykuw,Spin,2,22,1,
2024,2i5w-ykuw,Spin,2,77,30,
2024,2i5w-ykuw,Spin,3,1,9,
2024,2i5w-ykuw,Spin,3,2,16,
2024,2i5w-ykuw,Spin,3,3,1591,
2024,2i5w-ykuw,Spin,3,4,104,
2024,2i5w-ykuw,Spin,3,5,38,
2024,2i5w-ykuw,Spin,3,6,532,
2024,2i5w-ykuw,Spin,3,7,28,
2024,2i5w-ykuw,Spin,3,8,4,
2024,2i5w-ykuw,Spin,3,13,1,
2024,2i5w-ykuw,Spin,3,14,11,
2024,2i5w-ykuw,Spin,3,15,1,
2024,2i5w-ykuw,Spin,3,16,8,
2024,2i5w-ykuw,Spin,3,22,3,
2024,2i5w-ykuw,Spin,3,24,2,
2024,2i5w-ykuw,Spin,3,28,1,
2024,2i5w-ykuw,Spin,3,77,287,
2024,2i5w-ykuw,Spin,4,1,4,
2024,2i5w-ykuw,Spin,4,2,16,
2024,2i5w-ykuw,Spin,4,3,127,
2024,2i5w-ykuw,Spin,4,4,504,
2024,2i5w-ykuw,Spin,4,5,88,
2024,2i5w-ykuw,Spin,4,6,78,
2024,2i5w-ykuw,Spin,4,7,2,
2024,2i5w-ykuw,Spin,4,8,1,
2024,2i5w-ykuw,Spin,4,13,10,
2024,2i5w-ykuw,Spin,4,14,35,
2024,2i5w-ykuw,Spin,4,15,4,
2024,2i5w-ykuw,Spin,4,16,16,
2024,2i5w-ykuw,Spin,4,19,1,
2024,2i5w-ykuw,Spin,4,21,9,
2024,2i5w-ykuw,Spin,4,22,12,
2024,2i5w-ykuw,Spin,4,24,6,
2024,2i5w-ykuw,Spin,4,28,3,
2024,2i5w-ykuw,Spin,4,58,4,
2024,2i5w-ykuw,Spin,4,77,62,
2024,2i5w-ykuw,Spin,5,,1,
2024,2i5w-ykuw,Spin,5,1,2,
2024,2i5w-ykuw,Spin,5,2,5,
2024,2i5w-ykuw,Spin,5,3,36,
2024,2i5w-ykuw,Spin,5,4,81,
2024,2i5w-ykuw,Spin,5,5,519,
2024,2i5w-ykuw,Spin,5,6,396,
2024,2i5w-ykuw,Spin,5,7,36,
2024,2i5w-ykuw,Spin,5,8,7,
2024,2i5w-ykuw,Spin,5,14,18,
2024,2i5w-ykuw,Spin,5,15,8,
2024,2i5w-ykuw,Spin,5,16,78,
2024,2i5w-ykuw,Spin,5,17,1,
2024,2i5w-ykuw,Spin,5,20,3,
2024,2i5w-ykuw,Spin,5,21,36,
2024,2i5w-ykuw,Spin,5,22,84,
2024,2i5w-ykuw,Spin,5,23,8,
2024,2i5w-ykuw,Spin,5,24,27,
2024,2i5w-ykuw,Spin,5,28,3,
2024,2i5w-ykuw,Spin,5,32,1,
2024,2i5w-ykuw,Spin,5,58,1,
2024,2i5w-ykuw,Spin,5,77,9,
2024,2i5w-ykuw,Spin,6,1,11,
2024,2i5w-ykuw,Spin,6,2,6,
2024,2i5w-ykuw,Spin,6,3,625,
2024,2i5w-ykuw,Spin,6,4,128,
2024,2i5w-ykuw,Spin,6,5,504,
2024,2i5w-ykuw,Spin,6,6,6658,
2024,2i5w-ykuw,Spin,6,7,1257,
2024,2i5w-ykuw,Spin,6,8,241,
2024,2i5w-ykuw,Spin,6,14,20,
2024,2i5w-ykuw,Spin,6,15,8,
2024,2i5w-ykuw,Spin,6,16,54,
2024,2i5w-ykuw,Spin,6,19,6,
2024,2i5w-ykuw,Spin,6,20,1,
2024,2i5w-ykuw,Spin,6,21,70,
2024,2i5w-ykuw,Spin,6,22,129,
2024,2i5w-ykuw,Spin,6,23,13,
2024,2i5w-ykuw,Spin,6,24,100,
2024,2i5w-ykuw,Spin,6,25,1,
2024,2i5w-ykuw,Spin,6,26,3,
2024,2i5w-ykuw,Spin,6,28,74,
2024,2i5w-ykuw,Spin,6,29,4,
2024,2i5w-ykuw,Spin,6,31,2,
2024,2i5w-ykuw,Spin,6,32,70,
2024,2i5w-ykuw,Spin,6,77,96,
2024,2i5w-ykuw,Spin,7,2,2,
2024,2i5w-ykuw,Spin,7,3,34,
2024,2i5w-ykuw,Spin,7,4,12,
2024,2i5w-ykuw,Spin,7,5,48,
2024,2i5w-ykuw,Spin,7,6,1088,
2024,2i5w-ykuw,Spin,7,7,3123,
2024,2i5w-ykuw,Spin,7,8,658,
2024,2i5w-ykuw,Spin,7,14,4,
2024,2i5w-ykuw,Spin,7,15,4,
2024,2i5w-ykuw,Spin,7,16,4,
2024,2i5w-ykuw,Spin,7,20,1,
2024,2i5w-ykuw,Spin,7,21,3,
2024,2i5w-ykuw,Spin,7,22,127,
2024,2i5w-ykuw,Spin,7,23,9,
2024,2i5w-ykuw,Spin,7,24,121,
2024,2i5w-ykuw,Spin,7,26,3,
2024,2i5w-ykuw,Spin,7,27,1,
2024,2i5w-ykuw,Spin,7,28,120,
2024,2i5w-ykuw,Spin,7,32,139,
2024,2i5w-ykuw,Spin,7,33,3,
2024,2i5w-ykuw,Spin,7,34,4,
2024,2i5w-ykuw,Spin,7,60,1,
2024,2i5w-ykuw,Spin,7,77,6,
2024,2i5w-ykuw,Spin,8,3,6,
2024,2i5w-ykuw,Spin,8,5,2,
2024,2i5w-ykuw,Spin,8,6,69,
2024,2i5w-ykuw,Spin,8,7,298,
2024,2i5w-ykuw,Spin,8,8,1433,
2024,2i5w-ykuw,Spin,8,14,2,
2024,2i5w-ykuw,Spin,8,16,1,
2024,2i5w-ykuw,Spin,8,21,1,
2024,2i5w-ykuw,Spin,8,22,26,
2024,2i5w-ykuw,Spin,8,23,2,
2024,2i5w-ykuw,Spin,8,24,148,
2024,2i5w-ykuw,Spin,8,25,1,
2024,2i5w-ykuw,Spin,8,26,6,
2024,2i5w-ykuw,Spin,8,27,2,
2024,2i5w-ykuw,Spin,8,28,130,
2024,2i5w-ykuw,Spin,8,29,3,
2024,2i5w-ykuw,Spin,8,30,2,
2024,2i5w-ykuw,Spin,8,31,3,
2024,2i5w-ykuw,Spin,8,32,326,
2024,2i5w-ykuw,Spin,8,33,7,
2024,2i5w-ykuw,Spin,8,34,3,
2024,2i5w-ykuw,Spin,8,35,1,
2024,2i5w-ykuw,Spin,8,41,1,
2024,2i5w-ykuw,Spin,8,60,1,
2024,2i5w-ykuw,Spin,8,69,1,
2024,2i5w-ykuw,Spin,13,2,7,
2024,2i5w-ykuw,Spin,13,4,3,
2024,2i5w-ykuw,Spin,13,13,8,
2024,2i5w-ykuw,Spin,13,14,6,
2024,2i5w-ykuw,Spin,13,15,1,
2024,2i5w-ykuw,Spin,13,22,1,
2024,2i5w-ykuw,Spin,13,32,1,
2024,2i5w-ykuw,Spin,13,77,2,
2024,2i5w-ykuw,Spin,14,1,2,
2024,2i5w-ykuw,Spin,14,3,7,
2024,2i5w-ykuw,Spin,14,4,31,
2024,2i5w-ykuw,Spin,14,5,16,
2024,2i5w-ykuw,Spin,14,6,20,
2024,2i5w-ykuw,Spin,14,7,2,
2024,2i5w-ykuw,Spin,14,8,1,
2024,2i5w-ykuw,Spin,14,13,6,
2024,2i5w-ykuw,Spin,14,14,127,
2024,2i5w-ykuw,Spin,14,15,1,
2024,2i5w-ykuw,Spin,14,16,58,
2024,2i5w-ykuw,Spin,14,19,1,
2024,2i5w-ykuw,Spin,14,21,8,
2024,2i5w-ykuw,Spin,14,22,2,
2024,2i5w-ykuw,Spin,14,23,1,
2024,2i5w-ykuw,Spin,14,26,3,
2024,2i5w-ykuw,Spin,14,28,3,
2024,2i5w-ykuw,Spin,14,60,1,
2024,2i5w-ykuw,Spin,14,77,1,
2024,2i5w-ykuw,Spin,15,5,3,
2024,2i5w-ykuw,Spin,15,6,5,
2024,2i5w-ykuw,Spin,15,7,2,
2024,2i5w-ykuw,Spin,15,14,1,
2024,2i5w-ykuw,Spin,15,15,216,
2024,2i5w-ykuw,Spin,15,16,59,
2024,2i5w-ykuw,Spin,15,17,17,
2024,2i5w-ykuw,Spin,15,18,2,
2024,2i5w-ykuw,Spin,15,19,61,
2024,2i5w-ykuw,Spin,15,20,2,
2024,2i5w-ykuw,Spin,15,21,21,
2024,2i5w-ykuw,Spin,15,22,4,
2024,2i5w-ykuw,Spin,15,23,2,
2024,2i5w-ykuw,Spin,15,24,1,
2024,2i5w-ykuw,Spin,15,25,8,
2024,2i5w-ykuw,Spin,16,2,1,
2024,2i5w-ykuw,Spin,16,3,8,
2024,2i5w-ykuw,Spin,16,4,13,
2024,2i5w-ykuw,Spin,16,5,74,
2024,2i5w-ykuw,Spin,16,6,32,
2024,2i5w-ykuw,Spin,16,7,1,
2024,2i5w-ykuw,Spin,16,8,4,
2024,2i5w-ykuw,Spin,16,14,50,
2024,2i5w-ykuw,Spin,16,15,74,
2024,2i5w-ykuw,Spin,16,16,411,
2024,2i5w-ykuw,Spin,16,17,3,
2024,2i5w-ykuw,Spin,16,19,10,
2024,2i5w-ykuw,Spin,16,20,6,
2024,2i5w-ykuw,Spin,16,21,109,
2024,2i5w-ykuw,Spin,16,22,40,
2024,2i5w-ykuw,Spin,16,23,6,
2024,2i5w-ykuw,Spin,16,24,8,
2024,2i5w-ykuw,Spin,16,25,3,
2024,2i5w-ykuw,Spin,16,28,1,
2024,2i5w-ykuw,Spin,16,29,1,
2024,2i5w-ykuw,Spin,16,60,1,
2024,2i5w-ykuw,Spin,16,77,1,
2024,2i5w-ykuw,Spin,17,,3,
2024,2i5w-ykuw,Spin,17,15,20,
2024,2i5w-ykuw,Spin,17,17,55,
2024,2i5w-ykuw,Spin,17,18,11,
2024,2i5w-ykuw,Spin,17,19,12,
2024,2i5w-ykuw,Spin,17,20,1,
2024,2i5w-ykuw,Spin,17,23,1,
2024,2i5w-ykuw,Spin,17,25,2,
2024,2i5w-ykuw,Spin,17,26,1,
2024,2i5w-ykuw,Spin,18,,2,
2024,2i5w-ykuw,Spin,18,15,1,
2024,2i5w-ykuw,Spin,18,17,3,
2024,2i5w-ykuw,Spin,18,18,12,
2024,2i5w-ykuw,Spin,18,19,16,
2024,2i5w-ykuw,Spin,18,20,1,
2024,2i5w-ykuw,Spin,18,25,1,
2024,2i5w-ykuw,Spin,19,,2,
2024,2i5w-ykuw,Spin,19,2,1,
2024,2i5w-ykuw,Spin,19,4,2,
2024,2i5w-ykuw,Spin,19,5,3,
2024,2i5w-ykuw,Spin,19,6,3,
2024,2i5w-ykuw,Spin,19,7,2,
2024,2i5w-ykuw,Spin,19,15,57,
2024,2i5w-ykuw,Spin,19,16,19,
2024,2i5w-ykuw,Spin,19,17,19,
2024,2i5w-ykuw,Spin,19,18,20,
2024,2i5w-ykuw,Spin,19,19,928,
2024,2i5w-ykuw,Spin,19,20,49,
2024,2i5w-ykuw,Spin,19,21,16,
2024,2i5w-ykuw,Spin,19,22,15,
2024,2i5w-ykuw,Spin,19,23,23,
2024,2i5w-ykuw,Spin,19,24,9,
2024,2i5w-ykuw,Spin,19,25,80,
2024,2i5w-ykuw,Spin,19,26,2,
2024,2i5w-ykuw,Spin,19,27,1,
2024,2i5w-ykuw,Spin,19,28,1,
2024,2i5w-ykuw,Spin,19,29,3,
2024,2i5w-ykuw,Spin,19,32,1,
2024,2i5w-ykuw,Spin,20,5,5,
2024,2i5w-ykuw,Spin,20,6,1,
2024,2i5w-ykuw,Spin,20,7,1,
2024,2i5w-ykuw,Spin,20,15,3,
2024,2i5w-ykuw,Spin,20,16,8,
2024,2i5w-ykuw,Spin,20,19,47,
2024,2i5w-ykuw,Spin,20,20,181,
2024,2i5w-ykuw,Spin,20,21,17,
2024,2i5w-ykuw,Spin,20,22,74,
2024,2i5w-ykuw,Spin,20,23,63,
2024,2i5w-ykuw,Spin,20,24,13,
2024,2i5w-ykuw,Spin,20,25,17,
2024,2i5w-ykuw,Spin,20,26,9,
2024,2i5w-ykuw,Spin,20,27,1,
2024,2i5w-ykuw,Spin,20,29,2,
2024,2i5w-ykuw,Spin,21,,1,
2024,2i5w-ykuw,Spin,21,2,4,
2024,2i5w-ykuw,Spin,21,3,5,
2024,2i5w-ykuw,Spin,21,4,10,
2024,2i5w-ykuw,Spin,21,5,40,
2024,2i5w-ykuw,Spin,21,6,45,
2024,2i5w-ykuw,Spin,21,7,9,
2024,2i5w-ykuw,Spin,21,8,4,
2024,2i5w-ykuw,Spin,21,13,2,
2024,2i5w-ykuw,Spin,21,14,5,
2024,2i5w-ykuw,Spin,21,15,24,
2024,2i5w-ykuw,Spin,21,16,119,
2024,2i5w-ykuw,Spin,21,17,5,
2024,2i5w-ykuw,Spin,21,18,1,
2024,2i5w-ykuw,Spin,21,19,13,
2024,2i5w-ykuw,Spin,21,20,25,
2024,2i5w-ykuw,Spin,21,21,460,
2024,2i5w-ykuw,Spin,21,22,154,
2024,2i5w-ykuw,Spin,21,23,18,
2024,2i5w-ykuw,Spin,21,24,20,
2024,2i5w-ykuw,Spin,21,25,4,
2024,2i5w-ykuw,Spin,21,26,6,
2024,2i5w-ykuw,Spin,21,27,1,
2024,2i5w-ykuw,Spin,21,28,1,
2024,2i5w-ykuw,Spin,21,29,1,
2024,2i5w-ykuw,Spin,21,32,2,
2024,2i5w-ykuw,Spin,21,34,1,
2024,2i5w-ykuw,Spin,21,35,1,
2024,2i5w-ykuw,Spin,22,,2,
2024,2i5w-ykuw,Spin,22,2,1,
2024,2i5w-ykuw,Spin,22,3,6,
2024,2i5w-ykuw,Spin,22,4,13,
2024,2i5w-ykuw,Spin,22,5,87,
2024,2i5w-ykuw,Spin,22,6,96,
2024,2i5w-ykuw,Spin,22,7,125,
2024,2i5w-ykuw,Spin,22,8,24,
2024,2i5w-ykuw,Spin,22,14,3,
2024,2i5w-ykuw,Spin,22,15,10,
2024,2i5w-ykuw,Spin,22,16,39,
2024,2i5w-ykuw,Spin,22,17,4,
2024,2i5w-ykuw,Spin,22,18,1,
2024,2i5w-ykuw,Spin,22,19,22,
2024,2i5w-ykuw,Spin,22,20,62,
2024,2i5w-ykuw,Spin,22,21,176,
2024,2i5w-ykuw,Spin,22,22,1527,
2024,2i5w-ykuw,Spin,22,23,83,
2024,2i5w-ykuw,Spin,22,24,370,
2024,2i5w-ykuw,Spin,22,25,15,
2024,2i5w-ykuw,Spin,22,26,7,
2024,2i5w-ykuw,Spin,22,27,2,
2024,2i5w-ykuw,Spin,22,28,20,
2024,2i5w-ykuw,Spin,22,29,1,
2024,2i5w-ykuw,Spin,22,31,1,
2024,2i5w-ykuw,Spin,22,32,9,
2024,2i5w-ykuw,Spin,22,34,2,
2024,2i5w-ykuw,Spin,22,58,2,
2024,2i5w-ykuw,Spin,22,77,7,
2024,2i5w-ykuw,Spin,23,,1,
2024,2i5w-ykuw,Spin,23,3,1,
2024,2i5w-ykuw,Spin,23,5,11,
2024,2i5w-ykuw,Spin,23,6,5,
2024,2i5w-ykuw,Spin,23,7,7,
2024,2i5w-ykuw,Spin,23,8,3,
2024,2i5w-ykuw,Spin,23,13,2,
2024,2i5w-ykuw,Spin,23,15,2,
2024,2i5w-ykuw,Spin,23,16,15,
2024,2i5w-ykuw,Spin,23,19,19,
2024,2i5w-ykuw,Spin,23,20,42,
2024,2i5w-ykuw,Spin,23,21,14,
2024,2i5w-ykuw,Spin,23,22,68,
2024,2i5w-ykuw,Spin,23,23,1020,
2024,2i5w-ykuw,Spin,23,24,107,
2024,2i5w-ykuw,Spin,23,25,105,
2024,2i5w-ykuw,Spin,23,26,43,
2024,2i5w-ykuw,Spin,23,27,86,
2024,2i5w-ykuw,Spin,23,28,11,
2024,2i5w-ykuw,Spin,23,29,15,
2024,2i5w-ykuw,Spin,23,32,2,
2024,2i5w-ykuw,Spin,23,65,1,
2024,2i5w-ykuw,Spin,24,,2,
2024,2i5w-ykuw,Spin,24,3,11,
2024,2i5w-ykuw,Spin,24,4,6,
2024,2i5w-ykuw,Spin,24,5,33,
2024,2i5w-ykuw,Spin,24,6,57,
2024,2i5w-ykuw,Spin,24,7,104,
2024,2i5w-ykuw,Spin,24,8,198,
2024,2i5w-ykuw,Spin,24,14,2,
2024,2i5w-ykuw,Spin,24,15,1,
2024,2i5w-ykuw,Spin,24,16,16,
2024,2i5w-ykuw,Spin,24,19,13,
2024,2i5w-ykuw,Spin,24,20,12,
2024,2i5w-ykuw,Spin,24,21,28,
2024,2i5w-ykuw,Spin,24,22,379,
2024,2i5w-ykuw,Spin,24,23,111,
2024,2i5w-ykuw,Spin,24,24,2580,
2024,2i5w-ykuw,Spin,24,25,37,
2024,2i5w-ykuw,Spin,24,26,6,
2024,2i5w-ykuw,Spin,24,27,33,
2024,2i5w-ykuw,Spin,24,28,217,
2024,2i5w-ykuw,Spin,24,29,7,
2024,2i5w-ykuw,Spin,24,30,1,
2024,2i5w-ykuw,Spin,24,31,9,
2024,2i5w-ykuw,Spin,24,32,72,
2024,2i5w-ykuw,Spin,24,33,15,
2024,2i5w-ykuw,Spin,24,53,1,
2024,2i5w-ykuw,Spin,24,58,2,
2024,2i5w-ykuw,Spin,24,59,2,
2024,2i5w-ykuw,Spin,24,77,5,
2024,2i5w-ykuw,Spin,25,,13,
2024,2i5w-ykuw,Spin,25,3,1,
2024,2i5w-ykuw,Spin,25,8,2,
2024,2i5w-ykuw,Spin,25,15,10,
2024,2i5w-ykuw,Spin,25,16,1,
2024,2i5w-ykuw,Spin,25,17,1,
2024,2i5w-ykuw,Spin,25,18,4,
2024,2i5w-ykuw,Spin,25,19,69,
2024,2i5w-ykuw,Spin,25,20,21,
2024,2i5w-ykuw,Spin,25,21,3,
2024,2i5w-ykuw,Spin,25,22,3,
2024,2i5w-ykuw,Spin,25,23,90,
2024,2i5w-ykuw,Spin,25,24,14,
2024,2i5w-ykuw,Spin,25,25,1676,
2024,2i5w-ykuw,Spin,25,26,123,
2024,2i5w-ykuw,Spin,25,27,22,
2024,2i5w-ykuw,Spin,25,28,26,
2024,2i5w-ykuw,Spin,25,29,18,
2024,2i5w-ykuw,Spin,25,30,2,
2024,2i5w-ykuw,Spin,25,31,1,
2024,2i5w-ykuw,Spin,25,32,1,
2024,2i5w-ykuw,Spin,25,34,1,
2024,2i5w-ykuw,Spin,26,,4,
2024,2i5w-ykuw,Spin,26,8,2,
2024,2i5w-ykuw,Spin,26,14,3,
2024,2i5w-ykuw,Spin,26,15,1,
2024,2i5w-ykuw,Spin,26,19,1,
2024,2i5w-ykuw,Spin,26,20,7,
2024,2i5w-ykuw,Spin,26,21,3,
2024,2i5w-ykuw,Spin,26,22,2,
2024,2i5w-ykuw,Spin,26,23,46,
2024,2i5w-ykuw,Spin,26,24,7,
2024,2i5w-ykuw,Spin,26,25,129,
2024,2i5w-ykuw,Spin,26,26,681,
2024,2i5w-ykuw,Spin,26,27,49,
2024,2i5w-ykuw,Spin,26,28,24,
2024,2i5w-ykuw,Spin,26,29,60,
2024,2i5w-ykuw,Spin,26,30,1,
2024,2i5w-ykuw,Spin,26,31,5,
2024,2i5w-ykuw,Spin,26,32,1,
2024,2i5w-ykuw,Spin,26,33,1,
2024,2i5w-ykuw,Spin,26,37,1,
2024,2i5w-ykuw,Spin,26,59,2,
2024,2i5w-ykuw,Spin,26,63,1,
2024,2i5w-ykuw,Spin,27,,2,
2024,2i5w-ykuw,Spin,27,6,2,
2024,2i5w-ykuw,Spin,27,7,1,
2024,2i5w-ykuw,Spin,27,8,7,
2024,2i5w-ykuw,Spin,27,19,1,
2024,2i5w-ykuw,Spin,27,20,1,
2024,2i5w-ykuw,Spin,27,21,2,
2024,2i5w-ykuw,Spin,27,22,6,
2024,2i5w-ykuw,Spin,27,23,97,
2024,2i5w-ykuw,Spin,27,24,16,
2024,2i5w-ykuw,Spin,27,25,32,
2024,2i5w-ykuw,Spin,27,26,55,
2024,2i5w-ykuw,Spin,27,27,459,
2024,2i5w-ykuw,Spin,27,28,74,
2024,2i5w-ykuw,Spin,27,29,82,
2024,2i5w-ykuw,Spin,27,30,5,
2024,2i5w-ykuw,Spin,27,31,3,
2024,2i5w-ykuw,Spin,27,32,3,
2024,2i5w-ykuw,Spin,27,37,1,
2024,2i5w-ykuw,Spin,27,60,1,
2024,2i5w-ykuw,Spin,27,62,1,
2024,2i5w-ykuw,Spin,27,68,1,
2024,2i5w-ykuw,Spin,27,77,1,
2024,2i5w-ykuw,Spin,28,3,3,
2024,2i5w-ykuw,Spin,28,4,4,
2024,2i5w-ykuw,Spin,28,5,2,
2024,2i5w-ykuw,Spin,28,6,41,
2024,2i5w-ykuw,Spin,28,7,45,
2024,2i5w-ykuw,Spin,28,8,138,
2024,2i5w-ykuw,Spin,28,14,1,
2024,2i5w-ykuw,Spin,28,15,2,
2024,2i5w-ykuw,Spin,28,16,1,
2024,2i5w-ykuw,Spin,28,21,1,
2024,2i5w-ykuw,Spin,28,22,17,
2024,2i5w-ykuw,Spin,28,23,7,
2024,2i5w-ykuw,Spin,28,24,151,
2024,2i5w-ykuw,Spin,28,25,20,
2024,2i5w-ykuw,Spin,28,26,11,
2024,2i5w-ykuw,Spin,28,27,81,
2024,2i5w-ykuw,Spin,28,28,1254,
2024,2i5w-ykuw,Spin,28,29,37,
2024,2i5w-ykuw,Spin,28,30,8,
2024,2i5w-ykuw,Spin,28,31,58,
2024,2i5w-ykuw,Spin,28,32,163,
2024,2i5w-ykuw,Spin,28,33,8,
2024,2i5w-ykuw,Spin,28,34,6,
2024,2i5w-ykuw,Spin,28,35,3,
2024,2i5w-ykuw,Spin,28,38,1,
2024,2i5w-ykuw,Spin,28,39,1,
2024,2i5w-ykuw,Spin,28,58,47,
2024,2i5w-ykuw,Spin,28,59,7,
2024,2i5w-ykuw,Spin,28,60,6,
2024,2i5w-ykuw,Spin,28,61,1,
2024,2i5w-ykuw,Spin,28,63,1,
2024,2i5w-ykuw,Spin,28,67,2,
2024,2i5w-ykuw,Spin,28,77,1,
2024,2i5w-ykuw,Spin,29,,1,
2024,2i5w-ykuw,Spin,29,5,1,
2024,2i5w-ykuw,Spin,29,7,4,
2024,2i5w-ykuw,Spin,29,8,3,
2024,2i5w-ykuw,Spin,29,16,2,
2024,2i5w-ykuw,Spin,29,19,3,
2024,2i5w-ykuw,Spin,29,22,2,
2024,2i5w-ykuw,Spin,29,23,12,
2024,2i5w-ykuw,Spin,29,24,7,
2024,2i5w-ykuw,Spin,29,25,23,
2024,2i5w-ykuw,Spin,29,26,64,
2024,2i5w-ykuw,Spin,29,27,96,
2024,2i5w-ykuw,Spin,29,28,30,
2024,2i5w-ykuw,Spin,29,29,915,
2024,2i5w-ykuw,Spin,29,30,125,
2024,2i5w-ykuw,Spin,29,31,7,
2024,2i5w-ykuw,Spin,29,32,2,
2024,2i5w-ykuw,Spin,29,57,1,
2024,2i5w-ykuw,Spin,29,58,2,
2024,2i5w-ykuw,Spin,29,61,1,
2024,2i5w-ykuw,Spin,29,63,1,
2024,2i5w-ykuw,Spin,30,22,1,
2024,2i5w-ykuw,Spin,30,24,4,
2024,2i5w-ykuw,Spin,30,25,1,
2024,2i5w-ykuw,Spin,30,26,2,
2024,2i5w-ykuw,Spin,30,27,6,
2024,2i5w-ykuw,Spin,30,28,8,
2024,2i5w-ykuw,Spin,30,29,119,
2024,2i5w-ykuw,Spin,30,30,894,
2024,2i5w-ykuw,Spin,30,31,52,
2024,2i5w-ykuw,Spin,30,32,2,
2024,2i5w-ykuw,Spin,30,34,2,
2024,2i5w-ykuw,Spin,30,35,1,
2024,2i5w-ykuw,Spin,30,56,2,
2024,2i5w-ykuw,Spin,30,57,4,
2024,2i5w-ykuw,Spin,30,58,7,
2024,2i5w-ykuw,Spin,30,59,5,
2024,2i5w-ykuw,Spin,30,61,4,
2024,2i5w-ykuw,Spin,30,62,2,
2024,2i5w-ykuw,Spin,30,66,1,
2024,2i5w-ykuw,Spin,30,68,1,
2024,2i5w-ykuw,Spin,30,70,2,
2024,2i5w-ykuw,Spin,31,8,1,
2024,2i5w-ykuw,Spin,31,19,1,
2024,2i5w-ykuw,Spin,31,21,1,
2024,2i5w-ykuw,Spin,31,24,5,
2024,2i5w-ykuw,Spin,31,26,5,
2024,2i5w-ykuw,Spin,31,27,1,
2024,2i5w-ykuw,Spin,31,28,46,
2024,2i5w-ykuw,Spin,31,29,10,
2024,2i5w-ykuw,Spin,31,30,39,
2024,2i5w-ykuw,Spin,31,31,217,
2024,2i5w-ykuw,Spin,31,32,8,
2024,2i5w-ykuw,Spin,31,33,11,
2024,2i5w-ykuw,Spin,31,34,5,
2024,2i5w-ykuw,Spin,31,35,1,
2024,2i5w-ykuw,Spin,31,43,2,
2024,2i5w-ykuw,Spin,31,58,17,
2024,2i5w-ykuw,Spin,31,59,10,
2024,2i5w-ykuw,Spin,31,60,8,
2024,2i5w-ykuw,Spin,31,61,4,
2024,2i5w-ykuw,Spin,31,63,2,
2024,2i5w-ykuw,Spin,32,6,18,
2024,2i5w-ykuw,Spin,32,7,31,
2024,2i5w-ykuw,Spin,32,8,253,
2024,2i5w-ykuw,Spin,32,22,7,
2024,2i5w-ykuw,Spin,32,24,45,
2024,2i5w-ykuw,Spin,32,27,1,
2024,2i5w-ykuw,Spin,32,28,135,
2024,2i5w-ykuw,Spin,32,29,3,
2024,2i5w-ykuw,Spin,32,31,3,
2024,2i5w-ykuw,Spin,32,32,646,
2024,2i5w-ykuw,Spin,32,33,38,
2024,2i5w-ykuw,Spin,32,34,8,
2024,2i5w-ykuw,Spin,32,35,3,
2024,2i5w-ykuw,Spin,32,36,1,
2024,2i5w-ykuw,Spin,32,38,1,
2024,2i5w-ykuw,Spin,32,39,1,
2024,2i5w-ykuw,Spin,32,46,1,
2024,2i5w-ykuw,Spin,32,57,1,
2024,2i5w-ykuw,Spin,32,58,1,
2024,2i5w-ykuw,Spin,32,59,1,
2024,2i5w-ykuw,Spin,32,61,1,
2024,2i5w-ykuw,Spin,32,69,1,
2024,2i5w-ykuw,Spin,33,5,1,
2024,2i5w-ykuw,Spin,33,8,4,
2024,2i5w-ykuw,Spin,33,24,6,
2024,2i5w-ykuw,Spin,33,28,7,
2024,2i5w-ykuw,Spin,33,31,1,
2024,2i5w-ykuw,Spin,33,32,67,
2024,2i5w-ykuw,Spin,33,33,127,
2024,2i5w-ykuw,Spin,33,34,7,
2024,2i5w-ykuw,Spin,33,35,9,
2024,2i5w-ykuw,Spin,33,36,1,
2024,2i5w-ykuw,Spin,33,37,1,
2024,2i5w-ykuw,Spin,33,38,3,
2024,2i5w-ykuw,Spin,33,39,1,
2024,2i5w-ykuw,Spin,33,41,1,
2024,2i5w-ykuw,Spin,34,24,1,
2024,2i5w-ykuw,Spin,34,28,2,
2024,2i5w-ykuw,Spin,34,31,9,
2024,2i5w-ykuw,Spin,34,32,9,
2024,2i5w-ykuw,Spin,34,33,13,
2024,2i5w-ykuw,Spin,34,34,28,
2024,2i5w-ykuw,Spin,34,35,9,
2024,2i5w-ykuw,Spin,34,39,1,
2024,2i5w-ykuw,Spin,34,58,1,
2024,2i5w-ykuw,Spin,34,60,12,
2024,2i5w-ykuw,Spin,34,61,1,
2024,2i5w-ykuw,Spin,35,27,1,
2024,2i5w-ykuw,Spin,35,31,1,
2024,2i5w-ykuw,Spin,35,32,6,
2024,2i5w-ykuw,Spin,35,33,9,
2024,2i5w-ykuw,Spin,35,34,16,
2024,2i5w-ykuw,Spin,35,35,161,
2024,2i5w-ykuw,Spin,35,36,16,
2024,2i5w-ykuw,Spin,35,38,24,
2024,2i5w-ykuw,Spin,35,39,3,
2024,2i5w-ykuw,Spin,35,40,1,
2024,2i5w-ykuw,Spin,35,41,2,
2024,2i5w-ykuw,Spin,35,43,1,
2024,2i5w-ykuw,Spin,35,60,2,
2024,2i5w-ykuw,Spin,36,32,3,
2024,2i5w-ykuw,Spin,36,33,2,
2024,2i5w-ykuw,Spin,36,35,15,
2024,2i5w-ykuw,Spin,36,36,42,
2024,2i5w-ykuw,Spin,36,38,18,
2024,2i5w-ykuw,Spin,36,39,5,
2024,2i5w-ykuw,Spin,36,40,1,
2024,2i5w-ykuw,Spin,36,41,8,
2024,2i5w-ykuw,Spin,36,71,1,
2024,2i5w-ykuw,Spin,37,28,1,
2024,2i5w-ykuw,Spin,37,35,1,
2024,2i5w-ykuw,Spin,37,37,59,
2024,2i5w-ykuw,Spin,37,38,6,
2024,2i5w-ykuw,Spin,37,39,2,
2024,2i5w-ykuw,Spin,37,40,12,
2024,2i5w-ykuw,Spin,37,41,2,
2024,2i5w-ykuw,Spin,37,42,1,
2024,2i5w-ykuw,Spin,37,44,1,
2024,2i5w-ykuw,Spin,37,60,1,
2024,2i5w-ykuw,Spin,37,61,17,
2024,2i5w-ykuw,Spin,37,67,4,
2024,2i5w-ykuw,Spin,37,68,11,
2024,2i5w-ykuw,Spin,37,69,1,
2024,2i5w-ykuw,Spin,37,71,1,
2024,2i5w-ykuw,Spin,38,8,1,
2024,2i5w-ykuw,Spin,38,32,1,
2024,2i5w-ykuw,Spin,38,33,1,
2024,2i5w-ykuw,Spin,38,34,1,
2024,2i5w-ykuw,Spin,38,35,27,
2024,2i5w-ykuw,Spin,38,36,21,
2024,2i5w-ykuw,Spin,38,37,6,
2024,2i5w-ykuw,Spin,38,38,180,
2024,2i5w-ykuw,Spin,38,39,39,
2024,2i5w-ykuw,Spin,38,40,35,
2024,2i5w-ykuw,Spin,38,41,18,
2024,2i5w-ykuw,Spin,38,42,8,
2024,2i5w-ykuw,Spin,38,43,1,
2024,2i5w-ykuw,Spin,38,44,2,
2024,2i5w-ykuw,Spin,38,58,1,
2024,2i5w-ykuw,Spin,38,68,4,
2024,2i5w-ykuw,Spin,38,69,2,
2024,2i5w-ykuw,Spin,39,26,1,
2024,2i5w-ykuw,Spin,39,28,1,
2024,2i5w-ykuw,Spin,39,35,3,
2024,2i5w-ykuw,Spin,39,36,6,
2024,2i5w-ykuw,Spin,39,37,4,
2024,2i5w-ykuw,Spin,39,38,34,
2024,2i5w-ykuw,Spin,39,39,112,
2024,2i5w-ykuw,Spin,39,40,9,
2024,2i5w-ykuw,Spin,39,41,98,
2024,2i5w-ykuw,Spin,39,42,4,
2024,2i5w-ykuw,Spin,39,43,2,
2024,2i5w-ykuw,Spin,39,44,1,
2024,2i5w-ykuw,Spin,39,69,1,
2024,2i5w-ykuw,Spin,40,32,3,
2024,2i5w-ykuw,Spin,40,33,4,
2024,2i5w-ykuw,Spin,40,34,1,
2024,2i5w-ykuw,Spin,40,35,4,
2024,2i5w-ykuw,Spin,40,36,4,
2024,2i5w-ykuw,Spin,40,37,8,
2024,2i5w-ykuw,Spin,40,38,23,
2024,2i5w-ykuw,Spin,40,39,2,
2024,2i5w-ykuw,Spin,40,40,185,
2024,2i5w-ykuw,Spin,40,41,77,
2024,2i5w-ykuw,Spin,40,42,31,
2024,2i5w-ykuw,Spin,40,43,2,
2024,2i5w-ykuw,Spin,40,44,1,
2024,2i5w-ykuw,Spin,40,45,1,
2024,2i5w-ykuw,Spin,40,46,1,
2024,2i5w-ykuw,Spin,40,61,2,
2024,2i5w-ykuw,Spin,40,66,2,
2024,2i5w-ykuw,Spin,40,68,9,
2024,2i5w-ykuw,Spin,40,69,7,
2024,2i5w-ykuw,Spin,40,71,1,
2024,2i5w-ykuw,Spin,41,32,1,
2024,2i5w-ykuw,Spin,41,33,1,
2024,2i5w-ykuw,Spin,41,35,4,
2024,2i5w-ykuw,Spin,41,36,5,
2024,2i5w-ykuw,Spin,41,37,3,
2024,2i5w-ykuw,Spin,41,38,24,
2024,2i5w-ykuw,Spin,41,39,102,
2024,2i5w-ykuw,Spin,41,40,65,
2024,2i5w-ykuw,Spin,41,41,1721,
2024,2i5w-ykuw,Spin,41,42,62,
2024,2i5w-ykuw,Spin,41,43,16,
2024,2i5w-ykuw,Spin,41,44,1,
2024,2i5w-ykuw,Spin,41,46,2,
2024,2i5w-ykuw,Spin,41,68,3,
2024,2i5w-ykuw,Spin,41,69,1,
2024,2i5w-ykuw,Spin,42,,1,
2024,2i5w-ykuw,Spin,42,8,1,
2024,2i5w-ykuw,Spin,42,35,5,
2024,2i5w-ykuw,Spin,42,37,3,
2024,2i5w-ykuw,Spin,42,38,10,
2024,2i5w-ykuw,Spin,42,39,8,
2024,2i5w-ykuw,Spin,42,40,18,
2024,2i5w-ykuw,Spin,42,41,63,
2024,2i5w-ykuw,Spin,42,42,246,
2024,2i5w-ykuw,Spin,42,43,57,
2024,2i5w-ykuw,Spin,42,44,4,
2024,2i5w-ykuw,Spin,42,46,1,
2024,2i5w-ykuw,Spin,42,49,1,
2024,2i5w-ykuw,Spin,42,66,1,
2024,2i5w-ykuw,Spin,42,67,3,
2024,2i5w-ykuw,Spin,42,68,8,
2024,2i5w-ykuw,Spin,42,69,24,
2024,2i5w-ykuw,Spin,42,71,1,
2024,2i5w-ykuw,Spin,43,31,1,
2024,2i5w-ykuw,Spin,43,32,1,
2024,2i5w-ykuw,Spin,43,35,4,
2024,2i5w-ykuw,Spin,43,39,4,
2024,2i5w-ykuw,Spin,43,40,7,
2024,2i5w-ykuw,Spin,43,41,17,
2024,2i5w-ykuw,Spin,43,42,87,
2024,2i5w-ykuw,Spin,43,43,1528,
2024,2i5w-ykuw,Spin,43,44,24,
2024,2i5w-ykuw,Spin,43,45,41,
2024,2i5w-ykuw,Spin,43,46,75,
2024,2i5w-ykuw,Spin,43,47,1,
2024,2i5w-ykuw,Spin,43,48,7,
2024,2i5w-ykuw,Spin,43,50,1,
2024,2i5w-ykuw,Spin,43,51,6,
2024,2i5w-ykuw,Spin,43,61,1,
2024,2i5w-ykuw,Spin,43,63,1,
2024,2i5w-ykuw,Spin,43,66,2,
2024,2i5w-ykuw,Spin,43,67,4,
2024,2i5w-ykuw,Spin,43,68,15,
2024,2i5w-ykuw,Spin,43,69,75,
2024,2i5w-ykuw,Spin,43,70,1,
2024,2i5w-ykuw,Spin,43,72,1,
2024,2i5w-ykuw,Spin,44,38,2,
2024,2i5w-ykuw,Spin,44,39,2,
2024,2i5w-ykuw,Spin,44,40,1,
2024,2i5w-ykuw,Spin,44,42,1,
2024,2i5w-ykuw,Spin,44,43,17,
2024,2i5w-ykuw,Spin,44,44,449,
2024,2i5w-ykuw,Spin,44,45,57,
2024,2i5w-ykuw,Spin,44,46,12,
2024,2i5w-ykuw,Spin,44,47,2,
2024,2i5w-ykuw,Spin,44,48,9,
2024,2i5w-ykuw,Spin,44,49,25,
2024,2i5w-ykuw,Spin,44,50,6,
2024,2i5w-ykuw,Spin,44,51,3,
2024,2i5w-ykuw,Spin,44,53,1,
2024,2i5w-ykuw,Spin,44,61,4,
2024,2i5w-ykuw,Spin,44,66,1,
2024,2i5w-ykuw,Spin,44,67,5,
2024,2i5w-ykuw,Spin,44,68,12,
2024,2i5w-ykuw,Spin,44,69,62,
2024,2i5w-ykuw,Spin,44,70,1,
2024,2i5w-ykuw,Spin,44,71,46,
2024,2i5w-ykuw,Spin,44,73,11,
2024,2i5w-ykuw,Spin,44,75,2,
2024,2i5w-ykuw,Spin,45,43,16,
2024,2i5w-ykuw,Spin,45,44,59,
2024,2i5w-ykuw,Spin,45,45,119,
2024,2i5w-ykuw,Spin,45,46,11,
2024,2i5w-ykuw,Spin,45,48,32,
2024,2i5w-ykuw,Spin,45,49,1,
2024,2i5w-ykuw,Spin,45,50,1,
2024,2i5w-ykuw,Spin,45,51,2,
2024,2i5w-ykuw,Spin,45,69,4,
2024,2i5w-ykuw,Spin,46,41,2,
2024,2i5w-ykuw,Spin,46,42,4,
2024,2i5w-ykuw,Spin,46,43,105,
2024,2i5w-ykuw,Spin,46,44,5,
2024,2i5w-ykuw,Spin,46,45,8,
2024,2i5w-ykuw,Spin,46,46,1339,
2024,2i5w-ykuw,Spin,46,47,1,
2024,2i5w-ykuw,Spin,46,48,31,
2024,2i5w-ykuw,Spin,46,50,1,
2024,2i5w-ykuw,Spin,46,51,22,
2024,2i5w-ykuw,Spin,46,52,2,
2024,2i5w-ykuw,Spin,46,66,2,
2024,2i5w-ykuw,Spin,46,68,1,
2024,2i5w-ykuw,Spin,46,69,10,
2024,2i5w-ykuw,Spin,46,72,1,
2024,2i5w-ykuw,Spin,46,73,1,
2024,2i5w-ykuw,Spin,47,44,1,
2024,2i5w-ykuw,Spin,47,47,1,
2024,2i5w-ykuw,Spin,47,48,2,
2024,2i5w-ykuw,Spin,47,49,3,
2024,2i5w-ykuw,Spin,47,50,1,
2024,2i5w-ykuw,Spin,48,40,1,
2024,2i5w-ykuw,Spin,48,41,2,
2024,2i5w-ykuw,Spin,48,43,14,
2024,2i5w-ykuw,Spin,48,44,9,
2024,2i5w-ykuw,Spin,48,45,27,
2024,2i5w-ykuw,Spin,48,46,31,
2024,2i5w-ykuw,Spin,48,47,2,
2024,2i5w-ykuw,Spin,48,48,523,
2024,2i5w-ykuw,Spin,48,49,1,
2024,2i5w-ykuw,Spin,48,50,2,
2024,2i5w-ykuw,Spin,48,51,15,
2024,2i5w-ykuw,Spin,48,69,3,
2024,2i5w-ykuw,Spin,48,71,8,
2024,2i5w-ykuw,Spin,49,38,1,
2024,2i5w-ykuw,Spin,49,43,3,
2024,2i5w-ykuw,Spin,49,44,39,
2024,2i5w-ykuw,Spin,49,45,2,
2024,2i5w-ykuw,Spin,49,46,3,
2024,2i5w-ykuw,Spin,49,47,2,
2024,2i5w-ykuw,Spin,49,48,2,
2024,2i5w-ykuw,Spin,49,49,1959,
2024,2i5w-ykuw,Spin,49,50,123,
2024,2i5w-ykuw,Spin,49,51,1,
2024,2i5w-ykuw,Spin,49,53,26,
2024,2i5w-ykuw,Spin,49,54,1,
2024,2i5w-ykuw,Spin,49,61,1,
2024,2i5w-ykuw,Spin,49,67,2,
2024,2i5w-ykuw,Spin,49,68,2,
2024,2i5w-ykuw,Spin,49,69,10,
2024,2i5w-ykuw,Spin,49,70,3,
2024,2i5w-ykuw,Spin,49,71,16,
2024,2i5w-ykuw,Spin,49,72,2,
2024,2i5w-ykuw,Spin,49,73,75,
2024,2i5w-ykuw,Spin,49,75,30,
2024,2i5w-ykuw,Spin,50,43,1,
2024,2i5w-ykuw,Spin,50,44,5,
2024,2i5w-ykuw,Spin,50,45,1,
2024,2i5w-ykuw,Spin,50,48,3,
2024,2i5w-ykuw,Spin,50,49,79,
2024,2i5w-ykuw,Spin,50,50,170,
2024,2i5w-ykuw,Spin,50,51,1,
2024,2i5w-ykuw,Spin,50,53,7,
2024,2i5w-ykuw,Spin,51,43,4,
2024,2i5w-ykuw,Spin,51,46,5,
2024,2i5w-ykuw,Spin,51,48,11,
2024,2i5w-ykuw,Spin,51,49,1,
2024,2i5w-ykuw,Spin,51,50,1,
2024,2i5w-ykuw,Spin,51,51,27,
2024,2i5w-ykuw,Spin,53,49,12,
2024,2i5w-ykuw,Spin,53,50,4,
2024,2i5w-ykuw,Spin,53,53,11,
2024,2i5w-ykuw,Spin,53,73,1,
2024,2i5w-ykuw,Spin,53,75,2,
2024,2i5w-ykuw,Spin,56,32,1,
2024,2i5w-ykuw,Spin,56,56,2,
2024,2i5w-ykuw,Spin,56,57,1,
2024,2i5w-ykuw,Spin,56,62,3,
2024,2i5w-ykuw,Spin,56,64,1,
2024,2i5w-ykuw,Spin,56,65,6,
2024,2i5w-ykuw,Spin,57,29,1,
2024,2i5w-ykuw,Spin,57,30,4,
2024,2i5w-ykuw,Spin,57,56,3,
2024,2i5w-ykuw,Spin,57,57,50,
2024,2i5w-ykuw,Spin,57,58,12,
2024,2i5w-ykuw,Spin,57,62,8,
2024,2i5w-ykuw,Spin,57,63,3,
2024,2i5w-ykuw,Spin,57,65,1,
2024,2i5w-ykuw,Spin,57,66,1,
2024,2i5w-ykuw,Spin,58,4,2,
2024,2i5w-ykuw,Spin,58,8,1,
2024,2i5w-ykuw,Spin,58,24,3,
2024,2i5w-ykuw,Spin,58,25,1,
2024,2i5w-ykuw,Spin,58,28,54,
2024,2i5w-ykuw,Spin,58,29,2,
2024,2i5w-ykuw,Spin,58,30,12,
2024,2i5w-ykuw,Spin,58,31,14,
2024,2i5w-ykuw,Spin,58,32,2,
2024,2i5w-ykuw,Spin,58,34,2,
2024,2i5w-ykuw,Spin,58,38,2,
2024,2i5w-ykuw,Spin,58,43,1,
2024,2i5w-ykuw,Spin,58,56,5,
2024,2i5w-ykuw,Spin,58,57,18,
2024,2i5w-ykuw,Spin,58,58,1026,
2024,2i5w-ykuw,Spin,58,59,143,
2024,2i5w-ykuw,Spin,58,61,44,
2024,2i5w-ykuw,Spin,58,62,8,
2024,2i5w-ykuw,Spin,58,63,150,
2024,2i5w-ykuw,Spin,58,64,1,
2024,2i5w-ykuw,Spin,58,65,10,
2024,2i5w-ykuw,Spin,58,66,48,
2024,2i5w-ykuw,Spin,58,67,2,
2024,2i5w-ykuw,Spin,58,70,1,
2024,2i5w-ykuw,Spin,59,26,1,
2024,2i5w-ykuw,Spin,59,28,8,
2024,2i5w-ykuw,Spin,59,29,1,
2024,2i5w-ykuw,Spin,59,30,3,
2024,2i5w-ykuw,Spin,59,31,13,
2024,2i5w-ykuw,Spin,59,33,1,
2024,2i5w-ykuw,Spin,59,34,2,
2024,2i5w-ykuw,Spin,59,37,1,
2024,2i5w-ykuw,Spin,59,58,199,
2024,2i5w-ykuw,Spin,59,59,183,
2024,2i5w-ykuw,Spin,59,60,9,
2024,2i5w-ykuw,Spin,59,61,8,
2024,2i5w-ykuw,Spin,59,63,4,
2024,2i5w-ykuw,Spin,59,65,1,
2024,2i5w-ykuw,Spin,60,26,1,
2024,2i5w-ykuw,Spin,60,28,3,
2024,2i5w-ykuw,Spin,60,31,5,
2024,2i5w-ykuw,Spin,60,32,2,
2024,2i5w-ykuw,Spin,60,33,1,
2024,2i5w-ykuw,Spin,60,34,11,
2024,2i5w-ykuw,Spin,60,35,1,
2024,2i5w-ykuw,Spin,60,37,2,
2024,2i5w-ykuw,Spin,60,58,1,
2024,2i5w-ykuw,Spin,60,59,2,
2024,2i5w-ykuw,Spin,60,60,30,
2024,2i5w-ykuw,Spin,60,61,2,
2024,2i5w-ykuw,Spin,60,68,1,
2024,2i5w-ykuw,Spin,61,8,2,
2024,2i5w-ykuw,Spin,61,24,1,
2024,2i5w-ykuw,Spin,61,28,5,
2024,2i5w-ykuw,Spin,61,30,6,
2024,2i5w-ykuw,Spin,61,31,4,
2024,2i5w-ykuw,Spin,61,32,1,
2024,2i5w-ykuw,Spin,61,34,4,
2024,2i5w-ykuw,Spin,61,37,22,
2024,2i5w-ykuw,Spin,61,38,2,
2024,2i5w-ykuw,Spin,61,40,2,
2024,2i5w-ykuw,Spin,61,44,2,
2024,2i5w-ykuw,Spin,61,58,41,
2024,2i5w-ykuw,Spin,61,59,8,
2024,2i5w-ykuw,Spin,61,60,6,
2024,2i5w-ykuw,Spin,61,61,276,
2024,2i5w-ykuw,Spin,61,63,14,
2024,2i5w-ykuw,Spin,61,66,35,
2024,2i5w-ykuw,Spin,61,67,27,
2024,2i5w-ykuw,Spin,61,68,33,
2024,2i5w-ykuw,Spin,61,69,2,
2024,2i5w-ykuw,Spin,61,71,7,
2024,2i5w-ykuw,Spin,62,19,2,
2024,2i5w-ykuw,Spin,62,26,2,
2024,2i5w-ykuw,Spin,62,30,1,
2024,2i5w-ykuw,Spin,62,32,1,
2024,2i5w-ykuw,Spin,62,56,3,
2024,2i5w-ykuw,Spin,62,57,14,
2024,2i5w-ykuw,Spin,62,58,2,
2024,2i5w-ykuw,Spin,62,62,63,
2024,2i5w-ykuw,Spin,62,63,20,
2024,2i5w-ykuw,Spin,62,64,1,
2024,2i5w-ykuw,Spin,62,65,16,
2024,2i5w-ykuw,Spin,62,66,14,
2024,2i5w-ykuw,Spin,63,30,1,
2024,2i5w-ykuw,Spin,63,31,1,
2024,2i5w-ykuw,Spin,63,43,1,
2024,2i5w-ykuw,Spin,63,49,2,
2024,2i5w-ykuw,Spin,63,56,1,
2024,2i5w-ykuw,Spin,63,57,9,
2024,2i5w-ykuw,Spin,63,58,92,
2024,2i5w-ykuw,Spin,63,61,9,
2024,2i5w-ykuw,Spin,63,62,24,
2024,2i5w-ykuw,Spin,63,63,257,
2024,2i5w-ykuw,Spin,63,65,13,
2024,2i5w-ykuw,Spin,63,66,75,
2024,2i5w-ykuw,Spin,63,67,3,
2024,2i5w-ykuw,Spin,63,68,3,
2024,2i5w-ykuw,Spin,63,73,1,
2024,2i5w-ykuw,Spin,64,,2,
2024,2i5w-ykuw,Spin,64,56,1,
2024,2i5w-ykuw,Spin,64,64,18,
2024,2i5w-ykuw,Spin,64,65,6,
2024,2i5w-ykuw,Spin,64,66,1,
2024,2i5w-ykuw,Spin,65,,2,
2024,2i5w-ykuw,Spin,65,28,1,
2024,2i5w-ykuw,Spin,65,30,2,
2024,2i5w-ykuw,Spin,65,31,1,
2024,2i5w-ykuw,Spin,65,56,8,
2024,2i5w-ykuw,Spin,65,57,3,
2024,2i5w-ykuw,Spin,65,58,4,
2024,2i5w-ykuw,Spin,65,61,1,
2024,2i5w-ykuw,Spin,65,62,12,
2024,2i5w-ykuw,Spin,65,63,15,
2024,2i5w-ykuw,Spin,65,64,10,
2024,2i5w-ykuw,Spin,65,65,188,
2024,2i5w-ykuw,Spin,65,66,49,
2024,2i5w-ykuw,Spin,65,71,2,
2024,2i5w-ykuw,Spin,66,,2,
2024,2i5w-ykuw,Spin,66,3,1,
2024,2i5w-ykuw,Spin,66,28,3,
2024,2i5w-ykuw,Spin,66,29,2,
2024,2i5w-ykuw,Spin,66,30,2,
2024,2i5w-ykuw,Spin,66,31,1,
2024,2i5w-ykuw,Spin,66,40,1,
2024,2i5w-ykuw,Spin,66,43,4,
2024,2i5w-ykuw,Spin,66,56,3,
2024,2i5w-ykuw,Spin,66,57,3,
2024,2i5w-ykuw,Spin,66,58,25,
2024,2i5w-ykuw,Spin,66,59,1,
2024,2i5w-ykuw,Spin,66,61,9,
2024,2i5w-ykuw,Spin,66,62,13,
2024,2i5w-ykuw,Spin,66,63,100,
2024,2i5w-ykuw,Spin,66,64,4,
2024,2i5w-ykuw,Spin,66,65,53,
2024,2i5w-ykuw,Spin,66,66,1335,
2024,2i5w-ykuw,Spin,66,67,62,
2024,2i5w-ykuw,Spin,66,68,21,
2024,2i5w-ykuw,Spin,66,69,7,
2024,2i5w-ykuw,Spin,66,70,13,
2024,2i5w-ykuw,Spin,66,71,10,
2024,2i5w-ykuw,Spin,66,72,1,
2024,2i5w-ykuw,Spin,67,28,2,
2024,2i5w-ykuw,Spin,67,31,2,
2024,2i5w-ykuw,Spin,67,35,1,
2024,2i5w-ykuw,Spin,67,37,3,
2024,2i5w-ykuw,Spin,67,39,1,
2024,2i5w-ykuw,Spin,67,41,2,
2024,2i5w-ykuw,Spin,67,43,1,
2024,2i5w-ykuw,Spin,67,44,3,
2024,2i5w-ykuw,Spin,67,46,1,
2024,2i5w-ykuw,Spin,67,58,3,
2024,2i5w-ykuw,Spin,67,60,1,
2024,2i5w-ykuw,Spin,67,61,27,
2024,2i5w-ykuw,Spin,67,63,5,
2024,2i5w-ykuw,Spin,67,65,1,
2024,2i5w-ykuw,Spin,67,66,43,
2024,2i5w-ykuw,Spin,67,67,625,
2024,2i5w-ykuw,Spin,67,68,104,
2024,2i5w-ykuw,Spin,67,69,14,
2024,2i5w-ykuw,Spin,67,70,3,
2024,2i5w-ykuw,Spin,67,71,38,
2024,2i5w-ykuw,Spin,67,72,1,
2024,2i5w-ykuw,Spin,67,73,2,
2024,2i5w-ykuw,Spin,68,30,1,
2024,2i5w-ykuw,Spin,68,32,1,
2024,2i5w-ykuw,Spin,68,33,1,
2024,2i5w-ykuw,Spin,68,34,2,
2024,2i5w-ykuw,Spin,68,35,1,
2024,2i5w-ykuw,Spin,68,36,1,
2024,2i5w-ykuw,Spin,68,37,14,
2024,2i5w-ykuw,Spin,68,38,3,
2024,2i5w-ykuw,Spin,68,39,4,
2024,2i5w-ykuw,Spin,68,40,9,
2024,2i5w-ykuw,Spin,68,41,3,
2024,2i5w-ykuw,Spin,68,42,15,
2024,2i5w-ykuw,Spin,68,43,6,
2024,2i5w-ykuw,Spin,68,44,8,
2024,2i5w-ykuw,Spin,68,49,1,
2024,2i5w-ykuw,Spin,68,58,3,
2024,2i5w-ykuw,Spin,68,61,27,
2024,2i5w-ykuw,Spin,68,63,12,
2024,2i5w-ykuw,Spin,68,66,8,
2024,2i5w-ykuw,Spin,68,67,111,
2024,2i5w-ykuw,Spin,68,68,956,
2024,2i5w-ykuw,Spin,68,69,72,
2024,2i5w-ykuw,Spin,68,71,36,
2024,2i5w-ykuw,Spin,68,72,1,
2024,2i5w-ykuw,Spin,68,73,4,
2024,2i5w-ykuw,Spin,69,33,1,
2024,2i5w-ykuw,Spin,69,35,2,
2024,2i5w-ykuw,Spin,69,37,1,
2024,2i5w-ykuw,Spin,69,38,2,
2024,2i5w-ykuw,Spin,69,39,1,
2024,2i5w-ykuw,Spin,69,40,12,
2024,2i5w-ykuw,Spin,69,41,5,
2024,2i5w-ykuw,Spin,69,42,26,
2024,2i5w-ykuw,Spin,69,43,60,
2024,2i5w-ykuw,Spin,69,44,70,
2024,2i5w-ykuw,Spin,69,45,4,
2024,2i5w-ykuw,Spin,69,46,5,
2024,2i5w-ykuw,Spin,69,48,1,
2024,2i5w-ykuw,Spin,69,49,6,
2024,2i5w-ykuw,Spin,69,66,2,
2024,2i5w-ykuw,Spin,69,67,15,
2024,2i5w-ykuw,Spin,69,68,47,
2024,2i5w-ykuw,Spin,69,69,387,
2024,2i5w-ykuw,Spin,69,71,18,
2024,2i5w-ykuw,Spin,69,73,4,
2024,2i5w-ykuw,Spin,70,44,3,
2024,2i5w-ykuw,Spin,70,49,3,
2024,2i5w-ykuw,Spin,70,63,1,
2024,2i5w-ykuw,Spin,70,66,21,
2024,2i5w-ykuw,Spin,70,67,1,
2024,2i5w-ykuw,Spin,70,68,1,
2024,2i5w-ykuw,Spin,70,69,1,
2024,2i5w-ykuw,Spin,70,70,64,
2024,2i5w-ykuw,Spin,70,71,16,
2024,2i5w-ykuw,Spin,70,72,5,
2024,2i5w-ykuw,Spin,70,73,1,
2024,2i5w-ykuw,Spin,71,44,65,
2024,2i5w-ykuw,Spin,71,48,7,
2024,2i5w-ykuw,Spin,71,49,13,
2024,2i5w-ykuw,Spin,71,51,1,
2024,2i5w-ykuw,Spin,71,61,5,
2024,2i5w-ykuw,Spin,71,64,1,
2024,2i5w-ykuw,Spin,71,66,7,
2024,2i5w-ykuw,Spin,71,67,25,
2024,2i5w-ykuw,Spin,71,68,29,
2024,2i5w-ykuw,Spin,71,69,10,
2024,2i5w-ykuw,Spin,71,70,10,
2024,2i5w-ykuw,Spin,71,71,659,
2024,2i5w-ykuw,Spin,71,72,3,
2024,2i5w-ykuw,Spin,71,73,47,
2024,2i5w-ykuw,Spin,71,75,2,
2024,2i5w-ykuw,Spin,72,,1,
2024,2i5w-ykuw,Spin,72,66,1,
2024,2i5w-ykuw,Spin,72,67,1,
2024,2i5w-ykuw,Spin,72,70,1,
2024,2i5w-ykuw,Spin,72,71,4,
2024,2i5w-ykuw,Spin,72,72,6,
2024,2i5w-ykuw,Spin,72,73,4,
2024,2i5w-ykuw,Spin,73,44,10,
2024,2i5w-ykuw,Spin,73,46,1,
2024,2i5w-ykuw,Spin,73,48,1,
2024,2i5w-ykuw,Spin,73,49,52,
2024,2i5w-ykuw,Spin,73,50,1,
2024,2i5w-ykuw,Spin,73,53,2,
2024,2i5w-ykuw,Spin,73,61,1,
2024,2i5w-ykuw,Spin,73,67,2,
2024,2i5w-ykuw,Spin,73,68,3,
2024,2i5w-ykuw,Spin,73,69,4,
2024,2i5w-ykuw,Spin,73,71,43,
2024,2i5w-ykuw,Spin,73,72,9,
2024,2i5w-ykuw,Spin,73,73,223,
2024,2i5w-ykuw,Spin,73,75,12,
2024,2i5w-ykuw,Spin,75,44,2,
2024,2i5w-ykuw,Spin,75,49,28,
2024,2i5w-ykuw,Spin,75,53,6,
2024,2i5w-ykuw,Spin,75,68,1,
2024,2i5w-ykuw,Spin,75,71,2,
2024,2i5w-ykuw,Spin,75,73,10,
2024,2i5w-ykuw,Spin,75,75,16,
2024,2i5w-ykuw,Spin,77,1,42,
2024,2i5w-ykuw,Spin,77,2,24,
2024,2i5w-ykuw,Spin,77,3,283,
2024,2i5w-ykuw,Spin,77,4,43,
2024,2i5w-ykuw,Spin,77,5,6,
2024,2i5w-ykuw,Spin,77,6,34,
2024,2i5w-ykuw,Spin,77,7,13,
2024,2i5w-ykuw,Spin,77,8,3,
2024,2i5w-ykuw,Spin,77,13,1,
2024,2i5w-ykuw,Spin,77,14,4,
2024,2i5w-ykuw,Spin,77,21,1,
2024,2i5w-ykuw,Spin,77,22,1,
2024,2i5w-ykuw,Spin,77,24,4,
2024,2i5w-ykuw,Spin,77,28,1,
2024,2i5w-ykuw,Spin,77,32,1,
2024,2i5w-ykuw,Spin,77,77,697,
2025,2i5w-ykuw,Coco,5,6,3,
2025,2i5w-ykuw,Coco,5,7,1,
2025,2i5w-ykuw,Coco,5,22,31,
2025,2i5w-ykuw,Coco,6,5,1,
2025,2i5w-ykuw,Coco,6,6,682,
2025,2i5w-ykuw,Coco,6,7,458,
2025,2i5w-ykuw,Coco,6,8,1,
2025,2i5w-ykuw,Coco,6,22,4,
2025,2i5w-ykuw,Coco,7,5,2,
2025,2i5w-ykuw,Coco,7,6,502,
2025,2i5w-ykuw,Coco,7,7,6383,
2025,2i5w-ykuw,Coco,7,8,754,
2025,2i5w-ykuw,Coco,7,22,20,
2025,2i5w-ykuw,Coco,7,24,27,
2025,2i5w-ykuw,Coco,8,7,683,
2025,2i5w-ykuw,Coco,8,8,4319,
2025,2i5w-ykuw,Coco,8,22,1,
2025,2i5w-ykuw,Coco,8,24,1156,
2025,2i5w-ykuw,Coco,8,28,207,
2025,2i5w-ykuw,Coco,22,5,22,
2025,2i5w-ykuw,Coco,22,6,6,
2025,2i5w-ykuw,Coco,22,7,24,
2025,2i5w-ykuw,Coco,22,22,95,
2025,2i5w-ykuw,Coco,22,24,10,
2025,2i5w-ykuw,Coco,24,7,35,
2025,2i5w-ykuw,Coco,24,8,1142,
2025,2i5w-ykuw,Coco,24,22,11,
2025,2i5w-ykuw,Coco,24,24,2896,
2025,2i5w-ykuw,Coco,24,28,1485,
2025,2i5w-ykuw,Coco,27,28,29,
2025,2i5w-ykuw,Coco,27,29,2,
2025,2i5w-ykuw,Coco,28,7,1,
2025,2i5w-ykuw,Coco,28,8,202,
2025,2i5w-ykuw,Coco,28,24,1484,
2025,2i5w-ykuw,Coco,28,27,22,
2025,2i5w-ykuw,Coco,28,28,14014,
2025,2i5w-ykuw,Coco,28,29,30,
2025,2i5w-ykuw,Coco,29,28,25,
2025,2i5w-ykuw,Coco,29,29,5,
2025,2i5w-ykuw,Coco,33,33,5,
2025,2i5w-ykuw,Coco,35,33,1,
2025,2i5w-ykuw,Lime,,,385,
2025,2i5w-ykuw,Lime,,1,781,
2025,2i5w-ykuw,Lime,,2,627,
2025,2i5w-ykuw,Lime,,3,19,
2025,2i5w-ykuw,Lime,,4,43,
2025,2i5w-ykuw,Lime,,5,5,
2025,2i5w-ykuw,Lime,,6,44,
2025,2i5w-ykuw,Lime,,7,15,
2025,2i5w-ykuw,Lime,,8,41,
2025,2i5w-ykuw,Lime,,9,40,
2025,2i5w-ykuw,Lime,,10,273,
2025,2i5w-ykuw,Lime,,11,87,
2025,2i5w-ykuw,Lime,,12,51,
2025,2i5w-ykuw,Lime,,13,97,
2025,2i5w-ykuw,Lime,,14,54,
2025,2i5w-ykuw,Lime,,15,289,
2025,2i5w-ykuw,Lime,,16,33,
2025,2i5w-ykuw,Lime,,17,531,
2025,2i5w-ykuw,Lime,,18,241,
2025,2i5w-ykuw,Lime,,19,261,
2025,2i5w-ykuw,Lime,,20,13,
2025,2i5w-ykuw,Lime,,21,25,
2025,2i5w-ykuw,Lime,,22,7,
2025,2i5w-ykuw,Lime,,23,43,
2025,2i5w-ykuw,Lime,,24,14,
2025,2i5w-ykuw,Lime,,25,829,
2025,2i5w-ykuw,Lime,,26,36,
2025,2i5w-ykuw,Lime,,27,9,
2025,2i5w-ykuw,Lime,,28,12,
2025,2i5w-ykuw,Lime,,29,114,
2025,2i5w-ykuw,Lime,,30,141,
2025,2i5w-ykuw,Lime,,31,3,
2025,2i5w-ykuw,Lime,,32,13,
2025,2i5w-ykuw,Lime,,33,2,
2025,2i5w-ykuw,Lime,,34,1,
2025,2i5w-ykuw,Lime,,35,2,
2025,2i5w-ykuw,Lime,,38,1,
2025,2i5w-ykuw,Lime,,39,1,
2025,2i5w-ykuw,Lime,,41,3,
2025,2i5w-ykuw,Lime,,42,5,
2025,2i5w-ykuw,Lime,,43,4,
2025,2i5w-ykuw,Lime,,44,13,
2025,2i5w-ykuw,Lime,,45,2,
2025,2i5w-ykuw,Lime,,47,2,
2025,2i5w-ykuw,Lime,,49,26,
2025,2i5w-ykuw,Lime,,50,3,
2025,2i5w-ykuw,Lime,,51,1,
2025,2i5w-ykuw,Lime,,52,13,
2025,2i5w-ykuw,Lime,,53,132,
2025,2i5w-ykuw,Lime,,54,14,
2025,2i5w-ykuw,Lime,,55,33,
2025,2i5w-ykuw,Lime,,56,193,
2025,2i5w-ykuw,Lime,,57,15,
2025,2i5w-ykuw,Lime,,58,9,
2025,2i5w-ykuw,Lime,,59,3,
2025,2i5w-ykuw,Lime,,61,7,
2025,2i5w-ykuw,Lime,,62,12,
2025,2i5w-ykuw,Lime,,63,10,
2025,2i5w-ykuw,Lime,,64,78,
2025,2i5w-ykuw,Lime,,65,60,
2025,2i5w-ykuw,Lime,,66,31,
2025,2i5w-ykuw,Lime,,67,17,
2025,2i5w-ykuw,Lime,,68,1,
2025,2i5w-ykuw,Lime,,69,5,
2025,2i5w-ykuw,Lime,,70,87,
2025,2i5w-ykuw,Lime,,71,60,
2025,2i5w-ykuw,Lime,,72,115,
2025,2i5w-ykuw,Lime,,73,34,
2025,2i5w-ykuw,Lime,,74,27,
2025,2i5w-ykuw,Lime,,75,52,
2025,2i5w-ykuw,Lime,,76,22,
2025,2i5w-ykuw,Lime,,77,45,
2025,2i5w-ykuw,Lime,1,,1114,
2025,2i5w-ykuw,Lime,1,1,90178,
2025,2i5w-ykuw,Lime,1,2,16872,
2025,2i5w-ykuw,Lime,1,3,1988,
2025,2i5w-ykuw,Lime,1,4,789,
2025,2i5w-ykuw,Lime,1,5,183,
2025,2i5w-ykuw,Lime,1,6,695,
2025,2i5w-ykuw,Lime,1,7,144,
2025,2i5w-ykuw,Lime,1,8,35,
2025,2i5w-ykuw,Lime,1,10,5,
2025,2i5w-ykuw,Lime,1,11,13,
2025,2i5w-ykuw,Lime,1,12,59,
2025,2i5w-ykuw,Lime,1,13,398,
2025,2i5w-ykuw,Lime,1,14,308,
2025,2i5w-ykuw,Lime,1,15,27,
2025,2i5w-ykuw,Lime,1,16,98,
2025,2i5w-ykuw,Lime,1,17,2,
2025,2i5w-ykuw,Lime,1,18,1,
2025,2i5w-ykuw,Lime,1,19,16,
2025,2i5w-ykuw,Lime,1,20,9,
2025,2i5w-ykuw,Lime,1,21,36,
2025,2i5w-ykuw,Lime,1,22,60,
2025,2i5w-ykuw,Lime,1,23,20,
2025,2i5w-ykuw,Lime,1,24,51,
2025,2i5w-ykuw,Lime,1,25,10,
2025,2i5w-ykuw,Lime,1,26,2,
2025,2i5w-ykuw,Lime,1,27,4,
2025,2i5w-ykuw,Lime,1,28,31,
2025,2i5w-ykuw,Lime,1,29,2,
2025,2i5w-ykuw,Lime,1,30,1,
2025,2i5w-ykuw,Lime,1,31,8,
2025,2i5w-ykuw,Lime,1,32,3,
2025,2i5w-ykuw,Lime,1,33,2,
2025,2i5w-ykuw,Lime,1,35,1,
2025,2i5w-ykuw,Lime,1,58,2,
2025,2i5w-ykuw,Lime,1,59,1,
2025,2i5w-ykuw,Lime,1,67,1,
2025,2i5w-ykuw,Lime,1,68,1,
2025,2i5w-ykuw,Lime,1,77,13659,
2025,2i5w-ykuw,Lime,2,,805,
2025,2i5w-ykuw,Lime,2,1,16390,
2025,2i5w-ykuw,Lime,2,2,60591,
2025,2i5w-ykuw,Lime,2,3,1421,
2025,2i5w-ykuw,Lime,2,4,6123,
2025,2i5w-ykuw,Lime,2,5,457,
2025,2i5w-ykuw,Lime,2,6,544,
2025,2i5w-ykuw,Lime,2,7,83,
2025,2i5w-ykuw,Lime,2,8,37,
2025,2i5w-ykuw,Lime,2,9,3,
2025,2i5w-ykuw,Lime,2,10,7,
2025,2i5w-ykuw,Lime,2,11,96,
2025,2i5w-ykuw,Lime,2,12,194,
2025,2i5w-ykuw,Lime,2,13,4087,
2025,2i5w-ykuw,Lime,2,14,1552,
2025,2i5w-ykuw,Lime,2,15,119,
2025,2i5w-ykuw,Lime,2,16,533,
2025,2i5w-ykuw,Lime,2,17,24,
2025,2i5w-ykuw,Lime,2,18,1,
2025,2i5w-ykuw,Lime,2,19,46,
2025,2i5w-ykuw,Lime,2,20,16,
2025,2i5w-ykuw,Lime,2,21,263,
2025,2i5w-ykuw,Lime,2,22,135,
2025,2i5w-ykuw,Lime,2,23,26,
2025,2i5w-ykuw,Lime,2,24,99,
2025,2i5w-ykuw,Lime,2,25,37,
2025,2i5w-ykuw,Lime,2,26,4,
2025,2i5w-ykuw,Lime,2,27,11,
2025,2i5w-ykuw,Lime,2,28,43,
2025,2i5w-ykuw,Lime,2,29,2,
2025,2i5w-ykuw,Lime,2,30,3,
2025,2i5w-ykuw,Lime,2,31,1,
2025,2i5w-ykuw,Lime,2,32,1,
2025,2i5w-ykuw,Lime,2,38,1,
2025,2i5w-ykuw,Lime,2,41,1,
2025,2i5w-ykuw,Lime,2,60,1,
2025,2i5w-ykuw,Lime,2,77,7596,
2025,2i5w-ykuw,Lime,3,,18,
2025,2i5w-ykuw,Lime,3,1,2119,
2025,2i5w-ykuw,Lime,3,2,1412,
2025,2i5w-ykuw,Lime,3,3,101898,
2025,2i5w-ykuw,Lime,3,4,13312,
2025,2i5w-ykuw,Lime,3,5,3807,
2025,2i5w-ykuw,Lime,3,6,37386,
2025,2i5w-ykuw,Lime,3,7,3403,
2025,2i5w-ykuw,Lime,3,8,713,
2025,2i5w-ykuw,Lime,3,10,9,
2025,2i5w-ykuw,Lime,3,11,69,
2025,2i5w-ykuw,Lime,3,12,25,
2025,2i5w-ykuw,Lime,3,13,432,
2025,2i5w-ykuw,Lime,3,14,1371,
2025,2i5w-ykuw,Lime,3,15,172,
2025,2i5w-ykuw,Lime,3,16,978,
2025,2i5w-ykuw,Lime,3,17,15,
2025,2i5w-ykuw,Lime,3,19,134,
2025,2i5w-ykuw,Lime,3,20,26,
2025,2i5w-ykuw,Lime,3,21,513,
2025,2i5w-ykuw,Lime,3,22,803,
2025,2i5w-ykuw,Lime,3,23,98,
2025,2i5w-ykuw,Lime,3,24,488,
2025,2i5w-ykuw,Lime,3,25,22,
2025,2i5w-ykuw,Lime,3,26,16,
2025,2i5w-ykuw,Lime,3,27,10,
2025,2i5w-ykuw,Lime,3,28,259,
2025,2i5w-ykuw,Lime,3,29,7,
2025,2i5w-ykuw,Lime,3,30,1,
2025,2i5w-ykuw,Lime,3,31,14,
2025,2i5w-ykuw,Lime,3,32,70,
2025,2i5w-ykuw,Lime,3,33,4,
2025,2i5w-ykuw,Lime,3,34,2,
2025,2i5w-ykuw,Lime,3,35,1,
2025,2i5w-ykuw,Lime,3,36,1,
2025,2i5w-ykuw,Lime,3,38,1,
2025,2i5w-ykuw,Lime,3,39,1,
2025,2i5w-ykuw,Lime,3,57,1,
2025,2i5w-ykuw,Lime,3,58,1,
2025,2i5w-ykuw,Lime,3,59,1,
2025,2i5w-ykuw,Lime,3,60,13,
2025,2i5w-ykuw,Lime,3,61,2,
2025,2i5w-ykuw,Lime,3,77,19634,
2025,2i5w-ykuw,Lime,4,,58,
2025,2i5w-ykuw,Lime,4,1,820,
2025,2i5w-ykuw,Lime,4,2,6824,
2025,2i5w-ykuw,Lime,4,3,12554,
2025,2i5w-ykuw,Lime,4,4,47923,
2025,2i5w-ykuw,Lime,4,5,9474,
2025,2i5w-ykuw,Lime,4,6,6271,
2025,2i5w-ykuw,Lime,4,7,770,
2025,2i5w-ykuw,Lime,4,8,207,
2025,2i5w-ykuw,Lime,4,9,3,
2025,2i5w-ykuw,Lime,4,10,45,
2025,2i5w-ykuw,Lime,4,11,210,
2025,2i5w-ykuw,Lime,4,12,72,
2025,2i5w-ykuw,Lime,4,13,1966,
2025,2i5w-ykuw,Lime,4,14,5602,
2025,2i5w-ykuw,Lime,4,15,240,
2025,2i5w-ykuw,Lime,4,16,2211,
2025,2i5w-ykuw,Lime,4,17,18,
2025,2i5w-ykuw,Lime,4,18,1,
2025,2i5w-ykuw,Lime,4,19,89,
2025,2i5w-ykuw,Lime,4,20,47,
2025,2i5w-ykuw,Lime,4,21,849,
2025,2i5w-ykuw,Lime,4,22,724,
2025,2i5w-ykuw,Lime,4,23,74,
2025,2i5w-ykuw,Lime,4,24,515,
2025,2i5w-ykuw,Lime,4,25,57,
2025,2i5w-ykuw,Lime,4,26,10,
2025,2i5w-ykuw,Lime,4,27,16,
2025,2i5w-ykuw,Lime,4,28,82,
2025,2i5w-ykuw,Lime,4,29,6,
2025,2i5w-ykuw,Lime,4,30,15,
2025,2i5w-ykuw,Lime,4,31,11,
2025,2i5w-ykuw,Lime,4,32,6,
2025,2i5w-ykuw,Lime,4,33,3,
2025,2i5w-ykuw,Lime,4,58,2,
2025,2i5w-ykuw,Lime,4,60,2,
2025,2i5w-ykuw,Lime,4,77,6086,
2025,2i5w-ykuw,Lime,5,,15,
2025,2i5w-ykuw,Lime,5,1,262,
2025,2i5w-ykuw,Lime,5,2,603,
2025,2i5w-ykuw,Lime,5,3,3929,
2025,2i5w-ykuw,Lime,5,4,9409,
2025,2i5w-ykuw,Lime,5,5,48579,
2025,2i5w-ykuw,Lime,5,6,27466,
2025,2i5w-ykuw,Lime,5,7,6245,
2025,2i5w-ykuw,Lime,5,8,892,
2025,2i5w-ykuw,Lime,5,10,15,
2025,2i5w-ykuw,Lime,5,11,121,
2025,2i5w-ykuw,Lime,5,12,65,
2025,2i5w-ykuw,Lime,5,13,229,
2025,2i5w-ykuw,Lime,5,14,2026,
2025,2i5w-ykuw,Lime,5,15,521,
2025,2i5w-ykuw,Lime,5,16,7199,
2025,2i5w-ykuw,Lime,5,17,76,
2025,2i5w-ykuw,Lime,5,18,10,
2025,2i5w-ykuw,Lime,5,19,431,
2025,2i5w-ykuw,Lime,5,20,227,
2025,2i5w-ykuw,Lime,5,21,4554,
2025,2i5w-ykuw,Lime,5,22,6542,
2025,2i5w-ykuw,Lime,5,23,447,
2025,2i5w-ykuw,Lime,5,24,2601,
2025,2i5w-ykuw,Lime,5,25,99,
2025,2i5w-ykuw,Lime,5,26,11,
2025,2i5w-ykuw,Lime,5,27,71,
2025,2i5w-ykuw,Lime,5,28,445,
2025,2i5w-ykuw,Lime,5,29,20,
2025,2i5w-ykuw,Lime,5,30,17,
2025,2i5w-ykuw,Lime,5,31,16,
2025,2i5w-ykuw,Lime,5,32,30,
2025,2i5w-ykuw,Lime,5,33,9,
2025,2i5w-ykuw,Lime,5,34,3,
2025,2i5w-ykuw,Lime,5,35,1,
2025,2i5w-ykuw,Lime,5,58,3,
2025,2i5w-ykuw,Lime,5,60,2,
2025,2i5w-ykuw,Lime,5,61,1,
2025,2i5w-ykuw,Lime,5,63,1,
2025,2i5w-ykuw,Lime,5,66,1,
2025,2i5w-ykuw,Lime,5,77,948,
2025,2i5w-ykuw,Lime,6,,15,
2025,2i5w-ykuw,Lime,6,1,841,
2025,2i5w-ykuw,Lime,6,2,807,
2025,2i5w-ykuw,Lime,6,3,36052,
2025,2i5w-ykuw,Lime,6,4,6583,
2025,2i5w-ykuw,Lime,6,5,27965,
2025,2i5w-ykuw,Lime,6,6,330482,
2025,2i5w-ykuw,Lime,6,7,76805,
2025,2i5w-ykuw,Lime,6,8,8862,
2025,2i5w-ykuw,Lime,6,9,3,
2025,2i5w-ykuw,Lime,6,10,12,
2025,2i5w-ykuw,Lime,6,11,34,
2025,2i5w-ykuw,Lime,6,12,25,
2025,2i5w-ykuw,Lime,6,13,95,
2025,2i5w-ykuw,Lime,6,14,1212,
2025,2i5w-ykuw,Lime,6,15,516,
2025,2i5w-ykuw,Lime,6,16,3447,
2025,2i5w-ykuw,Lime,6,17,72,
2025,2i5w-ykuw,Lime,6,18,22,
2025,2i5w-ykuw,Lime,6,19,339,
2025,2i5w-ykuw,Lime,6,20,332,
2025,2i5w-ykuw,Lime,6,21,4252,
2025,2i5w-ykuw,Lime,6,22,7140,
2025,2i5w-ykuw,Lime,6,23,424,
2025,2i5w-ykuw,Lime,6,24,5614,
2025,2i5w-ykuw,Lime,6,25,122,
2025,2i5w-ykuw,Lime,6,26,50,
2025,2i5w-ykuw,Lime,6,27,96,
2025,2i5w-ykuw,Lime,6,28,2065,
2025,2i5w-ykuw,Lime,6,29,52,
2025,2i5w-ykuw,Lime,6,30,9,
2025,2i5w-ykuw,Lime,6,31,110,
2025,2i5w-ykuw,Lime,6,32,314,
2025,2i5w-ykuw,Lime,6,33,26,
2025,2i5w-ykuw,Lime,6,34,4,
2025,2i5w-ykuw,Lime,6,38,1,
2025,2i5w-ykuw,Lime,6,39,1,
2025,2i5w-ykuw,Lime,6,40,2,
2025,2i5w-ykuw,Lime,6,41,2,
2025,2i5w-ykuw,Lime,6,42,1,
2025,2i5w-ykuw,Lime,6,49,1,
2025,2i5w-ykuw,Lime,6,56,1,
2025,2i5w-ykuw,Lime,6,58,3,
2025,2i5w-ykuw,Lime,6,59,9,
2025,2i5w-ykuw,Lime,6,60,15,
2025,2i5w-ykuw,Lime,6,61,2,
2025,2i5w-ykuw,Lime,6,63,2,
2025,2i5w-ykuw,Lime,6,67,3,
2025,2i5w-ykuw,Lime,6,71,1,
2025,2i5w-ykuw,Lime,6,72,1,
2025,2i5w-ykuw,Lime,6,77,4683,
2025,2i5w-ykuw,Lime,7,,26,
2025,2i5w-ykuw,Lime,7,1,210,
2025,2i5w-ykuw,Lime,7,2,88,
2025,2i5w-ykuw,Lime,7,3,3413,
2025,2i5w-ykuw,Lime,7,4,1011,
2025,2i5w-ykuw,Lime,7,5,6181,
2025,2i5w-ykuw,Lime,7,6,79089,
2025,2i5w-ykuw,Lime,7,7,266060,
2025,2i5w-ykuw,Lime,7,8,38756,
2025,2i5w-ykuw,Lime,7,9,1,
2025,2i5w-ykuw,Lime,7,10,6,
2025,2i5w-ykuw,Lime,7,11,11,
2025,2i5w-ykuw,Lime,7,12,12,
2025,2i5w-ykuw,Lime,7,13,25,
2025,2i5w-ykuw,Lime,7,14,309,
2025,2i5w-ykuw,Lime,7,15,218,
2025,2i5w-ykuw,Lime,7,16,801,
2025,2i5w-ykuw,Lime,7,17,24,
2025,2i5w-ykuw,Lime,7,18,20,
2025,2i5w-ykuw,Lime,7,19,409,
2025,2i5w-ykuw,Lime,7,20,512,
2025,2i5w-ykuw,Lime,7,21,1510,
2025,2i5w-ykuw,Lime,7,22,16666,
2025,2i5w-ykuw,Lime,7,23,692,
2025,2i5w-ykuw,Lime,7,24,12085,
2025,2i5w-ykuw,Lime,7,25,218,
2025,2i5w-ykuw,Lime,7,26,67,
2025,2i5w-ykuw,Lime,7,27,68,
2025,2i5w-ykuw,Lime,7,28,3038,
2025,2i5w-ykuw,Lime,7,29,69,
2025,2i5w-ykuw,Lime,7,30,19,
2025,2i5w-ykuw,Lime,7,31,93,
2025,2i5w-ykuw,Lime,7,32,968,
2025,2i5w-ykuw,Lime,7,33,48,
2025,2i5w-ykuw,Lime,7,34,11,
2025,2i5w-ykuw,Lime,7,35,6,
2025,2i5w-ykuw,Lime,7,36,1,
2025,2i5w-ykuw,Lime,7,37,1,
2025,2i5w-ykuw,Lime,7,38,8,
2025,2i5w-ykuw,Lime,7,41,1,
2025,2i5w-ykuw,Lime,7,42,1,
2025,2i5w-ykuw,Lime,7,56,1,
2025,2i5w-ykuw,Lime,7,58,4,
2025,2i5w-ykuw,Lime,7,59,5,
2025,2i5w-ykuw,Lime,7,60,19,
2025,2i5w-ykuw,Lime,7,61,7,
2025,2i5w-ykuw,Lime,7,63,2,
2025,2i5w-ykuw,Lime,7,64,1,
2025,2i5w-ykuw,Lime,7,65,1,
2025,2i5w-ykuw,Lime,7,66,1,
2025,2i5w-ykuw,Lime,7,67,4,
2025,2i5w-ykuw,Lime,7,68,5,
2025,2i5w-ykuw,Lime,7,69,2,
2025,2i5w-ykuw,Lime,7,71,2,
2025,2i5w-ykuw,Lime,7,77,634,
2025,2i5w-ykuw,Lime,8,,12,
2025,2i5w-ykuw,Lime,8,1,44,
2025,2i5w-ykuw,Lime,8,2,30,
2025,2i5w-ykuw,Lime,8,3,589,
2025,2i5w-ykuw,Lime,8,4,185,
2025,2i5w-ykuw,Lime,8,5,708,
2025,2i5w-ykuw,Lime,8,6,6669,
2025,2i5w-ykuw,Lime,8,7,29207,
2025,2i5w-ykuw,Lime,8,8,74780,
2025,2i5w-ykuw,Lime,8,10,3,
2025,2i5w-ykuw,Lime,8,11,4,
2025,2i5w-ykuw,Lime,8,12,3,
2025,2i5w-ykuw,Lime,8,13,11,
2025,2i5w-ykuw,Lime,8,14,56,
2025,2i5w-ykuw,Lime,8,15,105,
2025,2i5w-ykuw,Lime,8,16,172,
2025,2i5w-ykuw,Lime,8,17,10,
2025,2i5w-ykuw,Lime,8,18,49,
2025,2i5w-ykuw,Lime,8,19,102,
2025,2i5w-ykuw,Lime,8,20,98,
2025,2i5w-ykuw,Lime,8,21,318,
2025,2i5w-ykuw,Lime,8,22,2282,
2025,2i5w-ykuw,Lime,8,23,866,
2025,2i5w-ykuw,Lime,8,24,11747,
2025,2i5w-ykuw,Lime,8,25,170,
2025,2i5w-ykuw,Lime,8,26,42,
2025,2i5w-ykuw,Lime,8,27,95,
2025,2i5w-ykuw,Lime,8,28,5206,
2025,2i5w-ykuw,Lime,8,29,59,
2025,2i5w-ykuw,Lime,8,30,53,
2025,2i5w-ykuw,Lime,8,31,132,
2025,2i5w-ykuw,Lime,8,32,5435,
2025,2i5w-ykuw,Lime,8,33,174,
2025,2i5w-ykuw,Lime,8,34,87,
2025,2i5w-ykuw,Lime,8,35,19,
2025,2i5w-ykuw,Lime,8,36,3,
2025,2i5w-ykuw,Lime,8,37,1,
2025,2i5w-ykuw,Lime,8,38,17,
2025,2i5w-ykuw,Lime,8,39,3,
2025,2i5w-ykuw,Lime,8,40,1,
2025,2i5w-ykuw,Lime,8,41,2,
2025,2i5w-ykuw,Lime,8,42,5,
2025,2i5w-ykuw,Lime,8,43,4,
2025,2i5w-ykuw,Lime,8,44,1,
2025,2i5w-ykuw,Lime,8,57,1,
2025,2i5w-ykuw,Lime,8,58,10,
2025,2i5w-ykuw,Lime,8,59,17,
2025,2i5w-ykuw,Lime,8,60,76,
2025,2i5w-ykuw,Lime,8,61,22,
2025,2i5w-ykuw,Lime,8,63,5,
2025,2i5w-ykuw,Lime,8,66,4,
2025,2i5w-ykuw,Lime,8,67,66,
2025,2i5w-ykuw,Lime,8,68,16,
2025,2i5w-ykuw,Lime,8,69,2,
2025,2i5w-ykuw,Lime,8,73,1,
2025,2i5w-ykuw,Lime,8,77,76,
2025,2i5w-ykuw,Lime,9,,38,
2025,2i5w-ykuw,Lime,9,1,2,
2025,2i5w-ykuw,Lime,9,2,3,
2025,2i5w-ykuw,Lime,9,3,1,
2025,2i5w-ykuw,Lime,9,4,1,
2025,2i5w-ykuw,Lime,9,6,3,
2025,2i5w-ykuw,Lime,9,9,1228,
2025,2i5w-ykuw,Lime,9,10,531,
2025,2i5w-ykuw,Lime,9,11,101,
2025,2i5w-ykuw,Lime,9,12,6,
2025,2i5w-ykuw,Lime,9,14,3,
2025,2i5w-ykuw,Lime,9,15,57,
2025,2i5w-ykuw,Lime,9,16,10,
2025,2i5w-ykuw,Lime,9,17,7,
2025,2i5w-ykuw,Lime,9,18,8,
2025,2i5w-ykuw,Lime,9,19,15,
2025,2i5w-ykuw,Lime,9,20,2,
2025,2i5w-ykuw,Lime,9,21,2,
2025,2i5w-ykuw,Lime,9,24,1,
2025,2i5w-ykuw,Lime,9,76,11,
2025,2i5w-ykuw,Lime,9,77,1,
2025,2i5w-ykuw,Lime,10,,326,
2025,2i5w-ykuw,Lime,10,1,3,
2025,2i5w-ykuw,Lime,10,2,12,
2025,2i5w-ykuw,Lime,10,3,13,
2025,2i5w-ykuw,Lime,10,4,14,
2025,2i5w-ykuw,Lime,10,5,5,
2025,2i5w-ykuw,Lime,10,6,6,
2025,2i5w-ykuw,Lime,10,7,5,
2025,2i5w-ykuw,Lime,10,9,608,
2025,2i5w-ykuw,Lime,10,10,10001,
2025,2i5w-ykuw,Lime,10,11,1804,
2025,2i5w-ykuw,Lime,10,12,206,
2025,2i5w-ykuw,Lime,10,13,39,
2025,2i5w-ykuw,Lime,10,14,68,
2025,2i5w-ykuw,Lime,10,15,750,
2025,2i5w-ykuw,Lime,10,16,93,
2025,2i5w-ykuw,Lime,10,17,291,
2025,2i5w-ykuw,Lime,10,18,56,
2025,2i5w-ykuw,Lime,10,19,186,
2025,2i5w-ykuw,Lime,10,20,7,
2025,2i5w-ykuw,Lime,10,21,12,
2025,2i5w-ykuw,Lime,10,22,9,
2025,2i5w-ykuw,Lime,10,23,8,
2025,2i5w-ykuw,Lime,10,24,11,
2025,2i5w-ykuw,Lime,10,25,27,
2025,2i5w-ykuw,Lime,10,26,1,
2025,2i5w-ykuw,Lime,10,28,1,
2025,2i5w-ykuw,Lime,10,29,1,
2025,2i5w-ykuw,Lime,10,32,1,
2025,2i5w-ykuw,Lime,10,34,1,
2025,2i5w-ykuw,Lime,10,76,90,
2025,2i5w-ykuw,Lime,10,77,26,
2025,2i5w-ykuw,Lime,11,,115,
2025,2i5w-ykuw,Lime,11,1,12,
2025,2i5w-ykuw,Lime,11,2,84,
2025,2i5w-ykuw,Lime,11,3,82,
2025,2i5w-ykuw,Lime,11,4,240,
2025,2i5w-ykuw,Lime,11,5,51,
2025,2i5w-ykuw,Lime,11,6,34,
2025,2i5w-ykuw,Lime,11,7,6,
2025,2i5w-ykuw,Lime,11,8,6,
2025,2i5w-ykuw,Lime,11,9,167,
2025,2i5w-ykuw,Lime,11,10,2120,
2025,2i5w-ykuw,Lime,11,11,11388,
2025,2i5w-ykuw,Lime,11,12,1047,
2025,2i5w-ykuw,Lime,11,13,163,
2025,2i5w-ykuw,Lime,11,14,994,
2025,2i5w-ykuw,Lime,11,15,4223,
2025,2i5w-ykuw,Lime,11,16,497,
2025,2i5w-ykuw,Lime,11,17,323,
2025,2i5w-ykuw,Lime,11,18,31,
2025,2i5w-ykuw,Lime,11,19,568,
2025,2i5w-ykuw,Lime,11,20,29,
2025,2i5w-ykuw,Lime,11,21,106,
2025,2i5w-ykuw,Lime,11,22,86,
2025,2i5w-ykuw,Lime,11,23,53,
2025,2i5w-ykuw,Lime,11,24,20,
2025,2i5w-ykuw,Lime,11,25,117,
2025,2i5w-ykuw,Lime,11,26,13,
2025,2i5w-ykuw,Lime,11,27,2,
2025,2i5w-ykuw,Lime,11,29,2,
2025,2i5w-ykuw,Lime,11,30,1,
2025,2i5w-ykuw,Lime,11,31,4,
2025,2i5w-ykuw,Lime,11,32,1,
2025,2i5w-ykuw,Lime,11,34,1,
2025,2i5w-ykuw,Lime,11,76,2,
2025,2i5w-ykuw,Lime,11,77,38,
2025,2i5w-ykuw,Lime,12,,67,
2025,2i5w-ykuw,Lime,12,1,40,
2025,2i5w-ykuw,Lime,12,2,207,
2025,2i5w-ykuw,Lime,12,3,25,
2025,2i5w-ykuw,Lime,12,4,59,
2025,2i5w-ykuw,Lime,12,5,15,
2025,2i5w-ykuw,Lime,12,6,27,
2025,2i5w-ykuw,Lime,12,7,4,
2025,2i5w-ykuw,Lime,12,8,4,
2025,2i5w-ykuw,Lime,12,9,15,
2025,2i5w-ykuw,Lime,12,10,168,
2025,2i5w-ykuw,Lime,12,11,901,
2025,2i5w-ykuw,Lime,12,12,3786,
2025,2i5w-ykuw,Lime,12,13,805,
2025,2i5w-ykuw,Lime,12,14,536,
2025,2i5w-ykuw,Lime,12,15,338,
2025,2i5w-ykuw,Lime,12,16,260,
2025,2i5w-ykuw,Lime,12,17,25,
2025,2i5w-ykuw,Lime,12,18,24,
2025,2i5w-ykuw,Lime,12,19,101,
2025,2i5w-ykuw,Lime,12,20,10,
2025,2i5w-ykuw,Lime,12,21,81,
2025,2i5w-ykuw,Lime,12,22,16,
2025,2i5w-ykuw,Lime,12,23,9,
2025,2i5w-ykuw,Lime,12,24,6,
2025,2i5w-ykuw,Lime,12,25,12,
2025,2i5w-ykuw,Lime,12,28,4,
2025,2i5w-ykuw,Lime,12,77,22,
2025,2i5w-ykuw,Lime,13,,151,
2025,2i5w-ykuw,Lime,13,1,382,
2025,2i5w-ykuw,Lime,13,2,4086,
2025,2i5w-ykuw,Lime,13,3,314,
2025,2i5w-ykuw,Lime,13,4,1863,
2025,2i5w-ykuw,Lime,13,5,257,
2025,2i5w-ykuw,Lime,13,6,92,
2025,2i5w-ykuw,Lime,13,7,21,
2025,2i5w-ykuw,Lime,13,8,2,
2025,2i5w-ykuw,Lime,13,9,2,
2025,2i5w-ykuw,Lime,13,10,52,
2025,2i5w-ykuw,Lime,13,11,192,
2025,2i5w-ykuw,Lime,13,12,912,
2025,2i5w-ykuw,Lime,13,13,11049,
2025,2i5w-ykuw,Lime,13,14,5113,
2025,2i5w-ykuw,Lime,13,15,222,
2025,2i5w-ykuw,Lime,13,16,955,
2025,2i5w-ykuw,Lime,13,17,32,
2025,2i5w-ykuw,Lime,13,18,6,
2025,2i5w-ykuw,Lime,13,19,59,
2025,2i5w-ykuw,Lime,13,20,60,
2025,2i5w-ykuw,Lime,13,21,342,
2025,2i5w-ykuw,Lime,13,22,176,
2025,2i5w-ykuw,Lime,13,23,33,
2025,2i5w-ykuw,Lime,13,24,38,
2025,2i5w-ykuw,Lime,13,25,60,
2025,2i5w-ykuw,Lime,13,27,4,
2025,2i5w-ykuw,Lime,13,28,57,
2025,2i5w-ykuw,Lime,13,29,3,
2025,2i5w-ykuw,Lime,13,31,1,
2025,2i5w-ykuw,Lime,13,58,1,
2025,2i5w-ykuw,Lime,13,61,1,
2025,2i5w-ykuw,Lime,13,63,1,
2025,2i5w-ykuw,Lime,13,66,1,
2025,2i5w-ykuw,Lime,13,77,534,
2025,2i5w-ykuw,Lime,14,,71,
2025,2i5w-ykuw,Lime,14,1,348,
2025,2i5w-ykuw,Lime,14,2,1534,
2025,2i5w-ykuw,Lime,14,3,1316,
2025,2i5w-ykuw,Lime,14,4,4716,
2025,2i5w-ykuw,Lime,14,5,1810,
2025,2i5w-ykuw,Lime,14,6,1212,
2025,2i5w-ykuw,Lime,14,7,300,
2025,2i5w-ykuw,Lime,14,8,64,
2025,2i5w-ykuw,Lime,14,9,7,
2025,2i5w-ykuw,Lime,14,10,88,
2025,2i5w-ykuw,Lime,14,11,1099,
2025,2i5w-ykuw,Lime,14,12,627,
2025,2i5w-ykuw,Lime,14,13,5482,
2025,2i5w-ykuw,Lime,14,14,37313,
2025,2i5w-ykuw,Lime,14,15,1205,
2025,2i5w-ykuw,Lime,14,16,10176,
2025,2i5w-ykuw,Lime,14,17,92,
2025,2i5w-ykuw,Lime,14,18,93,
2025,2i5w-ykuw,Lime,14,19,417,
2025,2i5w-ykuw,Lime,14,20,246,
2025,2i5w-ykuw,Lime,14,21,2067,
2025,2i5w-ykuw,Lime,14,22,1321,
2025,2i5w-ykuw,Lime,14,23,252,
2025,2i5w-ykuw,Lime,14,24,258,
2025,2i5w-ykuw,Lime,14,25,108,
2025,2i5w-ykuw,Lime,14,26,10,
2025,2i5w-ykuw,Lime,14,27,33,
2025,2i5w-ykuw,Lime,14,28,60,
2025,2i5w-ykuw,Lime,14,29,8,
2025,2i5w-ykuw,Lime,14,30,9,
2025,2i5w-ykuw,Lime,14,31,8,
2025,2i5w-ykuw,Lime,14,32,6,
2025,2i5w-ykuw,Lime,14,33,4,
2025,2i5w-ykuw,Lime,14,34,1,
2025,2i5w-ykuw,Lime,14,56,2,
2025,2i5w-ykuw,Lime,14,59,2,
2025,2i5w-ykuw,Lime,14,61,1,
2025,2i5w-ykuw,Lime,14,63,1,
2025,2i5w-ykuw,Lime,14,66,4,
2025,2i5w-ykuw,Lime,14,76,1,
2025,2i5w-ykuw,Lime,14,77,588,
2025,2i5w-ykuw,Lime,15,,300,
2025,2i5w-ykuw,Lime,15,1,16,
2025,2i5w-ykuw,Lime,15,2,87,
2025,2i5w-ykuw,Lime,15,3,157,
2025,2i5w-ykuw,Lime,15,4,249,
2025,2i5w-ykuw,Lime,15,5,416,
2025,2i5w-ykuw,Lime,15,6,317,
2025,2i5w-ykuw,Lime,15,7,147,
2025,2i5w-ykuw,Lime,15,8,128,
2025,2i5w-ykuw,Lime,15,9,91,
2025,2i5w-ykuw,Lime,15,10,903,
2025,2i5w-ykuw,Lime,15,11,4638,
2025,2i5w-ykuw,Lime,15,12,330,
2025,2i5w-ykuw,Lime,15,13,186,
2025,2i5w-ykuw,Lime,15,14,1148,
2025,2i5w-ykuw,Lime,15,15,45329,
2025,2i5w-ykuw,Lime,15,16,8308,
2025,2i5w-ykuw,Lime,15,17,3850,
2025,2i5w-ykuw,Lime,15,18,361,
2025,2i5w-ykuw,Lime,15,19,11210,
2025,2i5w-ykuw,Lime,15,20,1215,
2025,2i5w-ykuw,Lime,15,21,2429,
2025,2i5w-ykuw,Lime,15,22,1190,
2025,2i5w-ykuw,Lime,15,23,559,
2025,2i5w-ykuw,Lime,15,24,261,
2025,2i5w-ykuw,Lime,15,25,1543,
2025,2i5w-ykuw,Lime,15,26,42,
2025,2i5w-ykuw,Lime,15,27,19,
2025,2i5w-ykuw,Lime,15,28,73,
2025,2i5w-ykuw,Lime,15,29,21,
2025,2i5w-ykuw,Lime,15,30,1,
2025,2i5w-ykuw,Lime,15,31,8,
2025,2i5w-ykuw,Lime,15,32,6,
2025,2i5w-ykuw,Lime,15,33,7,
2025,2i5w-ykuw,Lime,15,35,1,
2025,2i5w-ykuw,Lime,15,38,1,
2025,2i5w-ykuw,Lime,15,57,1,
2025,2i5w-ykuw,Lime,15,58,1,
2025,2i5w-ykuw,Lime,15,59,1,
2025,2i5w-ykuw,Lime,15,60,2,
2025,2i5w-ykuw,Lime,15,61,3,
2025,2i5w-ykuw,Lime,15,63,1,
2025,2i5w-ykuw,Lime,15,65,1,
2025,2i5w-ykuw,Lime,15,76,13,
2025,2i5w-ykuw,Lime,15,77,62,
2025,2i5w-ykuw,Lime,16,,74,
2025,2i5w-ykuw,Lime,16,1,128,
2025,2i5w-ykuw,Lime,16,2,478,
2025,2i5w-ykuw,Lime,16,3,1114,
2025,2i5w-ykuw,Lime,16,4,2096,
2025,2i5w-ykuw,Lime,16,5,6156,
2025,2i5w-ykuw,Lime,16,6,3072,
2025,2i5w-ykuw,Lime,16,7,690,
2025,2i5w-ykuw,Lime,16,8,161,
2025,2i5w-ykuw,Lime,16,9,14,
2025,2i5w-ykuw,Lime,16,10,77,
2025,2i5w-ykuw,Lime,16,11,349,
2025,2i5w-ykuw,Lime,16,12,339,
2025,2i5w-ykuw,Lime,16,13,1027,
2025,2i5w-ykuw,Lime,16,14,10601,
2025,2i5w-ykuw,Lime,16,15,9067,
2025,2i5w-ykuw,Lime,16,16,43258,
2025,2i5w-ykuw,Lime,16,17,513,
2025,2i5w-ykuw,Lime,16,18,132,
2025,2i5w-ykuw,Lime,16,19,3005,
2025,2i5w-ykuw,Lime,16,20,2056,
2025,2i5w-ykuw,Lime,16,21,11796,
2025,2i5w-ykuw,Lime,16,22,4069,
2025,2i5w-ykuw,Lime,16,23,817,
2025,2i5w-ykuw,Lime,16,24,958,
2025,2i5w-ykuw,Lime,16,25,479,
2025,2i5w-ykuw,Lime,16,26,72,
2025,2i5w-ykuw,Lime,16,27,115,
2025,2i5w-ykuw,Lime,16,28,130,
2025,2i5w-ykuw,Lime,16,29,71,
2025,2i5w-ykuw,Lime,16,30,8,
2025,2i5w-ykuw,Lime,16,31,53,
2025,2i5w-ykuw,Lime,16,32,8,
2025,2i5w-ykuw,Lime,16,33,5,
2025,2i5w-ykuw,Lime,16,34,2,
2025,2i5w-ykuw,Lime,16,40,1,
2025,2i5w-ykuw,Lime,16,57,2,
2025,2i5w-ykuw,Lime,16,58,1,
2025,2i5w-ykuw,Lime,16,60,10,
2025,2i5w-ykuw,Lime,16,61,1,
2025,2i5w-ykuw,Lime,16,65,1,
2025,2i5w-ykuw,Lime,16,66,2,
2025,2i5w-ykuw,Lime,16,76,2,
2025,2i5w-ykuw,Lime,16,77,354,
2025,2i5w-ykuw,Lime,17,,543,
2025,2i5w-ykuw,Lime,17,1,5,
2025,2i5w-ykuw,Lime,17,2,17,
2025,2i5w-ykuw,Lime,17,3,26,
2025,2i5w-ykuw,Lime,17,4,22,
2025,2i5w-ykuw,Lime,17,5,57,
2025,2i5w-ykuw,Lime,17,6,54,
2025,2i5w-ykuw,Lime,17,7,17,
2025,2i5w-ykuw,Lime,17,8,10,
2025,2i5w-ykuw,Lime,17,9,9,
2025,2i5w-ykuw,Lime,17,10,349,
2025,2i5w-ykuw,Lime,17,11,322,
2025,2i5w-ykuw,Lime,17,12,28,
2025,2i5w-ykuw,Lime,17,13,20,
2025,2i5w-ykuw,Lime,17,14,93,
2025,2i5w-ykuw,Lime,17,15,3792,
2025,2i5w-ykuw,Lime,17,16,373,
2025,2i5w-ykuw,Lime,17,17,17554,
2025,2i5w-ykuw,Lime,17,18,2102,
2025,2i5w-ykuw,Lime,17,19,4446,
2025,2i5w-ykuw,Lime,17,20,239,
2025,2i5w-ykuw,Lime,17,21,354,
2025,2i5w-ykuw,Lime,17,22,116,
2025,2i5w-ykuw,Lime,17,23,87,
2025,2i5w-ykuw,Lime,17,24,98,
2025,2i5w-ykuw,Lime,17,25,665,
2025,2i5w-ykuw,Lime,17,26,7,
2025,2i5w-ykuw,Lime,17,27,3,
2025,2i5w-ykuw,Lime,17,28,5,
2025,2i5w-ykuw,Lime,17,31,1,
2025,2i5w-ykuw,Lime,17,59,1,
2025,2i5w-ykuw,Lime,17,66,1,
2025,2i5w-ykuw,Lime,17,76,73,
2025,2i5w-ykuw,Lime,17,77,5,
2025,2i5w-ykuw,Lime,18,,299,
2025,2i5w-ykuw,Lime,18,1,1,
2025,2i5w-ykuw,Lime,18,2,2,
2025,2i5w-ykuw,Lime,18,3,3,
2025,2i5w-ykuw,Lime,18,4,4,
2025,2i5w-ykuw,Lime,18,5,6,
2025,2i5w-ykuw,Lime,18,6,27,
2025,2i5w-ykuw,Lime,18,7,24,
2025,2i5w-ykuw,Lime,18,8,14,
2025,2i5w-ykuw,Lime,18,9,2,
2025,2i5w-ykuw,Lime,18,10,44,
2025,2i5w-ykuw,Lime,18,11,35,
2025,2i5w-ykuw,Lime,18,12,25,
2025,2i5w-ykuw,Lime,18,13,9,
2025,2i5w-ykuw,Lime,18,14,103,
2025,2i5w-ykuw,Lime,18,15,371,
2025,2i5w-ykuw,Lime,18,16,71,
2025,2i5w-ykuw,Lime,18,17,2391,
2025,2i5w-ykuw,Lime,18,18,13408,
2025,2i5w-ykuw,Lime,18,19,8110,
2025,2i5w-ykuw,Lime,18,20,222,
2025,2i5w-ykuw,Lime,18,21,60,
2025,2i5w-ykuw,Lime,18,22,156,
2025,2i5w-ykuw,Lime,18,23,288,
2025,2i5w-ykuw,Lime,18,24,56,
2025,2i5w-ykuw,Lime,18,25,2083,
2025,2i5w-ykuw,Lime,18,26,5,
2025,2i5w-ykuw,Lime,18,27,10,
2025,2i5w-ykuw,Lime,18,28,29,
2025,2i5w-ykuw,Lime,18,29,5,
2025,2i5w-ykuw,Lime,18,30,1,
2025,2i5w-ykuw,Lime,18,35,1,
2025,2i5w-ykuw,Lime,18,58,1,
2025,2i5w-ykuw,Lime,18,59,1,
2025,2i5w-ykuw,Lime,18,60,1,
2025,2i5w-ykuw,Lime,18,61,1,
2025,2i5w-ykuw,Lime,18,76,7,
2025,2i5w-ykuw,Lime,18,77,2,
2025,2i5w-ykuw,Lime,19,,352,
2025,2i5w-ykuw,Lime,19,1,15,
2025,2i5w-ykuw,Lime,19,2,44,
2025,2i5w-ykuw,Lime,19,3,107,
2025,2i5w-ykuw,Lime,19,4,147,
2025,2i5w-ykuw,Lime,19,5,433,
2025,2i5w-ykuw,Lime,19,6,486,
2025,2i5w-ykuw,Lime,19,7,365,
2025,2i5w-ykuw,Lime,19,8,160,
2025,2i5w-ykuw,Lime,19,9,8,
2025,2i5w-ykuw,Lime,19,10,280,
2025,2i5w-ykuw,Lime,19,11,913,
2025,2i5w-ykuw,Lime,19,12,81,
2025,2i5w-ykuw,Lime,19,13,136,
2025,2i5w-ykuw,Lime,19,14,435,
2025,2i5w-ykuw,Lime,19,15,11362,
2025,2i5w-ykuw,Lime,19,16,3123,
2025,2i5w-ykuw,Lime,19,17,5236,
2025,2i5w-ykuw,Lime,19,18,8953,
2025,2i5w-ykuw,Lime,19,19,158016,
2025,2i5w-ykuw,Lime,19,20,11069,
2025,2i5w-ykuw,Lime,19,21,4069,
2025,2i5w-ykuw,Lime,19,22,6024,
2025,2i5w-ykuw,Lime,19,23,4888,
2025,2i5w-ykuw,Lime,19,24,1025,
2025,2i5w-ykuw,Lime,19,25,17376,
2025,2i5w-ykuw,Lime,19,26,313,
2025,2i5w-ykuw,Lime,19,27,123,
2025,2i5w-ykuw,Lime,19,28,189,
2025,2i5w-ykuw,Lime,19,29,95,
2025,2i5w-ykuw,Lime,19,30,43,
2025,2i5w-ykuw,Lime,19,31,29,
2025,2i5w-ykuw,Lime,19,32,20,
2025,2i5w-ykuw,Lime,19,33,5,
2025,2i5w-ykuw,Lime,19,35,1,
2025,2i5w-ykuw,Lime,19,45,1,
2025,2i5w-ykuw,Lime,19,56,9,
2025,2i5w-ykuw,Lime,19,57,7,
2025,2i5w-ykuw,Lime,19,58,2,
2025,2i5w-ykuw,Lime,19,59,8,
2025,2i5w-ykuw,Lime,19,60,4,
2025,2i5w-ykuw,Lime,19,61,5,
2025,2i5w-ykuw,Lime,19,63,1,
2025,2i5w-ykuw,Lime,19,65,4,
2025,2i5w-ykuw,Lime,19,66,4,
2025,2i5w-ykuw,Lime,19,67,1,
2025,2i5w-ykuw,Lime,19,68,1,
2025,2i5w-ykuw,Lime,19,70,1,
2025,2i5w-ykuw,Lime,19,76,7,
2025,2i5w-ykuw,Lime,19,77,25,
2025,2i5w-ykuw,Lime,20,,29,
2025,2i5w-ykuw,Lime,20,1,2,
2025,2i5w-ykuw,Lime,20,2,16,
2025,2i5w-ykuw,Lime,20,3,23,
2025,2i5w-ykuw,Lime,20,4,81,
2025,2i5w-ykuw,Lime,20,5,266,
2025,2i5w-ykuw,Lime,20,6,379,
2025,2i5w-ykuw,Lime,20,7,455,
2025,2i5w-ykuw,Lime,20,8,104,
2025,2i5w-ykuw,Lime,20,10,8,
2025,2i5w-ykuw,Lime,20,11,108,
2025,2i5w-ykuw,Lime,20,12,19,
2025,2i5w-ykuw,Lime,20,13,143,
2025,2i5w-ykuw,Lime,20,14,221,
2025,2i5w-ykuw,Lime,20,15,1454,
2025,2i5w-ykuw,Lime,20,16,1769,
2025,2i5w-ykuw,Lime,20,17,263,
2025,2i5w-ykuw,Lime,20,18,241,
2025,2i5w-ykuw,Lime,20,19,10780,
2025,2i5w-ykuw,Lime,20,20,24742,
2025,2i5w-ykuw,Lime,20,21,3672,
2025,2i5w-ykuw,Lime,20,22,10820,
2025,2i5w-ykuw,Lime,20,23,7696,
2025,2i5w-ykuw,Lime,20,24,1013,
2025,2i5w-ykuw,Lime,20,25,2322,
2025,2i5w-ykuw,Lime,20,26,276,
2025,2i5w-ykuw,Lime,20,27,73,
2025,2i5w-ykuw,Lime,20,28,107,
2025,2i5w-ykuw,Lime,20,29,48,
2025,2i5w-ykuw,Lime,20,30,17,
2025,2i5w-ykuw,Lime,20,31,29,
2025,2i5w-ykuw,Lime,20,32,8,
2025,2i5w-ykuw,Lime,20,33,3,
2025,2i5w-ykuw,Lime,20,34,1,
2025,2i5w-ykuw,Lime,20,38,1,
2025,2i5w-ykuw,Lime,20,42,1,
2025,2i5w-ykuw,Lime,20,57,16,
2025,2i5w-ykuw,Lime,20,58,6,
2025,2i5w-ykuw,Lime,20,61,8,
2025,2i5w-ykuw,Lime,20,62,1,
2025,2i5w-ykuw,Lime,20,63,2,
2025,2i5w-ykuw,Lime,20,67,3,
2025,2i5w-ykuw,Lime,20,76,2,
2025,2i5w-ykuw,Lime,20,77,20,
2025,2i5w-ykuw,Lime,21,,18,
2025,2i5w-ykuw,Lime,21,1,46,
2025,2i5w-ykuw,Lime,21,2,324,
2025,2i5w-ykuw,Lime,21,3,475,
2025,2i5w-ykuw,Lime,21,4,830,
2025,2i5w-ykuw,Lime,21,5,4770,
2025,2i5w-ykuw,Lime,21,6,3905,
2025,2i5w-ykuw,Lime,21,7,1261,
2025,2i5w-ykuw,Lime,21,8,366,
2025,2i5w-ykuw,Lime,21,9,10,
2025,2i5w-ykuw,Lime,21,10,20,
2025,2i5w-ykuw,Lime,21,11,159,
2025,2i5w-ykuw,Lime,21,12,207,
2025,2i5w-ykuw,Lime,21,13,258,
2025,2i5w-ykuw,Lime,21,14,1914,
2025,2i5w-ykuw,Lime,21,15,3091,
2025,2i5w-ykuw,Lime,21,16,12415,
2025,2i5w-ykuw,Lime,21,17,412,
2025,2i5w-ykuw,Lime,21,18,101,
2025,2i5w-ykuw,Lime,21,19,4338,
2025,2i5w-ykuw,Lime,21,20,3780,
2025,2i5w-ykuw,Lime,21,21,44496,
2025,2i5w-ykuw,Lime,21,22,20503,
2025,2i5w-ykuw,Lime,21,23,1834,
2025,2i5w-ykuw,Lime,21,24,2400,
2025,2i5w-ykuw,Lime,21,25,642,
2025,2i5w-ykuw,Lime,21,26,83,
2025,2i5w-ykuw,Lime,21,27,161,
2025,2i5w-ykuw,Lime,21,28,254,
2025,2i5w-ykuw,Lime,21,29,81,
2025,2i5w-ykuw,Lime,21,30,19,
2025,2i5w-ykuw,Lime,21,31,24,
2025,2i5w-ykuw,Lime,21,32,16,
2025,2i5w-ykuw,Lime,21,33,5,
2025,2i5w-ykuw,Lime,21,56,37,
2025,2i5w-ykuw,Lime,21,57,4,
2025,2i5w-ykuw,Lime,21,59,3,
2025,2i5w-ykuw,Lime,21,60,14,
2025,2i5w-ykuw,Lime,21,61,2,
2025,2i5w-ykuw,Lime,21,62,1,
2025,2i5w-ykuw,Lime,21,64,2,
2025,2i5w-ykuw,Lime,21,65,2,
2025,2i5w-ykuw,Lime,21,66,2,
2025,2i5w-ykuw,Lime,21,67,1,
2025,2i5w-ykuw,Lime,21,68,1,
2025,2i5w-ykuw,Lime,21,77,141,
2025,2i5w-ykuw,Lime,22,,21,
2025,2i5w-ykuw,Lime,22,1,62,
2025,2i5w-ykuw,Lime,22,2,157,
2025,2i5w-ykuw,Lime,22,3,803,
2025,2i5w-ykuw,Lime,22,4,820,
2025,2i5w-ykuw,Lime,22,5,7200,
2025,2i5w-ykuw,Lime,22,6,7380,
2025,2i5w-ykuw,Lime,22,7,16301,
2025,2i5w-ykuw,Lime,22,8,3066,
2025,2i5w-ykuw,Lime,22,10,25,
2025,2i5w-ykuw,Lime,22,11,85,
2025,2i5w-ykuw,Lime,22,12,38,
2025,2i5w-ykuw,Lime,22,13,167,
2025,2i5w-ykuw,Lime,22,14,1348,
2025,2i5w-ykuw,Lime,22,15,1205,
2025,2i5w-ykuw,Lime,22,16,4064,
2025,2i5w-ykuw,Lime,22,17,144,
2025,2i5w-ykuw,Lime,22,18,172,
2025,2i5w-ykuw,Lime,22,19,6147,
2025,2i5w-ykuw,Lime,22,20,11123,
2025,2i5w-ykuw,Lime,22,21,21643,
2025,2i5w-ykuw,Lime,22,22,171108,
2025,2i5w-ykuw,Lime,22,23,13563,
2025,2i5w-ykuw,Lime,22,24,42812,
2025,2i5w-ykuw,Lime,22,25,1830,
2025,2i5w-ykuw,Lime,22,26,217,
2025,2i5w-ykuw,Lime,22,27,692,
2025,2i5w-ykuw,Lime,22,28,2638,
2025,2i5w-ykuw,Lime,22,29,323,
2025,2i5w-ykuw,Lime,22,30,169,
2025,2i5w-ykuw,Lime,22,31,187,
2025,2i5w-ykuw,Lime,22,32,152,
2025,2i5w-ykuw,Lime,22,33,11,
2025,2i5w-ykuw,Lime,22,34,12,
2025,2i5w-ykuw,Lime,22,35,4,
2025,2i5w-ykuw,Lime,22,38,1,
2025,2i5w-ykuw,Lime,22,40,1,
2025,2i5w-ykuw,Lime,22,41,1,
2025,2i5w-ykuw,Lime,22,43,1,
2025,2i5w-ykuw,Lime,22,45,1,
2025,2i5w-ykuw,Lime,22,46,1,
2025,2i5w-ykuw,Lime,22,56,2,
2025,2i5w-ykuw,Lime,22,57,8,
2025,2i5w-ykuw,Lime,22,58,11,
2025,2i5w-ykuw,Lime,22,59,6,
2025,2i5w-ykuw,Lime,22,60,11,
2025,2i5w-ykuw,Lime,22,61,14,
2025,2i5w-ykuw,Lime,22,63,5,
2025,2i5w-ykuw,Lime,22,65,1,
2025,2i5w-ykuw,Lime,22,66,8,
2025,2i5w-ykuw,Lime,22,67,9,
2025,2i5w-ykuw,Lime,22,68,4,
2025,2i5w-ykuw,Lime,22,69,1,
2025,2i5w-ykuw,Lime,22,70,2,
2025,2i5w-ykuw,Lime,22,71,2,
2025,2i5w-ykuw,Lime,22,73,1,
2025,2i5w-ykuw,Lime,22,76,2,
2025,2i5w-ykuw,Lime,22,77,404,
2025,2i5w-ykuw,Lime,23,,71,
2025,2i5w-ykuw,Lime,23,1,25,
2025,2i5w-ykuw,Lime,23,2,44,
2025,2i5w-ykuw,Lime,23,3,96,
2025,2i5w-ykuw,Lime,23,4,71,
2025,2i5w-ykuw,Lime,23,5,445,
2025,2i5w-ykuw,Lime,23,6,708,
2025,2i5w-ykuw,Lime,23,7,675,
2025,2i5w-ykuw,Lime,23,8,1205,
2025,2i5w-ykuw,Lime,23,9,2,
2025,2i5w-ykuw,Lime,23,10,8,
2025,2i5w-ykuw,Lime,23,11,49,
2025,2i5w-ykuw,Lime,23,12,11,
2025,2i5w-ykuw,Lime,23,13,57,
2025,2i5w-ykuw,Lime,23,14,252,
2025,2i5w-ykuw,Lime,23,15,727,
2025,2i5w-ykuw,Lime,23,16,851,
2025,2i5w-ykuw,Lime,23,17,117,
2025,2i5w-ykuw,Lime,23,18,366,
2025,2i5w-ykuw,Lime,23,19,5154,
2025,2i5w-ykuw,Lime,23,20,7357,
2025,2i5w-ykuw,Lime,23,21,1746,
2025,2i5w-ykuw,Lime,23,22,13633,
2025,2i5w-ykuw,Lime,23,23,100077,
2025,2i5w-ykuw,Lime,23,24,17585,
2025,2i5w-ykuw,Lime,23,25,13005,
2025,2i5w-ykuw,Lime,23,26,5558,
2025,2i5w-ykuw,Lime,23,27,6617,
2025,2i5w-ykuw,Lime,23,28,2478,
2025,2i5w-ykuw,Lime,23,29,1973,
2025,2i5w-ykuw,Lime,23,30,367,
2025,2i5w-ykuw,Lime,23,31,128,
2025,2i5w-ykuw,Lime,23,32,106,
2025,2i5w-ykuw,Lime,23,33,162,
2025,2i5w-ykuw,Lime,23,34,6,
2025,2i5w-ykuw,Lime,23,35,3,
2025,2i5w-ykuw,Lime,23,37,1,
2025,2i5w-ykuw,Lime,23,38,1,
2025,2i5w-ykuw,Lime,23,39,2,
2025,2i5w-ykuw,Lime,23,41,1,
2025,2i5w-ykuw,Lime,23,42,3,
2025,2i5w-ykuw,Lime,23,45,1,
2025,2i5w-ykuw,Lime,23,53,1,
2025,2i5w-ykuw,Lime,23,56,22,
2025,2i5w-ykuw,Lime,23,57,18,
2025,2i5w-ykuw,Lime,23,58,52,
2025,2i5w-ykuw,Lime,23,59,37,
2025,2i5w-ykuw,Lime,23,60,9,
2025,2i5w-ykuw,Lime,23,61,25,
2025,2i5w-ykuw,Lime,23,62,19,
2025,2i5w-ykuw,Lime,23,63,97,
2025,2i5w-ykuw,Lime,23,65,6,
2025,2i5w-ykuw,Lime,23,66,17,
2025,2i5w-ykuw,Lime,23,67,10,
2025,2i5w-ykuw,Lime,23,68,2,
2025,2i5w-ykuw,Lime,23,69,3,
2025,2i5w-ykuw,Lime,23,70,3,
2025,2i5w-ykuw,Lime,23,71,3,
2025,2i5w-ykuw,Lime,23,76,1,
2025,2i5w-ykuw,Lime,23,77,13,
2025,2i5w-ykuw,Lime,24,,24,
2025,2i5w-ykuw,Lime,24,1,47,
2025,2i5w-ykuw,Lime,24,2,113,
2025,2i5w-ykuw,Lime,24,3,518,
2025,2i5w-ykuw,Lime,24,4,527,
2025,2i5w-ykuw,Lime,24,5,2963,
2025,2i5w-ykuw,Lime,24,6,6113,
2025,2i5w-ykuw,Lime,24,7,10724,
2025,2i5w-ykuw,Lime,24,8,14366,
2025,2i5w-ykuw,Lime,24,9,1,
2025,2i5w-ykuw,Lime,24,10,18,
2025,2i5w-ykuw,Lime,24,11,37,
2025,2i5w-ykuw,Lime,24,12,5,
2025,2i5w-ykuw,Lime,24,13,44,
2025,2i5w-ykuw,Lime,24,14,285,
2025,2i5w-ykuw,Lime,24,15,304,
2025,2i5w-ykuw,Lime,24,16,934,
2025,2i5w-ykuw,Lime,24,17,46,
2025,2i5w-ykuw,Lime,24,18,68,
2025,2i5w-ykuw,Lime,24,19,981,
2025,2i5w-ykuw,Lime,24,20,957,
2025,2i5w-ykuw,Lime,24,21,2683,
2025,2i5w-ykuw,Lime,24,22,43658,
2025,2i5w-ykuw,Lime,24,23,17274,
2025,2i5w-ykuw,Lime,24,24,234734,
2025,2i5w-ykuw,Lime,24,25,1822,
2025,2i5w-ykuw,Lime,24,26,435,
2025,2i5w-ykuw,Lime,24,27,1778,
2025,2i5w-ykuw,Lime,24,28,26608,
2025,2i5w-ykuw,Lime,24,29,753,
2025,2i5w-ykuw,Lime,24,30,353,
2025,2i5w-ykuw,Lime,24,31,1001,
2025,2i5w-ykuw,Lime,24,32,1150,
2025,2i5w-ykuw,Lime,24,33,186,
2025,2i5w-ykuw,Lime,24,34,120,
2025,2i5w-ykuw,Lime,24,35,28,
2025,2i5w-ykuw,Lime,24,36,8,
2025,2i5w-ykuw,Lime,24,37,3,
2025,2i5w-ykuw,Lime,24,38,8,
2025,2i5w-ykuw,Lime,24,39,5,
2025,2i5w-ykuw,Lime,24,40,4,
2025,2i5w-ykuw,Lime,24,41,4,
2025,2i5w-ykuw,Lime,24,42,1,
2025,2i5w-ykuw,Lime,24,44,2,
2025,2i5w-ykuw,Lime,24,56,16,
2025,2i5w-ykuw,Lime,24,57,8,
2025,2i5w-ykuw,Lime,24,58,69,
2025,2i5w-ykuw,Lime,24,59,101,
2025,2i5w-ykuw,Lime,24,60,123,
2025,2i5w-ykuw,Lime,24,61,86,
2025,2i5w-ykuw,Lime,24,62,4,
2025,2i5w-ykuw,Lime,24,63,52,
2025,2i5w-ykuw,Lime,24,64,1,
2025,2i5w-ykuw,Lime,24,65,9,
2025,2i5w-ykuw,Lime,24,66,16,
2025,2i5w-ykuw,Lime,24,67,24,
2025,2i5w-ykuw,Lime,24,68,4,
2025,2i5w-ykuw,Lime,24,69,3,
2025,2i5w-ykuw,Lime,24,70,3,
2025,2i5w-ykuw,Lime,24,71,3,
2025,2i5w-ykuw,Lime,24,73,3,
2025,2i5w-ykuw,Lime,24,76,1,
2025,2i5w-ykuw,Lime,24,77,192,
2025,2i5w-ykuw,Lime,25,,1188,
2025,2i5w-ykuw,Lime,25,1,6,
2025,2i5w-ykuw,Lime,25,2,107,
2025,2i5w-ykuw,Lime,25,3,30,
2025,2i5w-ykuw,Lime,25,4,35,
2025,2i5w-ykuw,Lime,25,5,68,
2025,2i5w-ykuw,Lime,25,6,127,
2025,2i5w-ykuw,Lime,25,7,256,
2025,2i5w-ykuw,Lime,25,8,243,
2025,2i5w-ykuw,Lime,25,9,3,
2025,2i5w-ykuw,Lime,25,10,27,
2025,2i5w-ykuw,Lime,25,11,233,
2025,2i5w-ykuw,Lime,25,12,12,
2025,2i5w-ykuw,Lime,25,13,101,
2025,2i5w-ykuw,Lime,25,14,128,
2025,2i5w-ykuw,Lime,25,15,1423,
2025,2i5w-ykuw,Lime,25,16,589,
2025,2i5w-ykuw,Lime,25,17,656,
2025,2i5w-ykuw,Lime,25,18,2012,
2025,2i5w-ykuw,Lime,25,19,16297,
2025,2i5w-ykuw,Lime,25,20,2109,
2025,2i5w-ykuw,Lime,25,21,560,
2025,2i5w-ykuw,Lime,25,22,1595,
2025,2i5w-ykuw,Lime,25,23,12352,
2025,2i5w-ykuw,Lime,25,24,1579,
2025,2i5w-ykuw,Lime,25,25,191863,
2025,2i5w-ykuw,Lime,25,26,8642,
2025,2i5w-ykuw,Lime,25,27,2307,
2025,2i5w-ykuw,Lime,25,28,1089,
2025,2i5w-ykuw,Lime,25,29,3142,
2025,2i5w-ykuw,Lime,25,30,359,
2025,2i5w-ykuw,Lime,25,31,62,
2025,2i5w-ykuw,Lime,25,32,71,
2025,2i5w-ykuw,Lime,25,33,19,
2025,2i5w-ykuw,Lime,25,34,6,
2025,2i5w-ykuw,Lime,25,35,14,
2025,2i5w-ykuw,Lime,25,36,1,
2025,2i5w-ykuw,Lime,25,37,3,
2025,2i5w-ykuw,Lime,25,38,2,
2025,2i5w-ykuw,Lime,25,39,3,
2025,2i5w-ykuw,Lime,25,42,1,
2025,2i5w-ykuw,Lime,25,43,2,
2025,2i5w-ykuw,Lime,25,44,2,
2025,2i5w-ykuw,Lime,25,46,1,
2025,2i5w-ykuw,Lime,25,47,1,
2025,2i5w-ykuw,Lime,25,48,2,
2025,2i5w-ykuw,Lime,25,49,1,
2025,2i5w-ykuw,Lime,25,56,50,
2025,2i5w-ykuw,Lime,25,57,13,
2025,2i5w-ykuw,Lime,25,58,29,
2025,2i5w-ykuw,Lime,25,59,9,
2025,2i5w-ykuw,Lime,25,60,5,
2025,2i5w-ykuw,Lime,25,61,13,
2025,2i5w-ykuw,Lime,25,62,3,
2025,2i5w-ykuw,Lime,25,63,8,
2025,2i5w-ykuw,Lime,25,65,2,
2025,2i5w-ykuw,Lime,25,66,7,
2025,2i5w-ykuw,Lime,25,67,9,
2025,2i5w-ykuw,Lime,25,68,3,
2025,2i5w-ykuw,Lime,25,69,5,
2025,2i5w-ykuw,Lime,25,70,4,
2025,2i5w-ykuw,Lime,25,71,4,
2025,2i5w-ykuw,Lime,25,73,1,
2025,2i5w-ykuw,Lime,25,76,1,
2025,2i5w-ykuw,Lime,25,77,14,
2025,2i5w-ykuw,Lime,26,,87,
2025,2i5w-ykuw,Lime,26,2,6,
2025,2i5w-ykuw,Lime,26,3,6,
2025,2i5w-ykuw,Lime,26,4,3,
2025,2i5w-ykuw,Lime,26,5,22,
2025,2i5w-ykuw,Lime,26,6,31,
2025,2i5w-ykuw,Lime,26,7,39,
2025,2i5w-ykuw,Lime,26,8,51,
2025,2i5w-ykuw,Lime,26,11,22,
2025,2i5w-ykuw,Lime,26,12,2,
2025,2i5w-ykuw,Lime,26,13,1,
2025,2i5w-ykuw,Lime,26,14,7,
2025,2i5w-ykuw,Lime,26,15,27,
2025,2i5w-ykuw,Lime,26,16,67,
2025,2i5w-ykuw,Lime,26,17,2,
2025,2i5w-ykuw,Lime,26,18,3,
2025,2i5w-ykuw,Lime,26,19,212,
2025,2i5w-ykuw,Lime,26,20,261,
2025,2i5w-ykuw,Lime,26,21,81,
2025,2i5w-ykuw,Lime,26,22,164,
2025,2i5w-ykuw,Lime,26,23,5616,
2025,2i5w-ykuw,Lime,26,24,331,
2025,2i5w-ykuw,Lime,26,25,8346,
2025,2i5w-ykuw,Lime,26,26,39344,
2025,2i5w-ykuw,Lime,26,27,4064,
2025,2i5w-ykuw,Lime,26,28,1423,
2025,2i5w-ykuw,Lime,26,29,4608,
2025,2i5w-ykuw,Lime,26,30,389,
2025,2i5w-ykuw,Lime,26,31,83,
2025,2i5w-ykuw,Lime,26,32,52,
2025,2i5w-ykuw,Lime,26,33,19,
2025,2i5w-ykuw,Lime,26,34,2,
2025,2i5w-ykuw,Lime,26,35,20,
2025,2i5w-ykuw,Lime,26,38,3,
2025,2i5w-ykuw,Lime,26,39,1,
2025,2i5w-ykuw,Lime,26,40,1,
2025,2i5w-ykuw,Lime,26,41,1,
2025,2i5w-ykuw,Lime,26,43,1,
2025,2i5w-ykuw,Lime,26,44,2,
2025,2i5w-ykuw,Lime,26,56,6,
2025,2i5w-ykuw,Lime,26,57,36,
2025,2i5w-ykuw,Lime,26,58,25,
2025,2i5w-ykuw,Lime,26,59,6,
2025,2i5w-ykuw,Lime,26,60,3,
2025,2i5w-ykuw,Lime,26,61,22,
2025,2i5w-ykuw,Lime,26,62,3,
2025,2i5w-ykuw,Lime,26,63,11,
2025,2i5w-ykuw,Lime,26,65,2,
2025,2i5w-ykuw,Lime,26,66,12,
2025,2i5w-ykuw,Lime,26,67,5,
2025,2i5w-ykuw,Lime,26,68,1,
2025,2i5w-ykuw,Lime,26,69,1,
2025,2i5w-ykuw,Lime,26,70,3,
2025,2i5w-ykuw,Lime,26,71,3,
2025,2i5w-ykuw,Lime,26,73,1,
2025,2i5w-ykuw,Lime,26,77,2,
2025,2i5w-ykuw,Lime,27,,36,
2025,2i5w-ykuw,Lime,27,1,2,
2025,2i5w-ykuw,Lime,27,2,5,
2025,2i5w-ykuw,Lime,27,3,6,
2025,2i5w-ykuw,Lime,27,4,6,
2025,2i5w-ykuw,Lime,27,5,39,
2025,2i5w-ykuw,Lime,27,6,101,
2025,2i5w-ykuw,Lime,27,7,58,
2025,2i5w-ykuw,Lime,27,8,120,
2025,2i5w-ykuw,Lime,27,10,1,
2025,2i5w-ykuw,Lime,27,11,4,
2025,2i5w-ykuw,Lime,27,13,4,
2025,2i5w-ykuw,Lime,27,14,31,
2025,2i5w-ykuw,Lime,27,15,20,
2025,2i5w-ykuw,Lime,27,16,30,
2025,2i5w-ykuw,Lime,27,17,3,
2025,2i5w-ykuw,Lime,27,18,2,
2025,2i5w-ykuw,Lime,27,19,102,
2025,2i5w-ykuw,Lime,27,20,93,
2025,2i5w-ykuw,Lime,27,21,122,
2025,2i5w-ykuw,Lime,27,22,615,
2025,2i5w-ykuw,Lime,27,23,6091,
2025,2i5w-ykuw,Lime,27,24,1977,
2025,2i5w-ykuw,Lime,27,25,2371,
2025,2i5w-ykuw,Lime,27,26,3867,
2025,2i5w-ykuw,Lime,27,27,25446,
2025,2i5w-ykuw,Lime,27,28,4739,
2025,2i5w-ykuw,Lime,27,29,6787,
2025,2i5w-ykuw,Lime,27,30,612,
2025,2i5w-ykuw,Lime,27,31,265,
2025,2i5w-ykuw,Lime,27,32,67,
2025,2i5w-ykuw,Lime,27,33,51,
2025,2i5w-ykuw,Lime,27,34,19,
2025,2i5w-ykuw,Lime,27,35,4,
2025,2i5w-ykuw,Lime,27,38,6,
2025,2i5w-ykuw,Lime,27,39,2,
2025,2i5w-ykuw,Lime,27,40,5,
2025,2i5w-ykuw,Lime,27,41,1,
2025,2i5w-ykuw,Lime,27,42,3,
2025,2i5w-ykuw,Lime,27,44,1,
2025,2i5w-ykuw,Lime,27,53,1,
2025,2i5w-ykuw,Lime,27,57,17,
2025,2i5w-ykuw,Lime,27,58,153,
2025,2i5w-ykuw,Lime,27,59,36,
2025,2i5w-ykuw,Lime,27,60,16,
2025,2i5w-ykuw,Lime,27,61,8,
2025,2i5w-ykuw,Lime,27,62,2,
2025,2i5w-ykuw,Lime,27,63,35,
2025,2i5w-ykuw,Lime,27,64,2,
2025,2i5w-ykuw,Lime,27,65,1,
2025,2i5w-ykuw,Lime,27,66,22,
2025,2i5w-ykuw,Lime,27,67,13,
2025,2i5w-ykuw,Lime,27,69,1,
2025,2i5w-ykuw,Lime,27,70,1,
2025,2i5w-ykuw,Lime,27,71,4,
2025,2i5w-ykuw,Lime,27,72,1,
2025,2i5w-ykuw,Lime,27,75,1,
2025,2i5w-ykuw,Lime,27,77,6,
2025,2i5w-ykuw,Lime,28,,24,
2025,2i5w-ykuw,Lime,28,1,27,
2025,2i5w-ykuw,Lime,28,2,58,
2025,2i5w-ykuw,Lime,28,3,287,
2025,2i5w-ykuw,Lime,28,4,100,
2025,2i5w-ykuw,Lime,28,5,490,
2025,2i5w-ykuw,Lime,28,6,1738,
2025,2i5w-ykuw,Lime,28,7,2409,
2025,2i5w-ykuw,Lime,28,8,5687,
2025,2i5w-ykuw,Lime,28,11,6,
2025,2i5w-ykuw,Lime,28,13,27,
2025,2i5w-ykuw,Lime,28,14,53,
2025,2i5w-ykuw,Lime,28,15,56,
2025,2i5w-ykuw,Lime,28,16,156,
2025,2i5w-ykuw,Lime,28,17,7,
2025,2i5w-ykuw,Lime,28,18,6,
2025,2i5w-ykuw,Lime,28,19,174,
2025,2i5w-ykuw,Lime,28,20,107,
2025,2i5w-ykuw,Lime,28,21,250,
2025,2i5w-ykuw,Lime,28,22,2069,
2025,2i5w-ykuw,Lime,28,23,1967,
2025,2i5w-ykuw,Lime,28,24,22586,
2025,2i5w-ykuw,Lime,28,25,1146,
2025,2i5w-ykuw,Lime,28,26,1293,
2025,2i5w-ykuw,Lime,28,27,4673,
2025,2i5w-ykuw,Lime,28,28,97212,
2025,2i5w-ykuw,Lime,28,29,3404,
2025,2i5w-ykuw,Lime,28,30,1112,
2025,2i5w-ykuw,Lime,28,31,4947,
2025,2i5w-ykuw,Lime,28,32,4428,
2025,2i5w-ykuw,Lime,28,33,1347,
2025,2i5w-ykuw,Lime,28,34,613,
2025,2i5w-ykuw,Lime,28,35,195,
2025,2i5w-ykuw,Lime,28,36,15,
2025,2i5w-ykuw,Lime,28,37,25,
2025,2i5w-ykuw,Lime,28,38,40,
2025,2i5w-ykuw,Lime,28,39,11,
2025,2i5w-ykuw,Lime,28,40,29,
2025,2i5w-ykuw,Lime,28,41,15,
2025,2i5w-ykuw,Lime,28,42,9,
2025,2i5w-ykuw,Lime,28,43,13,
2025,2i5w-ykuw,Lime,28,44,5,
2025,2i5w-ykuw,Lime,28,46,3,
2025,2i5w-ykuw,Lime,28,48,2,
2025,2i5w-ykuw,Lime,28,53,8,
2025,2i5w-ykuw,Lime,28,56,1,
2025,2i5w-ykuw,Lime,28,57,14,
2025,2i5w-ykuw,Lime,28,58,148,
2025,2i5w-ykuw,Lime,28,59,307,
2025,2i5w-ykuw,Lime,28,60,886,
2025,2i5w-ykuw,Lime,28,61,291,
2025,2i5w-ykuw,Lime,28,62,6,
2025,2i5w-ykuw,Lime,28,63,64,
2025,2i5w-ykuw,Lime,28,64,1,
2025,2i5w-ykuw,Lime,28,65,16,
2025,2i5w-ykuw,Lime,28,66,342,
2025,2i5w-ykuw,Lime,28,67,61,
2025,2i5w-ykuw,Lime,28,68,109,
2025,2i5w-ykuw,Lime,28,69,23,
2025,2i5w-ykuw,Lime,28,70,6,
2025,2i5w-ykuw,Lime,28,71,30,
2025,2i5w-ykuw,Lime,28,72,2,
2025,2i5w-ykuw,Lime,28,73,8,
2025,2i5w-ykuw,Lime,28,75,1,
2025,2i5w-ykuw,Lime,28,77,81,
2025,2i5w-ykuw,Lime,29,,240,
2025,2i5w-ykuw,Lime,29,2,21,
2025,2i5w-ykuw,Lime,29,3,4,
2025,2i5w-ykuw,Lime,29,4,1,
2025,2i5w-ykuw,Lime,29,5,15,
2025,2i5w-ykuw,Lime,29,6,69,
2025,2i5w-ykuw,Lime,29,7,69,
2025,2i5w-ykuw,Lime,29,8,99,
2025,2i5w-ykuw,Lime,29,10,1,
2025,2i5w-ykuw,Lime,29,11,3,
2025,2i5w-ykuw,Lime,29,13,5,
2025,2i5w-ykuw,Lime,29,14,7,
2025,2i5w-ykuw,Lime,29,15,18,
2025,2i5w-ykuw,Lime,29,16,37,
2025,2i5w-ykuw,Lime,29,17,5,
2025,2i5w-ykuw,Lime,29,18,7,
2025,2i5w-ykuw,Lime,29,19,71,
2025,2i5w-ykuw,Lime,29,20,52,
2025,2i5w-ykuw,Lime,29,21,65,
2025,2i5w-ykuw,Lime,29,22,251,
2025,2i5w-ykuw,Lime,29,23,1941,
2025,2i5w-ykuw,Lime,29,24,674,
2025,2i5w-ykuw,Lime,29,25,3140,
2025,2i5w-ykuw,Lime,29,26,4600,
2025,2i5w-ykuw,Lime,29,27,6679,
2025,2i5w-ykuw,Lime,29,28,3516,
2025,2i5w-ykuw,Lime,29,29,62735,
2025,2i5w-ykuw,Lime,29,30,9976,
2025,2i5w-ykuw,Lime,29,31,699,
2025,2i5w-ykuw,Lime,29,32,176,
2025,2i5w-ykuw,Lime,29,33,137,
2025,2i5w-ykuw,Lime,29,34,58,
2025,2i5w-ykuw,Lime,29,35,29,
2025,2i5w-ykuw,Lime,29,37,2,
2025,2i5w-ykuw,Lime,29,38,53,
2025,2i5w-ykuw,Lime,29,39,1,
2025,2i5w-ykuw,Lime,29,40,9,
2025,2i5w-ykuw,Lime,29,41,1,
2025,2i5w-ykuw,Lime,29,42,9,
2025,2i5w-ykuw,Lime,29,44,2,
2025,2i5w-ykuw,Lime,29,45,1,
2025,2i5w-ykuw,Lime,29,46,2,
2025,2i5w-ykuw,Lime,29,49,1,
2025,2i5w-ykuw,Lime,29,56,45,
2025,2i5w-ykuw,Lime,29,57,61,
2025,2i5w-ykuw,Lime,29,58,207,
2025,2i5w-ykuw,Lime,29,59,208,
2025,2i5w-ykuw,Lime,29,60,74,
2025,2i5w-ykuw,Lime,29,61,76,
2025,2i5w-ykuw,Lime,29,62,18,
2025,2i5w-ykuw,Lime,29,63,67,
2025,2i5w-ykuw,Lime,29,64,3,
2025,2i5w-ykuw,Lime,29,65,12,
2025,2i5w-ykuw,Lime,29,66,98,
2025,2i5w-ykuw,Lime,29,67,9,
2025,2i5w-ykuw,Lime,29,68,15,
2025,2i5w-ykuw,Lime,29,69,10,
2025,2i5w-ykuw,Lime,29,70,12,
2025,2i5w-ykuw,Lime,29,71,33,
2025,2i5w-ykuw,Lime,29,73,2,
2025,2i5w-ykuw,Lime,29,77,2,
2025,2i5w-ykuw,Lime,30,,233,
2025,2i5w-ykuw,Lime,30,1,1,
2025,2i5w-ykuw,Lime,30,2,11,
2025,2i5w-ykuw,Lime,30,3,7,
2025,2i5w-ykuw,Lime,30,4,19,
2025,2i5w-ykuw,Lime,30,5,14,
2025,2i5w-ykuw,Lime,30,6,7,
2025,2i5w-ykuw,Lime,30,7,57,
2025,2i5w-ykuw,Lime,30,8,85,
2025,2i5w-ykuw,Lime,30,13,4,
2025,2i5w-ykuw,Lime,30,14,4,
2025,2i5w-ykuw,Lime,30,15,6,
2025,2i5w-ykuw,Lime,30,16,6,
2025,2i5w-ykuw,Lime,30,17,7,
2025,2i5w-ykuw,Lime,30,18,2,
2025,2i5w-ykuw,Lime,30,19,39,
2025,2i5w-ykuw,Lime,30,20,17,
2025,2i5w-ykuw,Lime,30,21,12,
2025,2i5w-ykuw,Lime,30,22,178,
2025,2i5w-ykuw,Lime,30,23,282,
2025,2i5w-ykuw,Lime,30,24,314,
2025,2i5w-ykuw,Lime,30,25,361,
2025,2i5w-ykuw,Lime,30,26,402,
2025,2i5w-ykuw,Lime,30,27,654,
2025,2i5w-ykuw,Lime,30,28,1394,
2025,2i5w-ykuw,Lime,30,29,10439,
2025,2i5w-ykuw,Lime,30,30,72136,
2025,2i5w-ykuw,Lime,30,31,4485,
2025,2i5w-ykuw,Lime,30,32,105,
2025,2i5w-ykuw,Lime,30,33,126,
2025,2i5w-ykuw,Lime,30,34,139,
2025,2i5w-ykuw,Lime,30,35,15,
2025,2i5w-ykuw,Lime,30,36,4,
2025,2i5w-ykuw,Lime,30,37,5,
2025,2i5w-ykuw,Lime,30,38,36,
2025,2i5w-ykuw,Lime,30,39,1,
2025,2i5w-ykuw,Lime,30,40,20,
2025,2i5w-ykuw,Lime,30,41,4,
2025,2i5w-ykuw,Lime,30,43,2,
2025,2i5w-ykuw,Lime,30,44,7,
2025,2i5w-ykuw,Lime,30,49,3,
2025,2i5w-ykuw,Lime,30,56,99,
2025,2i5w-ykuw,Lime,30,57,1051,
2025,2i5w-ykuw,Lime,30,58,1647,
2025,2i5w-ykuw,Lime,30,59,368,
2025,2i5w-ykuw,Lime,30,60,104,
2025,2i5w-ykuw,Lime,30,61,245,
2025,2i5w-ykuw,Lime,30,62,243,
2025,2i5w-ykuw,Lime,30,63,363,
2025,2i5w-ykuw,Lime,30,64,53,
2025,2i5w-ykuw,Lime,30,65,158,
2025,2i5w-ykuw,Lime,30,66,288,
2025,2i5w-ykuw,Lime,30,67,72,
2025,2i5w-ykuw,Lime,30,68,12,
2025,2i5w-ykuw,Lime,30,69,4,
2025,2i5w-ykuw,Lime,30,70,49,
2025,2i5w-ykuw,Lime,30,71,15,
2025,2i5w-ykuw,Lime,30,74,1,
2025,2i5w-ykuw,Lime,30,77,3,
2025,2i5w-ykuw,Lime,31,,12,
2025,2i5w-ykuw,Lime,31,2,1,
2025,2i5w-ykuw,Lime,31,3,8,
2025,2i5w-ykuw,Lime,31,4,13,
2025,2i5w-ykuw,Lime,31,5,16,
2025,2i5w-ykuw,Lime,31,6,105,
2025,2i5w-ykuw,Lime,31,7,63,
2025,2i5w-ykuw,Lime,31,8,105,
2025,2i5w-ykuw,Lime,31,11,4,
2025,2i5w-ykuw,Lime,31,14,3,
2025,2i5w-ykuw,Lime,31,15,4,
2025,2i5w-ykuw,Lime,31,16,29,
2025,2i5w-ykuw,Lime,31,17,3,
2025,2i5w-ykuw,Lime,31,18,1,
2025,2i5w-ykuw,Lime,31,19,26,
2025,2i5w-ykuw,Lime,31,20,22,
2025,2i5w-ykuw,Lime,31,21,34,
2025,2i5w-ykuw,Lime,31,22,194,
2025,2i5w-ykuw,Lime,31,23,115,
2025,2i5w-ykuw,Lime,31,24,808,
2025,2i5w-ykuw,Lime,31,25,81,
2025,2i5w-ykuw,Lime,31,26,72,
2025,2i5w-ykuw,Lime,31,27,211,
2025,2i5w-ykuw,Lime,31,28,4447,
2025,2i5w-ykuw,Lime,31,29,791,
2025,2i5w-ykuw,Lime,31,30,4427,
2025,2i5w-ykuw,Lime,31,31,18886,
2025,2i5w-ykuw,Lime,31,32,290,
2025,2i5w-ykuw,Lime,31,33,629,
2025,2i5w-ykuw,Lime,31,34,648,
2025,2i5w-ykuw,Lime,31,35,66,
2025,2i5w-ykuw,Lime,31,36,3,
2025,2i5w-ykuw,Lime,31,37,17,
2025,2i5w-ykuw,Lime,31,38,25,
2025,2i5w-ykuw,Lime,31,39,3,
2025,2i5w-ykuw,Lime,31,40,13,
2025,2i5w-ykuw,Lime,31,41,6,
2025,2i5w-ykuw,Lime,31,42,5,
2025,2i5w-ykuw,Lime,31,44,2,
2025,2i5w-ykuw,Lime,31,46,1,
2025,2i5w-ykuw,Lime,31,49,3,
2025,2i5w-ykuw,Lime,31,53,2,
2025,2i5w-ykuw,Lime,31,56,10,
2025,2i5w-ykuw,Lime,31,57,63,
2025,2i5w-ykuw,Lime,31,58,556,
2025,2i5w-ykuw,Lime,31,59,1347,
2025,2i5w-ykuw,Lime,31,60,1434,
2025,2i5w-ykuw,Lime,31,61,492,
2025,2i5w-ykuw,Lime,31,62,4,
2025,2i5w-ykuw,Lime,31,63,76,
2025,2i5w-ykuw,Lime,31,64,1,
2025,2i5w-ykuw,Lime,31,65,23,
2025,2i5w-ykuw,Lime,31,66,83,
2025,2i5w-ykuw,Lime,31,67,56,
2025,2i5w-ykuw,Lime,31,68,34,
2025,2i5w-ykuw,Lime,31,69,7,
2025,2i5w-ykuw,Lime,31,70,7,
2025,2i5w-ykuw,Lime,31,71,15,
2025,2i5w-ykuw,Lime,31,72,2,
2025,2i5w-ykuw,Lime,31,73,4,
2025,2i5w-ykuw,Lime,31,75,1,
2025,2i5w-ykuw,Lime,31,77,1,
2025,2i5w-ykuw,Lime,32,,4,
2025,2i5w-ykuw,Lime,32,1,2,
2025,2i5w-ykuw,Lime,32,3,33,
2025,2i5w-ykuw,Lime,32,4,7,
2025,2i5w-ykuw,Lime,32,5,16,
2025,2i5w-ykuw,Lime,32,6,158,
2025,2i5w-ykuw,Lime,32,7,328,
2025,2i5w-ykuw,Lime,32,8,4281,
2025,2i5w-ykuw,Lime,32,15,7,
2025,2i5w-ykuw,Lime,32,16,2,
2025,2i5w-ykuw,Lime,32,19,11,
2025,2i5w-ykuw,Lime,32,20,6,
2025,2i5w-ykuw,Lime,32,21,19,
2025,2i5w-ykuw,Lime,32,22,79,
2025,2i5w-ykuw,Lime,32,23,54,
2025,2i5w-ykuw,Lime,32,24,643,
2025,2i5w-ykuw,Lime,32,25,30,
2025,2i5w-ykuw,Lime,32,26,25,
2025,2i5w-ykuw,Lime,32,27,60,
2025,2i5w-ykuw,Lime,32,28,3082,
2025,2i5w-ykuw,Lime,32,29,105,
2025,2i5w-ykuw,Lime,32,30,52,
2025,2i5w-ykuw,Lime,32,31,235,
2025,2i5w-ykuw,Lime,32,32,19245,
2025,2i5w-ykuw,Lime,32,33,1666,
2025,2i5w-ykuw,Lime,32,34,255,
2025,2i5w-ykuw,Lime,32,35,217,
2025,2i5w-ykuw,Lime,32,36,21,
2025,2i5w-ykuw,Lime,32,37,8,
2025,2i5w-ykuw,Lime,32,38,62,
2025,2i5w-ykuw,Lime,32,39,16,
2025,2i5w-ykuw,Lime,32,40,39,
2025,2i5w-ykuw,Lime,32,41,23,
2025,2i5w-ykuw,Lime,32,42,4,
2025,2i5w-ykuw,Lime,32,43,7,
2025,2i5w-ykuw,Lime,32,44,7,
2025,2i5w-ykuw,Lime,32,45,1,
2025,2i5w-ykuw,Lime,32,46,3,
2025,2i5w-ykuw,Lime,32,49,3,
2025,2i5w-ykuw,Lime,32,56,1,
2025,2i5w-ykuw,Lime,32,57,1,
2025,2i5w-ykuw,Lime,32,58,18,
2025,2i5w-ykuw,Lime,32,59,41,
2025,2i5w-ykuw,Lime,32,60,166,
2025,2i5w-ykuw,Lime,32,61,23,
2025,2i5w-ykuw,Lime,32,63,1,
2025,2i5w-ykuw,Lime,32,65,4,
2025,2i5w-ykuw,Lime,32,66,8,
2025,2i5w-ykuw,Lime,32,67,7,
2025,2i5w-ykuw,Lime,32,68,9,
2025,2i5w-ykuw,Lime,32,69,14,
2025,2i5w-ykuw,Lime,32,71,2,
2025,2i5w-ykuw,Lime,32,73,5,
2025,2i5w-ykuw,Lime,32,77,6,
2025,2i5w-ykuw,Lime,33,,4,
2025,2i5w-ykuw,Lime,33,3,1,
2025,2i5w-ykuw,Lime,33,4,1,
2025,2i5w-ykuw,Lime,33,5,6,
2025,2i5w-ykuw,Lime,33,6,18,
2025,2i5w-ykuw,Lime,33,7,26,
2025,2i5w-ykuw,Lime,33,8,237,
2025,2i5w-ykuw,Lime,33,14,1,
2025,2i5w-ykuw,Lime,33,15,1,
2025,2i5w-ykuw,Lime,33,16,2,
2025,2i5w-ykuw,Lime,33,19,2,
2025,2i5w-ykuw,Lime,33,20,1,
2025,2i5w-ykuw,Lime,33,21,6,
2025,2i5w-ykuw,Lime,33,22,10,
2025,2i5w-ykuw,Lime,33,23,38,
2025,2i5w-ykuw,Lime,33,24,133,
2025,2i5w-ykuw,Lime,33,25,6,
2025,2i5w-ykuw,Lime,33,26,8,
2025,2i5w-ykuw,Lime,33,27,53,
2025,2i5w-ykuw,Lime,33,28,1137,
2025,2i5w-ykuw,Lime,33,29,126,
2025,2i5w-ykuw,Lime,33,30,91,
2025,2i5w-ykuw,Lime,33,31,399,
2025,2i5w-ykuw,Lime,33,32,2588,
2025,2i5w-ykuw,Lime,33,33,6658,
2025,2i5w-ykuw,Lime,33,34,1112,
2025,2i5w-ykuw,Lime,33,35,976,
2025,2i5w-ykuw,Lime,33,36,49,
2025,2i5w-ykuw,Lime,33,37,16,
2025,2i5w-ykuw,Lime,33,38,189,
2025,2i5w-ykuw,Lime,33,39,58,
2025,2i5w-ykuw,Lime,33,40,47,
2025,2i5w-ykuw,Lime,33,41,47,
2025,2i5w-ykuw,Lime,33,42,27,
2025,2i5w-ykuw,Lime,33,43,11,
2025,2i5w-ykuw,Lime,33,44,7,
2025,2i5w-ykuw,Lime,33,45,5,
2025,2i5w-ykuw,Lime,33,46,6,
2025,2i5w-ykuw,Lime,33,48,7,
2025,2i5w-ykuw,Lime,33,49,1,
2025,2i5w-ykuw,Lime,33,51,2,
2025,2i5w-ykuw,Lime,33,52,1,
2025,2i5w-ykuw,Lime,33,53,1,
2025,2i5w-ykuw,Lime,33,56,1,
2025,2i5w-ykuw,Lime,33,57,1,
2025,2i5w-ykuw,Lime,33,58,27,
2025,2i5w-ykuw,Lime,33,59,41,
2025,2i5w-ykuw,Lime,33,60,265,
2025,2i5w-ykuw,Lime,33,61,53,
2025,2i5w-ykuw,Lime,33,62,28,
2025,2i5w-ykuw,Lime,33,63,5,
2025,2i5w-ykuw,Lime,33,66,17,
2025,2i5w-ykuw,Lime,33,67,11,
2025,2i5w-ykuw,Lime,33,68,21,
2025,2i5w-ykuw,Lime,33,69,27,
2025,2i5w-ykuw,Lime,33,70,1,
2025,2i5w-ykuw,Lime,33,71,4,
2025,2i5w-ykuw,Lime,34,,1,
2025,2i5w-ykuw,Lime,34,3,1,
2025,2i5w-ykuw,Lime,34,4,2,
2025,2i5w-ykuw,Lime,34,6,6,
2025,2i5w-ykuw,Lime,34,7,12,
2025,2i5w-ykuw,Lime,34,8,69,
2025,2i5w-ykuw,Lime,34,13,2,
2025,2i5w-ykuw,Lime,34,16,1,
2025,2i5w-ykuw,Lime,34,20,2,
2025,2i5w-ykuw,Lime,34,21,2,
2025,2i5w-ykuw,Lime,34,22,9,
2025,2i5w-ykuw,Lime,34,23,10,
2025,2i5w-ykuw,Lime,34,24,72,
2025,2i5w-ykuw,Lime,34,25,6,
2025,2i5w-ykuw,Lime,34,26,4,
2025,2i5w-ykuw,Lime,34,27,5,
2025,2i5w-ykuw,Lime,34,28,595,
2025,2i5w-ykuw,Lime,34,29,48,
2025,2i5w-ykuw,Lime,34,30,158,
2025,2i5w-ykuw,Lime,34,31,727,
2025,2i5w-ykuw,Lime,34,32,390,
2025,2i5w-ykuw,Lime,34,33,1179,
2025,2i5w-ykuw,Lime,34,34,5475,
2025,2i5w-ykuw,Lime,34,35,1892,
2025,2i5w-ykuw,Lime,34,36,194,
2025,2i5w-ykuw,Lime,34,37,313,
2025,2i5w-ykuw,Lime,34,38,293,
2025,2i5w-ykuw,Lime,34,39,44,
2025,2i5w-ykuw,Lime,34,40,28,
2025,2i5w-ykuw,Lime,34,41,32,
2025,2i5w-ykuw,Lime,34,42,19,
2025,2i5w-ykuw,Lime,34,43,4,
2025,2i5w-ykuw,Lime,34,44,6,
2025,2i5w-ykuw,Lime,34,45,1,
2025,2i5w-ykuw,Lime,34,46,1,
2025,2i5w-ykuw,Lime,34,49,1,
2025,2i5w-ykuw,Lime,34,56,18,
2025,2i5w-ykuw,Lime,34,57,7,
2025,2i5w-ykuw,Lime,34,58,117,
2025,2i5w-ykuw,Lime,34,59,508,
2025,2i5w-ykuw,Lime,34,60,2923,
2025,2i5w-ykuw,Lime,34,61,364,
2025,2i5w-ykuw,Lime,34,62,3,
2025,2i5w-ykuw,Lime,34,63,10,
2025,2i5w-ykuw,Lime,34,65,2,
2025,2i5w-ykuw,Lime,34,66,16,
2025,2i5w-ykuw,Lime,34,67,23,
2025,2i5w-ykuw,Lime,34,68,24,
2025,2i5w-ykuw,Lime,34,69,27,
2025,2i5w-ykuw,Lime,34,70,3,
2025,2i5w-ykuw,Lime,34,71,12,
2025,2i5w-ykuw,Lime,34,72,2,
2025,2i5w-ykuw,Lime,34,73,1,
2025,2i5w-ykuw,Lime,35,,2,
2025,2i5w-ykuw,Lime,35,3,2,
2025,2i5w-ykuw,Lime,35,5,1,
2025,2i5w-ykuw,Lime,35,6,3,
2025,2i5w-ykuw,Lime,35,7,5,
2025,2i5w-ykuw,Lime,35,8,41,
2025,2i5w-ykuw,Lime,35,17,1,
2025,2i5w-ykuw,Lime,35,20,1,
2025,2i5w-ykuw,Lime,35,22,3,
2025,2i5w-ykuw,Lime,35,23,1,
2025,2i5w-ykuw,Lime,35,24,20,
2025,2i5w-ykuw,Lime,35,25,7,
2025,2i5w-ykuw,Lime,35,26,8,
2025,2i5w-ykuw,Lime,35,27,5,
2025,2i5w-ykuw,Lime,35,28,165,
2025,2i5w-ykuw,Lime,35,29,35,
2025,2i5w-ykuw,Lime,35,30,29,
2025,2i5w-ykuw,Lime,35,31,64,
2025,2i5w-ykuw,Lime,35,32,344,
2025,2i5w-ykuw,Lime,35,33,1202,
2025,2i5w-ykuw,Lime,35,34,1656,
2025,2i5w-ykuw,Lime,35,35,13020,
2025,2i5w-ykuw,Lime,35,36,1404,
2025,2i5w-ykuw,Lime,35,37,342,
2025,2i5w-ykuw,Lime,35,38,3109,
2025,2i5w-ykuw,Lime,35,39,511,
2025,2i5w-ykuw,Lime,35,40,334,
2025,2i5w-ykuw,Lime,35,41,268,
2025,2i5w-ykuw,Lime,35,42,202,
2025,2i5w-ykuw,Lime,35,43,87,
2025,2i5w-ykuw,Lime,35,44,34,
2025,2i5w-ykuw,Lime,35,45,19,
2025,2i5w-ykuw,Lime,35,46,7,
2025,2i5w-ykuw,Lime,35,48,8,
2025,2i5w-ykuw,Lime,35,49,7,
2025,2i5w-ykuw,Lime,35,54,1,
2025,2i5w-ykuw,Lime,35,56,2,
2025,2i5w-ykuw,Lime,35,57,7,
2025,2i5w-ykuw,Lime,35,58,30,
2025,2i5w-ykuw,Lime,35,59,133,
2025,2i5w-ykuw,Lime,35,60,938,
2025,2i5w-ykuw,Lime,35,61,139,
2025,2i5w-ykuw,Lime,35,62,6,
2025,2i5w-ykuw,Lime,35,63,2,
2025,2i5w-ykuw,Lime,35,64,1,
2025,2i5w-ykuw,Lime,35,65,2,
2025,2i5w-ykuw,Lime,35,66,13,
2025,2i5w-ykuw,Lime,35,67,34,
2025,2i5w-ykuw,Lime,35,68,69,
2025,2i5w-ykuw,Lime,35,69,132,
2025,2i5w-ykuw,Lime,35,70,9,
2025,2i5w-ykuw,Lime,35,71,31,
2025,2i5w-ykuw,Lime,35,73,5,
2025,2i5w-ykuw,Lime,35,75,1,
2025,2i5w-ykuw,Lime,36,3,2,
2025,2i5w-ykuw,Lime,36,7,2,
2025,2i5w-ykuw,Lime,36,8,3,
2025,2i5w-ykuw,Lime,36,24,5,
2025,2i5w-ykuw,Lime,36,25,2,
2025,2i5w-ykuw,Lime,36,27,2,
2025,2i5w-ykuw,Lime,36,28,11,
2025,2i5w-ykuw,Lime,36,29,1,
2025,2i5w-ykuw,Lime,36,30,1,
2025,2i5w-ykuw,Lime,36,31,3,
2025,2i5w-ykuw,Lime,36,32,31,
2025,2i5w-ykuw,Lime,36,33,61,
2025,2i5w-ykuw,Lime,36,34,186,
2025,2i5w-ykuw,Lime,36,35,1466,
2025,2i5w-ykuw,Lime,36,36,2585,
2025,2i5w-ykuw,Lime,36,37,61,
2025,2i5w-ykuw,Lime,36,38,1425,
2025,2i5w-ykuw,Lime,36,39,965,
2025,2i5w-ykuw,Lime,36,40,99,
2025,2i5w-ykuw,Lime,36,41,300,
2025,2i5w-ykuw,Lime,36,42,130,
2025,2i5w-ykuw,Lime,36,43,56,
2025,2i5w-ykuw,Lime,36,44,3,
2025,2i5w-ykuw,Lime,36,45,7,
2025,2i5w-ykuw,Lime,36,46,4,
2025,2i5w-ykuw,Lime,36,48,2,
2025,2i5w-ykuw,Lime,36,49,4,
2025,2i5w-ykuw,Lime,36,50,2,
2025,2i5w-ykuw,Lime,36,51,2,
2025,2i5w-ykuw,Lime,36,57,3,
2025,2i5w-ykuw,Lime,36,58,3,
2025,2i5w-ykuw,Lime,36,59,5,
2025,2i5w-ykuw,Lime,36,60,49,
2025,2i5w-ykuw,Lime,36,61,15,
2025,2i5w-ykuw,Lime,36,66,19,
2025,2i5w-ykuw,Lime,36,67,8,
2025,2i5w-ykuw,Lime,36,68,12,
2025,2i5w-ykuw,Lime,36,69,61,
2025,2i5w-ykuw,Lime,36,71,5,
2025,2i5w-ykuw,Lime,36,72,1,
2025,2i5w-ykuw,Lime,37,8,1,
2025,2i5w-ykuw,Lime,37,24,2,
2025,2i5w-ykuw,Lime,37,25,1,
2025,2i5w-ykuw,Lime,37,26,1,
2025,2i5w-ykuw,Lime,37,28,21,
2025,2i5w-ykuw,Lime,37,29,10,
2025,2i5w-ykuw,Lime,37,30,11,
2025,2i5w-ykuw,Lime,37,31,6,
2025,2i5w-ykuw,Lime,37,32,10,
2025,2i5w-ykuw,Lime,37,33,17,
2025,2i5w-ykuw,Lime,37,34,322,
2025,2i5w-ykuw,Lime,37,35,374,
2025,2i5w-ykuw,Lime,37,36,42,
2025,2i5w-ykuw,Lime,37,37,3370,
2025,2i5w-ykuw,Lime,37,38,1729,
2025,2i5w-ykuw,Lime,37,39,474,
2025,2i5w-ykuw,Lime,37,40,1682,
2025,2i5w-ykuw,Lime,37,41,502,
2025,2i5w-ykuw,Lime,37,42,144,
2025,2i5w-ykuw,Lime,37,43,19,
2025,2i5w-ykuw,Lime,37,44,25,
2025,2i5w-ykuw,Lime,37,45,2,
2025,2i5w-ykuw,Lime,37,46,4,
2025,2i5w-ykuw,Lime,37,47,1,
2025,2i5w-ykuw,Lime,37,48,2,
2025,2i5w-ykuw,Lime,37,49,15,
2025,2i5w-ykuw,Lime,37,51,2,
2025,2i5w-ykuw,Lime,37,56,4,
2025,2i5w-ykuw,Lime,37,57,4,
2025,2i5w-ykuw,Lime,37,58,30,
2025,2i5w-ykuw,Lime,37,59,19,
2025,2i5w-ykuw,Lime,37,60,87,
2025,2i5w-ykuw,Lime,37,61,2573,
2025,2i5w-ykuw,Lime,37,62,7,
2025,2i5w-ykuw,Lime,37,63,53,
2025,2i5w-ykuw,Lime,37,64,2,
2025,2i5w-ykuw,Lime,37,65,3,
2025,2i5w-ykuw,Lime,37,66,28,
2025,2i5w-ykuw,Lime,37,67,408,
2025,2i5w-ykuw,Lime,37,68,1116,
2025,2i5w-ykuw,Lime,37,69,124,
2025,2i5w-ykuw,Lime,37,70,2,
2025,2i5w-ykuw,Lime,37,71,38,
2025,2i5w-ykuw,Lime,37,72,1,
2025,2i5w-ykuw,Lime,37,73,5,
2025,2i5w-ykuw,Lime,37,75,2,
2025,2i5w-ykuw,Lime,38,,1,
2025,2i5w-ykuw,Lime,38,1,1,
2025,2i5w-ykuw,Lime,38,6,2,
2025,2i5w-ykuw,Lime,38,7,1,
2025,2i5w-ykuw,Lime,38,8,9,
2025,2i5w-ykuw,Lime,38,22,3,
2025,2i5w-ykuw,Lime,38,23,1,
2025,2i5w-ykuw,Lime,38,24,15,
2025,2i5w-ykuw,Lime,38,25,3,
2025,2i5w-ykuw,Lime,38,26,1,
2025,2i5w-ykuw,Lime,38,27,8,
2025,2i5w-ykuw,Lime,38,28,56,
2025,2i5w-ykuw,Lime,38,29,59,
2025,2i5w-ykuw,Lime,38,30,16,
2025,2i5w-ykuw,Lime,38,31,14,
2025,2i5w-ykuw,Lime,38,32,126,
2025,2i5w-ykuw,Lime,38,33,263,
2025,2i5w-ykuw,Lime,38,34,397,
2025,2i5w-ykuw,Lime,38,35,3353,
2025,2i5w-ykuw,Lime,38,36,1576,
2025,2i5w-ykuw,Lime,38,37,1747,
2025,2i5w-ykuw,Lime,38,38,26096,
2025,2i5w-ykuw,Lime,38,39,4245,
2025,2i5w-ykuw,Lime,38,40,2779,
2025,2i5w-ykuw,Lime,38,41,2047,
2025,2i5w-ykuw,Lime,38,42,894,
2025,2i5w-ykuw,Lime,38,43,246,
2025,2i5w-ykuw,Lime,38,44,104,
2025,2i5w-ykuw,Lime,38,45,98,
2025,2i5w-ykuw,Lime,38,46,40,
2025,2i5w-ykuw,Lime,38,47,3,
2025,2i5w-ykuw,Lime,38,48,16,
2025,2i5w-ykuw,Lime,38,49,25,
2025,2i5w-ykuw,Lime,38,50,5,
2025,2i5w-ykuw,Lime,38,51,4,
2025,2i5w-ykuw,Lime,38,52,1,
2025,2i5w-ykuw,Lime,38,53,6,
2025,2i5w-ykuw,Lime,38,55,3,
2025,2i5w-ykuw,Lime,38,56,3,
2025,2i5w-ykuw,Lime,38,57,4,
2025,2i5w-ykuw,Lime,38,58,53,
2025,2i5w-ykuw,Lime,38,59,31,
2025,2i5w-ykuw,Lime,38,60,162,
2025,2i5w-ykuw,Lime,38,61,600,
2025,2i5w-ykuw,Lime,38,63,13,
2025,2i5w-ykuw,Lime,38,66,45,
2025,2i5w-ykuw,Lime,38,67,121,
2025,2i5w-ykuw,Lime,38,68,365,
2025,2i5w-ykuw,Lime,38,69,443,
2025,2i5w-ykuw,Lime,38,70,16,
2025,2i5w-ykuw,Lime,38,71,86,
2025,2i5w-ykuw,Lime,38,72,6,
2025,2i5w-ykuw,Lime,38,73,11,
2025,2i5w-ykuw,Lime,38,75,3,
2025,2i5w-ykuw,Lime,39,,1,
2025,2i5w-ykuw,Lime,39,4,1,
2025,2i5w-ykuw,Lime,39,8,2,
2025,2i5w-ykuw,Lime,39,22,5,
2025,2i5w-ykuw,Lime,39,24,1,
2025,2i5w-ykuw,Lime,39,25,1,
2025,2i5w-ykuw,Lime,39,27,2,
2025,2i5w-ykuw,Lime,39,28,16,
2025,2i5w-ykuw,Lime,39,29,1,
2025,2i5w-ykuw,Lime,39,30,2,
2025,2i5w-ykuw,Lime,39,31,10,
2025,2i5w-ykuw,Lime,39,32,47,
2025,2i5w-ykuw,Lime,39,33,91,
2025,2i5w-ykuw,Lime,39,34,68,
2025,2i5w-ykuw,Lime,39,35,589,
2025,2i5w-ykuw,Lime,39,36,1075,
2025,2i5w-ykuw,Lime,39,37,468,
2025,2i5w-ykuw,Lime,39,38,3775,
2025,2i5w-ykuw,Lime,39,39,11607,
2025,2i5w-ykuw,Lime,39,40,753,
2025,2i5w-ykuw,Lime,39,41,6849,
2025,2i5w-ykuw,Lime,39,42,1055,
2025,2i5w-ykuw,Lime,39,43,400,
2025,2i5w-ykuw,Lime,39,44,62,
2025,2i5w-ykuw,Lime,39,45,87,
2025,2i5w-ykuw,Lime,39,46,21,
2025,2i5w-ykuw,Lime,39,47,4,
2025,2i5w-ykuw,Lime,39,48,20,
2025,2i5w-ykuw,Lime,39,49,18,
2025,2i5w-ykuw,Lime,39,50,2,
2025,2i5w-ykuw,Lime,39,51,6,
2025,2i5w-ykuw,Lime,39,53,2,
2025,2i5w-ykuw,Lime,39,54,2,
2025,2i5w-ykuw,Lime,39,57,1,
2025,2i5w-ykuw,Lime,39,58,5,
2025,2i5w-ykuw,Lime,39,59,103,
2025,2i5w-ykuw,Lime,39,60,16,
2025,2i5w-ykuw,Lime,39,61,97,
2025,2i5w-ykuw,Lime,39,63,2,
2025,2i5w-ykuw,Lime,39,65,1,
2025,2i5w-ykuw,Lime,39,66,19,
2025,2i5w-ykuw,Lime,39,67,36,
2025,2i5w-ykuw,Lime,39,68,182,
2025,2i5w-ykuw,Lime,39,69,127,
2025,2i5w-ykuw,Lime,39,70,2,
2025,2i5w-ykuw,Lime,39,71,22,
2025,2i5w-ykuw,Lime,39,72,1,
2025,2i5w-ykuw,Lime,39,73,2,
2025,2i5w-ykuw,Lime,40,,1,
2025,2i5w-ykuw,Lime,40,1,1,
2025,2i5w-ykuw,Lime,40,8,2,
2025,2i5w-ykuw,Lime,40,23,1,
2025,2i5w-ykuw,Lime,40,24,4,
2025,2i5w-ykuw,Lime,40,25,1,
2025,2i5w-ykuw,Lime,40,26,2,
2025,2i5w-ykuw,Lime,40,27,4,
2025,2i5w-ykuw,Lime,40,28,24,
2025,2i5w-ykuw,Lime,40,29,4,
2025,2i5w-ykuw,Lime,40,30,3,
2025,2i5w-ykuw,Lime,40,31,13,
2025,2i5w-ykuw,Lime,40,32,51,
2025,2i5w-ykuw,Lime,40,33,88,
2025,2i5w-ykuw,Lime,40,34,33,
2025,2i5w-ykuw,Lime,40,35,372,
2025,2i5w-ykuw,Lime,40,36,112,
2025,2i5w-ykuw,Lime,40,37,1632,
2025,2i5w-ykuw,Lime,40,38,2715,
2025,2i5w-ykuw,Lime,40,39,794,
2025,2i5w-ykuw,Lime,40,40,17918,
2025,2i5w-ykuw,Lime,40,41,1994,
2025,2i5w-ykuw,Lime,40,42,3513,
2025,2i5w-ykuw,Lime,40,43,560,
2025,2i5w-ykuw,Lime,40,44,288,
2025,2i5w-ykuw,Lime,40,45,48,
2025,2i5w-ykuw,Lime,40,46,89,
2025,2i5w-ykuw,Lime,40,47,6,
2025,2i5w-ykuw,Lime,40,48,32,
2025,2i5w-ykuw,Lime,40,49,56,
2025,2i5w-ykuw,Lime,40,50,12,
2025,2i5w-ykuw,Lime,40,51,5,
2025,2i5w-ykuw,Lime,40,52,2,
2025,2i5w-ykuw,Lime,40,53,8,
2025,2i5w-ykuw,Lime,40,54,1,
2025,2i5w-ykuw,Lime,40,55,1,
2025,2i5w-ykuw,Lime,40,56,3,
2025,2i5w-ykuw,Lime,40,57,2,
2025,2i5w-ykuw,Lime,40,58,32,
2025,2i5w-ykuw,Lime,40,59,23,
2025,2i5w-ykuw,Lime,40,60,32,
2025,2i5w-ykuw,Lime,40,61,400,
2025,2i5w-ykuw,Lime,40,62,3,
2025,2i5w-ykuw,Lime,40,63,20,
2025,2i5w-ykuw,Lime,40,65,7,
2025,2i5w-ykuw,Lime,40,66,81,
2025,2i5w-ykuw,Lime,40,67,264,
2025,2i5w-ykuw,Lime,40,68,2031,
2025,2i5w-ykuw,Lime,40,69,1327,
2025,2i5w-ykuw,Lime,40,70,6,
2025,2i5w-ykuw,Lime,40,71,189,
2025,2i5w-ykuw,Lime,40,72,3,
2025,2i5w-ykuw,Lime,40,73,45,
2025,2i5w-ykuw,Lime,40,75,3,
2025,2i5w-ykuw,Lime,41,,3,
2025,2i5w-ykuw,Lime,41,4,1,
2025,2i5w-ykuw,Lime,41,6,1,
2025,2i5w-ykuw,Lime,41,7,5,
2025,2i5w-ykuw,Lime,41,8,11,
2025,2i5w-ykuw,Lime,41,14,1,
2025,2i5w-ykuw,Lime,41,20,1,
2025,2i5w-ykuw,Lime,41,24,10,
2025,2i5w-ykuw,Lime,41,27,1,
2025,2i5w-ykuw,Lime,41,28,24,
2025,2i5w-ykuw,Lime,41,29,6,
2025,2i5w-ykuw,Lime,41,30,4,
2025,2i5w-ykuw,Lime,41,31,10,
2025,2i5w-ykuw,Lime,41,32,55,
2025,2i5w-ykuw,Lime,41,33,83,
2025,2i5w-ykuw,Lime,41,34,36,
2025,2i5w-ykuw,Lime,41,35,303,
2025,2i5w-ykuw,Lime,41,36,329,
2025,2i5w-ykuw,Lime,41,37,451,
2025,2i5w-ykuw,Lime,41,38,1986,
2025,2i5w-ykuw,Lime,41,39,6747,
2025,2i5w-ykuw,Lime,41,40,1794,
2025,2i5w-ykuw,Lime,41,41,74536,
2025,2i5w-ykuw,Lime,41,42,10834,
2025,2i5w-ykuw,Lime,41,43,1108,
2025,2i5w-ykuw,Lime,41,44,209,
2025,2i5w-ykuw,Lime,41,45,116,
2025,2i5w-ykuw,Lime,41,46,159,
2025,2i5w-ykuw,Lime,41,47,21,
2025,2i5w-ykuw,Lime,41,48,32,
2025,2i5w-ykuw,Lime,41,49,23,
2025,2i5w-ykuw,Lime,41,51,7,
2025,2i5w-ykuw,Lime,41,53,2,
2025,2i5w-ykuw,Lime,41,56,2,
2025,2i5w-ykuw,Lime,41,57,2,
2025,2i5w-ykuw,Lime,41,58,27,
2025,2i5w-ykuw,Lime,41,59,11,
2025,2i5w-ykuw,Lime,41,60,25,
2025,2i5w-ykuw,Lime,41,61,112,
2025,2i5w-ykuw,Lime,41,62,1,
2025,2i5w-ykuw,Lime,41,63,22,
2025,2i5w-ykuw,Lime,41,65,2,
2025,2i5w-ykuw,Lime,41,66,11,
2025,2i5w-ykuw,Lime,41,67,122,
2025,2i5w-ykuw,Lime,41,68,296,
2025,2i5w-ykuw,Lime,41,69,357,
2025,2i5w-ykuw,Lime,41,70,5,
2025,2i5w-ykuw,Lime,41,71,72,
2025,2i5w-ykuw,Lime,41,73,10,
2025,2i5w-ykuw,Lime,41,74,1,
2025,2i5w-ykuw,Lime,42,,9,
2025,2i5w-ykuw,Lime,42,7,1,
2025,2i5w-ykuw,Lime,42,23,1,
2025,2i5w-ykuw,Lime,42,25,1,
2025,2i5w-ykuw,Lime,42,26,1,
2025,2i5w-ykuw,Lime,42,27,1,
2025,2i5w-ykuw,Lime,42,28,17,
2025,2i5w-ykuw,Lime,42,29,9,
2025,2i5w-ykuw,Lime,42,30,4,
2025,2i5w-ykuw,Lime,42,31,5,
2025,2i5w-ykuw,Lime,42,32,17,
2025,2i5w-ykuw,Lime,42,33,44,
2025,2i5w-ykuw,Lime,42,34,36,
2025,2i5w-ykuw,Lime,42,35,230,
2025,2i5w-ykuw,Lime,42,36,124,
2025,2i5w-ykuw,Lime,42,37,176,
2025,2i5w-ykuw,Lime,42,38,857,
2025,2i5w-ykuw,Lime,42,39,888,
2025,2i5w-ykuw,Lime,42,40,3071,
2025,2i5w-ykuw,Lime,42,41,10834,
2025,2i5w-ykuw,Lime,42,42,26958,
2025,2i5w-ykuw,Lime,42,43,4625,
2025,2i5w-ykuw,Lime,42,44,720,
2025,2i5w-ykuw,Lime,42,45,216,
2025,2i5w-ykuw,Lime,42,46,248,
2025,2i5w-ykuw,Lime,42,47,13,
2025,2i5w-ykuw,Lime,42,48,81,
2025,2i5w-ykuw,Lime,42,49,89,
2025,2i5w-ykuw,Lime,42,50,12,
2025,2i5w-ykuw,Lime,42,51,49,
2025,2i5w-ykuw,Lime,42,52,12,
2025,2i5w-ykuw,Lime,42,53,16,
2025,2i5w-ykuw,Lime,42,54,2,
2025,2i5w-ykuw,Lime,42,55,1,
2025,2i5w-ykuw,Lime,42,58,2,
2025,2i5w-ykuw,Lime,42,59,3,
2025,2i5w-ykuw,Lime,42,60,21,
2025,2i5w-ykuw,Lime,42,61,94,
2025,2i5w-ykuw,Lime,42,62,2,
2025,2i5w-ykuw,Lime,42,63,4,
2025,2i5w-ykuw,Lime,42,64,1,
2025,2i5w-ykuw,Lime,42,65,12,
2025,2i5w-ykuw,Lime,42,66,78,
2025,2i5w-ykuw,Lime,42,67,210,
2025,2i5w-ykuw,Lime,42,68,1132,
2025,2i5w-ykuw,Lime,42,69,2877,
2025,2i5w-ykuw,Lime,42,70,25,
2025,2i5w-ykuw,Lime,42,71,346,
2025,2i5w-ykuw,Lime,42,72,14,
2025,2i5w-ykuw,Lime,42,73,35,
2025,2i5w-ykuw,Lime,42,75,11,
2025,2i5w-ykuw,Lime,43,,7,
2025,2i5w-ykuw,Lime,43,23,2,
2025,2i5w-ykuw,Lime,43,24,2,
2025,2i5w-ykuw,Lime,43,25,1,
2025,2i5w-ykuw,Lime,43,28,6,
2025,2i5w-ykuw,Lime,43,29,3,
2025,2i5w-ykuw,Lime,43,30,9,
2025,2i5w-ykuw,Lime,43,31,2,
2025,2i5w-ykuw,Lime,43,32,8,
2025,2i5w-ykuw,Lime,43,33,23,
2025,2i5w-ykuw,Lime,43,34,7,
2025,2i5w-ykuw,Lime,43,35,100,
2025,2i5w-ykuw,Lime,43,36,64,
2025,2i5w-ykuw,Lime,43,37,37,
2025,2i5w-ykuw,Lime,43,38,301,
2025,2i5w-ykuw,Lime,43,39,336,
2025,2i5w-ykuw,Lime,43,40,460,
2025,2i5w-ykuw,Lime,43,41,1446,
2025,2i5w-ykuw,Lime,43,42,4562,
2025,2i5w-ykuw,Lime,43,43,69424,
2025,2i5w-ykuw,Lime,43,44,1625,
2025,2i5w-ykuw,Lime,43,45,1906,
2025,2i5w-ykuw,Lime,43,46,5818,
2025,2i5w-ykuw,Lime,43,47,60,
2025,2i5w-ykuw,Lime,43,48,572,
2025,2i5w-ykuw,Lime,43,49,229,
2025,2i5w-ykuw,Lime,43,50,282,
2025,2i5w-ykuw,Lime,43,51,465,
2025,2i5w-ykuw,Lime,43,52,41,
2025,2i5w-ykuw,Lime,43,53,11,
2025,2i5w-ykuw,Lime,43,54,2,
2025,2i5w-ykuw,Lime,43,55,1,
2025,2i5w-ykuw,Lime,43,57,2,
2025,2i5w-ykuw,Lime,43,58,4,
2025,2i5w-ykuw,Lime,43,59,13,
2025,2i5w-ykuw,Lime,43,60,22,
2025,2i5w-ykuw,Lime,43,61,86,
2025,2i5w-ykuw,Lime,43,62,3,
2025,2i5w-ykuw,Lime,43,63,6,
2025,2i5w-ykuw,Lime,43,65,41,
2025,2i5w-ykuw,Lime,43,66,53,
2025,2i5w-ykuw,Lime,43,67,135,
2025,2i5w-ykuw,Lime,43,68,259,
2025,2i5w-ykuw,Lime,43,69,4582,
2025,2i5w-ykuw,Lime,43,70,16,
2025,2i5w-ykuw,Lime,43,71,213,
2025,2i5w-ykuw,Lime,43,72,19,
2025,2i5w-ykuw,Lime,43,73,57,
2025,2i5w-ykuw,Lime,43,74,3,
2025,2i5w-ykuw,Lime,43,75,8,
2025,2i5w-ykuw,Lime,43,77,1,
2025,2i5w-ykuw,Lime,44,,22,
2025,2i5w-ykuw,Lime,44,7,1,
2025,2i5w-ykuw,Lime,44,8,2,
2025,2i5w-ykuw,Lime,44,23,1,
2025,2i5w-ykuw,Lime,44,24,1,
2025,2i5w-ykuw,Lime,44,25,1,
2025,2i5w-ykuw,Lime,44,26,1,
2025,2i5w-ykuw,Lime,44,27,1,
2025,2i5w-ykuw,Lime,44,28,9,
2025,2i5w-ykuw,Lime,44,29,4,
2025,2i5w-ykuw,Lime,44,30,1,
2025,2i5w-ykuw,Lime,44,31,2,
2025,2i5w-ykuw,Lime,44,32,13,
2025,2i5w-ykuw,Lime,44,33,22,
2025,2i5w-ykuw,Lime,44,34,7,
2025,2i5w-ykuw,Lime,44,35,57,
2025,2i5w-ykuw,Lime,44,36,9,
2025,2i5w-ykuw,Lime,44,37,25,
2025,2i5w-ykuw,Lime,44,38,116,
2025,2i5w-ykuw,Lime,44,39,61,
2025,2i5w-ykuw,Lime,44,40,361,
2025,2i5w-ykuw,Lime,44,41,168,
2025,2i5w-ykuw,Lime,44,42,810,
2025,2i5w-ykuw,Lime,44,43,1975,
2025,2i5w-ykuw,Lime,44,44,49907,
2025,2i5w-ykuw,Lime,44,45,2831,
2025,2i5w-ykuw,Lime,44,46,1109,
2025,2i5w-ykuw,Lime,44,47,799,
2025,2i5w-ykuw,Lime,44,48,1102,
2025,2i5w-ykuw,Lime,44,49,4192,
2025,2i5w-ykuw,Lime,44,50,733,
2025,2i5w-ykuw,Lime,44,51,551,
2025,2i5w-ykuw,Lime,44,52,17,
2025,2i5w-ykuw,Lime,44,53,104,
2025,2i5w-ykuw,Lime,44,54,27,
2025,2i5w-ykuw,Lime,44,55,4,
2025,2i5w-ykuw,Lime,44,56,5,
2025,2i5w-ykuw,Lime,44,57,3,
2025,2i5w-ykuw,Lime,44,58,4,
2025,2i5w-ykuw,Lime,44,60,2,
2025,2i5w-ykuw,Lime,44,61,99,
2025,2i5w-ykuw,Lime,44,63,13,
2025,2i5w-ykuw,Lime,44,64,1,
2025,2i5w-ykuw,Lime,44,65,15,
2025,2i5w-ykuw,Lime,44,66,74,
2025,2i5w-ykuw,Lime,44,67,328,
2025,2i5w-ykuw,Lime,44,68,955,
2025,2i5w-ykuw,Lime,44,69,8808,
2025,2i5w-ykuw,Lime,44,70,166,
2025,2i5w-ykuw,Lime,44,71,5638,
2025,2i5w-ykuw,Lime,44,72,208,
2025,2i5w-ykuw,Lime,44,73,1289,
2025,2i5w-ykuw,Lime,44,74,6,
2025,2i5w-ykuw,Lime,44,75,83,
2025,2i5w-ykuw,Lime,45,,2,
2025,2i5w-ykuw,Lime,45,30,2,
2025,2i5w-ykuw,Lime,45,33,5,
2025,2i5w-ykuw,Lime,45,35,6,
2025,2i5w-ykuw,Lime,45,36,3,
2025,2i5w-ykuw,Lime,45,37,2,
2025,2i5w-ykuw,Lime,45,38,45,
2025,2i5w-ykuw,Lime,45,39,67,
2025,2i5w-ykuw,Lime,45,40,52,
2025,2i5w-ykuw,Lime,45,41,116,
2025,2i5w-ykuw,Lime,45,42,233,
2025,2i5w-ykuw,Lime,45,43,1888,
2025,2i5w-ykuw,Lime,45,44,2557,
2025,2i5w-ykuw,Lime,45,45,7480,
2025,2i5w-ykuw,Lime,45,46,1515,
2025,2i5w-ykuw,Lime,45,47,173,
2025,2i5w-ykuw,Lime,45,48,1416,
2025,2i5w-ykuw,Lime,45,49,153,
2025,2i5w-ykuw,Lime,45,50,183,
2025,2i5w-ykuw,Lime,45,51,296,
2025,2i5w-ykuw,Lime,45,52,45,
2025,2i5w-ykuw,Lime,45,53,17,
2025,2i5w-ykuw,Lime,45,55,9,
2025,2i5w-ykuw,Lime,45,59,1,
2025,2i5w-ykuw,Lime,45,61,6,
2025,2i5w-ykuw,Lime,45,63,2,
2025,2i5w-ykuw,Lime,45,65,1,
2025,2i5w-ykuw,Lime,45,66,17,
2025,2i5w-ykuw,Lime,45,67,14,
2025,2i5w-ykuw,Lime,45,68,46,
2025,2i5w-ykuw,Lime,45,69,897,
2025,2i5w-ykuw,Lime,45,70,6,
2025,2i5w-ykuw,Lime,45,71,178,
2025,2i5w-ykuw,Lime,45,72,15,
2025,2i5w-ykuw,Lime,45,73,30,
2025,2i5w-ykuw,Lime,45,75,9,
2025,2i5w-ykuw,Lime,46,,4,
2025,2i5w-ykuw,Lime,46,6,1,
2025,2i5w-ykuw,Lime,46,8,1,
2025,2i5w-ykuw,Lime,46,23,1,
2025,2i5w-ykuw,Lime,46,24,1,
2025,2i5w-ykuw,Lime,46,27,1,
2025,2i5w-ykuw,Lime,46,30,1,
2025,2i5w-ykuw,Lime,46,32,2,
2025,2i5w-ykuw,Lime,46,33,3,
2025,2i5w-ykuw,Lime,46,35,7,
2025,2i5w-ykuw,Lime,46,36,8,
2025,2i5w-ykuw,Lime,46,37,6,
2025,2i5w-ykuw,Lime,46,38,30,
2025,2i5w-ykuw,Lime,46,39,32,
2025,2i5w-ykuw,Lime,46,40,70,
2025,2i5w-ykuw,Lime,46,41,153,
2025,2i5w-ykuw,Lime,46,42,233,
2025,2i5w-ykuw,Lime,46,43,6193,
2025,2i5w-ykuw,Lime,46,44,1080,
2025,2i5w-ykuw,Lime,46,45,1303,
2025,2i5w-ykuw,Lime,46,46,34134,
2025,2i5w-ykuw,Lime,46,47,33,
2025,2i5w-ykuw,Lime,46,48,1850,
2025,2i5w-ykuw,Lime,46,49,106,
2025,2i5w-ykuw,Lime,46,50,122,
2025,2i5w-ykuw,Lime,46,51,1251,
2025,2i5w-ykuw,Lime,46,52,1036,
2025,2i5w-ykuw,Lime,46,53,8,
2025,2i5w-ykuw,Lime,46,54,2,
2025,2i5w-ykuw,Lime,46,55,45,
2025,2i5w-ykuw,Lime,46,56,1,
2025,2i5w-ykuw,Lime,46,57,1,
2025,2i5w-ykuw,Lime,46,60,2,
2025,2i5w-ykuw,Lime,46,61,14,
2025,2i5w-ykuw,Lime,46,63,4,
2025,2i5w-ykuw,Lime,46,64,1,
2025,2i5w-ykuw,Lime,46,65,1,
2025,2i5w-ykuw,Lime,46,66,12,
2025,2i5w-ykuw,Lime,46,67,32,
2025,2i5w-ykuw,Lime,46,68,53,
2025,2i5w-ykuw,Lime,46,69,656,
2025,2i5w-ykuw,Lime,46,70,13,
2025,2i5w-ykuw,Lime,46,71,77,
2025,2i5w-ykuw,Lime,46,72,25,
2025,2i5w-ykuw,Lime,46,73,37,
2025,2i5w-ykuw,Lime,46,75,6,
2025,2i5w-ykuw,Lime,47,,1,
2025,2i5w-ykuw,Lime,47,38,1,
2025,2i5w-ykuw,Lime,47,39,7,
2025,2i5w-ykuw,Lime,47,40,8,
2025,2i5w-ykuw,Lime,47,41,24,
2025,2i5w-ykuw,Lime,47,42,19,
2025,2i5w-ykuw,Lime,47,43,45,
2025,2i5w-ykuw,Lime,47,44,847,
2025,2i5w-ykuw,Lime,47,45,106,
2025,2i5w-ykuw,Lime,47,46,28,
2025,2i5w-ykuw,Lime,47,47,1318,
2025,2i5w-ykuw,Lime,47,48,255,
2025,2i5w-ykuw,Lime,47,49,366,
2025,2i5w-ykuw,Lime,47,50,102,
2025,2i5w-ykuw,Lime,47,51,58,
2025,2i5w-ykuw,Lime,47,52,5,
2025,2i5w-ykuw,Lime,47,53,1,
2025,2i5w-ykuw,Lime,47,66,1,
2025,2i5w-ykuw,Lime,47,67,5,
2025,2i5w-ykuw,Lime,47,68,6,
2025,2i5w-ykuw,Lime,47,69,132,
2025,2i5w-ykuw,Lime,47,70,4,
2025,2i5w-ykuw,Lime,47,71,48,
2025,2i5w-ykuw,Lime,47,72,3,
2025,2i5w-ykuw,Lime,47,73,27,
2025,2i5w-ykuw,Lime,47,75,5,
2025,2i5w-ykuw,Lime,48,,2,
2025,2i5w-ykuw,Lime,48,26,1,
2025,2i5w-ykuw,Lime,48,28,6,
2025,2i5w-ykuw,Lime,48,33,1,
2025,2i5w-ykuw,Lime,48,35,6,
2025,2i5w-ykuw,Lime,48,36,3,
2025,2i5w-ykuw,Lime,48,37,2,
2025,2i5w-ykuw,Lime,48,38,7,
2025,2i5w-ykuw,Lime,48,39,20,
2025,2i5w-ykuw,Lime,48,40,16,
2025,2i5w-ykuw,Lime,48,41,45,
2025,2i5w-ykuw,Lime,48,42,76,
2025,2i5w-ykuw,Lime,48,43,636,
2025,2i5w-ykuw,Lime,48,44,1224,
2025,2i5w-ykuw,Lime,48,45,1417,
2025,2i5w-ykuw,Lime,48,46,1923,
2025,2i5w-ykuw,Lime,48,47,213,
2025,2i5w-ykuw,Lime,48,48,8439,
2025,2i5w-ykuw,Lime,48,49,285,
2025,2i5w-ykuw,Lime,48,50,179,
2025,2i5w-ykuw,Lime,48,51,1423,
2025,2i5w-ykuw,Lime,48,52,147,
2025,2i5w-ykuw,Lime,48,53,15,
2025,2i5w-ykuw,Lime,48,54,4,
2025,2i5w-ykuw,Lime,48,55,10,
2025,2i5w-ykuw,Lime,48,60,1,
2025,2i5w-ykuw,Lime,48,61,1,
2025,2i5w-ykuw,Lime,48,66,4,
2025,2i5w-ykuw,Lime,48,67,9,
2025,2i5w-ykuw,Lime,48,68,17,
2025,2i5w-ykuw,Lime,48,69,248,
2025,2i5w-ykuw,Lime,48,70,12,
2025,2i5w-ykuw,Lime,48,71,71,
2025,2i5w-ykuw,Lime,48,72,14,
2025,2i5w-ykuw,Lime,48,73,45,
2025,2i5w-ykuw,Lime,48,75,6,
2025,2i5w-ykuw,Lime,49,,97,
2025,2i5w-ykuw,Lime,49,24,1,
2025,2i5w-ykuw,Lime,49,25,1,
2025,2i5w-ykuw,Lime,49,26,1,
2025,2i5w-ykuw,Lime,49,27,1,
2025,2i5w-ykuw,Lime,49,28,3,
2025,2i5w-ykuw,Lime,49,29,1,
2025,2i5w-ykuw,Lime,49,30,2,
2025,2i5w-ykuw,Lime,49,32,3,
2025,2i5w-ykuw,Lime,49,33,13,
2025,2i5w-ykuw,Lime,49,34,4,
2025,2i5w-ykuw,Lime,49,35,12,
2025,2i5w-ykuw,Lime,49,36,6,
2025,2i5w-ykuw,Lime,49,37,4,
2025,2i5w-ykuw,Lime,49,38,30,
2025,2i5w-ykuw,Lime,49,39,20,
2025,2i5w-ykuw,Lime,49,40,69,
2025,2i5w-ykuw,Lime,49,41,30,
2025,2i5w-ykuw,Lime,49,42,87,
2025,2i5w-ykuw,Lime,49,43,259,
2025,2i5w-ykuw,Lime,49,44,3906,
2025,2i5w-ykuw,Lime,49,45,149,
2025,2i5w-ykuw,Lime,49,46,120,
2025,2i5w-ykuw,Lime,49,47,462,
2025,2i5w-ykuw,Lime,49,48,375,
2025,2i5w-ykuw,Lime,49,49,49734,
2025,2i5w-ykuw,Lime,49,50,4910,
2025,2i5w-ykuw,Lime,49,51,356,
2025,2i5w-ykuw,Lime,49,52,54,
2025,2i5w-ykuw,Lime,49,53,3437,
2025,2i5w-ykuw,Lime,49,54,175,
2025,2i5w-ykuw,Lime,49,55,9,
2025,2i5w-ykuw,Lime,49,56,2,
2025,2i5w-ykuw,Lime,49,57,2,
2025,2i5w-ykuw,Lime,49,58,33,
2025,2i5w-ykuw,Lime,49,59,1,
2025,2i5w-ykuw,Lime,49,60,3,
2025,2i5w-ykuw,Lime,49,61,16,
2025,2i5w-ykuw,Lime,49,63,3,
2025,2i5w-ykuw,Lime,49,65,4,
2025,2i5w-ykuw,Lime,49,66,57,
2025,2i5w-ykuw,Lime,49,67,122,
2025,2i5w-ykuw,Lime,49,68,94,
2025,2i5w-ykuw,Lime,49,69,449,
2025,2i5w-ykuw,Lime,49,70,47,
2025,2i5w-ykuw,Lime,49,71,880,
2025,2i5w-ykuw,Lime,49,72,550,
2025,2i5w-ykuw,Lime,49,73,4484,
2025,2i5w-ykuw,Lime,49,74,33,
2025,2i5w-ykuw,Lime,49,75,1734,
2025,2i5w-ykuw,Lime,50,,9,
2025,2i5w-ykuw,Lime,50,33,1,
2025,2i5w-ykuw,Lime,50,35,2,
2025,2i5w-ykuw,Lime,50,36,2,
2025,2i5w-ykuw,Lime,50,38,11,
2025,2i5w-ykuw,Lime,50,39,3,
2025,2i5w-ykuw,Lime,50,40,13,
2025,2i5w-ykuw,Lime,50,41,10,
2025,2i5w-ykuw,Lime,50,42,15,
2025,2i5w-ykuw,Lime,50,43,209,
2025,2i5w-ykuw,Lime,50,44,606,
2025,2i5w-ykuw,Lime,50,45,190,
2025,2i5w-ykuw,Lime,50,46,149,
2025,2i5w-ykuw,Lime,50,47,145,
2025,2i5w-ykuw,Lime,50,48,174,
2025,2i5w-ykuw,Lime,50,49,4935,
2025,2i5w-ykuw,Lime,50,50,9187,
2025,2i5w-ykuw,Lime,50,51,473,
2025,2i5w-ykuw,Lime,50,52,40,
2025,2i5w-ykuw,Lime,50,53,758,
2025,2i5w-ykuw,Lime,50,54,220,
2025,2i5w-ykuw,Lime,50,55,3,
2025,2i5w-ykuw,Lime,50,60,1,
2025,2i5w-ykuw,Lime,50,61,4,
2025,2i5w-ykuw,Lime,50,63,1,
2025,2i5w-ykuw,Lime,50,66,5,
2025,2i5w-ykuw,Lime,50,67,6,
2025,2i5w-ykuw,Lime,50,68,16,
2025,2i5w-ykuw,Lime,50,69,81,
2025,2i5w-ykuw,Lime,50,70,3,
2025,2i5w-ykuw,Lime,50,71,103,
2025,2i5w-ykuw,Lime,50,72,25,
2025,2i5w-ykuw,Lime,50,73,146,
2025,2i5w-ykuw,Lime,50,74,5,
2025,2i5w-ykuw,Lime,50,75,160,
2025,2i5w-ykuw,Lime,51,,8,
2025,2i5w-ykuw,Lime,51,29,1,
2025,2i5w-ykuw,Lime,51,32,1,
2025,2i5w-ykuw,Lime,51,35,10,
2025,2i5w-ykuw,Lime,51,36,1,
2025,2i5w-ykuw,Lime,51,38,2,
2025,2i5w-ykuw,Lime,51,39,18,
2025,2i5w-ykuw,Lime,51,40,10,
2025,2i5w-ykuw,Lime,51,41,21,
2025,2i5w-ykuw,Lime,51,42,36,
2025,2i5w-ykuw,Lime,51,43,508,
2025,2i5w-ykuw,Lime,51,44,396,
2025,2i5w-ykuw,Lime,51,45,199,
2025,2i5w-ykuw,Lime,51,46,1109,
2025,2i5w-ykuw,Lime,51,47,73,
2025,2i5w-ykuw,Lime,51,48,1561,
2025,2i5w-ykuw,Lime,51,49,366,
2025,2i5w-ykuw,Lime,51,50,410,
2025,2i5w-ykuw,Lime,51,51,10582,
2025,2i5w-ykuw,Lime,51,52,921,
2025,2i5w-ykuw,Lime,51,53,34,
2025,2i5w-ykuw,Lime,51,54,16,
2025,2i5w-ykuw,Lime,51,55,126,
2025,2i5w-ykuw,Lime,51,58,1,
2025,2i5w-ykuw,Lime,51,60,1,
2025,2i5w-ykuw,Lime,51,61,1,
2025,2i5w-ykuw,Lime,51,66,6,
2025,2i5w-ykuw,Lime,51,67,3,
2025,2i5w-ykuw,Lime,51,68,12,
2025,2i5w-ykuw,Lime,51,69,98,
2025,2i5w-ykuw,Lime,51,70,4,
2025,2i5w-ykuw,Lime,51,71,40,
2025,2i5w-ykuw,Lime,51,72,7,
2025,2i5w-ykuw,Lime,51,73,42,
2025,2i5w-ykuw,Lime,51,75,10,
2025,2i5w-ykuw,Lime,52,,20,
2025,2i5w-ykuw,Lime,52,35,1,
2025,2i5w-ykuw,Lime,52,40,1,
2025,2i5w-ykuw,Lime,52,42,11,
2025,2i5w-ykuw,Lime,52,43,37,
2025,2i5w-ykuw,Lime,52,44,13,
2025,2i5w-ykuw,Lime,52,45,34,
2025,2i5w-ykuw,Lime,52,46,867,
2025,2i5w-ykuw,Lime,52,48,133,
2025,2i5w-ykuw,Lime,52,49,62,
2025,2i5w-ykuw,Lime,52,50,57,
2025,2i5w-ykuw,Lime,52,51,841,
2025,2i5w-ykuw,Lime,52,52,14001,
2025,2i5w-ykuw,Lime,52,53,24,
2025,2i5w-ykuw,Lime,52,55,1369,
2025,2i5w-ykuw,Lime,52,69,9,
2025,2i5w-ykuw,Lime,52,73,2,
2025,2i5w-ykuw,Lime,53,,239,
2025,2i5w-ykuw,Lime,53,6,1,
2025,2i5w-ykuw,Lime,53,28,5,
2025,2i5w-ykuw,Lime,53,30,2,
2025,2i5w-ykuw,Lime,53,33,1,
2025,2i5w-ykuw,Lime,53,35,2,
2025,2i5w-ykuw,Lime,53,38,4,
2025,2i5w-ykuw,Lime,53,39,2,
2025,2i5w-ykuw,Lime,53,40,4,
2025,2i5w-ykuw,Lime,53,42,11,
2025,2i5w-ykuw,Lime,53,43,14,
2025,2i5w-ykuw,Lime,53,44,114,
2025,2i5w-ykuw,Lime,53,45,10,
2025,2i5w-ykuw,Lime,53,46,9,
2025,2i5w-ykuw,Lime,53,47,4,
2025,2i5w-ykuw,Lime,53,48,19,
2025,2i5w-ykuw,Lime,53,49,3259,
2025,2i5w-ykuw,Lime,53,50,907,
2025,2i5w-ykuw,Lime,53,51,30,
2025,2i5w-ykuw,Lime,53,52,13,
2025,2i5w-ykuw,Lime,53,53,19406,
2025,2i5w-ykuw,Lime,53,54,270,
2025,2i5w-ykuw,Lime,53,55,2,
2025,2i5w-ykuw,Lime,53,59,2,
2025,2i5w-ykuw,Lime,53,60,1,
2025,2i5w-ykuw,Lime,53,61,3,
2025,2i5w-ykuw,Lime,53,63,3,
2025,2i5w-ykuw,Lime,53,65,4,
2025,2i5w-ykuw,Lime,53,66,11,
2025,2i5w-ykuw,Lime,53,67,13,
2025,2i5w-ykuw,Lime,53,68,54,
2025,2i5w-ykuw,Lime,53,69,41,
2025,2i5w-ykuw,Lime,53,70,17,
2025,2i5w-ykuw,Lime,53,71,163,
2025,2i5w-ykuw,Lime,53,72,147,
2025,2i5w-ykuw,Lime,53,73,338,
2025,2i5w-ykuw,Lime,53,74,25,
2025,2i5w-ykuw,Lime,53,75,2135,
2025,2i5w-ykuw,Lime,54,,54,
2025,2i5w-ykuw,Lime,54,25,1,
2025,2i5w-ykuw,Lime,54,39,1,
2025,2i5w-ykuw,Lime,54,40,1,
2025,2i5w-ykuw,Lime,54,42,2,
2025,2i5w-ykuw,Lime,54,43,4,
2025,2i5w-ykuw,Lime,54,44,13,
2025,2i5w-ykuw,Lime,54,46,1,
2025,2i5w-ykuw,Lime,54,48,3,
2025,2i5w-ykuw,Lime,54,49,116,
2025,2i5w-ykuw,Lime,54,50,89,
2025,2i5w-ykuw,Lime,54,51,14,
2025,2i5w-ykuw,Lime,54,52,2,
2025,2i5w-ykuw,Lime,54,53,222,
2025,2i5w-ykuw,Lime,54,54,7995,
2025,2i5w-ykuw,Lime,54,55,4,
2025,2i5w-ykuw,Lime,54,63,1,
2025,2i5w-ykuw,Lime,54,67,1,
2025,2i5w-ykuw,Lime,54,68,5,
2025,2i5w-ykuw,Lime,54,69,2,
2025,2i5w-ykuw,Lime,54,71,2,
2025,2i5w-ykuw,Lime,54,72,6,
2025,2i5w-ykuw,Lime,54,73,6,
2025,2i5w-ykuw,Lime,54,75,4,
2025,2i5w-ykuw,Lime,55,,25,
2025,2i5w-ykuw,Lime,55,38,1,
2025,2i5w-ykuw,Lime,55,40,2,
2025,2i5w-ykuw,Lime,55,41,1,
2025,2i5w-ykuw,Lime,55,43,5,
2025,2i5w-ykuw,Lime,55,44,1,
2025,2i5w-ykuw,Lime,55,45,4,
2025,2i5w-ykuw,Lime,55,46,38,
2025,2i5w-ykuw,Lime,55,48,4,
2025,2i5w-ykuw,Lime,55,49,7,
2025,2i5w-ykuw,Lime,55,50,2,
2025,2i5w-ykuw,Lime,55,51,92,
2025,2i5w-ykuw,Lime,55,52,1274,
2025,2i5w-ykuw,Lime,55,53,7,
2025,2i5w-ykuw,Lime,55,54,2,
2025,2i5w-ykuw,Lime,55,55,2249,
2025,2i5w-ykuw,Lime,55,68,3,
2025,2i5w-ykuw,Lime,55,69,2,
2025,2i5w-ykuw,Lime,56,,416,
2025,2i5w-ykuw,Lime,56,12,1,
2025,2i5w-ykuw,Lime,56,19,5,
2025,2i5w-ykuw,Lime,56,20,1,
2025,2i5w-ykuw,Lime,56,21,4,
2025,2i5w-ykuw,Lime,56,22,2,
2025,2i5w-ykuw,Lime,56,23,8,
2025,2i5w-ykuw,Lime,56,25,10,
2025,2i5w-ykuw,Lime,56,26,6,
2025,2i5w-ykuw,Lime,56,27,2,
2025,2i5w-ykuw,Lime,56,28,7,
2025,2i5w-ykuw,Lime,56,29,45,
2025,2i5w-ykuw,Lime,56,30,65,
2025,2i5w-ykuw,Lime,56,31,20,
2025,2i5w-ykuw,Lime,56,32,2,
2025,2i5w-ykuw,Lime,56,33,3,
2025,2i5w-ykuw,Lime,56,34,3,
2025,2i5w-ykuw,Lime,56,35,2,
2025,2i5w-ykuw,Lime,56,37,3,
2025,2i5w-ykuw,Lime,56,38,3,
2025,2i5w-ykuw,Lime,56,39,1,
2025,2i5w-ykuw,Lime,56,40,1,
2025,2i5w-ykuw,Lime,56,41,3,
2025,2i5w-ykuw,Lime,56,42,2,
2025,2i5w-ykuw,Lime,56,44,1,
2025,2i5w-ykuw,Lime,56,45,2,
2025,2i5w-ykuw,Lime,56,49,2,
2025,2i5w-ykuw,Lime,56,56,14764,
2025,2i5w-ykuw,Lime,56,57,2884,
2025,2i5w-ykuw,Lime,56,58,297,
2025,2i5w-ykuw,Lime,56,59,15,
2025,2i5w-ykuw,Lime,56,60,4,
2025,2i5w-ykuw,Lime,56,61,74,
2025,2i5w-ykuw,Lime,56,62,2135,
2025,2i5w-ykuw,Lime,56,63,576,
2025,2i5w-ykuw,Lime,56,64,2908,
2025,2i5w-ykuw,Lime,56,65,3142,
2025,2i5w-ykuw,Lime,56,66,455,
2025,2i5w-ykuw,Lime,56,67,45,
2025,2i5w-ykuw,Lime,56,68,36,
2025,2i5w-ykuw,Lime,56,69,18,
2025,2i5w-ykuw,Lime,56,70,108,
2025,2i5w-ykuw,Lime,56,71,20,
2025,2i5w-ykuw,Lime,56,73,16,
2025,2i5w-ykuw,Lime,56,75,1,
2025,2i5w-ykuw,Lime,57,,46,
2025,2i5w-ykuw,Lime,57,8,2,
2025,2i5w-ykuw,Lime,57,14,1,
2025,2i5w-ykuw,Lime,57,19,6,
2025,2i5w-ykuw,Lime,57,20,6,
2025,2i5w-ykuw,Lime,57,21,1,
2025,2i5w-ykuw,Lime,57,22,1,
2025,2i5w-ykuw,Lime,57,23,23,
2025,2i5w-ykuw,Lime,57,24,3,
2025,2i5w-ykuw,Lime,57,25,10,
2025,2i5w-ykuw,Lime,57,26,48,
2025,2i5w-ykuw,Lime,57,27,15,
2025,2i5w-ykuw,Lime,57,28,27,
2025,2i5w-ykuw,Lime,57,29,100,
2025,2i5w-ykuw,Lime,57,30,1111,
2025,2i5w-ykuw,Lime,57,31,86,
2025,2i5w-ykuw,Lime,57,32,3,
2025,2i5w-ykuw,Lime,57,33,4,
2025,2i5w-ykuw,Lime,57,34,3,
2025,2i5w-ykuw,Lime,57,35,2,
2025,2i5w-ykuw,Lime,57,37,10,
2025,2i5w-ykuw,Lime,57,38,7,
2025,2i5w-ykuw,Lime,57,39,2,
2025,2i5w-ykuw,Lime,57,40,20,
2025,2i5w-ykuw,Lime,57,42,4,
2025,2i5w-ykuw,Lime,57,43,1,
2025,2i5w-ykuw,Lime,57,44,2,
2025,2i5w-ykuw,Lime,57,49,2,
2025,2i5w-ykuw,Lime,57,56,3714,
2025,2i5w-ykuw,Lime,57,57,24887,
2025,2i5w-ykuw,Lime,57,58,3416,
2025,2i5w-ykuw,Lime,57,59,51,
2025,2i5w-ykuw,Lime,57,60,10,
2025,2i5w-ykuw,Lime,57,61,206,
2025,2i5w-ykuw,Lime,57,62,6420,
2025,2i5w-ykuw,Lime,57,63,2377,
2025,2i5w-ykuw,Lime,57,64,143,
2025,2i5w-ykuw,Lime,57,65,1652,
2025,2i5w-ykuw,Lime,57,66,765,
2025,2i5w-ykuw,Lime,57,67,60,
2025,2i5w-ykuw,Lime,57,68,11,
2025,2i5w-ykuw,Lime,57,69,2,
2025,2i5w-ykuw,Lime,57,70,230,
2025,2i5w-ykuw,Lime,57,71,6,
2025,2i5w-ykuw,Lime,57,72,1,
2025,2i5w-ykuw,Lime,57,73,3,
2025,2i5w-ykuw,Lime,58,,30,
2025,2i5w-ykuw,Lime,58,3,1,
2025,2i5w-ykuw,Lime,58,5,1,
2025,2i5w-ykuw,Lime,58,7,8,
2025,2i5w-ykuw,Lime,58,8,13,
2025,2i5w-ykuw,Lime,58,19,1,
2025,2i5w-ykuw,Lime,58,20,5,
2025,2i5w-ykuw,Lime,58,21,2,
2025,2i5w-ykuw,Lime,58,22,6,
2025,2i5w-ykuw,Lime,58,23,100,
2025,2i5w-ykuw,Lime,58,24,63,
2025,2i5w-ykuw,Lime,58,25,45,
2025,2i5w-ykuw,Lime,58,26,26,
2025,2i5w-ykuw,Lime,58,27,91,
2025,2i5w-ykuw,Lime,58,28,258,
2025,2i5w-ykuw,Lime,58,29,230,
2025,2i5w-ykuw,Lime,58,30,1999,
2025,2i5w-ykuw,Lime,58,31,655,
2025,2i5w-ykuw,Lime,58,32,20,
2025,2i5w-ykuw,Lime,58,33,27,
2025,2i5w-ykuw,Lime,58,34,156,
2025,2i5w-ykuw,Lime,58,35,19,
2025,2i5w-ykuw,Lime,58,36,2,
2025,2i5w-ykuw,Lime,58,37,26,
2025,2i5w-ykuw,Lime,58,38,52,
2025,2i5w-ykuw,Lime,58,39,16,
2025,2i5w-ykuw,Lime,58,40,48,
2025,2i5w-ykuw,Lime,58,41,28,
2025,2i5w-ykuw,Lime,58,42,5,
2025,2i5w-ykuw,Lime,58,43,5,
2025,2i5w-ykuw,Lime,58,44,10,
2025,2i5w-ykuw,Lime,58,45,1,
2025,2i5w-ykuw,Lime,58,47,1,
2025,2i5w-ykuw,Lime,58,49,13,
2025,2i5w-ykuw,Lime,58,56,528,
2025,2i5w-ykuw,Lime,58,57,3625,
2025,2i5w-ykuw,Lime,58,58,79537,
2025,2i5w-ykuw,Lime,58,59,6236,
2025,2i5w-ykuw,Lime,58,60,265,
2025,2i5w-ykuw,Lime,58,61,5733,
2025,2i5w-ykuw,Lime,58,62,1409,
2025,2i5w-ykuw,Lime,58,63,14918,
2025,2i5w-ykuw,Lime,58,64,68,
2025,2i5w-ykuw,Lime,58,65,969,
2025,2i5w-ykuw,Lime,58,66,4323,
2025,2i5w-ykuw,Lime,58,67,503,
2025,2i5w-ykuw,Lime,58,68,87,
2025,2i5w-ykuw,Lime,58,69,10,
2025,2i5w-ykuw,Lime,58,70,271,
2025,2i5w-ykuw,Lime,58,71,140,
2025,2i5w-ykuw,Lime,58,72,3,
2025,2i5w-ykuw,Lime,58,73,4,
2025,2i5w-ykuw,Lime,58,74,2,
2025,2i5w-ykuw,Lime,58,75,1,
2025,2i5w-ykuw,Lime,59,,1,
2025,2i5w-ykuw,Lime,59,3,1,
2025,2i5w-ykuw,Lime,59,6,3,
2025,2i5w-ykuw,Lime,59,7,3,
2025,2i5w-ykuw,Lime,59,8,13,
2025,2i5w-ykuw,Lime,59,15,2,
2025,2i5w-ykuw,Lime,59,17,1,
2025,2i5w-ykuw,Lime,59,19,5,
2025,2i5w-ykuw,Lime,59,20,1,
2025,2i5w-ykuw,Lime,59,21,5,
2025,2i5w-ykuw,Lime,59,22,10,
2025,2i5w-ykuw,Lime,59,23,41,
2025,2i5w-ykuw,Lime,59,24,112,
2025,2i5w-ykuw,Lime,59,25,12,
2025,2i5w-ykuw,Lime,59,26,11,
2025,2i5w-ykuw,Lime,59,27,13,
2025,2i5w-ykuw,Lime,59,28,292,
2025,2i5w-ykuw,Lime,59,29,86,
2025,2i5w-ykuw,Lime,59,30,372,
2025,2i5w-ykuw,Lime,59,31,1292,
2025,2i5w-ykuw,Lime,59,32,51,
2025,2i5w-ykuw,Lime,59,33,65,
2025,2i5w-ykuw,Lime,59,34,505,
2025,2i5w-ykuw,Lime,59,35,91,
2025,2i5w-ykuw,Lime,59,36,9,
2025,2i5w-ykuw,Lime,59,37,14,
2025,2i5w-ykuw,Lime,59,38,30,
2025,2i5w-ykuw,Lime,59,39,41,
2025,2i5w-ykuw,Lime,59,40,26,
2025,2i5w-ykuw,Lime,59,41,7,
2025,2i5w-ykuw,Lime,59,42,4,
2025,2i5w-ykuw,Lime,59,43,6,
2025,2i5w-ykuw,Lime,59,44,4,
2025,2i5w-ykuw,Lime,59,45,2,
2025,2i5w-ykuw,Lime,59,46,1,
2025,2i5w-ykuw,Lime,59,47,1,
2025,2i5w-ykuw,Lime,59,49,1,
2025,2i5w-ykuw,Lime,59,56,27,
2025,2i5w-ykuw,Lime,59,57,56,
2025,2i5w-ykuw,Lime,59,58,5800,
2025,2i5w-ykuw,Lime,59,59,11090,
2025,2i5w-ykuw,Lime,59,60,1276,
2025,2i5w-ykuw,Lime,59,61,1517,
2025,2i5w-ykuw,Lime,59,62,22,
2025,2i5w-ykuw,Lime,59,63,329,
2025,2i5w-ykuw,Lime,59,64,1,
2025,2i5w-ykuw,Lime,59,65,22,
2025,2i5w-ykuw,Lime,59,66,190,
2025,2i5w-ykuw,Lime,59,67,129,
2025,2i5w-ykuw,Lime,59,68,43,
2025,2i5w-ykuw,Lime,59,69,3,
2025,2i5w-ykuw,Lime,59,70,35,
2025,2i5w-ykuw,Lime,59,71,29,
2025,2i5w-ykuw,Lime,59,73,5,
2025,2i5w-ykuw,Lime,60,,3,
2025,2i5w-ykuw,Lime,60,2,2,
2025,2i5w-ykuw,Lime,60,3,12,
2025,2i5w-ykuw,Lime,60,5,1,
2025,2i5w-ykuw,Lime,60,6,10,
2025,2i5w-ykuw,Lime,60,7,7,
2025,2i5w-ykuw,Lime,60,8,70,
2025,2i5w-ykuw,Lime,60,16,10,
2025,2i5w-ykuw,Lime,60,19,1,
2025,2i5w-ykuw,Lime,60,21,7,
2025,2i5w-ykuw,Lime,60,22,14,
2025,2i5w-ykuw,Lime,60,23,10,
2025,2i5w-ykuw,Lime,60,24,109,
2025,2i5w-ykuw,Lime,60,25,2,
2025,2i5w-ykuw,Lime,60,26,9,
2025,2i5w-ykuw,Lime,60,27,28,
2025,2i5w-ykuw,Lime,60,28,757,
2025,2i5w-ykuw,Lime,60,29,51,
2025,2i5w-ykuw,Lime,60,30,97,
2025,2i5w-ykuw,Lime,60,31,1200,
2025,2i5w-ykuw,Lime,60,32,162,
2025,2i5w-ykuw,Lime,60,33,332,
2025,2i5w-ykuw,Lime,60,34,2861,
2025,2i5w-ykuw,Lime,60,35,808,
2025,2i5w-ykuw,Lime,60,36,49,
2025,2i5w-ykuw,Lime,60,37,104,
2025,2i5w-ykuw,Lime,60,38,156,
2025,2i5w-ykuw,Lime,60,39,19,
2025,2i5w-ykuw,Lime,60,40,53,
2025,2i5w-ykuw,Lime,60,41,25,
2025,2i5w-ykuw,Lime,60,42,18,
2025,2i5w-ykuw,Lime,60,43,17,
2025,2i5w-ykuw,Lime,60,44,2,
2025,2i5w-ykuw,Lime,60,45,1,
2025,2i5w-ykuw,Lime,60,46,4,
2025,2i5w-ykuw,Lime,60,49,2,
2025,2i5w-ykuw,Lime,60,52,1,
2025,2i5w-ykuw,Lime,60,53,1,
2025,2i5w-ykuw,Lime,60,56,13,
2025,2i5w-ykuw,Lime,60,57,10,
2025,2i5w-ykuw,Lime,60,58,252,
2025,2i5w-ykuw,Lime,60,59,1152,
2025,2i5w-ykuw,Lime,60,60,16127,
2025,2i5w-ykuw,Lime,60,61,1592,
2025,2i5w-ykuw,Lime,60,62,5,
2025,2i5w-ykuw,Lime,60,63,51,
2025,2i5w-ykuw,Lime,60,65,4,
2025,2i5w-ykuw,Lime,60,66,81,
2025,2i5w-ykuw,Lime,60,67,49,
2025,2i5w-ykuw,Lime,60,68,115,
2025,2i5w-ykuw,Lime,60,69,36,
2025,2i5w-ykuw,Lime,60,70,1,
2025,2i5w-ykuw,Lime,60,71,23,
2025,2i5w-ykuw,Lime,60,72,1,
2025,2i5w-ykuw,Lime,60,73,1,
2025,2i5w-ykuw,Lime,60,75,9,
2025,2i5w-ykuw,Lime,61,,12,
2025,2i5w-ykuw,Lime,61,6,3,
2025,2i5w-ykuw,Lime,61,7,12,
2025,2i5w-ykuw,Lime,61,8,15,
2025,2i5w-ykuw,Lime,61,14,3,
2025,2i5w-ykuw,Lime,61,15,1,
2025,2i5w-ykuw,Lime,61,16,1,
2025,2i5w-ykuw,Lime,61,19,6,
2025,2i5w-ykuw,Lime,61,20,12,
2025,2i5w-ykuw,Lime,61,21,5,
2025,2i5w-ykuw,Lime,61,22,19,
2025,2i5w-ykuw,Lime,61,23,41,
2025,2i5w-ykuw,Lime,61,24,81,
2025,2i5w-ykuw,Lime,61,25,8,
2025,2i5w-ykuw,Lime,61,26,17,
2025,2i5w-ykuw,Lime,61,27,21,
2025,2i5w-ykuw,Lime,61,28,362,
2025,2i5w-ykuw,Lime,61,29,93,
2025,2i5w-ykuw,Lime,61,30,350,
2025,2i5w-ykuw,Lime,61,31,596,
2025,2i5w-ykuw,Lime,61,32,43,
2025,2i5w-ykuw,Lime,61,33,82,
2025,2i5w-ykuw,Lime,61,34,451,
2025,2i5w-ykuw,Lime,61,35,187,
2025,2i5w-ykuw,Lime,61,36,36,
2025,2i5w-ykuw,Lime,61,37,2571,
2025,2i5w-ykuw,Lime,61,38,548,
2025,2i5w-ykuw,Lime,61,39,120,
2025,2i5w-ykuw,Lime,61,40,317,
2025,2i5w-ykuw,Lime,61,41,107,
2025,2i5w-ykuw,Lime,61,42,155,
2025,2i5w-ykuw,Lime,61,43,112,
2025,2i5w-ykuw,Lime,61,44,151,
2025,2i5w-ykuw,Lime,61,45,5,
2025,2i5w-ykuw,Lime,61,46,5,
2025,2i5w-ykuw,Lime,61,47,1,
2025,2i5w-ykuw,Lime,61,48,1,
2025,2i5w-ykuw,Lime,61,49,12,
2025,2i5w-ykuw,Lime,61,50,6,
2025,2i5w-ykuw,Lime,61,51,2,
2025,2i5w-ykuw,Lime,61,53,7,
2025,2i5w-ykuw,Lime,61,56,74,
2025,2i5w-ykuw,Lime,61,57,348,
2025,2i5w-ykuw,Lime,61,58,5886,
2025,2i5w-ykuw,Lime,61,59,1455,
2025,2i5w-ykuw,Lime,61,60,1622,
2025,2i5w-ykuw,Lime,61,61,55011,
2025,2i5w-ykuw,Lime,61,62,167,
2025,2i5w-ykuw,Lime,61,63,6462,
2025,2i5w-ykuw,Lime,61,64,72,
2025,2i5w-ykuw,Lime,61,65,132,
2025,2i5w-ykuw,Lime,61,66,2390,
2025,2i5w-ykuw,Lime,61,67,3847,
2025,2i5w-ykuw,Lime,61,68,1598,
2025,2i5w-ykuw,Lime,61,69,163,
2025,2i5w-ykuw,Lime,61,70,116,
2025,2i5w-ykuw,Lime,61,71,437,
2025,2i5w-ykuw,Lime,61,72,8,
2025,2i5w-ykuw,Lime,61,73,43,
2025,2i5w-ykuw,Lime,61,74,3,
2025,2i5w-ykuw,Lime,61,75,5,
2025,2i5w-ykuw,Lime,62,,31,
2025,2i5w-ykuw,Lime,62,8,2,
2025,2i5w-ykuw,Lime,62,23,45,
2025,2i5w-ykuw,Lime,62,25,8,
2025,2i5w-ykuw,Lime,62,26,2,
2025,2i5w-ykuw,Lime,62,27,2,
2025,2i5w-ykuw,Lime,62,28,1,
2025,2i5w-ykuw,Lime,62,29,24,
2025,2i5w-ykuw,Lime,62,30,254,
2025,2i5w-ykuw,Lime,62,31,5,
2025,2i5w-ykuw,Lime,62,32,3,
2025,2i5w-ykuw,Lime,62,33,12,
2025,2i5w-ykuw,Lime,62,34,10,
2025,2i5w-ykuw,Lime,62,35,1,
2025,2i5w-ykuw,Lime,62,37,2,
2025,2i5w-ykuw,Lime,62,39,4,
2025,2i5w-ykuw,Lime,62,40,2,
2025,2i5w-ykuw,Lime,62,41,1,
2025,2i5w-ykuw,Lime,62,43,1,
2025,2i5w-ykuw,Lime,62,45,1,
2025,2i5w-ykuw,Lime,62,49,1,
2025,2i5w-ykuw,Lime,62,56,2211,
2025,2i5w-ykuw,Lime,62,57,5882,
2025,2i5w-ykuw,Lime,62,58,1196,
2025,2i5w-ykuw,Lime,62,59,16,
2025,2i5w-ykuw,Lime,62,60,4,
2025,2i5w-ykuw,Lime,62,61,104,
2025,2i5w-ykuw,Lime,62,62,15063,
2025,2i5w-ykuw,Lime,62,63,3827,
2025,2i5w-ykuw,Lime,62,64,433,
2025,2i5w-ykuw,Lime,62,65,3664,
2025,2i5w-ykuw,Lime,62,66,1279,
2025,2i5w-ykuw,Lime,62,67,76,
2025,2i5w-ykuw,Lime,62,68,31,
2025,2i5w-ykuw,Lime,62,69,8,
2025,2i5w-ykuw,Lime,62,70,141,
2025,2i5w-ykuw,Lime,62,71,6,
2025,2i5w-ykuw,Lime,62,72,1,
2025,2i5w-ykuw,Lime,62,73,3,
2025,2i5w-ykuw,Lime,63,,22,
2025,2i5w-ykuw,Lime,63,5,1,
2025,2i5w-ykuw,Lime,63,6,1,
2025,2i5w-ykuw,Lime,63,8,4,
2025,2i5w-ykuw,Lime,63,20,3,
2025,2i5w-ykuw,Lime,63,21,1,
2025,2i5w-ykuw,Lime,63,22,6,
2025,2i5w-ykuw,Lime,63,23,33,
2025,2i5w-ykuw,Lime,63,24,16,
2025,2i5w-ykuw,Lime,63,25,8,
2025,2i5w-ykuw,Lime,63,26,2,
2025,2i5w-ykuw,Lime,63,27,44,
2025,2i5w-ykuw,Lime,63,28,137,
2025,2i5w-ykuw,Lime,63,29,73,
2025,2i5w-ykuw,Lime,63,30,404,
2025,2i5w-ykuw,Lime,63,31,101,
2025,2i5w-ykuw,Lime,63,32,6,
2025,2i5w-ykuw,Lime,63,33,45,
2025,2i5w-ykuw,Lime,63,34,20,
2025,2i5w-ykuw,Lime,63,35,3,
2025,2i5w-ykuw,Lime,63,37,48,
2025,2i5w-ykuw,Lime,63,38,17,
2025,2i5w-ykuw,Lime,63,39,1,
2025,2i5w-ykuw,Lime,63,40,57,
2025,2i5w-ykuw,Lime,63,41,28,
2025,2i5w-ykuw,Lime,63,42,7,
2025,2i5w-ykuw,Lime,63,43,7,
2025,2i5w-ykuw,Lime,63,44,12,
2025,2i5w-ykuw,Lime,63,45,1,
2025,2i5w-ykuw,Lime,63,46,4,
2025,2i5w-ykuw,Lime,63,48,1,
2025,2i5w-ykuw,Lime,63,49,6,
2025,2i5w-ykuw,Lime,63,50,1,
2025,2i5w-ykuw,Lime,63,53,2,
2025,2i5w-ykuw,Lime,63,54,2,
2025,2i5w-ykuw,Lime,63,56,601,
2025,2i5w-ykuw,Lime,63,57,2415,
2025,2i5w-ykuw,Lime,63,58,12245,
2025,2i5w-ykuw,Lime,63,59,202,
2025,2i5w-ykuw,Lime,63,60,43,
2025,2i5w-ykuw,Lime,63,61,5156,
2025,2i5w-ykuw,Lime,63,62,4119,
2025,2i5w-ykuw,Lime,63,63,57846,
2025,2i5w-ykuw,Lime,63,64,222,
2025,2i5w-ykuw,Lime,63,65,1813,
2025,2i5w-ykuw,Lime,63,66,11988,
2025,2i5w-ykuw,Lime,63,67,1645,
2025,2i5w-ykuw,Lime,63,68,274,
2025,2i5w-ykuw,Lime,63,69,22,
2025,2i5w-ykuw,Lime,63,70,362,
2025,2i5w-ykuw,Lime,63,71,73,
2025,2i5w-ykuw,Lime,63,72,31,
2025,2i5w-ykuw,Lime,63,73,10,
2025,2i5w-ykuw,Lime,63,74,1,
2025,2i5w-ykuw,Lime,63,75,3,
2025,2i5w-ykuw,Lime,64,,128,
2025,2i5w-ykuw,Lime,64,15,3,
2025,2i5w-ykuw,Lime,64,23,3,
2025,2i5w-ykuw,Lime,64,25,1,
2025,2i5w-ykuw,Lime,64,26,1,
2025,2i5w-ykuw,Lime,64,27,1,
2025,2i5w-ykuw,Lime,64,28,2,
2025,2i5w-ykuw,Lime,64,29,4,
2025,2i5w-ykuw,Lime,64,30,39,
2025,2i5w-ykuw,Lime,64,31,5,
2025,2i5w-ykuw,Lime,64,33,2,
2025,2i5w-ykuw,Lime,64,38,1,
2025,2i5w-ykuw,Lime,64,40,2,
2025,2i5w-ykuw,Lime,64,42,1,
2025,2i5w-ykuw,Lime,64,43,2,
2025,2i5w-ykuw,Lime,64,44,1,
2025,2i5w-ykuw,Lime,64,45,1,
2025,2i5w-ykuw,Lime,64,56,2655,
2025,2i5w-ykuw,Lime,64,57,110,
2025,2i5w-ykuw,Lime,64,58,36,
2025,2i5w-ykuw,Lime,64,59,3,
2025,2i5w-ykuw,Lime,64,60,2,
2025,2i5w-ykuw,Lime,64,61,61,
2025,2i5w-ykuw,Lime,64,62,378,
2025,2i5w-ykuw,Lime,64,63,219,
2025,2i5w-ykuw,Lime,64,64,7566,
2025,2i5w-ykuw,Lime,64,65,1906,
2025,2i5w-ykuw,Lime,64,66,537,
2025,2i5w-ykuw,Lime,64,67,37,
2025,2i5w-ykuw,Lime,64,68,26,
2025,2i5w-ykuw,Lime,64,69,8,
2025,2i5w-ykuw,Lime,64,70,188,
2025,2i5w-ykuw,Lime,64,71,20,
2025,2i5w-ykuw,Lime,64,73,3,
2025,2i5w-ykuw,Lime,65,,171,
2025,2i5w-ykuw,Lime,65,6,1,
2025,2i5w-ykuw,Lime,65,7,1,
2025,2i5w-ykuw,Lime,65,18,1,
2025,2i5w-ykuw,Lime,65,20,1,
2025,2i5w-ykuw,Lime,65,23,2,
2025,2i5w-ykuw,Lime,65,24,8,
2025,2i5w-ykuw,Lime,65,25,5,
2025,2i5w-ykuw,Lime,65,26,4,
2025,2i5w-ykuw,Lime,65,27,3,
2025,2i5w-ykuw,Lime,65,28,8,
2025,2i5w-ykuw,Lime,65,29,21,
2025,2i5w-ykuw,Lime,65,30,222,
2025,2i5w-ykuw,Lime,65,31,37,
2025,2i5w-ykuw,Lime,65,32,3,
2025,2i5w-ykuw,Lime,65,33,1,
2025,2i5w-ykuw,Lime,65,34,5,
2025,2i5w-ykuw,Lime,65,35,1,
2025,2i5w-ykuw,Lime,65,37,1,
2025,2i5w-ykuw,Lime,65,38,1,
2025,2i5w-ykuw,Lime,65,40,4,
2025,2i5w-ykuw,Lime,65,41,2,
2025,2i5w-ykuw,Lime,65,42,7,
2025,2i5w-ykuw,Lime,65,43,82,
2025,2i5w-ykuw,Lime,65,44,14,
2025,2i5w-ykuw,Lime,65,45,1,
2025,2i5w-ykuw,Lime,65,46,5,
2025,2i5w-ykuw,Lime,65,49,10,
2025,2i5w-ykuw,Lime,65,50,2,
2025,2i5w-ykuw,Lime,65,51,2,
2025,2i5w-ykuw,Lime,65,56,2824,
2025,2i5w-ykuw,Lime,65,57,1433,
2025,2i5w-ykuw,Lime,65,58,501,
2025,2i5w-ykuw,Lime,65,59,17,
2025,2i5w-ykuw,Lime,65,60,5,
2025,2i5w-ykuw,Lime,65,61,117,
2025,2i5w-ykuw,Lime,65,62,4049,
2025,2i5w-ykuw,Lime,65,63,1579,
2025,2i5w-ykuw,Lime,65,64,2325,
2025,2i5w-ykuw,Lime,65,65,29566,
2025,2i5w-ykuw,Lime,65,66,6727,
2025,2i5w-ykuw,Lime,65,67,172,
2025,2i5w-ykuw,Lime,65,68,73,
2025,2i5w-ykuw,Lime,65,69,81,
2025,2i5w-ykuw,Lime,65,70,1892,
2025,2i5w-ykuw,Lime,65,71,77,
2025,2i5w-ykuw,Lime,65,72,3,
2025,2i5w-ykuw,Lime,65,73,51,
2025,2i5w-ykuw,Lime,65,74,3,
2025,2i5w-ykuw,Lime,65,75,2,
2025,2i5w-ykuw,Lime,66,,64,
2025,2i5w-ykuw,Lime,66,3,1,
2025,2i5w-ykuw,Lime,66,4,1,
2025,2i5w-ykuw,Lime,66,5,3,
2025,2i5w-ykuw,Lime,66,6,1,
2025,2i5w-ykuw,Lime,66,7,8,
2025,2i5w-ykuw,Lime,66,8,4,
2025,2i5w-ykuw,Lime,66,16,1,
2025,2i5w-ykuw,Lime,66,22,5,
2025,2i5w-ykuw,Lime,66,23,6,
2025,2i5w-ykuw,Lime,66,24,15,
2025,2i5w-ykuw,Lime,66,25,18,
2025,2i5w-ykuw,Lime,66,26,10,
2025,2i5w-ykuw,Lime,66,27,15,
2025,2i5w-ykuw,Lime,66,28,297,
2025,2i5w-ykuw,Lime,66,29,63,
2025,2i5w-ykuw,Lime,66,30,306,
2025,2i5w-ykuw,Lime,66,31,117,
2025,2i5w-ykuw,Lime,66,32,10,
2025,2i5w-ykuw,Lime,66,33,22,
2025,2i5w-ykuw,Lime,66,34,14,
2025,2i5w-ykuw,Lime,66,35,11,
2025,2i5w-ykuw,Lime,66,36,18,
2025,2i5w-ykuw,Lime,66,37,32,
2025,2i5w-ykuw,Lime,66,38,25,
2025,2i5w-ykuw,Lime,66,39,19,
2025,2i5w-ykuw,Lime,66,40,100,
2025,2i5w-ykuw,Lime,66,41,12,
2025,2i5w-ykuw,Lime,66,42,69,
2025,2i5w-ykuw,Lime,66,43,112,
2025,2i5w-ykuw,Lime,66,44,88,
2025,2i5w-ykuw,Lime,66,45,16,
2025,2i5w-ykuw,Lime,66,46,19,
2025,2i5w-ykuw,Lime,66,49,65,
2025,2i5w-ykuw,Lime,66,50,18,
2025,2i5w-ykuw,Lime,66,51,3,
2025,2i5w-ykuw,Lime,66,53,15,
2025,2i5w-ykuw,Lime,66,55,1,
2025,2i5w-ykuw,Lime,66,56,549,
2025,2i5w-ykuw,Lime,66,57,517,
2025,2i5w-ykuw,Lime,66,58,3371,
2025,2i5w-ykuw,Lime,66,59,110,
2025,2i5w-ykuw,Lime,66,60,64,
2025,2i5w-ykuw,Lime,66,61,1704,
2025,2i5w-ykuw,Lime,66,62,1217,
2025,2i5w-ykuw,Lime,66,63,12084,
2025,2i5w-ykuw,Lime,66,64,644,
2025,2i5w-ykuw,Lime,66,65,7139,
2025,2i5w-ykuw,Lime,66,66,72817,
2025,2i5w-ykuw,Lime,66,67,3893,
2025,2i5w-ykuw,Lime,66,68,918,
2025,2i5w-ykuw,Lime,66,69,336,
2025,2i5w-ykuw,Lime,66,70,2382,
2025,2i5w-ykuw,Lime,66,71,685,
2025,2i5w-ykuw,Lime,66,72,313,
2025,2i5w-ykuw,Lime,66,73,59,
2025,2i5w-ykuw,Lime,66,74,4,
2025,2i5w-ykuw,Lime,66,75,23,
2025,2i5w-ykuw,Lime,67,,21,
2025,2i5w-ykuw,Lime,67,2,1,
2025,2i5w-ykuw,Lime,67,3,1,
2025,2i5w-ykuw,Lime,67,6,2,
2025,2i5w-ykuw,Lime,67,7,22,
2025,2i5w-ykuw,Lime,67,8,19,
2025,2i5w-ykuw,Lime,67,22,5,
2025,2i5w-ykuw,Lime,67,23,3,
2025,2i5w-ykuw,Lime,67,24,17,
2025,2i5w-ykuw,Lime,67,25,15,
2025,2i5w-ykuw,Lime,67,26,7,
2025,2i5w-ykuw,Lime,67,27,22,
2025,2i5w-ykuw,Lime,67,28,54,
2025,2i5w-ykuw,Lime,67,29,21,
2025,2i5w-ykuw,Lime,67,30,114,
2025,2i5w-ykuw,Lime,67,31,87,
2025,2i5w-ykuw,Lime,67,32,12,
2025,2i5w-ykuw,Lime,67,33,16,
2025,2i5w-ykuw,Lime,67,34,8,
2025,2i5w-ykuw,Lime,67,35,42,
2025,2i5w-ykuw,Lime,67,36,5,
2025,2i5w-ykuw,Lime,67,37,414,
2025,2i5w-ykuw,Lime,67,38,115,
2025,2i5w-ykuw,Lime,67,39,33,
2025,2i5w-ykuw,Lime,67,40,256,
2025,2i5w-ykuw,Lime,67,41,104,
2025,2i5w-ykuw,Lime,67,42,247,
2025,2i5w-ykuw,Lime,67,43,201,
2025,2i5w-ykuw,Lime,67,44,288,
2025,2i5w-ykuw,Lime,67,45,8,
2025,2i5w-ykuw,Lime,67,46,23,
2025,2i5w-ykuw,Lime,67,47,1,
2025,2i5w-ykuw,Lime,67,48,11,
2025,2i5w-ykuw,Lime,67,49,106,
2025,2i5w-ykuw,Lime,67,50,2,
2025,2i5w-ykuw,Lime,67,51,9,
2025,2i5w-ykuw,Lime,67,52,1,
2025,2i5w-ykuw,Lime,67,53,10,
2025,2i5w-ykuw,Lime,67,54,2,
2025,2i5w-ykuw,Lime,67,55,2,
2025,2i5w-ykuw,Lime,67,56,75,
2025,2i5w-ykuw,Lime,67,57,50,
2025,2i5w-ykuw,Lime,67,58,321,
2025,2i5w-ykuw,Lime,67,59,84,
2025,2i5w-ykuw,Lime,67,60,61,
2025,2i5w-ykuw,Lime,67,61,3519,
2025,2i5w-ykuw,Lime,67,62,48,
2025,2i5w-ykuw,Lime,67,63,1557,
2025,2i5w-ykuw,Lime,67,64,38,
2025,2i5w-ykuw,Lime,67,65,151,
2025,2i5w-ykuw,Lime,67,66,3465,
2025,2i5w-ykuw,Lime,67,67,31549,
2025,2i5w-ykuw,Lime,67,68,5411,
2025,2i5w-ykuw,Lime,67,69,1034,
2025,2i5w-ykuw,Lime,67,70,287,
2025,2i5w-ykuw,Lime,67,71,2846,
2025,2i5w-ykuw,Lime,67,72,96,
2025,2i5w-ykuw,Lime,67,73,247,
2025,2i5w-ykuw,Lime,67,75,46,
2025,2i5w-ykuw,Lime,68,,12,
2025,2i5w-ykuw,Lime,68,7,7,
2025,2i5w-ykuw,Lime,68,8,4,
2025,2i5w-ykuw,Lime,68,22,3,
2025,2i5w-ykuw,Lime,68,23,1,
2025,2i5w-ykuw,Lime,68,24,5,
2025,2i5w-ykuw,Lime,68,25,6,
2025,2i5w-ykuw,Lime,68,26,4,
2025,2i5w-ykuw,Lime,68,27,3,
2025,2i5w-ykuw,Lime,68,28,110,
2025,2i5w-ykuw,Lime,68,29,30,
2025,2i5w-ykuw,Lime,68,30,12,
2025,2i5w-ykuw,Lime,68,31,37,
2025,2i5w-ykuw,Lime,68,32,17,
2025,2i5w-ykuw,Lime,68,33,36,
2025,2i5w-ykuw,Lime,68,34,33,
2025,2i5w-ykuw,Lime,68,35,75,
2025,2i5w-ykuw,Lime,68,36,8,
2025,2i5w-ykuw,Lime,68,37,1056,
2025,2i5w-ykuw,Lime,68,38,356,
2025,2i5w-ykuw,Lime,68,39,171,
2025,2i5w-ykuw,Lime,68,40,1883,
2025,2i5w-ykuw,Lime,68,41,353,
2025,2i5w-ykuw,Lime,68,42,1157,
2025,2i5w-ykuw,Lime,68,43,297,
2025,2i5w-ykuw,Lime,68,44,814,
2025,2i5w-ykuw,Lime,68,45,36,
2025,2i5w-ykuw,Lime,68,46,51,
2025,2i5w-ykuw,Lime,68,47,5,
2025,2i5w-ykuw,Lime,68,48,28,
2025,2i5w-ykuw,Lime,68,49,88,
2025,2i5w-ykuw,Lime,68,50,10,
2025,2i5w-ykuw,Lime,68,51,7,
2025,2i5w-ykuw,Lime,68,52,3,
2025,2i5w-ykuw,Lime,68,53,60,
2025,2i5w-ykuw,Lime,68,54,5,
2025,2i5w-ykuw,Lime,68,55,4,
2025,2i5w-ykuw,Lime,68,56,60,
2025,2i5w-ykuw,Lime,68,57,10,
2025,2i5w-ykuw,Lime,68,58,59,
2025,2i5w-ykuw,Lime,68,59,31,
2025,2i5w-ykuw,Lime,68,60,113,
2025,2i5w-ykuw,Lime,68,61,1599,
2025,2i5w-ykuw,Lime,68,62,24,
2025,2i5w-ykuw,Lime,68,63,214,
2025,2i5w-ykuw,Lime,68,64,10,
2025,2i5w-ykuw,Lime,68,65,30,
2025,2i5w-ykuw,Lime,68,66,840,
2025,2i5w-ykuw,Lime,68,67,5016,
2025,2i5w-ykuw,Lime,68,68,34642,
2025,2i5w-ykuw,Lime,68,69,5276,
2025,2i5w-ykuw,Lime,68,70,149,
2025,2i5w-ykuw,Lime,68,71,3421,
2025,2i5w-ykuw,Lime,68,72,135,
2025,2i5w-ykuw,Lime,68,73,338,
2025,2i5w-ykuw,Lime,68,75,27,
2025,2i5w-ykuw,Lime,69,,7,
2025,2i5w-ykuw,Lime,69,8,1,
2025,2i5w-ykuw,Lime,69,23,1,
2025,2i5w-ykuw,Lime,69,25,5,
2025,2i5w-ykuw,Lime,69,26,4,
2025,2i5w-ykuw,Lime,69,27,1,
2025,2i5w-ykuw,Lime,69,28,10,
2025,2i5w-ykuw,Lime,69,29,6,
2025,2i5w-ykuw,Lime,69,30,6,
2025,2i5w-ykuw,Lime,69,31,4,
2025,2i5w-ykuw,Lime,69,32,19,
2025,2i5w-ykuw,Lime,69,33,34,
2025,2i5w-ykuw,Lime,69,34,27,
2025,2i5w-ykuw,Lime,69,35,164,
2025,2i5w-ykuw,Lime,69,36,39,
2025,2i5w-ykuw,Lime,69,37,103,
2025,2i5w-ykuw,Lime,69,38,503,
2025,2i5w-ykuw,Lime,69,39,163,
2025,2i5w-ykuw,Lime,69,40,1307,
2025,2i5w-ykuw,Lime,69,41,433,
2025,2i5w-ykuw,Lime,69,42,2898,
2025,2i5w-ykuw,Lime,69,43,4762,
2025,2i5w-ykuw,Lime,69,44,8647,
2025,2i5w-ykuw,Lime,69,45,827,
2025,2i5w-ykuw,Lime,69,46,662,
2025,2i5w-ykuw,Lime,69,47,171,
2025,2i5w-ykuw,Lime,69,48,184,
2025,2i5w-ykuw,Lime,69,49,484,
2025,2i5w-ykuw,Lime,69,50,91,
2025,2i5w-ykuw,Lime,69,51,95,
2025,2i5w-ykuw,Lime,69,52,20,
2025,2i5w-ykuw,Lime,69,53,53,
2025,2i5w-ykuw,Lime,69,54,7,
2025,2i5w-ykuw,Lime,69,55,1,
2025,2i5w-ykuw,Lime,69,56,8,
2025,2i5w-ykuw,Lime,69,57,10,
2025,2i5w-ykuw,Lime,69,58,17,
2025,2i5w-ykuw,Lime,69,59,5,
2025,2i5w-ykuw,Lime,69,60,35,
2025,2i5w-ykuw,Lime,69,61,156,
2025,2i5w-ykuw,Lime,69,62,6,
2025,2i5w-ykuw,Lime,69,63,36,
2025,2i5w-ykuw,Lime,69,64,1,
2025,2i5w-ykuw,Lime,69,65,52,
2025,2i5w-ykuw,Lime,69,66,278,
2025,2i5w-ykuw,Lime,69,67,930,
2025,2i5w-ykuw,Lime,69,68,5163,
2025,2i5w-ykuw,Lime,69,69,45872,
2025,2i5w-ykuw,Lime,69,70,148,
2025,2i5w-ykuw,Lime,69,71,2783,
2025,2i5w-ykuw,Lime,69,72,49,
2025,2i5w-ykuw,Lime,69,73,196,
2025,2i5w-ykuw,Lime,69,74,2,
2025,2i5w-ykuw,Lime,69,75,27,
2025,2i5w-ykuw,Lime,70,,222,
2025,2i5w-ykuw,Lime,70,22,1,
2025,2i5w-ykuw,Lime,70,23,2,
2025,2i5w-ykuw,Lime,70,24,2,
2025,2i5w-ykuw,Lime,70,25,2,
2025,2i5w-ykuw,Lime,70,26,2,
2025,2i5w-ykuw,Lime,70,27,1,
2025,2i5w-ykuw,Lime,70,28,1,
2025,2i5w-ykuw,Lime,70,29,3,
2025,2i5w-ykuw,Lime,70,30,37,
2025,2i5w-ykuw,Lime,70,31,2,
2025,2i5w-ykuw,Lime,70,32,1,
2025,2i5w-ykuw,Lime,70,33,1,
2025,2i5w-ykuw,Lime,70,34,1,
2025,2i5w-ykuw,Lime,70,35,4,
2025,2i5w-ykuw,Lime,70,38,10,
2025,2i5w-ykuw,Lime,70,39,5,
2025,2i5w-ykuw,Lime,70,40,2,
2025,2i5w-ykuw,Lime,70,41,1,
2025,2i5w-ykuw,Lime,70,42,10,
2025,2i5w-ykuw,Lime,70,43,17,
2025,2i5w-ykuw,Lime,70,44,202,
2025,2i5w-ykuw,Lime,70,45,5,
2025,2i5w-ykuw,Lime,70,46,16,
2025,2i5w-ykuw,Lime,70,47,6,
2025,2i5w-ykuw,Lime,70,48,3,
2025,2i5w-ykuw,Lime,70,49,31,
2025,2i5w-ykuw,Lime,70,50,3,
2025,2i5w-ykuw,Lime,70,51,3,
2025,2i5w-ykuw,Lime,70,52,2,
2025,2i5w-ykuw,Lime,70,53,12,
2025,2i5w-ykuw,Lime,70,54,1,
2025,2i5w-ykuw,Lime,70,56,43,
2025,2i5w-ykuw,Lime,70,57,67,
2025,2i5w-ykuw,Lime,70,58,79,
2025,2i5w-ykuw,Lime,70,59,3,
2025,2i5w-ykuw,Lime,70,60,1,
2025,2i5w-ykuw,Lime,70,61,38,
2025,2i5w-ykuw,Lime,70,62,106,
2025,2i5w-ykuw,Lime,70,63,227,
2025,2i5w-ykuw,Lime,70,64,146,
2025,2i5w-ykuw,Lime,70,65,1581,
2025,2i5w-ykuw,Lime,70,66,2094,
2025,2i5w-ykuw,Lime,70,67,224,
2025,2i5w-ykuw,Lime,70,68,109,
2025,2i5w-ykuw,Lime,70,69,103,
2025,2i5w-ykuw,Lime,70,70,16521,
2025,2i5w-ykuw,Lime,70,71,1133,
2025,2i5w-ykuw,Lime,70,72,317,
2025,2i5w-ykuw,Lime,70,73,75,
2025,2i5w-ykuw,Lime,70,74,5,
2025,2i5w-ykuw,Lime,70,75,33,
2025,2i5w-ykuw,Lime,71,,68,
2025,2i5w-ykuw,Lime,71,6,1,
2025,2i5w-ykuw,Lime,71,7,2,
2025,2i5w-ykuw,Lime,71,8,1,
2025,2i5w-ykuw,Lime,71,15,1,
2025,2i5w-ykuw,Lime,71,23,1,
2025,2i5w-ykuw,Lime,71,24,1,
2025,2i5w-ykuw,Lime,71,25,4,
2025,2i5w-ykuw,Lime,71,26,3,
2025,2i5w-ykuw,Lime,71,27,3,
2025,2i5w-ykuw,Lime,71,28,58,
2025,2i5w-ykuw,Lime,71,29,25,
2025,2i5w-ykuw,Lime,71,30,11,
2025,2i5w-ykuw,Lime,71,31,13,
2025,2i5w-ykuw,Lime,71,32,14,
2025,2i5w-ykuw,Lime,71,33,8,
2025,2i5w-ykuw,Lime,71,34,6,
2025,2i5w-ykuw,Lime,71,35,20,
2025,2i5w-ykuw,Lime,71,36,6,
2025,2i5w-ykuw,Lime,71,37,15,
2025,2i5w-ykuw,Lime,71,38,99,
2025,2i5w-ykuw,Lime,71,39,41,
2025,2i5w-ykuw,Lime,71,40,187,
2025,2i5w-ykuw,Lime,71,41,36,
2025,2i5w-ykuw,Lime,71,42,370,
2025,2i5w-ykuw,Lime,71,43,312,
2025,2i5w-ykuw,Lime,71,44,5308,
2025,2i5w-ykuw,Lime,71,45,235,
2025,2i5w-ykuw,Lime,71,46,76,
2025,2i5w-ykuw,Lime,71,47,86,
2025,2i5w-ykuw,Lime,71,48,62,
2025,2i5w-ykuw,Lime,71,49,813,
2025,2i5w-ykuw,Lime,71,50,102,
2025,2i5w-ykuw,Lime,71,51,35,
2025,2i5w-ykuw,Lime,71,52,1,
2025,2i5w-ykuw,Lime,71,53,197,
2025,2i5w-ykuw,Lime,71,54,7,
2025,2i5w-ykuw,Lime,71,55,2,
2025,2i5w-ykuw,Lime,71,56,16,
2025,2i5w-ykuw,Lime,71,57,7,
2025,2i5w-ykuw,Lime,71,58,44,
2025,2i5w-ykuw,Lime,71,59,22,
2025,2i5w-ykuw,Lime,71,60,10,
2025,2i5w-ykuw,Lime,71,61,374,
2025,2i5w-ykuw,Lime,71,62,7,
2025,2i5w-ykuw,Lime,71,63,34,
2025,2i5w-ykuw,Lime,71,64,11,
2025,2i5w-ykuw,Lime,71,65,73,
2025,2i5w-ykuw,Lime,71,66,562,
2025,2i5w-ykuw,Lime,71,67,3195,
2025,2i5w-ykuw,Lime,71,68,3542,
2025,2i5w-ykuw,Lime,71,69,2449,
2025,2i5w-ykuw,Lime,71,70,1308,
2025,2i5w-ykuw,Lime,71,71,43755,
2025,2i5w-ykuw,Lime,71,72,1134,
2025,2i5w-ykuw,Lime,71,73,2963,
2025,2i5w-ykuw,Lime,71,74,5,
2025,2i5w-ykuw,Lime,71,75,211,
2025,2i5w-ykuw,Lime,72,,139,
2025,2i5w-ykuw,Lime,72,24,1,
2025,2i5w-ykuw,Lime,72,25,1,
2025,2i5w-ykuw,Lime,72,35,2,
2025,2i5w-ykuw,Lime,72,36,1,
2025,2i5w-ykuw,Lime,72,38,10,
2025,2i5w-ykuw,Lime,72,39,4,
2025,2i5w-ykuw,Lime,72,40,4,
2025,2i5w-ykuw,Lime,72,41,1,
2025,2i5w-ykuw,Lime,72,42,8,
2025,2i5w-ykuw,Lime,72,43,16,
2025,2i5w-ykuw,Lime,72,44,192,
2025,2i5w-ykuw,Lime,72,45,15,
2025,2i5w-ykuw,Lime,72,46,16,
2025,2i5w-ykuw,Lime,72,47,1,
2025,2i5w-ykuw,Lime,72,48,12,
2025,2i5w-ykuw,Lime,72,49,376,
2025,2i5w-ykuw,Lime,72,50,11,
2025,2i5w-ykuw,Lime,72,51,5,
2025,2i5w-ykuw,Lime,72,53,141,
2025,2i5w-ykuw,Lime,72,54,6,
2025,2i5w-ykuw,Lime,72,57,1,
2025,2i5w-ykuw,Lime,72,58,3,
2025,2i5w-ykuw,Lime,72,60,1,
2025,2i5w-ykuw,Lime,72,61,7,
2025,2i5w-ykuw,Lime,72,63,19,
2025,2i5w-ykuw,Lime,72,65,5,
2025,2i5w-ykuw,Lime,72,66,264,
2025,2i5w-ykuw,Lime,72,67,129,
2025,2i5w-ykuw,Lime,72,68,131,
2025,2i5w-ykuw,Lime,72,69,73,
2025,2i5w-ykuw,Lime,72,70,351,
2025,2i5w-ykuw,Lime,72,71,1092,
2025,2i5w-ykuw,Lime,72,72,5905,
2025,2i5w-ykuw,Lime,72,73,1415,
2025,2i5w-ykuw,Lime,72,74,222,
2025,2i5w-ykuw,Lime,72,75,1287,
2025,2i5w-ykuw,Lime,73,,68,
2025,2i5w-ykuw,Lime,73,8,1,
2025,2i5w-ykuw,Lime,73,25,1,
2025,2i5w-ykuw,Lime,73,28,6,
2025,2i5w-ykuw,Lime,73,29,2,
2025,2i5w-ykuw,Lime,73,30,1,
2025,2i5w-ykuw,Lime,73,31,3,
2025,2i5w-ykuw,Lime,73,32,1,
2025,2i5w-ykuw,Lime,73,34,2,
2025,2i5w-ykuw,Lime,73,35,3,
2025,2i5w-ykuw,Lime,73,36,1,
2025,2i5w-ykuw,Lime,73,38,12,
2025,2i5w-ykuw,Lime,73,39,9,
2025,2i5w-ykuw,Lime,73,40,28,
2025,2i5w-ykuw,Lime,73,41,7,
2025,2i5w-ykuw,Lime,73,42,36,
2025,2i5w-ykuw,Lime,73,43,94,
2025,2i5w-ykuw,Lime,73,44,1104,
2025,2i5w-ykuw,Lime,73,45,27,
2025,2i5w-ykuw,Lime,73,46,22,
2025,2i5w-ykuw,Lime,73,47,32,
2025,2i5w-ykuw,Lime,73,48,38,
2025,2i5w-ykuw,Lime,73,49,4524,
2025,2i5w-ykuw,Lime,73,50,143,
2025,2i5w-ykuw,Lime,73,51,28,
2025,2i5w-ykuw,Lime,73,52,1,
2025,2i5w-ykuw,Lime,73,53,404,
2025,2i5w-ykuw,Lime,73,54,8,
2025,2i5w-ykuw,Lime,73,55,1,
2025,2i5w-ykuw,Lime,73,56,3,
2025,2i5w-ykuw,Lime,73,57,5,
2025,2i5w-ykuw,Lime,73,58,5,
2025,2i5w-ykuw,Lime,73,59,6,
2025,2i5w-ykuw,Lime,73,60,3,
2025,2i5w-ykuw,Lime,73,61,46,
2025,2i5w-ykuw,Lime,73,62,1,
2025,2i5w-ykuw,Lime,73,63,8,
2025,2i5w-ykuw,Lime,73,65,20,
2025,2i5w-ykuw,Lime,73,66,48,
2025,2i5w-ykuw,Lime,73,67,224,
2025,2i5w-ykuw,Lime,73,68,244,
2025,2i5w-ykuw,Lime,73,69,179,
2025,2i5w-ykuw,Lime,73,70,68,
2025,2i5w-ykuw,Lime,73,71,2742,
2025,2i5w-ykuw,Lime,73,72,1649,
2025,2i5w-ykuw,Lime,73,73,17699,
2025,2i5w-ykuw,Lime,73,74,26,
2025,2i5w-ykuw,Lime,73,75,1071,
2025,2i5w-ykuw,Lime,74,,60,
2025,2i5w-ykuw,Lime,74,44,2,
2025,2i5w-ykuw,Lime,74,49,30,
2025,2i5w-ykuw,Lime,74,50,1,
2025,2i5w-ykuw,Lime,74,52,1,
2025,2i5w-ykuw,Lime,74,53,24,
2025,2i5w-ykuw,Lime,74,59,1,
2025,2i5w-ykuw,Lime,74,62,1,
2025,2i5w-ykuw,Lime,74,66,5,
2025,2i5w-ykuw,Lime,74,67,3,
2025,2i5w-ykuw,Lime,74,69,3,
2025,2i5w-ykuw,Lime,74,70,4,
2025,2i5w-ykuw,Lime,74,71,3,
2025,2i5w-ykuw,Lime,74,72,180,
2025,2i5w-ykuw,Lime,74,73,33,
2025,2i5w-ykuw,Lime,74,74,1761,
2025,2i5w-ykuw,Lime,74,75,183,
2025,2i5w-ykuw,Lime,75,,120,
2025,2i5w-ykuw,Lime,75,27,1,
2025,2i5w-ykuw,Lime,75,33,1,
2025,2i5w-ykuw,Lime,75,34,1,
2025,2i5w-ykuw,Lime,75,37,1,
2025,2i5w-ykuw,Lime,75,38,2,
2025,2i5w-ykuw,Lime,75,40,4,
2025,2i5w-ykuw,Lime,75,41,2,
2025,2i5w-ykuw,Lime,75,42,5,
2025,2i5w-ykuw,Lime,75,43,6,
2025,2i5w-ykuw,Lime,75,44,64,
2025,2i5w-ykuw,Lime,75,45,2,
2025,2i5w-ykuw,Lime,75,47,3,
2025,2i5w-ykuw,Lime,75,48,5,
2025,2i5w-ykuw,Lime,75,49,1541,
2025,2i5w-ykuw,Lime,75,50,134,
2025,2i5w-ykuw,Lime,75,51,14,
2025,2i5w-ykuw,Lime,75,52,2,
2025,2i5w-ykuw,Lime,75,53,2350,
2025,2i5w-ykuw,Lime,75,54,18,
2025,2i5w-ykuw,Lime,75,55,1,
2025,2i5w-ykuw,Lime,75,60,2,
2025,2i5w-ykuw,Lime,75,61,3,
2025,2i5w-ykuw,Lime,75,63,3,
2025,2i5w-ykuw,Lime,75,65,1,
2025,2i5w-ykuw,Lime,75,66,15,
2025,2i5w-ykuw,Lime,75,67,43,
2025,2i5w-ykuw,Lime,75,68,19,
2025,2i5w-ykuw,Lime,75,69,31,
2025,2i5w-ykuw,Lime,75,70,29,
2025,2i5w-ykuw,Lime,75,71,205,
2025,2i5w-ykuw,Lime,75,72,1356,
2025,2i5w-ykuw,Lime,75,73,915,
2025,2i5w-ykuw,Lime,75,74,285,
2025,2i5w-ykuw,Lime,75,75,9919,
2025,2i5w-ykuw,Lime,76,,24,
2025,2i5w-ykuw,Lime,76,9,5,
2025,2i5w-ykuw,Lime,76,10,72,
2025,2i5w-ykuw,Lime,76,11,4,
2025,2i5w-ykuw,Lime,76,13,1,
2025,2i5w-ykuw,Lime,76,14,1,
2025,2i5w-ykuw,Lime,76,15,7,
2025,2i5w-ykuw,Lime,76,16,2,
2025,2i5w-ykuw,Lime,76,17,62,
2025,2i5w-ykuw,Lime,76,18,3,
2025,2i5w-ykuw,Lime,76,19,6,
2025,2i5w-ykuw,Lime,76,25,1,
2025,2i5w-ykuw,Lime,76,76,250,
2025,2i5w-ykuw,Lime,76,77,1,
2025,2i5w-ykuw,Lime,77,,51,
2025,2i5w-ykuw,Lime,77,1,13675,
2025,2i5w-ykuw,Lime,77,2,8411,
2025,2i5w-ykuw,Lime,77,3,18024,
2025,2i5w-ykuw,Lime,77,4,6488,
2025,2i5w-ykuw,Lime,77,5,961,
2025,2i5w-ykuw,Lime,77,6,4295,
2025,2i5w-ykuw,Lime,77,7,541,
2025,2i5w-ykuw,Lime,77,8,107,
2025,2i5w-ykuw,Lime,77,9,1,
2025,2i5w-ykuw,Lime,77,10,32,
2025,2i5w-ykuw,Lime,77,11,92,
2025,2i5w-ykuw,Lime,77,12,28,
2025,2i5w-ykuw,Lime,77,13,638,
2025,2i5w-ykuw,Lime,77,14,595,
2025,2i5w-ykuw,Lime,77,15,75,
2025,2i5w-ykuw,Lime,77,16,290,
2025,2i5w-ykuw,Lime,77,17,5,
2025,2i5w-ykuw,Lime,77,18,1,
2025,2i5w-ykuw,Lime,77,19,17,
2025,2i5w-ykuw,Lime,77,20,24,
2025,2i5w-ykuw,Lime,77,21,140,
2025,2i5w-ykuw,Lime,77,22,401,
2025,2i5w-ykuw,Lime,77,23,13,
2025,2i5w-ykuw,Lime,77,24,154,
2025,2i5w-ykuw,Lime,77,25,12,
2025,2i5w-ykuw,Lime,77,26,1,
2025,2i5w-ykuw,Lime,77,27,2,
2025,2i5w-ykuw,Lime,77,28,40,
2025,2i5w-ykuw,Lime,77,29,5,
2025,2i5w-ykuw,Lime,77,31,3,
2025,2i5w-ykuw,Lime,77,32,7,
2025,2i5w-ykuw,Lime,77,33,5,
2025,2i5w-ykuw,Lime,77,42,1,
2025,2i5w-ykuw,Lime,77,60,1,
2025,2i5w-ykuw,Lime,77,71,1,
2025,2i5w-ykuw,Lime,77,77,66303,
2025,2i5w-ykuw,Lyft,,,25,includes_classic_bike_rides
2025,2i5w-ykuw,Lyft,,1,1144,includes_classic_bike_rides
2025,2i5w-ykuw,Lyft,,2,649,includes_classic_bike_rides
2025,2i5w-ykuw,Lyft,,3,126,includes_classic_bike_rides
2025,2i5w-ykuw,Lyft,,4,75,includes_classic_bike_rides
2025,2i5w-ykuw,Lyft,,5,16,includes_classic_bike_rides
2025,2i5w-ykuw,Lyft,,6,96,includes_classic_bike_rides
2025,2i5w-ykuw,Lyft,,7,98,includes_classic_bike_rides
2025,2i5w-ykuw,Lyft,,8,80,includes_classic_bike_rides
2025,2i5w-ykuw,Lyft,,12,5,includes_classic_bike_rides
2025,2i5w-ykuw,Lyft,,13,37,includes_classic_bike_rides
2025,2i5w-ykuw,Lyft,,14,8,includes_classic_bike_rides
2025,2i5w-ykuw,Lyft,,15,1,includes_classic_bike_rides
2025,2i5w-ykuw,Lyft,,16,6,includes_classic_bike_rides
2025,2i5w-ykuw,Lyft,,17,1,includes_classic_bike_rides
2025,2i5w-ykuw,Lyft,,18,1,includes_classic_bike_rides
2025,2i5w-ykuw,Lyft,,19,1,includes_classic_bike_rides
2025,2i5w-ykuw,Lyft,,21,5,includes_classic_bike_rides
2025,2i5w-ykuw,Lyft,,22,7,includes_classic_bike_rides
2025,2i5w-ykuw,Lyft,,23,2,includes_classic_bike_rides
2025,2i5w-ykuw,Lyft,,24,13,includes_classic_bike_rides
2025,2i5w-ykuw,Lyft,,25,13,includes_classic_bike_rides
2025,2i5w-ykuw,Lyft,,26,1,includes_classic_bike_rides
2025,2i5w-ykuw,Lyft,,28,10,includes_classic_bike_rides
2025,2i5w-ykuw,Lyft,,29,1,includes_classic_bike_rides
2025,2i5w-ykuw,Lyft,,31,1,includes_classic_bike_rides
2025,2i5w-ykuw,Lyft,,32,33,includes_classic_bike_rides
2025,2i5w-ykuw,Lyft,,33,6,includes_classic_bike_rides
2025,2i5w-ykuw,Lyft,,35,5,includes_classic_bike_rides
2025,2i5w-ykuw,Lyft,,41,4,includes_classic_bike_rides
2025,2i5w-ykuw,Lyft,,56,1,includes_classic_bike_rides
2025,2i5w-ykuw,Lyft,,76,1,includes_classic_bike_rides
2025,2i5w-ykuw,Lyft,,77,200,includes_classic_bike_rides
2025,2i5w-ykuw,Lyft,1,,1435,includes_classic_bike_rides
2025,2i5w-ykuw,Lyft,1,1,12886,includes_classic_bike_rides
2025,2i5w-ykuw,Lyft,1,2,1823,includes_classic_bike_rides
2025,2i5w-ykuw,Lyft,1,3,945,includes_classic_bike_rides
2025,2i5w-ykuw,Lyft,1,4,390,includes_classic_bike_rides
2025,2i5w-ykuw,Lyft,1,5,76,includes_classic_bike_rides
2025,2i5w-ykuw,Lyft,1,6,507,includes_classic_bike_rides
2025,2i5w-ykuw,Lyft,1,7,347,includes_classic_bike_rides
2025,2i5w-ykuw,Lyft,1,8,303,includes_classic_bike_rides
2025,2i5w-ykuw,Lyft,1,11,1,includes_classic_bike_rides
2025,2i5w-ykuw,Lyft,1,12,6,includes_classic_bike_rides
2025,2i5w-ykuw,Lyft,1,13,63,includes_classic_bike_rides
2025,2i5w-ykuw,Lyft,1,14,31,includes_classic_bike_rides
2025,2i5w-ykuw,Lyft,1,16,46,includes_classic_bike_rides
2025,2i5w-ykuw,Lyft,1,19,2,includes_classic_bike_rides
2025,2i5w-ykuw,Lyft,1,20,14,includes_classic_bike_rides
2025,2i5w-ykuw,Lyft,1,21,10,includes_classic_bike_rides
2025,2i5w-ykuw,Lyft,1,22,23,includes_classic_bike_rides
2025,2i5w-ykuw,Lyft,1,24,14,includes_classic_bike_rides
2025,2i5w-ykuw,Lyft,1,28,10,includes_classic_bike_rides
2025,2i5w-ykuw,Lyft,1,32,72,includes_classic_bike_rides
2025,2i5w-ykuw,Lyft,1,33,15,includes_classic_bike_rides
2025,2i5w-ykuw,Lyft,1,34,2,includes_classic_bike_rides
2025,2i5w-ykuw,Lyft,1,35,4,includes_classic_bike_rides
2025,2i5w-ykuw,Lyft,1,41,1,includes_classic_bike_rides
2025,2i5w-ykuw,Lyft,1,42,2,includes_classic_bike_rides
2025,2i5w-ykuw,Lyft,1,43,2,includes_classic_bike_rides
2025,2i5w-ykuw,Lyft,1,77,2597,includes_classic_bike_rides
2025,2i5w-ykuw,Lyft,2,,513,includes_classic_bike_rides
2025,2i5w-ykuw,Lyft,2,1,1735,includes_classic_bike_rides
2025,2i5w-ykuw,Lyft,2,2,3633,includes_classic_bike_rides
2025,2i5w-ykuw,Lyft,2,3,244,includes_classic_bike_rides
2025,2i5w-ykuw,Lyft,2,4,599,includes_classic_bike_rides
2025,2i5w-ykuw,Lyft,2,5,67,includes_classic_bike_rides
2025,2i5w-ykuw,Lyft,2,6,109,includes_classic_bike_rides
2025,2i5w-ykuw,Lyft,2,7,47,includes_classic_bike_rides
2025,2i5w-ykuw,Lyft,2,8,25,includes_classic_bike_rides
2025,2i5w-ykuw,Lyft,2,10,1,includes_classic_bike_rides
2025,2i5w-ykuw,Lyft,2,11,6,includes_classic_bike_rides
2025,2i5w-ykuw,Lyft,2,12,16,includes_classic_bike_rides
2025,2i5w-ykuw,Lyft,2,13,365,includes_classic_bike_rides
2025,2i5w-ykuw,Lyft,2,14,76,includes_classic_bike_rides
2025,2i5w-ykuw,Lyft,2,15,2,includes_classic_bike_rides
2025,2i5w-ykuw,Lyft,2,16,55,includes_classic_bike_rides
2025,2i5w-ykuw,Lyft,2,19,1,includes_classic_bike_rides
2025,2i5w-ykuw,Lyft,2,20,1,includes_classic_bike_rides
2025,2i5w-ykuw,Lyft,2,21,16,includes_classic_bike_rides
2025,2i5w-ykuw,Lyft,2,22,29,includes_classic_bike_rides
2025,2i5w-ykuw,Lyft,2,23,2,includes_classic_bike_rides
2025,2i5w-ykuw,Lyft,2,24,16,includes_classic_bike_rides
2025,2i5w-ykuw,Lyft,2,28,1,includes_classic_bike_rides
2025,2i5w-ykuw,Lyft,2,29,1,includes_classic_bike_rides
2025,2i5w-ykuw,Lyft,2,32,8,includes_classic_bike_rides
2025,2i5w-ykuw,Lyft,2,33,3,includes_classic_bike_rides
2025,2i5w-ykuw,Lyft,2,34,2,includes_classic_bike_rides
2025,2i5w-ykuw,Lyft,2,41,2,includes_classic_bike_rides
2025,2i5w-ykuw,Lyft,2,43,1,includes_classic_bike_rides
2025,2i5w-ykuw,Lyft,2,77,984,includes_classic_bike_rides
2025,2i5w-ykuw,Lyft,3,,73,includes_classic_bike_rides
2025,2i5w-ykuw,Lyft,3,1,947,includes_classic_bike_rides
2025,2i5w-ykuw,Lyft,3,2,274,includes_classic_bike_rides
2025,2i5w-ykuw,Lyft,3,3,33599,includes_classic_bike_rides
2025,2i5w-ykuw,Lyft,3,4,6088,includes_classic_bike_rides
2025,2i5w-ykuw,Lyft,3,5,1566,includes_classic_bike_rides
2025,2i5w-ykuw,Lyft,3,6,25138,includes_classic_bike_rides
2025,2i5w-ykuw,Lyft,3,7,6087,includes_classic_bike_rides
2025,2i5w-ykuw,Lyft,3,8,3489,includes_classic_bike_rides
2025,2i5w-ykuw,Lyft,3,10,1,includes_classic_bike_rides
2025,2i5w-ykuw,Lyft,3,11,12,includes_classic_bike_rides
2025,2i5w-ykuw,Lyft,3,12,9,includes_classic_bike_rides
2025,2i5w-ykuw,Lyft,3,13,135,includes_classic_bike_rides
2025,2i5w-ykuw,Lyft,3,14,243,includes_classic_bike_rides
2025,2i5w-ykuw,Lyft,3,15,20,includes_classic_bike_rides
2025,2i5w-ykuw,Lyft,3,16,296,includes_classic_bike_rides
2025,2i5w-ykuw,Lyft,3,17,3,includes_classic_bike_rides
2025,2i5w-ykuw,Lyft,3,19,1,includes_classic_bike_rides
2025,2i5w-ykuw,Lyft,3,20,2,includes_classic_bike_rides
2025,2i5w-ykuw,Lyft,3,21,128,includes_classic_bike_rides
2025,2i5w-ykuw,Lyft,3,22,401,includes_classic_bike_rides
2025,2i5w-ykuw,Lyft,3,23,3,includes_classic_bike_rides
2025,2i5w-ykuw,Lyft,3,24,563,includes_classic_bike_rides
2025,2i5w-ykuw,Lyft,3,25,3,includes_classic_bike_rides
2025,2i5w-ykuw,Lyft,3,26,1,includes_classic_bike_rides
2025,2i5w-ykuw,Lyft,3,27,2,includes_classic_bike_rides
2025,2i5w-ykuw,Lyft,3,28,196,includes_classic_bike_rides
2025,2i5w-ykuw,Lyft,3,29,1,includes_classic_bike_rides
2025,2i5w-ykuw,Lyft,3,30,4,includes_classic_bike_rides
2025,2i5w-ykuw,Lyft,3,31,5,includes_classic_bike_rides
2025,2i5w-ykuw,Lyft,3,32,1189,includes_classic_bike_rides
2025,2i5w-ykuw,Lyft,3,33,209,includes_classic_bike_rides
2025,2i5w-ykuw,Lyft,3,34,15,includes_classic_bike_rides
2025,2i5w-ykuw,Lyft,3,35,8,includes_classic_bike_rides
2025,2i5w-ykuw,Lyft,3,38,3,includes_classic_bike_rides
2025,2i5w-ykuw,Lyft,3,39,3,includes_classic_bike_rides
2025,2i5w-ykuw,Lyft,3,41,23,includes_classic_bike_rides
2025,2i5w-ykuw,Lyft,3,42,3,includes_classic_bike_rides
2025,2i5w-ykuw,Lyft,3,43,9,includes_classic_bike_rides
2025,2i5w-ykuw,Lyft,3,59,2,includes_classic_bike_rides
2025,2i5w-ykuw,Lyft,3,60,3,includes_classic_bike_rides
2025,2i5w-ykuw,Lyft,3,77,7850,includes_classic_bike_rides
2025,2i5w-ykuw,Lyft,4,,69,includes_classic_bike_rides
2025,2i5w-ykuw,Lyft,4,1,354,includes_classic_bike_rides
2025,2i5w-ykuw,Lyft,4,2,785,includes_classic_bike_rides
2025,2i5w-ykuw,Lyft,4,3,5879,includes_classic_bike_rides
2025,2i5w-ykuw,Lyft,4,4,14296,includes_classic_bike_rides
2025,2i5w-ykuw,Lyft,4,5,3350,includes_classic_bike_rides
2025,2i5w-ykuw,Lyft,4,6,5242,includes_classic_bike_rides
2025,2i5w-ykuw,Lyft,4,7,885,includes_classic_bike_rides
2025,2i5w-ykuw,Lyft,4,8,388,includes_classic_bike_rides
2025,2i5w-ykuw,Lyft,4,10,1,includes_classic_bike_rides
2025,2i5w-ykuw,Lyft,4,11,31,includes_classic_bike_rides
2025,2i5w-ykuw,Lyft,4,12,9,includes_classic_bike_rides
2025,2i5w-ykuw,Lyft,4,13,513,includes_classic_bike_rides
2025,2i5w-ykuw,Lyft,4,14,853,includes_classic_bike_rides
2025,2i5w-ykuw,Lyft,4,15,63,includes_classic_bike_rides
2025,2i5w-ykuw,Lyft,4,16,775,includes_classic_bike_rides
2025,2i5w-ykuw,Lyft,4,17,4,includes_classic_bike_rides
2025,2i5w-ykuw,Lyft,4,18,1,includes_classic_bike_rides
2025,2i5w-ykuw,Lyft,4,19,4,includes_classic_bike_rides
2025,2i5w-ykuw,Lyft,4,20,51,includes_classic_bike_rides
2025,2i5w-ykuw,Lyft,4,21,169,includes_classic_bike_rides
2025,2i5w-ykuw,Lyft,4,22,451,includes_classic_bike_rides
2025,2i5w-ykuw,Lyft,4,23,20,includes_classic_bike_rides
2025,2i5w-ykuw,Lyft,4,24,346,includes_classic_bike_rides
2025,2i5w-ykuw,Lyft,4,27,1,includes_classic_bike_rides
2025,2i5w-ykuw,Lyft,4,28,173,includes_classic_bike_rides
2025,2i5w-ykuw,Lyft,4,29,4,includes_classic_bike_rides
2025,2i5w-ykuw,Lyft,4,31,6,includes_classic_bike_rides
2025,2i5w-ykuw,Lyft,4,32,184,includes_classic_bike_rides
2025,2i5w-ykuw,Lyft,4,33,7,includes_classic_bike_rides
2025,2i5w-ykuw,Lyft,4,34,1,includes_classic_bike_rides
2025,2i5w-ykuw,Lyft,4,35,2,includes_classic_bike_rides
2025,2i5w-ykuw,Lyft,4,41,1,includes_classic_bike_rides
2025,2i5w-ykuw,Lyft,4,42,1,includes_classic_bike_rides
2025,2i5w-ykuw,Lyft,4,60,2,includes_classic_bike_rides
2025,2i5w-ykuw,Lyft,4,77,2081,includes_classic_bike_rides
2025,2i5w-ykuw,Lyft,5,,9,includes_classic_bike_rides
2025,2i5w-ykuw,Lyft,5,1,65,includes_classic_bike_rides
2025,2i5w-ykuw,Lyft,5,2,87,includes_classic_bike_rides
2025,2i5w-ykuw,Lyft,5,3,1477,includes_classic_bike_rides
2025,2i5w-ykuw,Lyft,5,4,3342,includes_classic_bike_rides
2025,2i5w-ykuw,Lyft,5,5,7165,includes_classic_bike_rides
2025,2i5w-ykuw,Lyft,5,6,10655,includes_classic_bike_rides
2025,2i5w-ykuw,Lyft,5,7,2599,includes_classic_bike_rides
2025,2i5w-ykuw,Lyft,5,8,1093,includes_classic_bike_rides
2025,2i5w-ykuw,Lyft,5,11,11,includes_classic_bike_rides
2025,2i5w-ykuw,Lyft,5,13,164,includes_classic_bike_rides
2025,2i5w-ykuw,Lyft,5,14,218,includes_classic_bike_rides
2025,2i5w-ykuw,Lyft,5,15,33,includes_classic_bike_rides
2025,2i5w-ykuw,Lyft,5,16,943,includes_classic_bike_rides
2025,2i5w-ykuw,Lyft,5,17,4,includes_classic_bike_rides
2025,2i5w-ykuw,Lyft,5,19,3,includes_classic_bike_rides
2025,2i5w-ykuw,Lyft,5,20,24,includes_classic_bike_rides
2025,2i5w-ykuw,Lyft,5,21,646,includes_classic_bike_rides
2025,2i5w-ykuw,Lyft,5,22,1416,includes_classic_bike_rides
2025,2i5w-ykuw,Lyft,5,23,27,includes_classic_bike_rides
2025,2i5w-ykuw,Lyft,5,24,857,includes_classic_bike_rides
2025,2i5w-ykuw,Lyft,5,25,2,includes_classic_bike_rides
2025,2i5w-ykuw,Lyft,5,27,1,includes_classic_bike_rides
2025,2i5w-ykuw,Lyft,5,28,428,includes_classic_bike_rides
2025,2i5w-ykuw,Lyft,5,29,2,includes_classic_bike_rides
2025,2i5w-ykuw,Lyft,5,31,18,includes_classic_bike_rides
2025,2i5w-ykuw,Lyft,5,32,492,includes_classic_bike_rides
2025,2i5w-ykuw,Lyft,5,33,17,includes_classic_bike_rides
2025,2i5w-ykuw,Lyft,5,34,2,includes_classic_bike_rides
2025,2i5w-ykuw,Lyft,5,35,1,includes_classic_bike_rides
2025,2i5w-ykuw,Lyft,5,37,1,includes_classic_bike_rides
2025,2i5w-ykuw,Lyft,5,41,8,includes_classic_bike_rides
2025,2i5w-ykuw,Lyft,5,59,1,includes_classic_bike_rides
2025,2i5w-ykuw,Lyft,5,60,3,includes_classic_bike_rides
2025,2i5w-ykuw,Lyft,5,77,395,includes_classic_bike_rides
2025,2i5w-ykuw,Lyft,6,,108,includes_classic_bike_rides
2025,2i5w-ykuw,Lyft,6,1,679,includes_classic_bike_rides
2025,2i5w-ykuw,Lyft,6,2,152,includes_classic_bike_rides
2025,2i5w-ykuw,Lyft,6,3,25079,includes_classic_bike_rides
2025,2i5w-ykuw,Lyft,6,4,5855,includes_classic_bike_rides
2025,2i5w-ykuw,Lyft,6,5,11737,includes_classic_bike_rides
2025,2i5w-ykuw,Lyft,6,6,141894,includes_classic_bike_rides
2025,2i5w-ykuw,Lyft,6,7,49526,includes_classic_bike_rides
2025,2i5w-ykuw,Lyft,6,8,16205,includes_classic_bike_rides
2025,2i5w-ykuw,Lyft,6,10,7,includes_classic_bike_rides
2025,2i5w-ykuw,Lyft,6,11,5,includes_classic_bike_rides
2025,2i5w-ykuw,Lyft,6,12,10,includes_classic_bike_rides
2025,2i5w-ykuw,Lyft,6,13,93,includes_classic_bike_rides
2025,2i5w-ykuw,Lyft,6,14,272,includes_classic_bike_rides
2025,2i5w-ykuw,Lyft,6,15,78,includes_classic_bike_rides
2025,2i5w-ykuw,Lyft,6,16,1114,includes_classic_bike_rides
2025,2i5w-ykuw,Lyft,6,17,8,includes_classic_bike_rides
2025,2i5w-ykuw,Lyft,6,19,32,includes_classic_bike_rides
2025,2i5w-ykuw,Lyft,6,20,56,includes_classic_bike_rides
2025,2i5w-ykuw,Lyft,6,21,1215,includes_classic_bike_rides
2025,2i5w-ykuw,Lyft,6,22,3764,includes_classic_bike_rides
2025,2i5w-ykuw,Lyft,6,23,45,includes_classic_bike_rides
2025,2i5w-ykuw,Lyft,6,24,3326,includes_classic_bike_rides
2025,2i5w-ykuw,Lyft,6,25,2,includes_classic_bike_rides
2025,2i5w-ykuw,Lyft,6,27,9,includes_classic_bike_rides
2025,2i5w-ykuw,Lyft,6,28,2443,includes_classic_bike_rides
2025,2i5w-ykuw,Lyft,6,29,3,includes_classic_bike_rides
2025,2i5w-ykuw,Lyft,6,30,2,includes_classic_bike_rides
2025,2i5w-ykuw,Lyft,6,31,52,includes_classic_bike_rides
2025,2i5w-ykuw,Lyft,6,32,5193,includes_classic_bike_rides
2025,2i5w-ykuw,Lyft,6,33,564,includes_classic_bike_rides
2025,2i5w-ykuw,Lyft,6,34,41,includes_classic_bike_rides
2025,2i5w-ykuw,Lyft,6,35,35,includes_classic_bike_rides
2025,2i5w-ykuw,Lyft,6,38,3,includes_classic_bike_rides
2025,2i5w-ykuw,Lyft,6,39,6,includes_classic_bike_rides
2025,2i5w-ykuw,Lyft,6,41,39,includes_classic_bike_rides
2025,2i5w-ykuw,Lyft,6,42,6,includes_classic_bike_rides
2025,2i5w-ykuw,Lyft,6,43,11,includes_classic_bike_rides
2025,2i5w-ykuw,Lyft,6,58,2,includes_classic_bike_rides
2025,2i5w-ykuw,Lyft,6,60,8,includes_classic_bike_rides
2025,2i5w-ykuw,Lyft,6,61,2,includes_classic_bike_rides
2025,2i5w-ykuw,Lyft,6,69,1,includes_classic_bike_rides
2025,2i5w-ykuw,Lyft,6,76,2,includes_classic_bike_rides
2025,2i5w-ykuw,Lyft,6,77,3957,includes_classic_bike_rides
2025,2i5w-ykuw,Lyft,7,,93,includes_classic_bike_rides
2025,2i5w-ykuw,Lyft,7,1,257,includes_classic_bike_rides
2025,2i5w-ykuw,Lyft,7,2,49,includes_classic_bike_rides
2025,2i5w-ykuw,Lyft,7,3,5816,includes_classic_bike_rides
2025,2i5w-ykuw,Lyft,7,4,955,includes_classic_bike_rides
2025,2i5w-ykuw,Lyft,7,5,2831,includes_classic_bike_rides
2025,2i5w-ykuw,Lyft,7,6,49624,includes_classic_bike_rides
2025,2i5w-ykuw,Lyft,7,7,160360,includes_classic_bike_rides
2025,2i5w-ykuw,Lyft,7,8,71976,includes_classic_bike_rides
2025,2i5w-ykuw,Lyft,7,10,1,includes_classic_bike_rides
2025,2i5w-ykuw,Lyft,7,11,4,includes_classic_bike_rides
2025,2i5w-ykuw,Lyft,7,12,4,includes_classic_bike_rides
2025,2i5w-ykuw,Lyft,7,13,25,includes_classic_bike_rides
2025,2i5w-ykuw,Lyft,7,14,185,includes_classic_bike_rides
2025,2i5w-ykuw,Lyft,7,15,26,includes_classic_bike_rides
2025,2i5w-ykuw,Lyft,7,16,281,includes_classic_bike_rides
2025,2i5w-ykuw,Lyft,7,17,3,includes_classic_bike_rides
2025,2i5w-ykuw,Lyft,7,18,1,includes_classic_bike_rides
2025,2i5w-ykuw,Lyft,7,19,4,includes_classic_bike_rides
2025,2i5w-ykuw,Lyft,7,20,81,includes_classic_bike_rides
2025,2i5w-ykuw,Lyft,7,21,467,includes_classic_bike_rides
2025,2i5w-ykuw,Lyft,7,22,9023,includes_classic_bike_rides
2025,2i5w-ykuw,Lyft,7,23,69,includes_classic_bike_rides
2025,2i5w-ykuw,Lyft,7,24,8902,includes_classic_bike_rides
2025,2i5w-ykuw,Lyft,7,25,10,includes_classic_bike_rides
2025,2i5w-ykuw,Lyft,7,26,1,includes_classic_bike_rides
2025,2i5w-ykuw,Lyft,7,27,29,includes_classic_bike_rides
2025,2i5w-ykuw,Lyft,7,28,8288,includes_classic_bike_rides
2025,2i5w-ykuw,Lyft,7,29,2,includes_classic_bike_rides
2025,2i5w-ykuw,Lyft,7,30,4,includes_classic_bike_rides
2025,2i5w-ykuw,Lyft,7,31,184,includes_classic_bike_rides
2025,2i5w-ykuw,Lyft,7,32,16967,includes_classic_bike_rides
2025,2i5w-ykuw,Lyft,7,33,1772,includes_classic_bike_rides
2025,2i5w-ykuw,Lyft,7,34,118,includes_classic_bike_rides
2025,2i5w-ykuw,Lyft,7,35,131,includes_classic_bike_rides
2025,2i5w-ykuw,Lyft,7,38,9,includes_classic_bike_rides
2025,2i5w-ykuw,Lyft,7,39,24,includes_classic_bike_rides
2025,2i5w-ykuw,Lyft,7,40,2,includes_classic_bike_rides
2025,2i5w-ykuw,Lyft,7,41,183,includes_classic_bike_rides
2025,2i5w-ykuw,Lyft,7,42,16,includes_classic_bike_rides
2025,2i5w-ykuw,Lyft,7,43,4,includes_classic_bike_rides
2025,2i5w-ykuw,Lyft,7,59,5,includes_classic_bike_rides
2025,2i5w-ykuw,Lyft,7,60,32,includes_classic_bike_rides
2025,2i5w-ykuw,Lyft,7,68,1,includes_classic_bike_rides
2025,2i5w-ykuw,Lyft,7,69,1,includes_classic_bike_rides
2025,2i5w-ykuw,Lyft,7,77,1615,includes_classic_bike_rides
2025,2i5w-ykuw,Lyft,8,,126,includes_classic_bike_rides
2025,2i5w-ykuw,Lyft,8,1,323,includes_classic_bike_rides
2025,2i5w-ykuw,Lyft,8,2,34,includes_classic_bike_rides
2025,2i5w-ykuw,Lyft,8,3,4169,includes_classic_bike_rides
2025,2i5w-ykuw,Lyft,8,4,475,includes_classic_bike_rides
2025,2i5w-ykuw,Lyft,8,5,1270,includes_classic_bike_rides
2025,2i5w-ykuw,Lyft,8,6,19358,includes_classic_bike_rides
2025,2i5w-ykuw,Lyft,8,7,82753,includes_classic_bike_rides
2025,2i5w-ykuw,Lyft,8,8,386999,includes_classic_bike_rides
2025,2i5w-ykuw,Lyft,8,10,2,includes_classic_bike_rides
2025,2i5w-ykuw,Lyft,8,11,2,includes_classic_bike_rides
2025,2i5w-ykuw,Lyft,8,12,1,includes_classic_bike_rides
2025,2i5w-ykuw,Lyft,8,13,31,includes_classic_bike_rides
2025,2i5w-ykuw,Lyft,8,14,51,includes_classic_bike_rides
2025,2i5w-ykuw,Lyft,8,15,17,includes_classic_bike_rides
2025,2i5w-ykuw,Lyft,8,16,204,includes_classic_bike_rides
2025,2i5w-ykuw,Lyft,8,17,1,includes_classic_bike_rides
2025,2i5w-ykuw,Lyft,8,19,17,includes_classic_bike_rides
2025,2i5w-ykuw,Lyft,8,20,36,includes_classic_bike_rides
2025,2i5w-ykuw,Lyft,8,21,356,includes_classic_bike_rides
2025,2i5w-ykuw,Lyft,8,22,5217,includes_classic_bike_rides
2025,2i5w-ykuw,Lyft,8,23,237,includes_classic_bike_rides
2025,2i5w-ykuw,Lyft,8,24,35800,includes_classic_bike_rides
2025,2i5w-ykuw,Lyft,8,25,34,includes_classic_bike_rides
2025,2i5w-ykuw,Lyft,8,26,6,includes_classic_bike_rides
2025,2i5w-ykuw,Lyft,8,27,71,includes_classic_bike_rides
2025,2i5w-ykuw,Lyft,8,28,73536,includes_classic_bike_rides
2025,2i5w-ykuw,Lyft,8,29,16,includes_classic_bike_rides
2025,2i5w-ykuw,Lyft,8,30,35,includes_classic_bike_rides
2025,2i5w-ykuw,Lyft,8,31,821,includes_classic_bike_rides
2025,2i5w-ykuw,Lyft,8,32,108910,includes_classic_bike_rides
2025,2i5w-ykuw,Lyft,8,33,9292,includes_classic_bike_rides
2025,2i5w-ykuw,Lyft,8,34,782,includes_classic_bike_rides
2025,2i5w-ykuw,Lyft,8,35,680,includes_classic_bike_rides
2025,2i5w-ykuw,Lyft,8,36,2,includes_classic_bike_rides
2025,2i5w-ykuw,Lyft,8,38,57,includes_classic_bike_rides
2025,2i5w-ykuw,Lyft,8,39,65,includes_classic_bike_rides
2025,2i5w-ykuw,Lyft,8,40,9,includes_classic_bike_rides
2025,2i5w-ykuw,Lyft,8,41,750,includes_classic_bike_rides
2025,2i5w-ykuw,Lyft,8,42,71,includes_classic_bike_rides
2025,2i5w-ykuw,Lyft,8,43,26,includes_classic_bike_rides
2025,2i5w-ykuw,Lyft,8,44,1,includes_classic_bike_rides
2025,2i5w-ykuw,Lyft,8,49,1,includes_classic_bike_rides
2025,2i5w-ykuw,Lyft,8,52,1,includes_classic_bike_rides
2025,2i5w-ykuw,Lyft,8,56,2,includes_classic_bike_rides
2025,2i5w-ykuw,Lyft,8,57,2,includes_classic_bike_rides
2025,2i5w-ykuw,Lyft,8,58,3,includes_classic_bike_rides
2025,2i5w-ykuw,Lyft,8,59,18,includes_classic_bike_rides
2025,2i5w-ykuw,Lyft,8,60,212,includes_classic_bike_rides
2025,2i5w-ykuw,Lyft,8,61,18,includes_classic_bike_rides
2025,2i5w-ykuw,Lyft,8,66,1,includes_classic_bike_rides
2025,2i5w-ykuw,Lyft,8,67,1,includes_classic_bike_rides
2025,2i5w-ykuw,Lyft,8,68,2,includes_classic_bike_rides
2025,2i5w-ykuw,Lyft,8,69,2,includes_classic_bike_rides
2025,2i5w-ykuw,Lyft,8,71,3,includes_classic_bike_rides
2025,2i5w-ykuw,Lyft,8,77,1350,includes_classic_bike_rides
2025,2i5w-ykuw,Lyft,10,,1,includes_classic_bike_rides
2025,2i5w-ykuw,Lyft,10,1,1,includes_classic_bike_rides
2025,2i5w-ykuw,Lyft,10,2,1,includes_classic_bike_rides
2025,2i5w-ykuw,Lyft,10,3,3,includes_classic_bike_rides
2025,2i5w-ykuw,Lyft,10,4,5,includes_classic_bike_rides
2025,2i5w-ykuw,Lyft,10,5,3,includes_classic_bike_rides
2025,2i5w-ykuw,Lyft,10,6,2,includes_classic_bike_rides
2025,2i5w-ykuw,Lyft,10,7,1,includes_classic_bike_rides
2025,2i5w-ykuw,Lyft,10,8,1,includes_classic_bike_rides
2025,2i5w-ykuw,Lyft,10,10,138,includes_classic_bike_rides
2025,2i5w-ykuw,Lyft,10,11,98,includes_classic_bike_rides
2025,2i5w-ykuw,Lyft,10,12,18,includes_classic_bike_rides
2025,2i5w-ykuw,Lyft,10,13,4,includes_classic_bike_rides
2025,2i5w-ykuw,Lyft,10,14,7,includes_classic_bike_rides
2025,2i5w-ykuw,Lyft,10,15,14,includes_classic_bike_rides
2025,2i5w-ykuw,Lyft,10,16,11,includes_classic_bike_rides
2025,2i5w-ykuw,Lyft,10,17,1,includes_classic_bike_rides
2025,2i5w-ykuw,Lyft,10,18,1,includes_classic_bike_rides
2025,2i5w-ykuw,Lyft,10,21,1,includes_classic_bike_rides
2025,2i5w-ykuw,Lyft,10,22,17,includes_classic_bike_rides
2025,2i5w-ykuw,Lyft,10,76,2,includes_classic_bike_rides
2025,2i5w-ykuw,Lyft,11,,4,includes_classic_bike_rides
2025,2i5w-ykuw,Lyft,11,1,3,includes_classic_bike_rides
2025,2i5w-ykuw,Lyft,11,2,61,includes_classic_bike_rides
2025,2i5w-ykuw,Lyft,11,3,13,includes_classic_bike_rides
2025,2i5w-ykuw,Lyft,11,4,33,includes_classic_bike_rides
2025,2i5w-ykuw,Lyft,11,5,5,includes_classic_bike_rides
2025,2i5w-ykuw,Lyft,11,6,5,includes_classic_bike_rides
2025,2i5w-ykuw,Lyft,11,7,4,includes_classic_bike_rides
2025,2i5w-ykuw,Lyft,11,8,1,includes_classic_bike_rides
2025,2i5w-ykuw,Lyft,11,10,93,includes_classic_bike_rides
2025,2i5w-ykuw,Lyft,11,11,315,includes_classic_bike_rides
2025,2i5w-ykuw,Lyft,11,12,129,includes_classic_bike_rides
2025,2i5w-ykuw,Lyft,11,13,22,includes_classic_bike_rides
2025,2i5w-ykuw,Lyft,11,14,39,includes_classic_bike_rides
2025,2i5w-ykuw,Lyft,11,15,207,includes_classic_bike_rides
2025,2i5w-ykuw,Lyft,11,16,42,includes_classic_bike_rides
2025,2i5w-ykuw,Lyft,11,17,35,includes_classic_bike_rides
2025,2i5w-ykuw,Lyft,11,19,63,includes_classic_bike_rides
2025,2i5w-ykuw,Lyft,11,20,1,includes_classic_bike_rides
2025,2i5w-ykuw,Lyft,11,21,12,includes_classic_bike_rides
2025,2i5w-ykuw,Lyft,11,22,13,includes_classic_bike_rides
2025,2i5w-ykuw,Lyft,11,24,9,includes_classic_bike_rides
2025,2i5w-ykuw,Lyft,11,25,2,includes_classic_bike_rides
2025,2i5w-ykuw,Lyft,11,32,3,includes_classic_bike_rides
2025,2i5w-ykuw,Lyft,11,76,3,includes_classic_bike_rides
2025,2i5w-ykuw,Lyft,11,77,7,includes_classic_bike_rides
2025,2i5w-ykuw,Lyft,12,,6,includes_classic_bike_rides
2025,2i5w-ykuw,Lyft,12,1,1,includes_classic_bike_rides
2025,2i5w-ykuw,Lyft,12,2,21,includes_classic_bike_rides
2025,2i5w-ykuw,Lyft,12,3,6,includes_classic_bike_rides
2025,2i5w-ykuw,Lyft,12,4,8,includes_classic_bike_rides
2025,2i5w-ykuw,Lyft,12,5,3,includes_classic_bike_rides
2025,2i5w-ykuw,Lyft,12,6,6,includes_classic_bike_rides
2025,2i5w-ykuw,Lyft,12,7,5,includes_classic_bike_rides
2025,2i5w-ykuw,Lyft,12,8,1,includes_classic_bike_rides
2025,2i5w-ykuw,Lyft,12,10,23,includes_classic_bike_rides
2025,2i5w-ykuw,Lyft,12,11,137,includes_classic_bike_rides
2025,2i5w-ykuw,Lyft,12,12,217,includes_classic_bike_rides
2025,2i5w-ykuw,Lyft,12,13,78,includes_classic_bike_rides
2025,2i5w-ykuw,Lyft,12,14,31,includes_classic_bike_rides
2025,2i5w-ykuw,Lyft,12,15,23,includes_classic_bike_rides
2025,2i5w-ykuw,Lyft,12,16,29,includes_classic_bike_rides
2025,2i5w-ykuw,Lyft,12,21,5,includes_classic_bike_rides
2025,2i5w-ykuw,Lyft,12,22,3,includes_classic_bike_rides
2025,2i5w-ykuw,Lyft,12,76,2,includes_classic_bike_rides
2025,2i5w-ykuw,Lyft,12,77,1,includes_classic_bike_rides
2025,2i5w-ykuw,Lyft,13,,69,includes_classic_bike_rides
2025,2i5w-ykuw,Lyft,13,1,56,includes_classic_bike_rides
2025,2i5w-ykuw,Lyft,13,2,361,includes_classic_bike_rides
2025,2i5w-ykuw,Lyft,13,3,108,includes_classic_bike_rides
2025,2i5w-ykuw,Lyft,13,4,409,includes_classic_bike_rides
2025,2i5w-ykuw,Lyft,13,5,118,includes_classic_bike_rides
2025,2i5w-ykuw,Lyft,13,6,88,includes_classic_bike_rides
2025,2i5w-ykuw,Lyft,13,7,15,includes_classic_bike_rides
2025,2i5w-ykuw,Lyft,13,8,10,includes_classic_bike_rides
2025,2i5w-ykuw,Lyft,13,10,8,includes_classic_bike_rides
2025,2i5w-ykuw,Lyft,13,11,18,includes_classic_bike_rides
2025,2i5w-ykuw,Lyft,13,12,72,includes_classic_bike_rides
2025,2i5w-ykuw,Lyft,13,13,1619,includes_classic_bike_rides
2025,2i5w-ykuw,Lyft,13,14,605,includes_classic_bike_rides
2025,2i5w-ykuw,Lyft,13,15,6,includes_classic_bike_rides
2025,2i5w-ykuw,Lyft,13,16,115,includes_classic_bike_rides
2025,2i5w-ykuw,Lyft,13,19,2,includes_classic_bike_rides
2025,2i5w-ykuw,Lyft,13,20,6,includes_classic_bike_rides
2025,2i5w-ykuw,Lyft,13,21,49,includes_classic_bike_rides
2025,2i5w-ykuw,Lyft,13,22,53,includes_classic_bike_rides
2025,2i5w-ykuw,Lyft,13,23,1,includes_classic_bike_rides
2025,2i5w-ykuw,Lyft,13,24,16,includes_classic_bike_rides
2025,2i5w-ykuw,Lyft,13,27,7,includes_classic_bike_rides
2025,2i5w-ykuw,Lyft,13,28,3,includes_classic_bike_rides
2025,2i5w-ykuw,Lyft,13,31,1,includes_classic_bike_rides
2025,2i5w-ykuw,Lyft,13,32,12,includes_classic_bike_rides
2025,2i5w-ykuw,Lyft,13,33,1,includes_classic_bike_rides
2025,2i5w-ykuw,Lyft,13,34,1,includes_classic_bike_rides
2025,2i5w-ykuw,Lyft,13,76,1,includes_classic_bike_rides
2025,2i5w-ykuw,Lyft,13,77,146,includes_classic_bike_rides
2025,2i5w-ykuw,Lyft,14,,10,includes_classic_bike_rides
2025,2i5w-ykuw,Lyft,14,1,23,includes_classic_bike_rides
2025,2i5w-ykuw,Lyft,14,2,75,includes_classic_bike_rides
2025,2i5w-ykuw,Lyft,14,3,188,includes_classic_bike_rides
2025,2i5w-ykuw,Lyft,14,4,725,includes_classic_bike_rides
2025,2i5w-ykuw,Lyft,14,5,150,includes_classic_bike_rides
2025,2i5w-ykuw,Lyft,14,6,222,includes_classic_bike_rides
2025,2i5w-ykuw,Lyft,14,7,70,includes_classic_bike_rides
2025,2i5w-ykuw,Lyft,14,8,48,includes_classic_bike_rides
2025,2i5w-ykuw,Lyft,14,10,5,includes_classic_bike_rides
2025,2i5w-ykuw,Lyft,14,11,29,includes_classic_bike_rides
2025,2i5w-ykuw,Lyft,14,12,40,includes_classic_bike_rides
2025,2i5w-ykuw,Lyft,14,13,633,includes_classic_bike_rides
2025,2i5w-ykuw,Lyft,14,14,1612,includes_classic_bike_rides
2025,2i5w-ykuw,Lyft,14,15,45,includes_classic_bike_rides
2025,2i5w-ykuw,Lyft,14,16,717,includes_classic_bike_rides
2025,2i5w-ykuw,Lyft,14,17,24,includes_classic_bike_rides
2025,2i5w-ykuw,Lyft,14,19,2,includes_classic_bike_rides
2025,2i5w-ykuw,Lyft,14,20,7,includes_classic_bike_rides
2025,2i5w-ykuw,Lyft,14,21,219,includes_classic_bike_rides
2025,2i5w-ykuw,Lyft,14,22,153,includes_classic_bike_rides
2025,2i5w-ykuw,Lyft,14,23,7,includes_classic_bike_rides
2025,2i5w-ykuw,Lyft,14,24,66,includes_classic_bike_rides
2025,2i5w-ykuw,Lyft,14,25,1,includes_classic_bike_rides
2025,2i5w-ykuw,Lyft,14,26,1,includes_classic_bike_rides
2025,2i5w-ykuw,Lyft,14,28,32,includes_classic_bike_rides
2025,2i5w-ykuw,Lyft,14,29,2,includes_classic_bike_rides
2025,2i5w-ykuw,Lyft,14,32,14,includes_classic_bike_rides
2025,2i5w-ykuw,Lyft,14,33,2,includes_classic_bike_rides
2025,2i5w-ykuw,Lyft,14,66,1,includes_classic_bike_rides
2025,2i5w-ykuw,Lyft,14,76,1,includes_classic_bike_rides
2025,2i5w-ykuw,Lyft,14,77,59,includes_classic_bike_rides
2025,2i5w-ykuw,Lyft,15,,1,includes_classic_bike_rides
2025,2i5w-ykuw,Lyft,15,1,2,includes_classic_bike_rides
2025,2i5w-ykuw,Lyft,15,2,7,includes_classic_bike_rides
2025,2i5w-ykuw,Lyft,15,3,24,includes_classic_bike_rides
2025,2i5w-ykuw,Lyft,15,4,37,includes_classic_bike_rides
2025,2i5w-ykuw,Lyft,15,5,29,includes_classic_bike_rides
2025,2i5w-ykuw,Lyft,15,6,82,includes_classic_bike_rides
2025,2i5w-ykuw,Lyft,15,7,19,includes_classic_bike_rides
2025,2i5w-ykuw,Lyft,15,8,12,includes_classic_bike_rides
2025,2i5w-ykuw,Lyft,15,10,10,includes_classic_bike_rides
2025,2i5w-ykuw,Lyft,15,11,206,includes_classic_bike_rides
2025,2i5w-ykuw,Lyft,15,12,20,includes_classic_bike_rides
2025,2i5w-ykuw,Lyft,15,13,19,includes_classic_bike_rides
2025,2i5w-ykuw,Lyft,15,14,43,includes_classic_bike_rides
2025,2i5w-ykuw,Lyft,15,15,838,includes_classic_bike_rides
2025,2i5w-ykuw,Lyft,15,16,353,includes_classic_bike_rides
2025,2i5w-ykuw,Lyft,15,17,84,includes_classic_bike_rides
2025,2i5w-ykuw,Lyft,15,18,1,includes_classic_bike_rides
2025,2i5w-ykuw,Lyft,15,19,66,includes_classic_bike_rides
2025,2i5w-ykuw,Lyft,15,20,3,includes_classic_bike_rides
2025,2i5w-ykuw,Lyft,15,21,68,includes_classic_bike_rides
2025,2i5w-ykuw,Lyft,15,22,101,includes_classic_bike_rides
2025,2i5w-ykuw,Lyft,15,24,33,includes_classic_bike_rides
2025,2i5w-ykuw,Lyft,15,25,5,includes_classic_bike_rides
2025,2i5w-ykuw,Lyft,15,28,3,includes_classic_bike_rides
2025,2i5w-ykuw,Lyft,15,32,8,includes_classic_bike_rides
2025,2i5w-ykuw,Lyft,15,76,6,includes_classic_bike_rides
2025,2i5w-ykuw,Lyft,15,77,17,includes_classic_bike_rides
2025,2i5w-ykuw,Lyft,16,,13,includes_classic_bike_rides
2025,2i5w-ykuw,Lyft,16,1,34,includes_classic_bike_rides
2025,2i5w-ykuw,Lyft,16,2,68,includes_classic_bike_rides
2025,2i5w-ykuw,Lyft,16,3,295,includes_classic_bike_rides
2025,2i5w-ykuw,Lyft,16,4,668,includes_classic_bike_rides
2025,2i5w-ykuw,Lyft,16,5,795,includes_classic_bike_rides
2025,2i5w-ykuw,Lyft,16,6,1009,includes_classic_bike_rides
2025,2i5w-ykuw,Lyft,16,7,197,includes_classic_bike_rides
2025,2i5w-ykuw,Lyft,16,8,114,includes_classic_bike_rides
2025,2i5w-ykuw,Lyft,16,10,6,includes_classic_bike_rides
2025,2i5w-ykuw,Lyft,16,11,28,includes_classic_bike_rides
2025,2i5w-ykuw,Lyft,16,12,14,includes_classic_bike_rides
2025,2i5w-ykuw,Lyft,16,13,136,includes_classic_bike_rides
2025,2i5w-ykuw,Lyft,16,14,730,includes_classic_bike_rides
2025,2i5w-ykuw,Lyft,16,15,434,includes_classic_bike_rides
2025,2i5w-ykuw,Lyft,16,16,3858,includes_classic_bike_rides
2025,2i5w-ykuw,Lyft,16,17,25,includes_classic_bike_rides
2025,2i5w-ykuw,Lyft,16,18,1,includes_classic_bike_rides
2025,2i5w-ykuw,Lyft,16,19,24,includes_classic_bike_rides
2025,2i5w-ykuw,Lyft,16,20,59,includes_classic_bike_rides
2025,2i5w-ykuw,Lyft,16,21,751,includes_classic_bike_rides
2025,2i5w-ykuw,Lyft,16,22,644,includes_classic_bike_rides
2025,2i5w-ykuw,Lyft,16,23,15,includes_classic_bike_rides
2025,2i5w-ykuw,Lyft,16,24,162,includes_classic_bike_rides
2025,2i5w-ykuw,Lyft,16,25,5,includes_classic_bike_rides
2025,2i5w-ykuw,Lyft,16,27,1,includes_classic_bike_rides
2025,2i5w-ykuw,Lyft,16,28,62,includes_classic_bike_rides
2025,2i5w-ykuw,Lyft,16,29,1,includes_classic_bike_rides
2025,2i5w-ykuw,Lyft,16,31,1,includes_classic_bike_rides
2025,2i5w-ykuw,Lyft,16,32,35,includes_classic_bike_rides
2025,2i5w-ykuw,Lyft,16,33,4,includes_classic_bike_rides
2025,2i5w-ykuw,Lyft,16,61,1,includes_classic_bike_rides
2025,2i5w-ykuw,Lyft,16,76,3,includes_classic_bike_rides
2025,2i5w-ykuw,Lyft,16,77,66,includes_classic_bike_rides
2025,2i5w-ykuw,Lyft,17,,1,includes_classic_bike_rides
2025,2i5w-ykuw,Lyft,17,2,3,includes_classic_bike_rides
2025,2i5w-ykuw,Lyft,17,3,2,includes_classic_bike_rides
2025,2i5w-ykuw,Lyft,17,4,4,includes_classic_bike_rides
2025,2i5w-ykuw,Lyft,17,5,3,includes_classic_bike_rides
2025,2i5w-ykuw,Lyft,17,6,3,includes_classic_bike_rides
2025,2i5w-ykuw,Lyft,17,7,20,includes_classic_bike_rides
2025,2i5w-ykuw,Lyft,17,10,5,includes_classic_bike_rides
2025,2i5w-ykuw,Lyft,17,11,32,includes_classic_bike_rides
2025,2i5w-ykuw,Lyft,17,12,2,includes_classic_bike_rides
2025,2i5w-ykuw,Lyft,17,13,5,includes_classic_bike_rides
2025,2i5w-ykuw,Lyft,17,14,8,includes_classic_bike_rides
2025,2i5w-ykuw,Lyft,17,15,83,includes_classic_bike_rides
2025,2i5w-ykuw,Lyft,17,16,16,includes_classic_bike_rides
2025,2i5w-ykuw,Lyft,17,17,465,includes_classic_bike_rides
2025,2i5w-ykuw,Lyft,17,18,30,includes_classic_bike_rides
2025,2i5w-ykuw,Lyft,17,19,36,includes_classic_bike_rides
2025,2i5w-ykuw,Lyft,17,20,5,includes_classic_bike_rides
2025,2i5w-ykuw,Lyft,17,21,10,includes_classic_bike_rides
2025,2i5w-ykuw,Lyft,17,22,9,includes_classic_bike_rides
2025,2i5w-ykuw,Lyft,17,23,1,includes_classic_bike_rides
2025,2i5w-ykuw,Lyft,17,24,2,includes_classic_bike_rides
2025,2i5w-ykuw,Lyft,17,25,16,includes_classic_bike_rides
2025,2i5w-ykuw,Lyft,17,28,2,includes_classic_bike_rides
2025,2i5w-ykuw,Lyft,17,76,16,includes_classic_bike_rides
2025,2i5w-ykuw,Lyft,17,77,1,includes_classic_bike_rides
2025,2i5w-ykuw,Lyft,18,6,2,includes_classic_bike_rides
2025,2i5w-ykuw,Lyft,18,7,1,includes_classic_bike_rides
2025,2i5w-ykuw,Lyft,18,10,1,includes_classic_bike_rides
2025,2i5w-ykuw,Lyft,18,14,1,includes_classic_bike_rides
2025,2i5w-ykuw,Lyft,18,15,2,includes_classic_bike_rides
2025,2i5w-ykuw,Lyft,18,16,1,includes_classic_bike_rides
2025,2i5w-ykuw,Lyft,18,17,28,includes_classic_bike_rides
2025,2i5w-ykuw,Lyft,18,18,101,includes_classic_bike_rides
2025,2i5w-ykuw,Lyft,18,19,37,includes_classic_bike_rides
2025,2i5w-ykuw,Lyft,18,20,4,includes_classic_bike_rides
2025,2i5w-ykuw,Lyft,18,21,1,includes_classic_bike_rides
2025,2i5w-ykuw,Lyft,18,22,2,includes_classic_bike_rides
2025,2i5w-ykuw,Lyft,18,23,1,includes_classic_bike_rides
2025,2i5w-ykuw,Lyft,18,24,3,includes_classic_bike_rides
2025,2i5w-ykuw,Lyft,18,25,14,includes_classic_bike_rides
2025,2i5w-ykuw,Lyft,19,,5,includes_classic_bike_rides
2025,2i5w-ykuw,Lyft,19,2,3,includes_classic_bike_rides
2025,2i5w-ykuw,Lyft,19,3,4,includes_classic_bike_rides
2025,2i5w-ykuw,Lyft,19,4,2,includes_classic_bike_rides
2025,2i5w-ykuw,Lyft,19,5,5,includes_classic_bike_rides
2025,2i5w-ykuw,Lyft,19,6,34,includes_classic_bike_rides
2025,2i5w-ykuw,Lyft,19,7,9,includes_classic_bike_rides
2025,2i5w-ykuw,Lyft,19,8,6,includes_classic_bike_rides
2025,2i5w-ykuw,Lyft,19,10,1,includes_classic_bike_rides
2025,2i5w-ykuw,Lyft,19,11,47,includes_classic_bike_rides
2025,2i5w-ykuw,Lyft,19,12,2,includes_classic_bike_rides
2025,2i5w-ykuw,Lyft,19,14,6,includes_classic_bike_rides
2025,2i5w-ykuw,Lyft,19,15,89,includes_classic_bike_rides
2025,2i5w-ykuw,Lyft,19,16,23,includes_classic_bike_rides
2025,2i5w-ykuw,Lyft,19,17,42,includes_classic_bike_rides
2025,2i5w-ykuw,Lyft,19,18,23,includes_classic_bike_rides
2025,2i5w-ykuw,Lyft,19,19,1286,includes_classic_bike_rides
2025,2i5w-ykuw,Lyft,19,20,110,includes_classic_bike_rides
2025,2i5w-ykuw,Lyft,19,21,51,includes_classic_bike_rides
2025,2i5w-ykuw,Lyft,19,22,121,includes_classic_bike_rides
2025,2i5w-ykuw,Lyft,19,23,47,includes_classic_bike_rides
2025,2i5w-ykuw,Lyft,19,24,34,includes_classic_bike_rides
2025,2i5w-ykuw,Lyft,19,25,123,includes_classic_bike_rides
2025,2i5w-ykuw,Lyft,19,26,3,includes_classic_bike_rides
2025,2i5w-ykuw,Lyft,19,28,4,includes_classic_bike_rides
2025,2i5w-ykuw,Lyft,19,29,2,includes_classic_bike_rides
2025,2i5w-ykuw,Lyft,19,32,2,includes_classic_bike_rides
2025,2i5w-ykuw,Lyft,19,33,1,includes_classic_bike_rides
2025,2i5w-ykuw,Lyft,19,34,1,includes_classic_bike_rides
2025,2i5w-ykuw,Lyft,19,76,1,includes_classic_bike_rides
2025,2i5w-ykuw,Lyft,19,77,2,includes_classic_bike_rides
2025,2i5w-ykuw,Lyft,20,,2,includes_classic_bike_rides
2025,2i5w-ykuw,Lyft,20,1,8,includes_classic_bike_rides
2025,2i5w-ykuw,Lyft,20,3,7,includes_classic_bike_rides
2025,2i5w-ykuw,Lyft,20,4,42,includes_classic_bike_rides
2025,2i5w-ykuw,Lyft,20,5,9,includes_classic_bike_rides
2025,2i5w-ykuw,Lyft,20,6,111,includes_classic_bike_rides
2025,2i5w-ykuw,Lyft,20,7,52,includes_classic_bike_rides
2025,2i5w-ykuw,Lyft,20,8,17,includes_classic_bike_rides
2025,2i5w-ykuw,Lyft,20,10,1,includes_classic_bike_rides
2025,2i5w-ykuw,Lyft,20,11,2,includes_classic_bike_rides
2025,2i5w-ykuw,Lyft,20,13,3,includes_classic_bike_rides
2025,2i5w-ykuw,Lyft,20,14,6,includes_classic_bike_rides
2025,2i5w-ykuw,Lyft,20,15,16,includes_classic_bike_rides
2025,2i5w-ykuw,Lyft,20,16,35,includes_classic_bike_rides
2025,2i5w-ykuw,Lyft,20,17,2,includes_classic_bike_rides
2025,2i5w-ykuw,Lyft,20,18,3,includes_classic_bike_rides
2025,2i5w-ykuw,Lyft,20,19,138,includes_classic_bike_rides
2025,2i5w-ykuw,Lyft,20,20,630,includes_classic_bike_rides
2025,2i5w-ykuw,Lyft,20,21,85,includes_classic_bike_rides
2025,2i5w-ykuw,Lyft,20,22,735,includes_classic_bike_rides
2025,2i5w-ykuw,Lyft,20,23,96,includes_classic_bike_rides
2025,2i5w-ykuw,Lyft,20,24,101,includes_classic_bike_rides
2025,2i5w-ykuw,Lyft,20,25,32,includes_classic_bike_rides
2025,2i5w-ykuw,Lyft,20,27,1,includes_classic_bike_rides
2025,2i5w-ykuw,Lyft,20,28,14,includes_classic_bike_rides
2025,2i5w-ykuw,Lyft,20,30,1,includes_classic_bike_rides
2025,2i5w-ykuw,Lyft,20,31,1,includes_classic_bike_rides
2025,2i5w-ykuw,Lyft,20,32,5,includes_classic_bike_rides
2025,2i5w-ykuw,Lyft,20,77,150,includes_classic_bike_rides
2025,2i5w-ykuw,Lyft,21,,6,includes_classic_bike_rides
2025,2i5w-ykuw,Lyft,21,1,6,includes_classic_bike_rides
2025,2i5w-ykuw,Lyft,21,2,30,includes_classic_bike_rides
2025,2i5w-ykuw,Lyft,21,3,104,includes_classic_bike_rides
2025,2i5w-ykuw,Lyft,21,4,153,includes_classic_bike_rides
2025,2i5w-ykuw,Lyft,21,5,531,includes_classic_bike_rides
2025,2i5w-ykuw,Lyft,21,6,1064,includes_classic_bike_rides
2025,2i5w-ykuw,Lyft,21,7,340,includes_classic_bike_rides
2025,2i5w-ykuw,Lyft,21,8,266,includes_classic_bike_rides
2025,2i5w-ykuw,Lyft,21,11,7,includes_classic_bike_rides
2025,2i5w-ykuw,Lyft,21,12,8,includes_classic_bike_rides
2025,2i5w-ykuw,Lyft,21,13,52,includes_classic_bike_rides
2025,2i5w-ykuw,Lyft,21,14,210,includes_classic_bike_rides
2025,2i5w-ykuw,Lyft,21,15,78,includes_classic_bike_rides
2025,2i5w-ykuw,Lyft,21,16,805,includes_classic_bike_rides
2025,2i5w-ykuw,Lyft,21,17,7,includes_classic_bike_rides
2025,2i5w-ykuw,Lyft,21,19,69,includes_classic_bike_rides
2025,2i5w-ykuw,Lyft,21,20,110,includes_classic_bike_rides
2025,2i5w-ykuw,Lyft,21,21,2856,includes_classic_bike_rides
2025,2i5w-ykuw,Lyft,21,22,2609,includes_classic_bike_rides
2025,2i5w-ykuw,Lyft,21,23,87,includes_classic_bike_rides
2025,2i5w-ykuw,Lyft,21,24,545,includes_classic_bike_rides
2025,2i5w-ykuw,Lyft,21,25,14,includes_classic_bike_rides
2025,2i5w-ykuw,Lyft,21,26,1,includes_classic_bike_rides
2025,2i5w-ykuw,Lyft,21,27,4,includes_classic_bike_rides
2025,2i5w-ykuw,Lyft,21,28,56,includes_classic_bike_rides
2025,2i5w-ykuw,Lyft,21,30,1,includes_classic_bike_rides
2025,2i5w-ykuw,Lyft,21,31,5,includes_classic_bike_rides
2025,2i5w-ykuw,Lyft,21,32,46,includes_classic_bike_rides
2025,2i5w-ykuw,Lyft,21,33,3,includes_classic_bike_rides
2025,2i5w-ykuw,Lyft,21,34,2,includes_classic_bike_rides
2025,2i5w-ykuw,Lyft,21,60,2,includes_classic_bike_rides
2025,2i5w-ykuw,Lyft,21,76,2,includes_classic_bike_rides
2025,2i5w-ykuw,Lyft,21,77,27,includes_classic_bike_rides
2025,2i5w-ykuw,Lyft,22,,17,includes_classic_bike_rides
2025,2i5w-ykuw,Lyft,22,1,32,includes_classic_bike_rides
2025,2i5w-ykuw,Lyft,22,2,39,includes_classic_bike_rides
2025,2i5w-ykuw,Lyft,22,3,572,includes_classic_bike_rides
2025,2i5w-ykuw,Lyft,22,4,474,includes_classic_bike_rides
2025,2i5w-ykuw,Lyft,22,5,1493,includes_classic_bike_rides
2025,2i5w-ykuw,Lyft,22,6,3755,includes_classic_bike_rides
2025,2i5w-ykuw,Lyft,22,7,8643,includes_classic_bike_rides
2025,2i5w-ykuw,Lyft,22,8,4344,includes_classic_bike_rides
2025,2i5w-ykuw,Lyft,22,10,11,includes_classic_bike_rides
2025,2i5w-ykuw,Lyft,22,11,18,includes_classic_bike_rides
2025,2i5w-ykuw,Lyft,22,12,2,includes_classic_bike_rides
2025,2i5w-ykuw,Lyft,22,13,56,includes_classic_bike_rides
2025,2i5w-ykuw,Lyft,22,14,182,includes_classic_bike_rides
2025,2i5w-ykuw,Lyft,22,15,81,includes_classic_bike_rides
2025,2i5w-ykuw,Lyft,22,16,776,includes_classic_bike_rides
2025,2i5w-ykuw,Lyft,22,17,7,includes_classic_bike_rides
2025,2i5w-ykuw,Lyft,22,18,7,includes_classic_bike_rides
2025,2i5w-ykuw,Lyft,22,19,183,includes_classic_bike_rides
2025,2i5w-ykuw,Lyft,22,20,913,includes_classic_bike_rides
2025,2i5w-ykuw,Lyft,22,21,2937,includes_classic_bike_rides
2025,2i5w-ykuw,Lyft,22,22,36949,includes_classic_bike_rides
2025,2i5w-ykuw,Lyft,22,23,700,includes_classic_bike_rides
2025,2i5w-ykuw,Lyft,22,24,17787,includes_classic_bike_rides
2025,2i5w-ykuw,Lyft,22,25,65,includes_classic_bike_rides
2025,2i5w-ykuw,Lyft,22,26,6,includes_classic_bike_rides
2025,2i5w-ykuw,Lyft,22,27,82,includes_classic_bike_rides
2025,2i5w-ykuw,Lyft,22,28,1895,includes_classic_bike_rides
2025,2i5w-ykuw,Lyft,22,29,8,includes_classic_bike_rides
2025,2i5w-ykuw,Lyft,22,30,11,includes_classic_bike_rides
2025,2i5w-ykuw,Lyft,22,31,122,includes_classic_bike_rides
2025,2i5w-ykuw,Lyft,22,32,1210,includes_classic_bike_rides
2025,2i5w-ykuw,Lyft,22,33,57,includes_classic_bike_rides
2025,2i5w-ykuw,Lyft,22,34,33,includes_classic_bike_rides
2025,2i5w-ykuw,Lyft,22,35,1,includes_classic_bike_rides
2025,2i5w-ykuw,Lyft,22,37,1,includes_classic_bike_rides
2025,2i5w-ykuw,Lyft,22,41,17,includes_classic_bike_rides
2025,2i5w-ykuw,Lyft,22,42,2,includes_classic_bike_rides
2025,2i5w-ykuw,Lyft,22,44,1,includes_classic_bike_rides
2025,2i5w-ykuw,Lyft,22,56,1,includes_classic_bike_rides
2025,2i5w-ykuw,Lyft,22,58,4,includes_classic_bike_rides
2025,2i5w-ykuw,Lyft,22,59,2,includes_classic_bike_rides
2025,2i5w-ykuw,Lyft,22,60,15,includes_classic_bike_rides
2025,2i5w-ykuw,Lyft,22,61,3,includes_classic_bike_rides
2025,2i5w-ykuw,Lyft,22,76,2,includes_classic_bike_rides
2025,2i5w-ykuw,Lyft,22,77,122,includes_classic_bike_rides
2025,2i5w-ykuw,Lyft,23,,1,includes_classic_bike_rides
2025,2i5w-ykuw,Lyft,23,1,1,includes_classic_bike_rides
2025,2i5w-ykuw,Lyft,23,2,2,includes_classic_bike_rides
2025,2i5w-ykuw,Lyft,23,3,10,includes_classic_bike_rides
2025,2i5w-ykuw,Lyft,23,4,11,includes_classic_bike_rides
2025,2i5w-ykuw,Lyft,23,5,24,includes_classic_bike_rides
2025,2i5w-ykuw,Lyft,23,6,36,includes_classic_bike_rides
2025,2i5w-ykuw,Lyft,23,7,61,includes_classic_bike_rides
2025,2i5w-ykuw,Lyft,23,8,132,includes_classic_bike_rides
2025,2i5w-ykuw,Lyft,23,14,2,includes_classic_bike_rides
2025,2i5w-ykuw,Lyft,23,15,3,includes_classic_bike_rides
2025,2i5w-ykuw,Lyft,23,16,27,includes_classic_bike_rides
2025,2i5w-ykuw,Lyft,23,18,1,includes_classic_bike_rides
2025,2i5w-ykuw,Lyft,23,19,70,includes_classic_bike_rides
2025,2i5w-ykuw,Lyft,23,20,109,includes_classic_bike_rides
2025,2i5w-ykuw,Lyft,23,21,89,includes_classic_bike_rides
2025,2i5w-ykuw,Lyft,23,22,680,includes_classic_bike_rides
2025,2i5w-ykuw,Lyft,23,23,1533,includes_classic_bike_rides
2025,2i5w-ykuw,Lyft,23,24,1176,includes_classic_bike_rides
2025,2i5w-ykuw,Lyft,23,25,165,includes_classic_bike_rides
2025,2i5w-ykuw,Lyft,23,26,55,includes_classic_bike_rides
2025,2i5w-ykuw,Lyft,23,27,235,includes_classic_bike_rides
2025,2i5w-ykuw,Lyft,23,28,198,includes_classic_bike_rides
2025,2i5w-ykuw,Lyft,23,29,20,includes_classic_bike_rides
2025,2i5w-ykuw,Lyft,23,30,4,includes_classic_bike_rides
2025,2i5w-ykuw,Lyft,23,31,44,includes_classic_bike_rides
2025,2i5w-ykuw,Lyft,23,32,55,includes_classic_bike_rides
2025,2i5w-ykuw,Lyft,23,33,3,includes_classic_bike_rides
2025,2i5w-ykuw,Lyft,23,34,2,includes_classic_bike_rides
2025,2i5w-ykuw,Lyft,23,41,2,includes_classic_bike_rides
2025,2i5w-ykuw,Lyft,23,58,2,includes_classic_bike_rides
2025,2i5w-ykuw,Lyft,23,59,1,includes_classic_bike_rides
2025,2i5w-ykuw,Lyft,23,60,1,includes_classic_bike_rides
2025,2i5w-ykuw,Lyft,23,62,1,includes_classic_bike_rides
2025,2i5w-ykuw,Lyft,23,77,4,includes_classic_bike_rides
2025,2i5w-ykuw,Lyft,24,,16,includes_classic_bike_rides
2025,2i5w-ykuw,Lyft,24,1,30,includes_classic_bike_rides
2025,2i5w-ykuw,Lyft,24,2,19,includes_classic_bike_rides
2025,2i5w-ykuw,Lyft,24,3,503,includes_classic_bike_rides
2025,2i5w-ykuw,Lyft,24,4,391,includes_classic_bike_rides
2025,2i5w-ykuw,Lyft,24,5,909,includes_classic_bike_rides
2025,2i5w-ykuw,Lyft,24,6,3777,includes_classic_bike_rides
2025,2i5w-ykuw,Lyft,24,7,9234,includes_classic_bike_rides
2025,2i5w-ykuw,Lyft,24,8,32534,includes_classic_bike_rides
2025,2i5w-ykuw,Lyft,24,11,9,includes_classic_bike_rides
2025,2i5w-ykuw,Lyft,24,13,35,includes_classic_bike_rides
2025,2i5w-ykuw,Lyft,24,14,74,includes_classic_bike_rides
2025,2i5w-ykuw,Lyft,24,15,33,includes_classic_bike_rides
2025,2i5w-ykuw,Lyft,24,16,215,includes_classic_bike_rides
2025,2i5w-ykuw,Lyft,24,17,2,includes_classic_bike_rides
2025,2i5w-ykuw,Lyft,24,18,4,includes_classic_bike_rides
2025,2i5w-ykuw,Lyft,24,19,41,includes_classic_bike_rides
2025,2i5w-ykuw,Lyft,24,20,123,includes_classic_bike_rides
2025,2i5w-ykuw,Lyft,24,21,622,includes_classic_bike_rides
2025,2i5w-ykuw,Lyft,24,22,18190,includes_classic_bike_rides
2025,2i5w-ykuw,Lyft,24,23,1324,includes_classic_bike_rides
2025,2i5w-ykuw,Lyft,24,24,86401,includes_classic_bike_rides
2025,2i5w-ykuw,Lyft,24,25,65,includes_classic_bike_rides
2025,2i5w-ykuw,Lyft,24,26,8,includes_classic_bike_rides
2025,2i5w-ykuw,Lyft,24,27,236,includes_classic_bike_rides
2025,2i5w-ykuw,Lyft,24,28,35484,includes_classic_bike_rides
2025,2i5w-ykuw,Lyft,24,29,88,includes_classic_bike_rides
2025,2i5w-ykuw,Lyft,24,30,174,includes_classic_bike_rides
2025,2i5w-ykuw,Lyft,24,31,581,includes_classic_bike_rides
2025,2i5w-ykuw,Lyft,24,32,9805,includes_classic_bike_rides
2025,2i5w-ykuw,Lyft,24,33,455,includes_classic_bike_rides
2025,2i5w-ykuw,Lyft,24,34,129,includes_classic_bike_rides
2025,2i5w-ykuw,Lyft,24,35,21,includes_classic_bike_rides
2025,2i5w-ykuw,Lyft,24,38,6,includes_classic_bike_rides
2025,2i5w-ykuw,Lyft,24,39,5,includes_classic_bike_rides
2025,2i5w-ykuw,Lyft,24,40,1,includes_classic_bike_rides
2025,2i5w-ykuw,Lyft,24,41,16,includes_classic_bike_rides
2025,2i5w-ykuw,Lyft,24,42,1,includes_classic_bike_rides
2025,2i5w-ykuw,Lyft,24,43,2,includes_classic_bike_rides
2025,2i5w-ykuw,Lyft,24,56,1,includes_classic_bike_rides
2025,2i5w-ykuw,Lyft,24,58,13,includes_classic_bike_rides
2025,2i5w-ykuw,Lyft,24,59,25,includes_classic_bike_rides
2025,2i5w-ykuw,Lyft,24,60,165,includes_classic_bike_rides
2025,2i5w-ykuw,Lyft,24,61,1,includes_classic_bike_rides
2025,2i5w-ykuw,Lyft,24,65,1,includes_classic_bike_rides
2025,2i5w-ykuw,Lyft,24,66,2,includes_classic_bike_rides
2025,2i5w-ykuw,Lyft,24,67,1,includes_classic_bike_rides
2025,2i5w-ykuw,Lyft,24,76,3,includes_classic_bike_rides
2025,2i5w-ykuw,Lyft,24,77,109,includes_classic_bike_rides
2025,2i5w-ykuw,Lyft,25,,41,includes_classic_bike_rides
2025,2i5w-ykuw,Lyft,25,5,2,includes_classic_bike_rides
2025,2i5w-ykuw,Lyft,25,6,6,includes_classic_bike_rides
2025,2i5w-ykuw,Lyft,25,7,8,includes_classic_bike_rides
2025,2i5w-ykuw,Lyft,25,8,6,includes_classic_bike_rides
2025,2i5w-ykuw,Lyft,25,11,1,includes_classic_bike_rides
2025,2i5w-ykuw,Lyft,25,15,7,includes_classic_bike_rides
2025,2i5w-ykuw,Lyft,25,16,2,includes_classic_bike_rides
2025,2i5w-ykuw,Lyft,25,17,18,includes_classic_bike_rides
2025,2i5w-ykuw,Lyft,25,18,13,includes_classic_bike_rides
2025,2i5w-ykuw,Lyft,25,19,125,includes_classic_bike_rides
2025,2i5w-ykuw,Lyft,25,20,19,includes_classic_bike_rides
2025,2i5w-ykuw,Lyft,25,21,8,includes_classic_bike_rides
2025,2i5w-ykuw,Lyft,25,22,39,includes_classic_bike_rides
2025,2i5w-ykuw,Lyft,25,23,128,includes_classic_bike_rides
2025,2i5w-ykuw,Lyft,25,24,30,includes_classic_bike_rides
2025,2i5w-ykuw,Lyft,25,25,2334,includes_classic_bike_rides
2025,2i5w-ykuw,Lyft,25,26,68,includes_classic_bike_rides
2025,2i5w-ykuw,Lyft,25,27,20,includes_classic_bike_rides
2025,2i5w-ykuw,Lyft,25,28,111,includes_classic_bike_rides
2025,2i5w-ykuw,Lyft,25,29,24,includes_classic_bike_rides
2025,2i5w-ykuw,Lyft,25,30,9,includes_classic_bike_rides
2025,2i5w-ykuw,Lyft,25,32,4,includes_classic_bike_rides
2025,2i5w-ykuw,Lyft,25,33,1,includes_classic_bike_rides
2025,2i5w-ykuw,Lyft,25,56,2,includes_classic_bike_rides
2025,2i5w-ykuw,Lyft,25,59,1,includes_classic_bike_rides
2025,2i5w-ykuw,Lyft,25,63,1,includes_classic_bike_rides
2025,2i5w-ykuw,Lyft,25,77,1,includes_classic_bike_rides
2025,2i5w-ykuw,Lyft,26,8,2,includes_classic_bike_rides
2025,2i5w-ykuw,Lyft,26,14,1,includes_classic_bike_rides
2025,2i5w-ykuw,Lyft,26,15,1,includes_classic_bike_rides
2025,2i5w-ykuw,Lyft,26,16,1,includes_classic_bike_rides
2025,2i5w-ykuw,Lyft,26,20,1,includes_classic_bike_rides
2025,2i5w-ykuw,Lyft,26,21,1,includes_classic_bike_rides
2025,2i5w-ykuw,Lyft,26,22,10,includes_classic_bike_rides
2025,2i5w-ykuw,Lyft,26,23,56,includes_classic_bike_rides
2025,2i5w-ykuw,Lyft,26,24,5,includes_classic_bike_rides
2025,2i5w-ykuw,Lyft,26,25,87,includes_classic_bike_rides
2025,2i5w-ykuw,Lyft,26,26,294,includes_classic_bike_rides
2025,2i5w-ykuw,Lyft,26,27,50,includes_classic_bike_rides
2025,2i5w-ykuw,Lyft,26,28,16,includes_classic_bike_rides
2025,2i5w-ykuw,Lyft,26,29,44,includes_classic_bike_rides
2025,2i5w-ykuw,Lyft,26,30,5,includes_classic_bike_rides
2025,2i5w-ykuw,Lyft,26,31,3,includes_classic_bike_rides
2025,2i5w-ykuw,Lyft,26,32,2,includes_classic_bike_rides
2025,2i5w-ykuw,Lyft,26,35,2,includes_classic_bike_rides
2025,2i5w-ykuw,Lyft,26,57,1,includes_classic_bike_rides
2025,2i5w-ykuw,Lyft,27,4,3,includes_classic_bike_rides
2025,2i5w-ykuw,Lyft,27,5,4,includes_classic_bike_rides
2025,2i5w-ykuw,Lyft,27,6,8,includes_classic_bike_rides
2025,2i5w-ykuw,Lyft,27,7,26,includes_classic_bike_rides
2025,2i5w-ykuw,Lyft,27,8,45,includes_classic_bike_rides
2025,2i5w-ykuw,Lyft,27,13,1,includes_classic_bike_rides
2025,2i5w-ykuw,Lyft,27,14,10,includes_classic_bike_rides
2025,2i5w-ykuw,Lyft,27,16,5,includes_classic_bike_rides
2025,2i5w-ykuw,Lyft,27,19,3,includes_classic_bike_rides
2025,2i5w-ykuw,Lyft,27,20,3,includes_classic_bike_rides
2025,2i5w-ykuw,Lyft,27,21,7,includes_classic_bike_rides
2025,2i5w-ykuw,Lyft,27,22,98,includes_classic_bike_rides
2025,2i5w-ykuw,Lyft,27,23,320,includes_classic_bike_rides
2025,2i5w-ykuw,Lyft,27,24,389,includes_classic_bike_rides
2025,2i5w-ykuw,Lyft,27,25,36,includes_classic_bike_rides
2025,2i5w-ykuw,Lyft,27,26,57,includes_classic_bike_rides
2025,2i5w-ykuw,Lyft,27,27,1002,includes_classic_bike_rides
2025,2i5w-ykuw,Lyft,27,28,367,includes_classic_bike_rides
2025,2i5w-ykuw,Lyft,27,29,162,includes_classic_bike_rides
2025,2i5w-ykuw,Lyft,27,30,69,includes_classic_bike_rides
2025,2i5w-ykuw,Lyft,27,31,19,includes_classic_bike_rides
2025,2i5w-ykuw,Lyft,27,32,42,includes_classic_bike_rides
2025,2i5w-ykuw,Lyft,27,33,5,includes_classic_bike_rides
2025,2i5w-ykuw,Lyft,27,34,5,includes_classic_bike_rides
2025,2i5w-ykuw,Lyft,27,40,1,includes_classic_bike_rides
2025,2i5w-ykuw,Lyft,27,41,1,includes_classic_bike_rides
2025,2i5w-ykuw,Lyft,27,57,1,includes_classic_bike_rides
2025,2i5w-ykuw,Lyft,27,58,1,includes_classic_bike_rides
2025,2i5w-ykuw,Lyft,27,59,1,includes_classic_bike_rides
2025,2i5w-ykuw,Lyft,27,60,1,includes_classic_bike_rides
2025,2i5w-ykuw,Lyft,27,63,1,includes_classic_bike_rides
2025,2i5w-ykuw,Lyft,28,,11,includes_classic_bike_rides
2025,2i5w-ykuw,Lyft,28,1,15,includes_classic_bike_rides
2025,2i5w-ykuw,Lyft,28,2,6,includes_classic_bike_rides
2025,2i5w-ykuw,Lyft,28,3,505,includes_classic_bike_rides
2025,2i5w-ykuw,Lyft,28,4,283,includes_classic_bike_rides
2025,2i5w-ykuw,Lyft,28,5,645,includes_classic_bike_rides
2025,2i5w-ykuw,Lyft,28,6,4287,includes_classic_bike_rides
2025,2i5w-ykuw,Lyft,28,7,9903,includes_classic_bike_rides
2025,2i5w-ykuw,Lyft,28,8,68900,includes_classic_bike_rides
2025,2i5w-ykuw,Lyft,28,11,6,includes_classic_bike_rides
2025,2i5w-ykuw,Lyft,28,12,5,includes_classic_bike_rides
2025,2i5w-ykuw,Lyft,28,13,6,includes_classic_bike_rides
2025,2i5w-ykuw,Lyft,28,14,63,includes_classic_bike_rides
2025,2i5w-ykuw,Lyft,28,15,7,includes_classic_bike_rides
2025,2i5w-ykuw,Lyft,28,16,131,includes_classic_bike_rides
2025,2i5w-ykuw,Lyft,28,17,1,includes_classic_bike_rides
2025,2i5w-ykuw,Lyft,28,19,15,includes_classic_bike_rides
2025,2i5w-ykuw,Lyft,28,20,20,includes_classic_bike_rides
2025,2i5w-ykuw,Lyft,28,21,144,includes_classic_bike_rides
2025,2i5w-ykuw,Lyft,28,22,2688,includes_classic_bike_rides
2025,2i5w-ykuw,Lyft,28,23,255,includes_classic_bike_rides
2025,2i5w-ykuw,Lyft,28,24,38214,includes_classic_bike_rides
2025,2i5w-ykuw,Lyft,28,25,122,includes_classic_bike_rides
2025,2i5w-ykuw,Lyft,28,26,41,includes_classic_bike_rides
2025,2i5w-ykuw,Lyft,28,27,468,includes_classic_bike_rides
2025,2i5w-ykuw,Lyft,28,28,239286,includes_classic_bike_rides
2025,2i5w-ykuw,Lyft,28,29,341,includes_classic_bike_rides
2025,2i5w-ykuw,Lyft,28,30,275,includes_classic_bike_rides
2025,2i5w-ykuw,Lyft,28,31,9331,includes_classic_bike_rides
2025,2i5w-ykuw,Lyft,28,32,68724,includes_classic_bike_rides
2025,2i5w-ykuw,Lyft,28,33,6755,includes_classic_bike_rides
2025,2i5w-ykuw,Lyft,28,34,1544,includes_classic_bike_rides
2025,2i5w-ykuw,Lyft,28,35,295,includes_classic_bike_rides
2025,2i5w-ykuw,Lyft,28,37,5,includes_classic_bike_rides
2025,2i5w-ykuw,Lyft,28,38,30,includes_classic_bike_rides
2025,2i5w-ykuw,Lyft,28,39,84,includes_classic_bike_rides
2025,2i5w-ykuw,Lyft,28,40,23,includes_classic_bike_rides
2025,2i5w-ykuw,Lyft,28,41,132,includes_classic_bike_rides
2025,2i5w-ykuw,Lyft,28,42,58,includes_classic_bike_rides
2025,2i5w-ykuw,Lyft,28,43,9,includes_classic_bike_rides
2025,2i5w-ykuw,Lyft,28,46,1,includes_classic_bike_rides
2025,2i5w-ykuw,Lyft,28,49,1,includes_classic_bike_rides
2025,2i5w-ykuw,Lyft,28,56,1,includes_classic_bike_rides
2025,2i5w-ykuw,Lyft,28,57,4,includes_classic_bike_rides
2025,2i5w-ykuw,Lyft,28,58,25,includes_classic_bike_rides
2025,2i5w-ykuw,Lyft,28,59,91,includes_classic_bike_rides
2025,2i5w-ykuw,Lyft,28,60,1298,includes_classic_bike_rides
2025,2i5w-ykuw,Lyft,28,61,36,includes_classic_bike_rides
2025,2i5w-ykuw,Lyft,28,62,1,includes_classic_bike_rides
2025,2i5w-ykuw,Lyft,28,63,20,includes_classic_bike_rides
2025,2i5w-ykuw,Lyft,28,67,5,includes_classic_bike_rides
2025,2i5w-ykuw,Lyft,28,68,4,includes_classic_bike_rides
2025,2i5w-ykuw,Lyft,28,69,1,includes_classic_bike_rides
2025,2i5w-ykuw,Lyft,28,70,1,includes_classic_bike_rides
2025,2i5w-ykuw,Lyft,28,71,2,includes_classic_bike_rides
2025,2i5w-ykuw,Lyft,28,77,105,includes_classic_bike_rides
2025,2i5w-ykuw,Lyft,29,,12,includes_classic_bike_rides
2025,2i5w-ykuw,Lyft,29,4,1,includes_classic_bike_rides
2025,2i5w-ykuw,Lyft,29,6,5,includes_classic_bike_rides
2025,2i5w-ykuw,Lyft,29,7,3,includes_classic_bike_rides
2025,2i5w-ykuw,Lyft,29,8,25,includes_classic_bike_rides
2025,2i5w-ykuw,Lyft,29,14,1,includes_classic_bike_rides
2025,2i5w-ykuw,Lyft,29,17,1,includes_classic_bike_rides
2025,2i5w-ykuw,Lyft,29,19,1,includes_classic_bike_rides
2025,2i5w-ykuw,Lyft,29,20,5,includes_classic_bike_rides
2025,2i5w-ykuw,Lyft,29,21,2,includes_classic_bike_rides
2025,2i5w-ykuw,Lyft,29,22,17,includes_classic_bike_rides
2025,2i5w-ykuw,Lyft,29,23,26,includes_classic_bike_rides
2025,2i5w-ykuw,Lyft,29,24,59,includes_classic_bike_rides
2025,2i5w-ykuw,Lyft,29,25,33,includes_classic_bike_rides
2025,2i5w-ykuw,Lyft,29,26,41,includes_classic_bike_rides
2025,2i5w-ykuw,Lyft,29,27,173,includes_classic_bike_rides
2025,2i5w-ykuw,Lyft,29,28,309,includes_classic_bike_rides
2025,2i5w-ykuw,Lyft,29,29,1209,includes_classic_bike_rides
2025,2i5w-ykuw,Lyft,29,30,325,includes_classic_bike_rides
2025,2i5w-ykuw,Lyft,29,31,64,includes_classic_bike_rides
2025,2i5w-ykuw,Lyft,29,32,35,includes_classic_bike_rides
2025,2i5w-ykuw,Lyft,29,33,8,includes_classic_bike_rides
2025,2i5w-ykuw,Lyft,29,34,5,includes_classic_bike_rides
2025,2i5w-ykuw,Lyft,29,35,2,includes_classic_bike_rides
2025,2i5w-ykuw,Lyft,29,39,2,includes_classic_bike_rides
2025,2i5w-ykuw,Lyft,29,41,2,includes_classic_bike_rides
2025,2i5w-ykuw,Lyft,29,57,1,includes_classic_bike_rides
2025,2i5w-ykuw,Lyft,29,58,2,includes_classic_bike_rides
2025,2i5w-ykuw,Lyft,29,59,2,includes_classic_bike_rides
2025,2i5w-ykuw,Lyft,29,60,10,includes_classic_bike_rides
2025,2i5w-ykuw,Lyft,29,63,1,includes_classic_bike_rides
2025,2i5w-ykuw,Lyft,29,67,1,includes_classic_bike_rides
2025,2i5w-ykuw,Lyft,30,,4,includes_classic_bike_rides
2025,2i5w-ykuw,Lyft,30,2,1,includes_classic_bike_rides
2025,2i5w-ykuw,Lyft,30,3,5,includes_classic_bike_rides
2025,2i5w-ykuw,Lyft,30,5,1,includes_classic_bike_rides
2025,2i5w-ykuw,Lyft,30,6,4,includes_classic_bike_rides
2025,2i5w-ykuw,Lyft,30,7,4,includes_classic_bike_rides
2025,2i5w-ykuw,Lyft,30,8,28,includes_classic_bike_rides
2025,2i5w-ykuw,Lyft,30,19,1,includes_classic_bike_rides
2025,2i5w-ykuw,Lyft,30,20,1,includes_classic_bike_rides
2025,2i5w-ykuw,Lyft,30,21,1,includes_classic_bike_rides
2025,2i5w-ykuw,Lyft,30,22,9,includes_classic_bike_rides
2025,2i5w-ykuw,Lyft,30,23,6,includes_classic_bike_rides
2025,2i5w-ykuw,Lyft,30,24,148,includes_classic_bike_rides
2025,2i5w-ykuw,Lyft,30,25,10,includes_classic_bike_rides
2025,2i5w-ykuw,Lyft,30,26,2,includes_classic_bike_rides
2025,2i5w-ykuw,Lyft,30,27,54,includes_classic_bike_rides
2025,2i5w-ykuw,Lyft,30,28,192,includes_classic_bike_rides
2025,2i5w-ykuw,Lyft,30,29,295,includes_classic_bike_rides
2025,2i5w-ykuw,Lyft,30,30,1258,includes_classic_bike_rides
2025,2i5w-ykuw,Lyft,30,31,300,includes_classic_bike_rides
2025,2i5w-ykuw,Lyft,30,32,22,includes_classic_bike_rides
2025,2i5w-ykuw,Lyft,30,33,20,includes_classic_bike_rides
2025,2i5w-ykuw,Lyft,30,34,13,includes_classic_bike_rides
2025,2i5w-ykuw,Lyft,30,35,34,includes_classic_bike_rides
2025,2i5w-ykuw,Lyft,30,38,3,includes_classic_bike_rides
2025,2i5w-ykuw,Lyft,30,44,1,includes_classic_bike_rides
2025,2i5w-ykuw,Lyft,30,56,1,includes_classic_bike_rides
2025,2i5w-ykuw,Lyft,30,57,10,includes_classic_bike_rides
2025,2i5w-ykuw,Lyft,30,58,39,includes_classic_bike_rides
2025,2i5w-ykuw,Lyft,30,59,21,includes_classic_bike_rides
2025,2i5w-ykuw,Lyft,30,60,25,includes_classic_bike_rides
2025,2i5w-ykuw,Lyft,30,61,6,includes_classic_bike_rides
2025,2i5w-ykuw,Lyft,30,62,2,includes_classic_bike_rides
2025,2i5w-ykuw,Lyft,30,63,3,includes_classic_bike_rides
2025,2i5w-ykuw,Lyft,30,66,4,includes_classic_bike_rides
2025,2i5w-ykuw,Lyft,30,75,1,includes_classic_bike_rides
2025,2i5w-ykuw,Lyft,30,77,2,includes_classic_bike_rides
2025,2i5w-ykuw,Lyft,31,1,3,includes_classic_bike_rides
2025,2i5w-ykuw,Lyft,31,2,1,includes_classic_bike_rides
2025,2i5w-ykuw,Lyft,31,3,19,includes_classic_bike_rides
2025,2i5w-ykuw,Lyft,31,4,10,includes_classic_bike_rides
2025,2i5w-ykuw,Lyft,31,5,20,includes_classic_bike_rides
2025,2i5w-ykuw,Lyft,31,6,54,includes_classic_bike_rides
2025,2i5w-ykuw,Lyft,31,7,193,includes_classic_bike_rides
2025,2i5w-ykuw,Lyft,31,8,586,includes_classic_bike_rides
2025,2i5w-ykuw,Lyft,31,13,1,includes_classic_bike_rides
2025,2i5w-ykuw,Lyft,31,19,4,includes_classic_bike_rides
2025,2i5w-ykuw,Lyft,31,21,4,includes_classic_bike_rides
2025,2i5w-ykuw,Lyft,31,22,126,includes_classic_bike_rides
2025,2i5w-ykuw,Lyft,31,23,26,includes_classic_bike_rides
2025,2i5w-ykuw,Lyft,31,24,474,includes_classic_bike_rides
2025,2i5w-ykuw,Lyft,31,25,2,includes_classic_bike_rides
2025,2i5w-ykuw,Lyft,31,26,3,includes_classic_bike_rides
2025,2i5w-ykuw,Lyft,31,27,21,includes_classic_bike_rides
2025,2i5w-ykuw,Lyft,31,28,8997,includes_classic_bike_rides
2025,2i5w-ykuw,Lyft,31,29,75,includes_classic_bike_rides
2025,2i5w-ykuw,Lyft,31,30,395,includes_classic_bike_rides
2025,2i5w-ykuw,Lyft,31,31,9901,includes_classic_bike_rides
2025,2i5w-ykuw,Lyft,31,32,1860,includes_classic_bike_rides
2025,2i5w-ykuw,Lyft,31,33,1597,includes_classic_bike_rides
2025,2i5w-ykuw,Lyft,31,34,1079,includes_classic_bike_rides
2025,2i5w-ykuw,Lyft,31,35,129,includes_classic_bike_rides
2025,2i5w-ykuw,Lyft,31,36,4,includes_classic_bike_rides
2025,2i5w-ykuw,Lyft,31,37,10,includes_classic_bike_rides
2025,2i5w-ykuw,Lyft,31,38,36,includes_classic_bike_rides
2025,2i5w-ykuw,Lyft,31,39,14,includes_classic_bike_rides
2025,2i5w-ykuw,Lyft,31,40,3,includes_classic_bike_rides
2025,2i5w-ykuw,Lyft,31,41,64,includes_classic_bike_rides
2025,2i5w-ykuw,Lyft,31,42,7,includes_classic_bike_rides
2025,2i5w-ykuw,Lyft,31,43,2,includes_classic_bike_rides
2025,2i5w-ykuw,Lyft,31,55,1,includes_classic_bike_rides
2025,2i5w-ykuw,Lyft,31,56,3,includes_classic_bike_rides
2025,2i5w-ykuw,Lyft,31,58,50,includes_classic_bike_rides
2025,2i5w-ykuw,Lyft,31,59,339,includes_classic_bike_rides
2025,2i5w-ykuw,Lyft,31,60,1329,includes_classic_bike_rides
2025,2i5w-ykuw,Lyft,31,61,58,includes_classic_bike_rides
2025,2i5w-ykuw,Lyft,31,62,3,includes_classic_bike_rides
2025,2i5w-ykuw,Lyft,31,63,14,includes_classic_bike_rides
2025,2i5w-ykuw,Lyft,31,66,1,includes_classic_bike_rides
2025,2i5w-ykuw,Lyft,31,67,3,includes_classic_bike_rides
2025,2i5w-ykuw,Lyft,31,68,5,includes_classic_bike_rides
2025,2i5w-ykuw,Lyft,31,69,1,includes_classic_bike_rides
2025,2i5w-ykuw,Lyft,31,71,3,includes_classic_bike_rides
2025,2i5w-ykuw,Lyft,31,77,4,includes_classic_bike_rides
2025,2i5w-ykuw,Lyft,32,,66,includes_classic_bike_rides
2025,2i5w-ykuw,Lyft,32,1,69,includes_classic_bike_rides
2025,2i5w-ykuw,Lyft,32,2,24,includes_classic_bike_rides
2025,2i5w-ykuw,Lyft,32,3,1668,includes_classic_bike_rides
2025,2i5w-ykuw,Lyft,32,4,195,includes_classic_bike_rides
2025,2i5w-ykuw,Lyft,32,5,460,includes_classic_bike_rides
2025,2i5w-ykuw,Lyft,32,6,6879,includes_classic_bike_rides
2025,2i5w-ykuw,Lyft,32,7,19580,includes_classic_bike_rides
2025,2i5w-ykuw,Lyft,32,8,116428,includes_classic_bike_rides
2025,2i5w-ykuw,Lyft,32,11,3,includes_classic_bike_rides
2025,2i5w-ykuw,Lyft,32,13,7,includes_classic_bike_rides
2025,2i5w-ykuw,Lyft,32,14,17,includes_classic_bike_rides
2025,2i5w-ykuw,Lyft,32,15,5,includes_classic_bike_rides
2025,2i5w-ykuw,Lyft,32,16,49,includes_classic_bike_rides
2025,2i5w-ykuw,Lyft,32,17,1,includes_classic_bike_rides
2025,2i5w-ykuw,Lyft,32,18,1,includes_classic_bike_rides
2025,2i5w-ykuw,Lyft,32,19,4,includes_classic_bike_rides
2025,2i5w-ykuw,Lyft,32,20,12,includes_classic_bike_rides
2025,2i5w-ykuw,Lyft,32,21,89,includes_classic_bike_rides
2025,2i5w-ykuw,Lyft,32,22,1402,includes_classic_bike_rides
2025,2i5w-ykuw,Lyft,32,23,60,includes_classic_bike_rides
2025,2i5w-ykuw,Lyft,32,24,10273,includes_classic_bike_rides
2025,2i5w-ykuw,Lyft,32,25,27,includes_classic_bike_rides
2025,2i5w-ykuw,Lyft,32,26,5,includes_classic_bike_rides
2025,2i5w-ykuw,Lyft,32,27,68,includes_classic_bike_rides
2025,2i5w-ykuw,Lyft,32,28,72200,includes_classic_bike_rides
2025,2i5w-ykuw,Lyft,32,29,72,includes_classic_bike_rides
2025,2i5w-ykuw,Lyft,32,30,29,includes_classic_bike_rides
2025,2i5w-ykuw,Lyft,32,31,2566,includes_classic_bike_rides
2025,2i5w-ykuw,Lyft,32,32,249464,includes_classic_bike_rides
2025,2i5w-ykuw,Lyft,32,33,36786,includes_classic_bike_rides
2025,2i5w-ykuw,Lyft,32,34,2609,includes_classic_bike_rides
2025,2i5w-ykuw,Lyft,32,35,1800,includes_classic_bike_rides
2025,2i5w-ykuw,Lyft,32,36,13,includes_classic_bike_rides
2025,2i5w-ykuw,Lyft,32,37,5,includes_classic_bike_rides
2025,2i5w-ykuw,Lyft,32,38,153,includes_classic_bike_rides
2025,2i5w-ykuw,Lyft,32,39,312,includes_classic_bike_rides
2025,2i5w-ykuw,Lyft,32,40,27,includes_classic_bike_rides
2025,2i5w-ykuw,Lyft,32,41,1798,includes_classic_bike_rides
2025,2i5w-ykuw,Lyft,32,42,182,includes_classic_bike_rides
2025,2i5w-ykuw,Lyft,32,43,49,includes_classic_bike_rides
2025,2i5w-ykuw,Lyft,32,44,4,includes_classic_bike_rides
2025,2i5w-ykuw,Lyft,32,45,2,includes_classic_bike_rides
2025,2i5w-ykuw,Lyft,32,46,1,includes_classic_bike_rides
2025,2i5w-ykuw,Lyft,32,50,2,includes_classic_bike_rides
2025,2i5w-ykuw,Lyft,32,51,1,includes_classic_bike_rides
2025,2i5w-ykuw,Lyft,32,52,2,includes_classic_bike_rides
2025,2i5w-ykuw,Lyft,32,56,2,includes_classic_bike_rides
2025,2i5w-ykuw,Lyft,32,57,1,includes_classic_bike_rides
2025,2i5w-ykuw,Lyft,32,58,4,includes_classic_bike_rides
2025,2i5w-ykuw,Lyft,32,59,28,includes_classic_bike_rides
2025,2i5w-ykuw,Lyft,32,60,589,includes_classic_bike_rides
2025,2i5w-ykuw,Lyft,32,61,20,includes_classic_bike_rides
2025,2i5w-ykuw,Lyft,32,62,1,includes_classic_bike_rides
2025,2i5w-ykuw,Lyft,32,63,7,includes_classic_bike_rides
2025,2i5w-ykuw,Lyft,32,66,3,includes_classic_bike_rides
2025,2i5w-ykuw,Lyft,32,67,1,includes_classic_bike_rides
2025,2i5w-ykuw,Lyft,32,68,4,includes_classic_bike_rides
2025,2i5w-ykuw,Lyft,32,71,3,includes_classic_bike_rides
2025,2i5w-ykuw,Lyft,32,77,588,includes_classic_bike_rides
2025,2i5w-ykuw,Lyft,33,,12,includes_classic_bike_rides
2025,2i5w-ykuw,Lyft,33,1,3,includes_classic_bike_rides
2025,2i5w-ykuw,Lyft,33,2,2,includes_classic_bike_rides
2025,2i5w-ykuw,Lyft,33,3,167,includes_classic_bike_rides
2025,2i5w-ykuw,Lyft,33,4,22,includes_classic_bike_rides
2025,2i5w-ykuw,Lyft,33,5,12,includes_classic_bike_rides
2025,2i5w-ykuw,Lyft,33,6,562,includes_classic_bike_rides
2025,2i5w-ykuw,Lyft,33,7,2065,includes_classic_bike_rides
2025,2i5w-ykuw,Lyft,33,8,10545,includes_classic_bike_rides
2025,2i5w-ykuw,Lyft,33,13,1,includes_classic_bike_rides
2025,2i5w-ykuw,Lyft,33,14,1,includes_classic_bike_rides
2025,2i5w-ykuw,Lyft,33,16,2,includes_classic_bike_rides
2025,2i5w-ykuw,Lyft,33,19,1,includes_classic_bike_rides
2025,2i5w-ykuw,Lyft,33,21,3,includes_classic_bike_rides
2025,2i5w-ykuw,Lyft,33,22,83,includes_classic_bike_rides
2025,2i5w-ykuw,Lyft,33,23,5,includes_classic_bike_rides
2025,2i5w-ykuw,Lyft,33,24,449,includes_classic_bike_rides
2025,2i5w-ykuw,Lyft,33,25,5,includes_classic_bike_rides
2025,2i5w-ykuw,Lyft,33,26,4,includes_classic_bike_rides
2025,2i5w-ykuw,Lyft,33,27,10,includes_classic_bike_rides
2025,2i5w-ykuw,Lyft,33,28,6420,includes_classic_bike_rides
2025,2i5w-ykuw,Lyft,33,29,20,includes_classic_bike_rides
2025,2i5w-ykuw,Lyft,33,30,29,includes_classic_bike_rides
2025,2i5w-ykuw,Lyft,33,31,1802,includes_classic_bike_rides
2025,2i5w-ykuw,Lyft,33,32,37635,includes_classic_bike_rides
2025,2i5w-ykuw,Lyft,33,33,33375,includes_classic_bike_rides
2025,2i5w-ykuw,Lyft,33,34,3259,includes_classic_bike_rides
2025,2i5w-ykuw,Lyft,33,35,2624,includes_classic_bike_rides
2025,2i5w-ykuw,Lyft,33,36,12,includes_classic_bike_rides
2025,2i5w-ykuw,Lyft,33,37,7,includes_classic_bike_rides
2025,2i5w-ykuw,Lyft,33,38,156,includes_classic_bike_rides
2025,2i5w-ykuw,Lyft,33,39,442,includes_classic_bike_rides
2025,2i5w-ykuw,Lyft,33,40,14,includes_classic_bike_rides
2025,2i5w-ykuw,Lyft,33,41,1465,includes_classic_bike_rides
2025,2i5w-ykuw,Lyft,33,42,167,includes_classic_bike_rides
2025,2i5w-ykuw,Lyft,33,43,106,includes_classic_bike_rides
2025,2i5w-ykuw,Lyft,33,44,6,includes_classic_bike_rides
2025,2i5w-ykuw,Lyft,33,46,2,includes_classic_bike_rides
2025,2i5w-ykuw,Lyft,33,52,2,includes_classic_bike_rides
2025,2i5w-ykuw,Lyft,33,56,1,includes_classic_bike_rides
2025,2i5w-ykuw,Lyft,33,58,6,includes_classic_bike_rides
2025,2i5w-ykuw,Lyft,33,59,102,includes_classic_bike_rides
2025,2i5w-ykuw,Lyft,33,60,577,includes_classic_bike_rides
2025,2i5w-ykuw,Lyft,33,61,24,includes_classic_bike_rides
2025,2i5w-ykuw,Lyft,33,63,6,includes_classic_bike_rides
2025,2i5w-ykuw,Lyft,33,64,1,includes_classic_bike_rides
2025,2i5w-ykuw,Lyft,33,65,1,includes_classic_bike_rides
2025,2i5w-ykuw,Lyft,33,66,1,includes_classic_bike_rides
2025,2i5w-ykuw,Lyft,33,68,2,includes_classic_bike_rides
2025,2i5w-ykuw,Lyft,33,69,3,includes_classic_bike_rides
2025,2i5w-ykuw,Lyft,33,72,1,includes_classic_bike_rides
2025,2i5w-ykuw,Lyft,33,77,71,includes_classic_bike_rides
2025,2i5w-ykuw,Lyft,34,3,8,includes_classic_bike_rides
2025,2i5w-ykuw,Lyft,34,5,7,includes_classic_bike_rides
2025,2i5w-ykuw,Lyft,34,6,35,includes_classic_bike_rides
2025,2i5w-ykuw,Lyft,34,7,93,includes_classic_bike_rides
2025,2i5w-ykuw,Lyft,34,8,556,includes_classic_bike_rides
2025,2i5w-ykuw,Lyft,34,16,2,includes_classic_bike_rides
2025,2i5w-ykuw,Lyft,34,19,1,includes_classic_bike_rides
2025,2i5w-ykuw,Lyft,34,21,8,includes_classic_bike_rides
2025,2i5w-ykuw,Lyft,34,22,40,includes_classic_bike_rides
2025,2i5w-ykuw,Lyft,34,23,10,includes_classic_bike_rides
2025,2i5w-ykuw,Lyft,34,24,153,includes_classic_bike_rides
2025,2i5w-ykuw,Lyft,34,26,1,includes_classic_bike_rides
2025,2i5w-ykuw,Lyft,34,27,2,includes_classic_bike_rides
2025,2i5w-ykuw,Lyft,34,28,1207,includes_classic_bike_rides
2025,2i5w-ykuw,Lyft,34,29,9,includes_classic_bike_rides
2025,2i5w-ykuw,Lyft,34,30,17,includes_classic_bike_rides
2025,2i5w-ykuw,Lyft,34,31,1159,includes_classic_bike_rides
2025,2i5w-ykuw,Lyft,34,32,2079,includes_classic_bike_rides
2025,2i5w-ykuw,Lyft,34,33,2937,includes_classic_bike_rides
2025,2i5w-ykuw,Lyft,34,34,5406,includes_classic_bike_rides
2025,2i5w-ykuw,Lyft,34,35,1467,includes_classic_bike_rides
2025,2i5w-ykuw,Lyft,34,36,9,includes_classic_bike_rides
2025,2i5w-ykuw,Lyft,34,37,22,includes_classic_bike_rides
2025,2i5w-ykuw,Lyft,34,38,44,includes_classic_bike_rides
2025,2i5w-ykuw,Lyft,34,39,14,includes_classic_bike_rides
2025,2i5w-ykuw,Lyft,34,40,3,includes_classic_bike_rides
2025,2i5w-ykuw,Lyft,34,41,121,includes_classic_bike_rides
2025,2i5w-ykuw,Lyft,34,42,17,includes_classic_bike_rides
2025,2i5w-ykuw,Lyft,34,43,3,includes_classic_bike_rides
2025,2i5w-ykuw,Lyft,34,58,19,includes_classic_bike_rides
2025,2i5w-ykuw,Lyft,34,59,131,includes_classic_bike_rides
2025,2i5w-ykuw,Lyft,34,60,2774,includes_classic_bike_rides
2025,2i5w-ykuw,Lyft,34,61,146,includes_classic_bike_rides
2025,2i5w-ykuw,Lyft,34,62,1,includes_classic_bike_rides
2025,2i5w-ykuw,Lyft,34,66,2,includes_classic_bike_rides
2025,2i5w-ykuw,Lyft,34,67,1,includes_classic_bike_rides
2025,2i5w-ykuw,Lyft,34,68,4,includes_classic_bike_rides
2025,2i5w-ykuw,Lyft,34,69,3,includes_classic_bike_rides
2025,2i5w-ykuw,Lyft,34,71,1,includes_classic_bike_rides
2025,2i5w-ykuw,Lyft,34,77,3,includes_classic_bike_rides
2025,2i5w-ykuw,Lyft,35,,4,includes_classic_bike_rides
2025,2i5w-ykuw,Lyft,35,1,2,includes_classic_bike_rides
2025,2i5w-ykuw,Lyft,35,3,10,includes_classic_bike_rides
2025,2i5w-ykuw,Lyft,35,4,1,includes_classic_bike_rides
2025,2i5w-ykuw,Lyft,35,5,2,includes_classic_bike_rides
2025,2i5w-ykuw,Lyft,35,6,17,includes_classic_bike_rides
2025,2i5w-ykuw,Lyft,35,7,130,includes_classic_bike_rides
2025,2i5w-ykuw,Lyft,35,8,653,includes_classic_bike_rides
2025,2i5w-ykuw,Lyft,35,21,1,includes_classic_bike_rides
2025,2i5w-ykuw,Lyft,35,22,2,includes_classic_bike_rides
2025,2i5w-ykuw,Lyft,35,24,17,includes_classic_bike_rides
2025,2i5w-ykuw,Lyft,35,26,1,includes_classic_bike_rides
2025,2i5w-ykuw,Lyft,35,28,299,includes_classic_bike_rides
2025,2i5w-ykuw,Lyft,35,29,1,includes_classic_bike_rides
2025,2i5w-ykuw,Lyft,35,30,79,includes_classic_bike_rides
2025,2i5w-ykuw,Lyft,35,31,117,includes_classic_bike_rides
2025,2i5w-ykuw,Lyft,35,32,1599,includes_classic_bike_rides
2025,2i5w-ykuw,Lyft,35,33,2583,includes_classic_bike_rides
2025,2i5w-ykuw,Lyft,35,34,1663,includes_classic_bike_rides
2025,2i5w-ykuw,Lyft,35,35,16362,includes_classic_bike_rides
2025,2i5w-ykuw,Lyft,35,36,112,includes_classic_bike_rides
2025,2i5w-ykuw,Lyft,35,37,25,includes_classic_bike_rides
2025,2i5w-ykuw,Lyft,35,38,548,includes_classic_bike_rides
2025,2i5w-ykuw,Lyft,35,39,324,includes_classic_bike_rides
2025,2i5w-ykuw,Lyft,35,40,42,includes_classic_bike_rides
2025,2i5w-ykuw,Lyft,35,41,677,includes_classic_bike_rides
2025,2i5w-ykuw,Lyft,35,42,162,includes_classic_bike_rides
2025,2i5w-ykuw,Lyft,35,43,34,includes_classic_bike_rides
2025,2i5w-ykuw,Lyft,35,44,6,includes_classic_bike_rides
2025,2i5w-ykuw,Lyft,35,56,1,includes_classic_bike_rides
2025,2i5w-ykuw,Lyft,35,57,2,includes_classic_bike_rides
2025,2i5w-ykuw,Lyft,35,58,2,includes_classic_bike_rides
2025,2i5w-ykuw,Lyft,35,59,77,includes_classic_bike_rides
2025,2i5w-ykuw,Lyft,35,60,964,includes_classic_bike_rides
2025,2i5w-ykuw,Lyft,35,61,30,includes_classic_bike_rides
2025,2i5w-ykuw,Lyft,35,63,1,includes_classic_bike_rides
2025,2i5w-ykuw,Lyft,35,67,2,includes_classic_bike_rides
2025,2i5w-ykuw,Lyft,35,68,6,includes_classic_bike_rides
2025,2i5w-ykuw,Lyft,35,69,9,includes_classic_bike_rides
2025,2i5w-ykuw,Lyft,35,77,14,includes_classic_bike_rides
2025,2i5w-ykuw,Lyft,36,7,1,includes_classic_bike_rides
2025,2i5w-ykuw,Lyft,36,8,1,includes_classic_bike_rides
2025,2i5w-ykuw,Lyft,36,31,5,includes_classic_bike_rides
2025,2i5w-ykuw,Lyft,36,32,5,includes_classic_bike_rides
2025,2i5w-ykuw,Lyft,36,33,5,includes_classic_bike_rides
2025,2i5w-ykuw,Lyft,36,34,4,includes_classic_bike_rides
2025,2i5w-ykuw,Lyft,36,35,87,includes_classic_bike_rides
2025,2i5w-ykuw,Lyft,36,36,126,includes_classic_bike_rides
2025,2i5w-ykuw,Lyft,36,38,53,includes_classic_bike_rides
2025,2i5w-ykuw,Lyft,36,39,34,includes_classic_bike_rides
2025,2i5w-ykuw,Lyft,36,40,1,includes_classic_bike_rides
2025,2i5w-ykuw,Lyft,36,41,14,includes_classic_bike_rides
2025,2i5w-ykuw,Lyft,36,42,4,includes_classic_bike_rides
2025,2i5w-ykuw,Lyft,36,43,1,includes_classic_bike_rides
2025,2i5w-ykuw,Lyft,36,60,4,includes_classic_bike_rides
2025,2i5w-ykuw,Lyft,36,69,1,includes_classic_bike_rides
2025,2i5w-ykuw,Lyft,37,31,2,includes_classic_bike_rides
2025,2i5w-ykuw,Lyft,37,32,1,includes_classic_bike_rides
2025,2i5w-ykuw,Lyft,37,33,4,includes_classic_bike_rides
2025,2i5w-ykuw,Lyft,37,34,6,includes_classic_bike_rides
2025,2i5w-ykuw,Lyft,37,35,19,includes_classic_bike_rides
2025,2i5w-ykuw,Lyft,37,37,98,includes_classic_bike_rides
2025,2i5w-ykuw,Lyft,37,38,54,includes_classic_bike_rides
2025,2i5w-ykuw,Lyft,37,39,29,includes_classic_bike_rides
2025,2i5w-ykuw,Lyft,37,40,48,includes_classic_bike_rides
2025,2i5w-ykuw,Lyft,37,41,101,includes_classic_bike_rides
2025,2i5w-ykuw,Lyft,37,42,18,includes_classic_bike_rides
2025,2i5w-ykuw,Lyft,37,43,1,includes_classic_bike_rides
2025,2i5w-ykuw,Lyft,37,58,3,includes_classic_bike_rides
2025,2i5w-ykuw,Lyft,37,60,9,includes_classic_bike_rides
2025,2i5w-ykuw,Lyft,37,61,133,includes_classic_bike_rides
2025,2i5w-ykuw,Lyft,37,63,1,includes_classic_bike_rides
2025,2i5w-ykuw,Lyft,37,67,6,includes_classic_bike_rides
2025,2i5w-ykuw,Lyft,37,68,19,includes_classic_bike_rides
2025,2i5w-ykuw,Lyft,37,69,1,includes_classic_bike_rides
2025,2i5w-ykuw,Lyft,38,6,2,includes_classic_bike_rides
2025,2i5w-ykuw,Lyft,38,7,11,includes_classic_bike_rides
2025,2i5w-ykuw,Lyft,38,8,22,includes_classic_bike_rides
2025,2i5w-ykuw,Lyft,38,22,2,includes_classic_bike_rides
2025,2i5w-ykuw,Lyft,38,24,3,includes_classic_bike_rides
2025,2i5w-ykuw,Lyft,38,28,20,includes_classic_bike_rides
2025,2i5w-ykuw,Lyft,38,29,2,includes_classic_bike_rides
2025,2i5w-ykuw,Lyft,38,30,2,includes_classic_bike_rides
2025,2i5w-ykuw,Lyft,38,31,28,includes_classic_bike_rides
2025,2i5w-ykuw,Lyft,38,32,86,includes_classic_bike_rides
2025,2i5w-ykuw,Lyft,38,33,109,includes_classic_bike_rides
2025,2i5w-ykuw,Lyft,38,34,37,includes_classic_bike_rides
2025,2i5w-ykuw,Lyft,38,35,403,includes_classic_bike_rides
2025,2i5w-ykuw,Lyft,38,36,53,includes_classic_bike_rides
2025,2i5w-ykuw,Lyft,38,37,70,includes_classic_bike_rides
2025,2i5w-ykuw,Lyft,38,38,1413,includes_classic_bike_rides
2025,2i5w-ykuw,Lyft,38,39,483,includes_classic_bike_rides
2025,2i5w-ykuw,Lyft,38,40,332,includes_classic_bike_rides
2025,2i5w-ykuw,Lyft,38,41,626,includes_classic_bike_rides
2025,2i5w-ykuw,Lyft,38,42,89,includes_classic_bike_rides
2025,2i5w-ykuw,Lyft,38,43,5,includes_classic_bike_rides
2025,2i5w-ykuw,Lyft,38,44,4,includes_classic_bike_rides
2025,2i5w-ykuw,Lyft,38,45,1,includes_classic_bike_rides
2025,2i5w-ykuw,Lyft,38,46,2,includes_classic_bike_rides
2025,2i5w-ykuw,Lyft,38,56,2,includes_classic_bike_rides
2025,2i5w-ykuw,Lyft,38,58,3,includes_classic_bike_rides
2025,2i5w-ykuw,Lyft,38,59,3,includes_classic_bike_rides
2025,2i5w-ykuw,Lyft,38,60,23,includes_classic_bike_rides
2025,2i5w-ykuw,Lyft,38,61,54,includes_classic_bike_rides
2025,2i5w-ykuw,Lyft,38,63,1,includes_classic_bike_rides
2025,2i5w-ykuw,Lyft,38,66,1,includes_classic_bike_rides
2025,2i5w-ykuw,Lyft,38,67,2,includes_classic_bike_rides
2025,2i5w-ykuw,Lyft,38,68,4,includes_classic_bike_rides
2025,2i5w-ykuw,Lyft,38,69,8,includes_classic_bike_rides
2025,2i5w-ykuw,Lyft,38,71,2,includes_classic_bike_rides
2025,2i5w-ykuw,Lyft,39,3,3,includes_classic_bike_rides
2025,2i5w-ykuw,Lyft,39,4,1,includes_classic_bike_rides
2025,2i5w-ykuw,Lyft,39,7,26,includes_classic_bike_rides
2025,2i5w-ykuw,Lyft,39,8,72,includes_classic_bike_rides
2025,2i5w-ykuw,Lyft,39,22,2,includes_classic_bike_rides
2025,2i5w-ykuw,Lyft,39,24,6,includes_classic_bike_rides
2025,2i5w-ykuw,Lyft,39,28,77,includes_classic_bike_rides
2025,2i5w-ykuw,Lyft,39,30,1,includes_classic_bike_rides
2025,2i5w-ykuw,Lyft,39,31,9,includes_classic_bike_rides
2025,2i5w-ykuw,Lyft,39,32,357,includes_classic_bike_rides
2025,2i5w-ykuw,Lyft,39,33,287,includes_classic_bike_rides
2025,2i5w-ykuw,Lyft,39,34,22,includes_classic_bike_rides
2025,2i5w-ykuw,Lyft,39,35,327,includes_classic_bike_rides
2025,2i5w-ykuw,Lyft,39,36,26,includes_classic_bike_rides
2025,2i5w-ykuw,Lyft,39,37,58,includes_classic_bike_rides
2025,2i5w-ykuw,Lyft,39,38,559,includes_classic_bike_rides
2025,2i5w-ykuw,Lyft,39,39,2238,includes_classic_bike_rides
2025,2i5w-ykuw,Lyft,39,40,53,includes_classic_bike_rides
2025,2i5w-ykuw,Lyft,39,41,3458,includes_classic_bike_rides
2025,2i5w-ykuw,Lyft,39,42,348,includes_classic_bike_rides
2025,2i5w-ykuw,Lyft,39,43,53,includes_classic_bike_rides
2025,2i5w-ykuw,Lyft,39,44,12,includes_classic_bike_rides
2025,2i5w-ykuw,Lyft,39,45,1,includes_classic_bike_rides
2025,2i5w-ykuw,Lyft,39,46,2,includes_classic_bike_rides
2025,2i5w-ykuw,Lyft,39,59,2,includes_classic_bike_rides
2025,2i5w-ykuw,Lyft,39,60,10,includes_classic_bike_rides
2025,2i5w-ykuw,Lyft,39,61,7,includes_classic_bike_rides
2025,2i5w-ykuw,Lyft,39,68,5,includes_classic_bike_rides
2025,2i5w-ykuw,Lyft,39,69,5,includes_classic_bike_rides
2025,2i5w-ykuw,Lyft,39,71,3,includes_classic_bike_rides
2025,2i5w-ykuw,Lyft,39,77,2,includes_classic_bike_rides
2025,2i5w-ykuw,Lyft,40,6,1,includes_classic_bike_rides
2025,2i5w-ykuw,Lyft,40,8,1,includes_classic_bike_rides
2025,2i5w-ykuw,Lyft,40,28,8,includes_classic_bike_rides
2025,2i5w-ykuw,Lyft,40,29,1,includes_classic_bike_rides
2025,2i5w-ykuw,Lyft,40,31,1,includes_classic_bike_rides
2025,2i5w-ykuw,Lyft,40,32,14,includes_classic_bike_rides
2025,2i5w-ykuw,Lyft,40,33,9,includes_classic_bike_rides
2025,2i5w-ykuw,Lyft,40,34,2,includes_classic_bike_rides
2025,2i5w-ykuw,Lyft,40,35,44,includes_classic_bike_rides
2025,2i5w-ykuw,Lyft,40,36,1,includes_classic_bike_rides
2025,2i5w-ykuw,Lyft,40,37,51,includes_classic_bike_rides
2025,2i5w-ykuw,Lyft,40,38,297,includes_classic_bike_rides
2025,2i5w-ykuw,Lyft,40,39,35,includes_classic_bike_rides
2025,2i5w-ykuw,Lyft,40,40,716,includes_classic_bike_rides
2025,2i5w-ykuw,Lyft,40,41,552,includes_classic_bike_rides
2025,2i5w-ykuw,Lyft,40,42,199,includes_classic_bike_rides
2025,2i5w-ykuw,Lyft,40,43,12,includes_classic_bike_rides
2025,2i5w-ykuw,Lyft,40,44,5,includes_classic_bike_rides
2025,2i5w-ykuw,Lyft,40,48,1,includes_classic_bike_rides
2025,2i5w-ykuw,Lyft,40,58,1,includes_classic_bike_rides
2025,2i5w-ykuw,Lyft,40,59,2,includes_classic_bike_rides
2025,2i5w-ykuw,Lyft,40,60,8,includes_classic_bike_rides
2025,2i5w-ykuw,Lyft,40,61,9,includes_classic_bike_rides
2025,2i5w-ykuw,Lyft,40,63,2,includes_classic_bike_rides
2025,2i5w-ykuw,Lyft,40,66,2,includes_classic_bike_rides
2025,2i5w-ykuw,Lyft,40,67,8,includes_classic_bike_rides
2025,2i5w-ykuw,Lyft,40,68,19,includes_classic_bike_rides
2025,2i5w-ykuw,Lyft,40,69,35,includes_classic_bike_rides
2025,2i5w-ykuw,Lyft,40,70,1,includes_classic_bike_rides
2025,2i5w-ykuw,Lyft,40,73,1,includes_classic_bike_rides
2025,2i5w-ykuw,Lyft,41,,10,includes_classic_bike_rides
2025,2i5w-ykuw,Lyft,41,1,1,includes_classic_bike_rides
2025,2i5w-ykuw,Lyft,41,3,31,includes_classic_bike_rides
2025,2i5w-ykuw,Lyft,41,4,2,includes_classic_bike_rides
2025,2i5w-ykuw,Lyft,41,5,1,includes_classic_bike_rides
2025,2i5w-ykuw,Lyft,41,6,43,includes_classic_bike_rides
2025,2i5w-ykuw,Lyft,41,7,201,includes_classic_bike_rides
2025,2i5w-ykuw,Lyft,41,8,599,includes_classic_bike_rides
2025,2i5w-ykuw,Lyft,41,22,9,includes_classic_bike_rides
2025,2i5w-ykuw,Lyft,41,23,1,includes_classic_bike_rides
2025,2i5w-ykuw,Lyft,41,24,20,includes_classic_bike_rides
2025,2i5w-ykuw,Lyft,41,28,90,includes_classic_bike_rides
2025,2i5w-ykuw,Lyft,41,29,1,includes_classic_bike_rides
2025,2i5w-ykuw,Lyft,41,31,88,includes_classic_bike_rides
2025,2i5w-ykuw,Lyft,41,32,1947,includes_classic_bike_rides
2025,2i5w-ykuw,Lyft,41,33,1574,includes_classic_bike_rides
2025,2i5w-ykuw,Lyft,41,34,187,includes_classic_bike_rides
2025,2i5w-ykuw,Lyft,41,35,739,includes_classic_bike_rides
2025,2i5w-ykuw,Lyft,41,36,17,includes_classic_bike_rides
2025,2i5w-ykuw,Lyft,41,37,130,includes_classic_bike_rides
2025,2i5w-ykuw,Lyft,41,38,808,includes_classic_bike_rides
2025,2i5w-ykuw,Lyft,41,39,3359,includes_classic_bike_rides
2025,2i5w-ykuw,Lyft,41,40,599,includes_classic_bike_rides
2025,2i5w-ykuw,Lyft,41,41,70290,includes_classic_bike_rides
2025,2i5w-ykuw,Lyft,41,42,14870,includes_classic_bike_rides
2025,2i5w-ykuw,Lyft,41,43,258,includes_classic_bike_rides
2025,2i5w-ykuw,Lyft,41,44,10,includes_classic_bike_rides
2025,2i5w-ykuw,Lyft,41,45,1,includes_classic_bike_rides
2025,2i5w-ykuw,Lyft,41,46,21,includes_classic_bike_rides
2025,2i5w-ykuw,Lyft,41,49,1,includes_classic_bike_rides
2025,2i5w-ykuw,Lyft,41,50,1,includes_classic_bike_rides
2025,2i5w-ykuw,Lyft,41,51,1,includes_classic_bike_rides
2025,2i5w-ykuw,Lyft,41,52,16,includes_classic_bike_rides
2025,2i5w-ykuw,Lyft,41,56,1,includes_classic_bike_rides
2025,2i5w-ykuw,Lyft,41,59,4,includes_classic_bike_rides
2025,2i5w-ykuw,Lyft,41,60,61,includes_classic_bike_rides
2025,2i5w-ykuw,Lyft,41,61,14,includes_classic_bike_rides
2025,2i5w-ykuw,Lyft,41,62,1,includes_classic_bike_rides
2025,2i5w-ykuw,Lyft,41,63,2,includes_classic_bike_rides
2025,2i5w-ykuw,Lyft,41,66,1,includes_classic_bike_rides
2025,2i5w-ykuw,Lyft,41,67,7,includes_classic_bike_rides
2025,2i5w-ykuw,Lyft,41,68,15,includes_classic_bike_rides
2025,2i5w-ykuw,Lyft,41,69,22,includes_classic_bike_rides
2025,2i5w-ykuw,Lyft,41,71,3,includes_classic_bike_rides
2025,2i5w-ykuw,Lyft,41,77,18,includes_classic_bike_rides
2025,2i5w-ykuw,Lyft,42,,3,includes_classic_bike_rides
2025,2i5w-ykuw,Lyft,42,3,6,includes_classic_bike_rides
2025,2i5w-ykuw,Lyft,42,6,1,includes_classic_bike_rides
2025,2i5w-ykuw,Lyft,42,7,16,includes_classic_bike_rides
2025,2i5w-ykuw,Lyft,42,8,50,includes_classic_bike_rides
2025,2i5w-ykuw,Lyft,42,22,2,includes_classic_bike_rides
2025,2i5w-ykuw,Lyft,42,23,2,includes_classic_bike_rides
2025,2i5w-ykuw,Lyft,42,24,1,includes_classic_bike_rides
2025,2i5w-ykuw,Lyft,42,28,9,includes_classic_bike_rides
2025,2i5w-ykuw,Lyft,42,31,6,includes_classic_bike_rides
2025,2i5w-ykuw,Lyft,42,32,174,includes_classic_bike_rides
2025,2i5w-ykuw,Lyft,42,33,196,includes_classic_bike_rides
2025,2i5w-ykuw,Lyft,42,34,12,includes_classic_bike_rides
2025,2i5w-ykuw,Lyft,42,35,166,includes_classic_bike_rides
2025,2i5w-ykuw,Lyft,42,36,6,includes_classic_bike_rides
2025,2i5w-ykuw,Lyft,42,37,25,includes_classic_bike_rides
2025,2i5w-ykuw,Lyft,42,38,70,includes_classic_bike_rides
2025,2i5w-ykuw,Lyft,42,39,344,includes_classic_bike_rides
2025,2i5w-ykuw,Lyft,42,40,164,includes_classic_bike_rides
2025,2i5w-ykuw,Lyft,42,41,14800,includes_classic_bike_rides
2025,2i5w-ykuw,Lyft,42,42,3435,includes_classic_bike_rides
2025,2i5w-ykuw,Lyft,42,43,219,includes_classic_bike_rides
2025,2i5w-ykuw,Lyft,42,44,18,includes_classic_bike_rides
2025,2i5w-ykuw,Lyft,42,45,5,includes_classic_bike_rides
2025,2i5w-ykuw,Lyft,42,46,13,includes_classic_bike_rides
2025,2i5w-ykuw,Lyft,42,48,4,includes_classic_bike_rides
2025,2i5w-ykuw,Lyft,42,49,1,includes_classic_bike_rides
2025,2i5w-ykuw,Lyft,42,52,6,includes_classic_bike_rides
2025,2i5w-ykuw,Lyft,42,56,2,includes_classic_bike_rides
2025,2i5w-ykuw,Lyft,42,58,1,includes_classic_bike_rides
2025,2i5w-ykuw,Lyft,42,60,5,includes_classic_bike_rides
2025,2i5w-ykuw,Lyft,42,61,5,includes_classic_bike_rides
2025,2i5w-ykuw,Lyft,42,66,1,includes_classic_bike_rides
2025,2i5w-ykuw,Lyft,42,68,54,includes_classic_bike_rides
2025,2i5w-ykuw,Lyft,42,69,53,includes_classic_bike_rides
2025,2i5w-ykuw,Lyft,42,73,1,includes_classic_bike_rides
2025,2i5w-ykuw,Lyft,42,77,9,includes_classic_bike_rides
2025,2i5w-ykuw,Lyft,43,3,3,includes_classic_bike_rides
2025,2i5w-ykuw,Lyft,43,6,2,includes_classic_bike_rides
2025,2i5w-ykuw,Lyft,43,7,7,includes_classic_bike_rides
2025,2i5w-ykuw,Lyft,43,8,18,includes_classic_bike_rides
2025,2i5w-ykuw,Lyft,43,28,6,includes_classic_bike_rides
2025,2i5w-ykuw,Lyft,43,32,41,includes_classic_bike_rides
2025,2i5w-ykuw,Lyft,43,33,104,includes_classic_bike_rides
2025,2i5w-ykuw,Lyft,43,34,1,includes_classic_bike_rides
2025,2i5w-ykuw,Lyft,43,35,28,includes_classic_bike_rides
2025,2i5w-ykuw,Lyft,43,37,1,includes_classic_bike_rides
2025,2i5w-ykuw,Lyft,43,38,6,includes_classic_bike_rides
2025,2i5w-ykuw,Lyft,43,39,39,includes_classic_bike_rides
2025,2i5w-ykuw,Lyft,43,40,8,includes_classic_bike_rides
2025,2i5w-ykuw,Lyft,43,41,237,includes_classic_bike_rides
2025,2i5w-ykuw,Lyft,43,42,207,includes_classic_bike_rides
2025,2i5w-ykuw,Lyft,43,43,862,includes_classic_bike_rides
2025,2i5w-ykuw,Lyft,43,44,24,includes_classic_bike_rides
2025,2i5w-ykuw,Lyft,43,45,23,includes_classic_bike_rides
2025,2i5w-ykuw,Lyft,43,46,79,includes_classic_bike_rides
2025,2i5w-ykuw,Lyft,43,48,2,includes_classic_bike_rides
2025,2i5w-ykuw,Lyft,43,49,2,includes_classic_bike_rides
2025,2i5w-ykuw,Lyft,43,51,4,includes_classic_bike_rides
2025,2i5w-ykuw,Lyft,43,52,18,includes_classic_bike_rides
2025,2i5w-ykuw,Lyft,43,60,1,includes_classic_bike_rides
2025,2i5w-ykuw,Lyft,43,61,2,includes_classic_bike_rides
2025,2i5w-ykuw,Lyft,43,66,2,includes_classic_bike_rides
2025,2i5w-ykuw,Lyft,43,67,3,includes_classic_bike_rides
2025,2i5w-ykuw,Lyft,43,68,1,includes_classic_bike_rides
2025,2i5w-ykuw,Lyft,43,69,26,includes_classic_bike_rides
2025,2i5w-ykuw,Lyft,43,71,7,includes_classic_bike_rides
2025,2i5w-ykuw,Lyft,43,76,1,includes_classic_bike_rides
2025,2i5w-ykuw,Lyft,43,77,13,includes_classic_bike_rides
2025,2i5w-ykuw,Lyft,44,8,2,includes_classic_bike_rides
2025,2i5w-ykuw,Lyft,44,32,1,includes_classic_bike_rides
2025,2i5w-ykuw,Lyft,44,37,1,includes_classic_bike_rides
2025,2i5w-ykuw,Lyft,44,38,1,includes_classic_bike_rides
2025,2i5w-ykuw,Lyft,44,39,12,includes_classic_bike_rides
2025,2i5w-ykuw,Lyft,44,40,2,includes_classic_bike_rides
2025,2i5w-ykuw,Lyft,44,41,6,includes_classic_bike_rides
2025,2i5w-ykuw,Lyft,44,42,4,includes_classic_bike_rides
2025,2i5w-ykuw,Lyft,44,43,17,includes_classic_bike_rides
2025,2i5w-ykuw,Lyft,44,44,550,includes_classic_bike_rides
2025,2i5w-ykuw,Lyft,44,45,31,includes_classic_bike_rides
2025,2i5w-ykuw,Lyft,44,46,2,includes_classic_bike_rides
2025,2i5w-ykuw,Lyft,44,47,1,includes_classic_bike_rides
2025,2i5w-ykuw,Lyft,44,48,16,includes_classic_bike_rides
2025,2i5w-ykuw,Lyft,44,49,21,includes_classic_bike_rides
2025,2i5w-ykuw,Lyft,44,50,1,includes_classic_bike_rides
2025,2i5w-ykuw,Lyft,44,51,2,includes_classic_bike_rides
2025,2i5w-ykuw,Lyft,44,63,1,includes_classic_bike_rides
2025,2i5w-ykuw,Lyft,44,67,4,includes_classic_bike_rides
2025,2i5w-ykuw,Lyft,44,68,23,includes_classic_bike_rides
2025,2i5w-ykuw,Lyft,44,69,40,includes_classic_bike_rides
2025,2i5w-ykuw,Lyft,44,71,22,includes_classic_bike_rides
2025,2i5w-ykuw,Lyft,44,73,11,includes_classic_bike_rides
2025,2i5w-ykuw,Lyft,45,42,4,includes_classic_bike_rides
2025,2i5w-ykuw,Lyft,45,43,24,includes_classic_bike_rides
2025,2i5w-ykuw,Lyft,45,44,12,includes_classic_bike_rides
2025,2i5w-ykuw,Lyft,45,45,52,includes_classic_bike_rides
2025,2i5w-ykuw,Lyft,45,46,11,includes_classic_bike_rides
2025,2i5w-ykuw,Lyft,45,48,7,includes_classic_bike_rides
2025,2i5w-ykuw,Lyft,45,49,1,includes_classic_bike_rides
2025,2i5w-ykuw,Lyft,45,51,1,includes_classic_bike_rides
2025,2i5w-ykuw,Lyft,45,52,1,includes_classic_bike_rides
2025,2i5w-ykuw,Lyft,45,69,2,includes_classic_bike_rides
2025,2i5w-ykuw,Lyft,46,32,5,includes_classic_bike_rides
2025,2i5w-ykuw,Lyft,46,35,1,includes_classic_bike_rides
2025,2i5w-ykuw,Lyft,46,38,2,includes_classic_bike_rides
2025,2i5w-ykuw,Lyft,46,39,1,includes_classic_bike_rides
2025,2i5w-ykuw,Lyft,46,41,15,includes_classic_bike_rides
2025,2i5w-ykuw,Lyft,46,42,8,includes_classic_bike_rides
2025,2i5w-ykuw,Lyft,46,43,71,includes_classic_bike_rides
2025,2i5w-ykuw,Lyft,46,44,4,includes_classic_bike_rides
2025,2i5w-ykuw,Lyft,46,45,4,includes_classic_bike_rides
2025,2i5w-ykuw,Lyft,46,46,172,includes_classic_bike_rides
2025,2i5w-ykuw,Lyft,46,48,7,includes_classic_bike_rides
2025,2i5w-ykuw,Lyft,46,51,9,includes_classic_bike_rides
2025,2i5w-ykuw,Lyft,46,52,26,includes_classic_bike_rides
2025,2i5w-ykuw,Lyft,46,69,1,includes_classic_bike_rides
2025,2i5w-ykuw,Lyft,47,44,1,includes_classic_bike_rides
2025,2i5w-ykuw,Lyft,47,47,4,includes_classic_bike_rides
2025,2i5w-ykuw,Lyft,47,48,1,includes_classic_bike_rides
2025,2i5w-ykuw,Lyft,47,50,1,includes_classic_bike_rides
2025,2i5w-ykuw,Lyft,48,8,1,includes_classic_bike_rides
2025,2i5w-ykuw,Lyft,48,43,7,includes_classic_bike_rides
2025,2i5w-ykuw,Lyft,48,44,1,includes_classic_bike_rides
2025,2i5w-ykuw,Lyft,48,45,7,includes_classic_bike_rides
2025,2i5w-ykuw,Lyft,48,46,10,includes_classic_bike_rides
2025,2i5w-ykuw,Lyft,48,47,1,includes_classic_bike_rides
2025,2i5w-ykuw,Lyft,48,48,28,includes_classic_bike_rides
2025,2i5w-ykuw,Lyft,48,51,2,includes_classic_bike_rides
2025,2i5w-ykuw,Lyft,48,52,1,includes_classic_bike_rides
2025,2i5w-ykuw,Lyft,48,69,1,includes_classic_bike_rides
2025,2i5w-ykuw,Lyft,49,29,2,includes_classic_bike_rides
2025,2i5w-ykuw,Lyft,49,32,1,includes_classic_bike_rides
2025,2i5w-ykuw,Lyft,49,34,1,includes_classic_bike_rides
2025,2i5w-ykuw,Lyft,49,37,1,includes_classic_bike_rides
2025,2i5w-ykuw,Lyft,49,42,1,includes_classic_bike_rides
2025,2i5w-ykuw,Lyft,49,43,1,includes_classic_bike_rides
2025,2i5w-ykuw,Lyft,49,44,12,includes_classic_bike_rides
2025,2i5w-ykuw,Lyft,49,46,1,includes_classic_bike_rides
2025,2i5w-ykuw,Lyft,49,47,5,includes_classic_bike_rides
2025,2i5w-ykuw,Lyft,49,49,278,includes_classic_bike_rides
2025,2i5w-ykuw,Lyft,49,50,21,includes_classic_bike_rides
2025,2i5w-ykuw,Lyft,49,51,6,includes_classic_bike_rides
2025,2i5w-ykuw,Lyft,49,52,1,includes_classic_bike_rides
2025,2i5w-ykuw,Lyft,49,53,11,includes_classic_bike_rides
2025,2i5w-ykuw,Lyft,49,66,1,includes_classic_bike_rides
2025,2i5w-ykuw,Lyft,49,69,1,includes_classic_bike_rides
2025,2i5w-ykuw,Lyft,49,71,2,includes_classic_bike_rides
2025,2i5w-ykuw,Lyft,49,72,7,includes_classic_bike_rides
2025,2i5w-ykuw,Lyft,49,73,50,includes_classic_bike_rides
2025,2i5w-ykuw,Lyft,49,75,10,includes_classic_bike_rides
2025,2i5w-ykuw,Lyft,50,44,5,includes_classic_bike_rides
2025,2i5w-ykuw,Lyft,50,45,1,includes_classic_bike_rides
2025,2i5w-ykuw,Lyft,50,46,1,includes_classic_bike_rides
2025,2i5w-ykuw,Lyft,50,47,1,includes_classic_bike_rides
2025,2i5w-ykuw,Lyft,50,49,13,includes_classic_bike_rides
2025,2i5w-ykuw,Lyft,50,50,36,includes_classic_bike_rides
2025,2i5w-ykuw,Lyft,50,51,1,includes_classic_bike_rides
2025,2i5w-ykuw,Lyft,50,53,1,includes_classic_bike_rides
2025,2i5w-ykuw,Lyft,50,54,2,includes_classic_bike_rides
2025,2i5w-ykuw,Lyft,50,55,1,includes_classic_bike_rides
2025,2i5w-ykuw,Lyft,50,69,1,includes_classic_bike_rides
2025,2i5w-ykuw,Lyft,50,72,1,includes_classic_bike_rides
2025,2i5w-ykuw,Lyft,51,42,1,includes_classic_bike_rides
2025,2i5w-ykuw,Lyft,51,43,3,includes_classic_bike_rides
2025,2i5w-ykuw,Lyft,51,44,2,includes_classic_bike_rides
2025,2i5w-ykuw,Lyft,51,46,10,includes_classic_bike_rides
2025,2i5w-ykuw,Lyft,51,48,2,includes_classic_bike_rides
2025,2i5w-ykuw,Lyft,51,49,2,includes_classic_bike_rides
2025,2i5w-ykuw,Lyft,51,50,2,includes_classic_bike_rides
2025,2i5w-ykuw,Lyft,51,51,167,includes_classic_bike_rides
2025,2i5w-ykuw,Lyft,51,52,12,includes_classic_bike_rides
2025,2i5w-ykuw,Lyft,51,55,1,includes_classic_bike_rides
2025,2i5w-ykuw,Lyft,52,32,5,includes_classic_bike_rides
2025,2i5w-ykuw,Lyft,52,41,13,includes_classic_bike_rides
2025,2i5w-ykuw,Lyft,52,42,1,includes_classic_bike_rides
2025,2i5w-ykuw,Lyft,52,43,12,includes_classic_bike_rides
2025,2i5w-ykuw,Lyft,52,46,26,includes_classic_bike_rides
2025,2i5w-ykuw,Lyft,52,49,1,includes_classic_bike_rides
2025,2i5w-ykuw,Lyft,52,51,7,includes_classic_bike_rides
2025,2i5w-ykuw,Lyft,52,52,352,includes_classic_bike_rides
2025,2i5w-ykuw,Lyft,52,55,18,includes_classic_bike_rides
2025,2i5w-ykuw,Lyft,53,44,1,includes_classic_bike_rides
2025,2i5w-ykuw,Lyft,53,49,3,includes_classic_bike_rides
2025,2i5w-ykuw,Lyft,53,50,1,includes_classic_bike_rides
2025,2i5w-ykuw,Lyft,53,53,159,includes_classic_bike_rides
2025,2i5w-ykuw,Lyft,53,54,6,includes_classic_bike_rides
2025,2i5w-ykuw,Lyft,53,72,1,includes_classic_bike_rides
2025,2i5w-ykuw,Lyft,53,73,3,includes_classic_bike_rides
2025,2i5w-ykuw,Lyft,53,75,17,includes_classic_bike_rides
2025,2i5w-ykuw,Lyft,54,53,1,includes_classic_bike_rides
2025,2i5w-ykuw,Lyft,54,54,20,includes_classic_bike_rides
2025,2i5w-ykuw,Lyft,54,55,1,includes_classic_bike_rides
2025,2i5w-ykuw,Lyft,55,51,1,includes_classic_bike_rides
2025,2i5w-ykuw,Lyft,55,52,20,includes_classic_bike_rides
2025,2i5w-ykuw,Lyft,55,55,185,includes_classic_bike_rides
2025,2i5w-ykuw,Lyft,56,,1,includes_classic_bike_rides
2025,2i5w-ykuw,Lyft,56,24,1,includes_classic_bike_rides
2025,2i5w-ykuw,Lyft,56,28,2,includes_classic_bike_rides
2025,2i5w-ykuw,Lyft,56,29,1,includes_classic_bike_rides
2025,2i5w-ykuw,Lyft,56,32,1,includes_classic_bike_rides
2025,2i5w-ykuw,Lyft,56,41,1,includes_classic_bike_rides
2025,2i5w-ykuw,Lyft,56,43,1,includes_classic_bike_rides
2025,2i5w-ykuw,Lyft,56,56,179,includes_classic_bike_rides
2025,2i5w-ykuw,Lyft,56,57,11,includes_classic_bike_rides
2025,2i5w-ykuw,Lyft,56,58,4,includes_classic_bike_rides
2025,2i5w-ykuw,Lyft,56,59,1,includes_classic_bike_rides
2025,2i5w-ykuw,Lyft,56,62,4,includes_classic_bike_rides
2025,2i5w-ykuw,Lyft,56,63,2,includes_classic_bike_rides
2025,2i5w-ykuw,Lyft,56,64,3,includes_classic_bike_rides
2025,2i5w-ykuw,Lyft,56,65,155,includes_classic_bike_rides
2025,2i5w-ykuw,Lyft,56,66,6,includes_classic_bike_rides
2025,2i5w-ykuw,Lyft,56,70,4,includes_classic_bike_rides
2025,2i5w-ykuw,Lyft,57,,1,includes_classic_bike_rides
2025,2i5w-ykuw,Lyft,57,28,2,includes_classic_bike_rides
2025,2i5w-ykuw,Lyft,57,30,6,includes_classic_bike_rides
2025,2i5w-ykuw,Lyft,57,56,40,includes_classic_bike_rides
2025,2i5w-ykuw,Lyft,57,57,369,includes_classic_bike_rides
2025,2i5w-ykuw,Lyft,57,58,37,includes_classic_bike_rides
2025,2i5w-ykuw,Lyft,57,59,5,includes_classic_bike_rides
2025,2i5w-ykuw,Lyft,57,61,3,includes_classic_bike_rides
2025,2i5w-ykuw,Lyft,57,62,67,includes_classic_bike_rides
2025,2i5w-ykuw,Lyft,57,63,10,includes_classic_bike_rides
2025,2i5w-ykuw,Lyft,57,65,20,includes_classic_bike_rides
2025,2i5w-ykuw,Lyft,57,66,5,includes_classic_bike_rides
2025,2i5w-ykuw,Lyft,57,68,1,includes_classic_bike_rides
2025,2i5w-ykuw,Lyft,58,5,2,includes_classic_bike_rides
2025,2i5w-ykuw,Lyft,58,8,1,includes_classic_bike_rides
2025,2i5w-ykuw,Lyft,58,23,1,includes_classic_bike_rides
2025,2i5w-ykuw,Lyft,58,24,4,includes_classic_bike_rides
2025,2i5w-ykuw,Lyft,58,27,3,includes_classic_bike_rides
2025,2i5w-ykuw,Lyft,58,28,11,includes_classic_bike_rides
2025,2i5w-ykuw,Lyft,58,29,4,includes_classic_bike_rides
2025,2i5w-ykuw,Lyft,58,30,32,includes_classic_bike_rides
2025,2i5w-ykuw,Lyft,58,31,34,includes_classic_bike_rides
2025,2i5w-ykuw,Lyft,58,32,7,includes_classic_bike_rides
2025,2i5w-ykuw,Lyft,58,33,1,includes_classic_bike_rides
2025,2i5w-ykuw,Lyft,58,34,12,includes_classic_bike_rides
2025,2i5w-ykuw,Lyft,58,35,3,includes_classic_bike_rides
2025,2i5w-ykuw,Lyft,58,37,1,includes_classic_bike_rides
2025,2i5w-ykuw,Lyft,58,38,1,includes_classic_bike_rides
2025,2i5w-ykuw,Lyft,58,40,2,includes_classic_bike_rides
2025,2i5w-ykuw,Lyft,58,41,2,includes_classic_bike_rides
2025,2i5w-ykuw,Lyft,58,42,3,includes_classic_bike_rides
2025,2i5w-ykuw,Lyft,58,56,10,includes_classic_bike_rides
2025,2i5w-ykuw,Lyft,58,57,36,includes_classic_bike_rides
2025,2i5w-ykuw,Lyft,58,58,940,includes_classic_bike_rides
2025,2i5w-ykuw,Lyft,58,59,252,includes_classic_bike_rides
2025,2i5w-ykuw,Lyft,58,60,11,includes_classic_bike_rides
2025,2i5w-ykuw,Lyft,58,61,130,includes_classic_bike_rides
2025,2i5w-ykuw,Lyft,58,62,5,includes_classic_bike_rides
2025,2i5w-ykuw,Lyft,58,63,236,includes_classic_bike_rides
2025,2i5w-ykuw,Lyft,58,65,4,includes_classic_bike_rides
2025,2i5w-ykuw,Lyft,58,66,90,includes_classic_bike_rides
2025,2i5w-ykuw,Lyft,58,67,5,includes_classic_bike_rides
2025,2i5w-ykuw,Lyft,58,68,1,includes_classic_bike_rides
2025,2i5w-ykuw,Lyft,58,69,1,includes_classic_bike_rides
2025,2i5w-ykuw,Lyft,59,2,1,includes_classic_bike_rides
2025,2i5w-ykuw,Lyft,59,8,11,includes_classic_bike_rides
2025,2i5w-ykuw,Lyft,59,22,2,includes_classic_bike_rides
2025,2i5w-ykuw,Lyft,59,24,18,includes_classic_bike_rides
2025,2i5w-ykuw,Lyft,59,27,2,includes_classic_bike_rides
2025,2i5w-ykuw,Lyft,59,28,42,includes_classic_bike_rides
2025,2i5w-ykuw,Lyft,59,30,22,includes_classic_bike_rides
2025,2i5w-ykuw,Lyft,59,31,302,includes_classic_bike_rides
2025,2i5w-ykuw,Lyft,59,32,27,includes_classic_bike_rides
2025,2i5w-ykuw,Lyft,59,33,71,includes_classic_bike_rides
2025,2i5w-ykuw,Lyft,59,34,102,includes_classic_bike_rides
2025,2i5w-ykuw,Lyft,59,35,40,includes_classic_bike_rides
2025,2i5w-ykuw,Lyft,59,37,3,includes_classic_bike_rides
2025,2i5w-ykuw,Lyft,59,38,2,includes_classic_bike_rides
2025,2i5w-ykuw,Lyft,59,39,2,includes_classic_bike_rides
2025,2i5w-ykuw,Lyft,59,40,3,includes_classic_bike_rides
2025,2i5w-ykuw,Lyft,59,41,14,includes_classic_bike_rides
2025,2i5w-ykuw,Lyft,59,42,1,includes_classic_bike_rides
2025,2i5w-ykuw,Lyft,59,44,1,includes_classic_bike_rides
2025,2i5w-ykuw,Lyft,59,57,14,includes_classic_bike_rides
2025,2i5w-ykuw,Lyft,59,58,325,includes_classic_bike_rides
2025,2i5w-ykuw,Lyft,59,59,937,includes_classic_bike_rides
2025,2i5w-ykuw,Lyft,59,60,343,includes_classic_bike_rides
2025,2i5w-ykuw,Lyft,59,61,88,includes_classic_bike_rides
2025,2i5w-ykuw,Lyft,59,62,1,includes_classic_bike_rides
2025,2i5w-ykuw,Lyft,59,63,18,includes_classic_bike_rides
2025,2i5w-ykuw,Lyft,59,65,8,includes_classic_bike_rides
2025,2i5w-ykuw,Lyft,59,66,5,includes_classic_bike_rides
2025,2i5w-ykuw,Lyft,59,67,3,includes_classic_bike_rides
2025,2i5w-ykuw,Lyft,59,70,1,includes_classic_bike_rides
2025,2i5w-ykuw,Lyft,60,,1,includes_classic_bike_rides
2025,2i5w-ykuw,Lyft,60,1,1,includes_classic_bike_rides
2025,2i5w-ykuw,Lyft,60,3,3,includes_classic_bike_rides
2025,2i5w-ykuw,Lyft,60,4,1,includes_classic_bike_rides
2025,2i5w-ykuw,Lyft,60,5,2,includes_classic_bike_rides
2025,2i5w-ykuw,Lyft,60,6,11,includes_classic_bike_rides
2025,2i5w-ykuw,Lyft,60,7,54,includes_classic_bike_rides
2025,2i5w-ykuw,Lyft,60,8,236,includes_classic_bike_rides
2025,2i5w-ykuw,Lyft,60,16,1,includes_classic_bike_rides
2025,2i5w-ykuw,Lyft,60,18,1,includes_classic_bike_rides
2025,2i5w-ykuw,Lyft,60,22,14,includes_classic_bike_rides
2025,2i5w-ykuw,Lyft,60,23,2,includes_classic_bike_rides
2025,2i5w-ykuw,Lyft,60,24,77,includes_classic_bike_rides
2025,2i5w-ykuw,Lyft,60,27,1,includes_classic_bike_rides
2025,2i5w-ykuw,Lyft,60,28,1018,includes_classic_bike_rides
2025,2i5w-ykuw,Lyft,60,29,16,includes_classic_bike_rides
2025,2i5w-ykuw,Lyft,60,30,16,includes_classic_bike_rides
2025,2i5w-ykuw,Lyft,60,31,1224,includes_classic_bike_rides
2025,2i5w-ykuw,Lyft,60,32,488,includes_classic_bike_rides
2025,2i5w-ykuw,Lyft,60,33,513,includes_classic_bike_rides
2025,2i5w-ykuw,Lyft,60,34,2698,includes_classic_bike_rides
2025,2i5w-ykuw,Lyft,60,35,1032,includes_classic_bike_rides
2025,2i5w-ykuw,Lyft,60,36,6,includes_classic_bike_rides
2025,2i5w-ykuw,Lyft,60,37,16,includes_classic_bike_rides
2025,2i5w-ykuw,Lyft,60,38,37,includes_classic_bike_rides
2025,2i5w-ykuw,Lyft,60,39,12,includes_classic_bike_rides
2025,2i5w-ykuw,Lyft,60,40,19,includes_classic_bike_rides
2025,2i5w-ykuw,Lyft,60,41,50,includes_classic_bike_rides
2025,2i5w-ykuw,Lyft,60,42,5,includes_classic_bike_rides
2025,2i5w-ykuw,Lyft,60,43,1,includes_classic_bike_rides
2025,2i5w-ykuw,Lyft,60,46,1,includes_classic_bike_rides
2025,2i5w-ykuw,Lyft,60,58,43,includes_classic_bike_rides
2025,2i5w-ykuw,Lyft,60,59,400,includes_classic_bike_rides
2025,2i5w-ykuw,Lyft,60,60,6262,includes_classic_bike_rides
2025,2i5w-ykuw,Lyft,60,61,223,includes_classic_bike_rides
2025,2i5w-ykuw,Lyft,60,63,6,includes_classic_bike_rides
2025,2i5w-ykuw,Lyft,60,66,1,includes_classic_bike_rides
2025,2i5w-ykuw,Lyft,60,67,1,includes_classic_bike_rides
2025,2i5w-ykuw,Lyft,60,68,18,includes_classic_bike_rides
2025,2i5w-ykuw,Lyft,60,69,2,includes_classic_bike_rides
2025,2i5w-ykuw,Lyft,60,71,2,includes_classic_bike_rides
2025,2i5w-ykuw,Lyft,60,77,1,includes_classic_bike_rides
2025,2i5w-ykuw,Lyft,61,7,1,includes_classic_bike_rides
2025,2i5w-ykuw,Lyft,61,8,3,includes_classic_bike_rides
2025,2i5w-ykuw,Lyft,61,22,1,includes_classic_bike_rides
2025,2i5w-ykuw,Lyft,61,24,5,includes_classic_bike_rides
2025,2i5w-ykuw,Lyft,61,27,1,includes_classic_bike_rides
2025,2i5w-ykuw,Lyft,61,28,17,includes_classic_bike_rides
2025,2i5w-ykuw,Lyft,61,30,4,includes_classic_bike_rides
2025,2i5w-ykuw,Lyft,61,31,49,includes_classic_bike_rides
2025,2i5w-ykuw,Lyft,61,32,8,includes_classic_bike_rides
2025,2i5w-ykuw,Lyft,61,33,12,includes_classic_bike_rides
2025,2i5w-ykuw,Lyft,61,34,117,includes_classic_bike_rides
2025,2i5w-ykuw,Lyft,61,35,16,includes_classic_bike_rides
2025,2i5w-ykuw,Lyft,61,36,1,includes_classic_bike_rides
2025,2i5w-ykuw,Lyft,61,37,79,includes_classic_bike_rides
2025,2i5w-ykuw,Lyft,61,38,56,includes_classic_bike_rides
2025,2i5w-ykuw,Lyft,61,39,11,includes_classic_bike_rides
2025,2i5w-ykuw,Lyft,61,40,3,includes_classic_bike_rides
2025,2i5w-ykuw,Lyft,61,41,8,includes_classic_bike_rides
2025,2i5w-ykuw,Lyft,61,42,1,includes_classic_bike_rides
2025,2i5w-ykuw,Lyft,61,43,2,includes_classic_bike_rides
2025,2i5w-ykuw,Lyft,61,44,1,includes_classic_bike_rides
2025,2i5w-ykuw,Lyft,61,49,1,includes_classic_bike_rides
2025,2i5w-ykuw,Lyft,61,56,2,includes_classic_bike_rides
2025,2i5w-ykuw,Lyft,61,57,3,includes_classic_bike_rides
2025,2i5w-ykuw,Lyft,61,58,122,includes_classic_bike_rides
2025,2i5w-ykuw,Lyft,61,59,71,includes_classic_bike_rides
2025,2i5w-ykuw,Lyft,61,60,151,includes_classic_bike_rides
2025,2i5w-ykuw,Lyft,61,61,1138,includes_classic_bike_rides
2025,2i5w-ykuw,Lyft,61,62,2,includes_classic_bike_rides
2025,2i5w-ykuw,Lyft,61,63,59,includes_classic_bike_rides
2025,2i5w-ykuw,Lyft,61,66,14,includes_classic_bike_rides
2025,2i5w-ykuw,Lyft,61,67,40,includes_classic_bike_rides
2025,2i5w-ykuw,Lyft,61,68,47,includes_classic_bike_rides
2025,2i5w-ykuw,Lyft,61,69,2,includes_classic_bike_rides
2025,2i5w-ykuw,Lyft,61,71,3,includes_classic_bike_rides
2025,2i5w-ykuw,Lyft,62,41,1,includes_classic_bike_rides
2025,2i5w-ykuw,Lyft,62,56,10,includes_classic_bike_rides
2025,2i5w-ykuw,Lyft,62,57,63,includes_classic_bike_rides
2025,2i5w-ykuw,Lyft,62,58,3,includes_classic_bike_rides
2025,2i5w-ykuw,Lyft,62,60,3,includes_classic_bike_rides
2025,2i5w-ykuw,Lyft,62,61,1,includes_classic_bike_rides
2025,2i5w-ykuw,Lyft,62,62,65,includes_classic_bike_rides
2025,2i5w-ykuw,Lyft,62,63,21,includes_classic_bike_rides
2025,2i5w-ykuw,Lyft,62,64,2,includes_classic_bike_rides
2025,2i5w-ykuw,Lyft,62,65,24,includes_classic_bike_rides
2025,2i5w-ykuw,Lyft,62,66,4,includes_classic_bike_rides
2025,2i5w-ykuw,Lyft,62,70,1,includes_classic_bike_rides
2025,2i5w-ykuw,Lyft,63,27,1,includes_classic_bike_rides
2025,2i5w-ykuw,Lyft,63,30,3,includes_classic_bike_rides
2025,2i5w-ykuw,Lyft,63,31,16,includes_classic_bike_rides
2025,2i5w-ykuw,Lyft,63,33,4,includes_classic_bike_rides
2025,2i5w-ykuw,Lyft,63,40,1,includes_classic_bike_rides
2025,2i5w-ykuw,Lyft,63,41,2,includes_classic_bike_rides
2025,2i5w-ykuw,Lyft,63,42,1,includes_classic_bike_rides
2025,2i5w-ykuw,Lyft,63,56,2,includes_classic_bike_rides
2025,2i5w-ykuw,Lyft,63,57,15,includes_classic_bike_rides
2025,2i5w-ykuw,Lyft,63,58,195,includes_classic_bike_rides
2025,2i5w-ykuw,Lyft,63,59,10,includes_classic_bike_rides
2025,2i5w-ykuw,Lyft,63,60,1,includes_classic_bike_rides
2025,2i5w-ykuw,Lyft,63,61,41,includes_classic_bike_rides
2025,2i5w-ykuw,Lyft,63,62,19,includes_classic_bike_rides
2025,2i5w-ykuw,Lyft,63,63,505,includes_classic_bike_rides
2025,2i5w-ykuw,Lyft,63,65,13,includes_classic_bike_rides
2025,2i5w-ykuw,Lyft,63,66,97,includes_classic_bike_rides
2025,2i5w-ykuw,Lyft,63,67,10,includes_classic_bike_rides
2025,2i5w-ykuw,Lyft,63,68,1,includes_classic_bike_rides
2025,2i5w-ykuw,Lyft,63,70,1,includes_classic_bike_rides
2025,2i5w-ykuw,Lyft,64,62,1,includes_classic_bike_rides
2025,2i5w-ykuw,Lyft,64,65,1,includes_classic_bike_rides
2025,2i5w-ykuw,Lyft,65,32,1,includes_classic_bike_rides
2025,2i5w-ykuw,Lyft,65,35,2,includes_classic_bike_rides
2025,2i5w-ykuw,Lyft,65,49,1,includes_classic_bike_rides
2025,2i5w-ykuw,Lyft,65,56,110,includes_classic_bike_rides
2025,2i5w-ykuw,Lyft,65,57,9,includes_classic_bike_rides
2025,2i5w-ykuw,Lyft,65,58,3,includes_classic_bike_rides
2025,2i5w-ykuw,Lyft,65,59,3,includes_classic_bike_rides
2025,2i5w-ykuw,Lyft,65,61,3,includes_classic_bike_rides
2025,2i5w-ykuw,Lyft,65,62,11,includes_classic_bike_rides
2025,2i5w-ykuw,Lyft,65,63,10,includes_classic_bike_rides
2025,2i5w-ykuw,Lyft,65,65,132,includes_classic_bike_rides
2025,2i5w-ykuw,Lyft,65,66,23,includes_classic_bike_rides
2025,2i5w-ykuw,Lyft,65,67,5,includes_classic_bike_rides
2025,2i5w-ykuw,Lyft,65,70,8,includes_classic_bike_rides
2025,2i5w-ykuw,Lyft,66,29,2,includes_classic_bike_rides
2025,2i5w-ykuw,Lyft,66,30,5,includes_classic_bike_rides
2025,2i5w-ykuw,Lyft,66,31,2,includes_classic_bike_rides
2025,2i5w-ykuw,Lyft,66,32,1,includes_classic_bike_rides
2025,2i5w-ykuw,Lyft,66,35,1,includes_classic_bike_rides
2025,2i5w-ykuw,Lyft,66,40,1,includes_classic_bike_rides
2025,2i5w-ykuw,Lyft,66,42,1,includes_classic_bike_rides
2025,2i5w-ykuw,Lyft,66,43,1,includes_classic_bike_rides
2025,2i5w-ykuw,Lyft,66,44,1,includes_classic_bike_rides
2025,2i5w-ykuw,Lyft,66,56,5,includes_classic_bike_rides
2025,2i5w-ykuw,Lyft,66,57,3,includes_classic_bike_rides
2025,2i5w-ykuw,Lyft,66,58,31,includes_classic_bike_rides
2025,2i5w-ykuw,Lyft,66,59,5,includes_classic_bike_rides
2025,2i5w-ykuw,Lyft,66,61,2,includes_classic_bike_rides
2025,2i5w-ykuw,Lyft,66,62,3,includes_classic_bike_rides
2025,2i5w-ykuw,Lyft,66,63,113,includes_classic_bike_rides
2025,2i5w-ykuw,Lyft,66,65,16,includes_classic_bike_rides
2025,2i5w-ykuw,Lyft,66,66,266,includes_classic_bike_rides
2025,2i5w-ykuw,Lyft,66,67,10,includes_classic_bike_rides
2025,2i5w-ykuw,Lyft,66,68,2,includes_classic_bike_rides
2025,2i5w-ykuw,Lyft,66,69,1,includes_classic_bike_rides
2025,2i5w-ykuw,Lyft,66,70,17,includes_classic_bike_rides
2025,2i5w-ykuw,Lyft,66,71,6,includes_classic_bike_rides
2025,2i5w-ykuw,Lyft,66,72,1,includes_classic_bike_rides
2025,2i5w-ykuw,Lyft,67,28,3,includes_classic_bike_rides
2025,2i5w-ykuw,Lyft,67,30,2,includes_classic_bike_rides
2025,2i5w-ykuw,Lyft,67,31,1,includes_classic_bike_rides
2025,2i5w-ykuw,Lyft,67,37,5,includes_classic_bike_rides
2025,2i5w-ykuw,Lyft,67,38,3,includes_classic_bike_rides
2025,2i5w-ykuw,Lyft,67,40,5,includes_classic_bike_rides
2025,2i5w-ykuw,Lyft,67,41,4,includes_classic_bike_rides
2025,2i5w-ykuw,Lyft,67,42,2,includes_classic_bike_rides
2025,2i5w-ykuw,Lyft,67,43,1,includes_classic_bike_rides
2025,2i5w-ykuw,Lyft,67,44,5,includes_classic_bike_rides
2025,2i5w-ykuw,Lyft,67,56,1,includes_classic_bike_rides
2025,2i5w-ykuw,Lyft,67,58,1,includes_classic_bike_rides
2025,2i5w-ykuw,Lyft,67,60,2,includes_classic_bike_rides
2025,2i5w-ykuw,Lyft,67,61,25,includes_classic_bike_rides
2025,2i5w-ykuw,Lyft,67,63,14,includes_classic_bike_rides
2025,2i5w-ykuw,Lyft,67,65,4,includes_classic_bike_rides
2025,2i5w-ykuw,Lyft,67,66,15,includes_classic_bike_rides
2025,2i5w-ykuw,Lyft,67,67,186,includes_classic_bike_rides
2025,2i5w-ykuw,Lyft,67,68,33,includes_classic_bike_rides
2025,2i5w-ykuw,Lyft,67,69,3,includes_classic_bike_rides
2025,2i5w-ykuw,Lyft,67,70,4,includes_classic_bike_rides
2025,2i5w-ykuw,Lyft,67,71,27,includes_classic_bike_rides
2025,2i5w-ykuw,Lyft,67,72,1,includes_classic_bike_rides
2025,2i5w-ykuw,Lyft,67,73,2,includes_classic_bike_rides
2025,2i5w-ykuw,Lyft,68,28,1,includes_classic_bike_rides
2025,2i5w-ykuw,Lyft,68,31,16,includes_classic_bike_rides
2025,2i5w-ykuw,Lyft,68,32,1,includes_classic_bike_rides
2025,2i5w-ykuw,Lyft,68,33,2,includes_classic_bike_rides
2025,2i5w-ykuw,Lyft,68,34,1,includes_classic_bike_rides
2025,2i5w-ykuw,Lyft,68,35,2,includes_classic_bike_rides
2025,2i5w-ykuw,Lyft,68,37,12,includes_classic_bike_rides
2025,2i5w-ykuw,Lyft,68,38,8,includes_classic_bike_rides
2025,2i5w-ykuw,Lyft,68,39,1,includes_classic_bike_rides
2025,2i5w-ykuw,Lyft,68,40,25,includes_classic_bike_rides
2025,2i5w-ykuw,Lyft,68,41,20,includes_classic_bike_rides
2025,2i5w-ykuw,Lyft,68,42,61,includes_classic_bike_rides
2025,2i5w-ykuw,Lyft,68,43,3,includes_classic_bike_rides
2025,2i5w-ykuw,Lyft,68,44,27,includes_classic_bike_rides
2025,2i5w-ykuw,Lyft,68,59,2,includes_classic_bike_rides
2025,2i5w-ykuw,Lyft,68,60,8,includes_classic_bike_rides
2025,2i5w-ykuw,Lyft,68,61,30,includes_classic_bike_rides
2025,2i5w-ykuw,Lyft,68,63,1,includes_classic_bike_rides
2025,2i5w-ykuw,Lyft,68,65,1,includes_classic_bike_rides
2025,2i5w-ykuw,Lyft,68,66,8,includes_classic_bike_rides
2025,2i5w-ykuw,Lyft,68,67,30,includes_classic_bike_rides
2025,2i5w-ykuw,Lyft,68,68,454,includes_classic_bike_rides
2025,2i5w-ykuw,Lyft,68,69,49,includes_classic_bike_rides
2025,2i5w-ykuw,Lyft,68,71,18,includes_classic_bike_rides
2025,2i5w-ykuw,Lyft,68,72,1,includes_classic_bike_rides
2025,2i5w-ykuw,Lyft,68,73,1,includes_classic_bike_rides
2025,2i5w-ykuw,Lyft,69,34,1,includes_classic_bike_rides
2025,2i5w-ykuw,Lyft,69,37,1,includes_classic_bike_rides
2025,2i5w-ykuw,Lyft,69,38,7,includes_classic_bike_rides
2025,2i5w-ykuw,Lyft,69,39,5,includes_classic_bike_rides
2025,2i5w-ykuw,Lyft,69,40,18,includes_classic_bike_rides
2025,2i5w-ykuw,Lyft,69,41,20,includes_classic_bike_rides
2025,2i5w-ykuw,Lyft,69,42,58,includes_classic_bike_rides
2025,2i5w-ykuw,Lyft,69,43,29,includes_classic_bike_rides
2025,2i5w-ykuw,Lyft,69,44,50,includes_classic_bike_rides
2025,2i5w-ykuw,Lyft,69,45,7,includes_classic_bike_rides
2025,2i5w-ykuw,Lyft,69,46,1,includes_classic_bike_rides
2025,2i5w-ykuw,Lyft,69,47,1,includes_classic_bike_rides
2025,2i5w-ykuw,Lyft,69,48,2,includes_classic_bike_rides
2025,2i5w-ykuw,Lyft,69,49,2,includes_classic_bike_rides
2025,2i5w-ykuw,Lyft,69,51,1,includes_classic_bike_rides
2025,2i5w-ykuw,Lyft,69,60,2,includes_classic_bike_rides
2025,2i5w-ykuw,Lyft,69,61,1,includes_classic_bike_rides
2025,2i5w-ykuw,Lyft,69,63,1,includes_classic_bike_rides
2025,2i5w-ykuw,Lyft,69,66,2,includes_classic_bike_rides
2025,2i5w-ykuw,Lyft,69,67,5,includes_classic_bike_rides
2025,2i5w-ykuw,Lyft,69,68,45,includes_classic_bike_rides
2025,2i5w-ykuw,Lyft,69,69,307,includes_classic_bike_rides
2025,2i5w-ykuw,Lyft,69,70,1,includes_classic_bike_rides
2025,2i5w-ykuw,Lyft,69,71,8,includes_classic_bike_rides
2025,2i5w-ykuw,Lyft,70,,1,includes_classic_bike_rides
2025,2i5w-ykuw,Lyft,70,43,1,includes_classic_bike_rides
2025,2i5w-ykuw,Lyft,70,44,1,includes_classic_bike_rides
2025,2i5w-ykuw,Lyft,70,53,3,includes_classic_bike_rides
2025,2i5w-ykuw,Lyft,70,56,2,includes_classic_bike_rides
2025,2i5w-ykuw,Lyft,70,57,1,includes_classic_bike_rides
2025,2i5w-ykuw,Lyft,70,58,1,includes_classic_bike_rides
2025,2i5w-ykuw,Lyft,70,61,1,includes_classic_bike_rides
2025,2i5w-ykuw,Lyft,70,63,1,includes_classic_bike_rides
2025,2i5w-ykuw,Lyft,70,65,7,includes_classic_bike_rides
2025,2i5w-ykuw,Lyft,70,66,15,includes_classic_bike_rides
2025,2i5w-ykuw,Lyft,70,67,5,includes_classic_bike_rides
2025,2i5w-ykuw,Lyft,70,70,308,includes_classic_bike_rides
2025,2i5w-ykuw,Lyft,70,71,34,includes_classic_bike_rides
2025,2i5w-ykuw,Lyft,70,72,24,includes_classic_bike_rides
2025,2i5w-ykuw,Lyft,70,73,3,includes_classic_bike_rides
2025,2i5w-ykuw,Lyft,70,74,5,includes_classic_bike_rides
2025,2i5w-ykuw,Lyft,71,31,2,includes_classic_bike_rides
2025,2i5w-ykuw,Lyft,71,39,1,includes_classic_bike_rides
2025,2i5w-ykuw,Lyft,71,41,1,includes_classic_bike_rides
2025,2i5w-ykuw,Lyft,71,42,2,includes_classic_bike_rides
2025,2i5w-ykuw,Lyft,71,43,4,includes_classic_bike_rides
2025,2i5w-ykuw,Lyft,71,44,18,includes_classic_bike_rides
2025,2i5w-ykuw,Lyft,71,45,1,includes_classic_bike_rides
2025,2i5w-ykuw,Lyft,71,49,1,includes_classic_bike_rides
2025,2i5w-ykuw,Lyft,71,50,1,includes_classic_bike_rides
2025,2i5w-ykuw,Lyft,71,61,1,includes_classic_bike_rides
2025,2i5w-ykuw,Lyft,71,66,8,includes_classic_bike_rides
2025,2i5w-ykuw,Lyft,71,67,16,includes_classic_bike_rides
2025,2i5w-ykuw,Lyft,71,68,9,includes_classic_bike_rides
2025,2i5w-ykuw,Lyft,71,69,5,includes_classic_bike_rides
2025,2i5w-ykuw,Lyft,71,70,25,includes_classic_bike_rides
2025,2i5w-ykuw,Lyft,71,71,140,includes_classic_bike_rides
2025,2i5w-ykuw,Lyft,71,72,18,includes_classic_bike_rides
2025,2i5w-ykuw,Lyft,71,73,10,includes_classic_bike_rides
2025,2i5w-ykuw,Lyft,71,74,1,includes_classic_bike_rides
2025,2i5w-ykuw,Lyft,71,75,8,includes_classic_bike_rides
2025,2i5w-ykuw,Lyft,72,32,1,includes_classic_bike_rides
2025,2i5w-ykuw,Lyft,72,41,1,includes_classic_bike_rides
2025,2i5w-ykuw,Lyft,72,44,1,includes_classic_bike_rides
2025,2i5w-ykuw,Lyft,72,49,6,includes_classic_bike_rides
2025,2i5w-ykuw,Lyft,72,53,1,includes_classic_bike_rides
2025,2i5w-ykuw,Lyft,72,70,20,includes_classic_bike_rides
2025,2i5w-ykuw,Lyft,72,71,19,includes_classic_bike_rides
2025,2i5w-ykuw,Lyft,72,72,208,includes_classic_bike_rides
2025,2i5w-ykuw,Lyft,72,73,13,includes_classic_bike_rides
2025,2i5w-ykuw,Lyft,72,74,9,includes_classic_bike_rides
2025,2i5w-ykuw,Lyft,72,75,32,includes_classic_bike_rides
2025,2i5w-ykuw,Lyft,73,38,1,includes_classic_bike_rides
2025,2i5w-ykuw,Lyft,73,43,1,includes_classic_bike_rides
2025,2i5w-ykuw,Lyft,73,44,8,includes_classic_bike_rides
2025,2i5w-ykuw,Lyft,73,49,38,includes_classic_bike_rides
2025,2i5w-ykuw,Lyft,73,50,1,includes_classic_bike_rides
2025,2i5w-ykuw,Lyft,73,53,1,includes_classic_bike_rides
2025,2i5w-ykuw,Lyft,73,68,1,includes_classic_bike_rides
2025,2i5w-ykuw,Lyft,73,70,2,includes_classic_bike_rides
2025,2i5w-ykuw,Lyft,73,71,9,includes_classic_bike_rides
2025,2i5w-ykuw,Lyft,73,72,9,includes_classic_bike_rides
2025,2i5w-ykuw,Lyft,73,73,74,includes_classic_bike_rides
2025,2i5w-ykuw,Lyft,74,72,3,includes_classic_bike_rides
2025,2i5w-ykuw,Lyft,74,73,1,includes_classic_bike_rides
2025,2i5w-ykuw,Lyft,74,74,53,includes_classic_bike_rides
2025,2i5w-ykuw,Lyft,74,75,14,includes_classic_bike_rides
2025,2i5w-ykuw,Lyft,75,49,21,includes_classic_bike_rides
2025,2i5w-ykuw,Lyft,75,53,15,includes_classic_bike_rides
2025,2i5w-ykuw,Lyft,75,70,3,includes_classic_bike_rides
2025,2i5w-ykuw,Lyft,75,72,41,includes_classic_bike_rides
2025,2i5w-ykuw,Lyft,75,73,5,includes_classic_bike_rides
2025,2i5w-ykuw,Lyft,75,74,12,includes_classic_bike_rides
2025,2i5w-ykuw,Lyft,75,75,148,includes_classic_bike_rides
2025,2i5w-ykuw,Lyft,76,4,1,includes_classic_bike_rides
2025,2i5w-ykuw,Lyft,76,6,2,includes_classic_bike_rides
2025,2i5w-ykuw,Lyft,76,7,1,includes_classic_bike_rides
2025,2i5w-ykuw,Lyft,76,10,2,includes_classic_bike_rides
2025,2i5w-ykuw,Lyft,76,11,8,includes_classic_bike_rides
2025,2i5w-ykuw,Lyft,76,15,5,includes_classic_bike_rides
2025,2i5w-ykuw,Lyft,76,16,3,includes_classic_bike_rides
2025,2i5w-ykuw,Lyft,76,17,19,includes_classic_bike_rides
2025,2i5w-ykuw,Lyft,76,21,1,includes_classic_bike_rides
2025,2i5w-ykuw,Lyft,76,22,1,includes_classic_bike_rides
2025,2i5w-ykuw,Lyft,76,25,1,includes_classic_bike_rides
2025,2i5w-ykuw,Lyft,76,28,1,includes_classic_bike_rides
2025,2i5w-ykuw,Lyft,76,32,1,includes_classic_bike_rides
2025,2i5w-ykuw,Lyft,76,33,1,includes_classic_bike_rides
2025,2i5w-ykuw,Lyft,76,76,133,includes_classic_bike_rides
2025,2i5w-ykuw,Lyft,77,,171,includes_classic_bike_rides
2025,2i5w-ykuw,Lyft,77,1,2779,includes_classic_bike_rides
2025,2i5w-ykuw,Lyft,77,2,1148,includes_classic_bike_rides
2025,2i5w-ykuw,Lyft,77,3,7236,includes_classic_bike_rides
2025,2i5w-ykuw,Lyft,77,4,2038,includes_classic_bike_rides
2025,2i5w-ykuw,Lyft,77,5,494,includes_classic_bike_rides
2025,2i5w-ykuw,Lyft,77,6,3346,includes_classic_bike_rides
2025,2i5w-ykuw,Lyft,77,7,1536,includes_classic_bike_rides
2025,2i5w-ykuw,Lyft,77,8,1094,includes_classic_bike_rides
2025,2i5w-ykuw,Lyft,77,11,2,includes_classic_bike_rides
2025,2i5w-ykuw,Lyft,77,12,1,includes_classic_bike_rides
2025,2i5w-ykuw,Lyft,77,13,163,includes_classic_bike_rides
2025,2i5w-ykuw,Lyft,77,14,84,includes_classic_bike_rides
2025,2i5w-ykuw,Lyft,77,15,31,includes_classic_bike_rides
2025,2i5w-ykuw,Lyft,77,16,94,includes_classic_bike_rides
2025,2i5w-ykuw,Lyft,77,19,1,includes_classic_bike_rides
2025,2i5w-ykuw,Lyft,77,20,152,includes_classic_bike_rides
2025,2i5w-ykuw,Lyft,77,21,42,includes_classic_bike_rides
2025,2i5w-ykuw,Lyft,77,22,116,includes_classic_bike_rides
2025,2i5w-ykuw,Lyft,77,23,19,includes_classic_bike_rides
2025,2i5w-ykuw,Lyft,77,24,81,includes_classic_bike_rides
2025,2i5w-ykuw,Lyft,77,27,1,includes_classic_bike_rides
2025,2i5w-ykuw,Lyft,77,28,57,includes_classic_bike_rides
2025,2i5w-ykuw,Lyft,77,31,5,includes_classic_bike_rides
2025,2i5w-ykuw,Lyft,77,32,428,includes_classic_bike_rides
2025,2i5w-ykuw,Lyft,77,33,52,includes_classic_bike_rides
2025,2i5w-ykuw,Lyft,77,34,11,includes_classic_bike_rides
2025,2i5w-ykuw,Lyft,77,35,7,includes_classic_bike_rides
2025,2i5w-ykuw,Lyft,77,41,22,includes_classic_bike_rides
2025,2i5w-ykuw,Lyft,77,42,1,includes_classic_bike_rides
2025,2i5w-ykuw,Lyft,77,43,10,includes_classic_bike_rides
2025,2i5w-ykuw,Lyft,77,60,2,includes_classic_bike_rides
2025,2i5w-ykuw,Lyft,77,76,3,includes_classic_bike_rides
2025,2i5w-ykuw,Lyft,77,77,12160,includes_classic_bike_rides
2025,2i5w-ykuw,Serve,3,3,2662,
2025,2i5w-ykuw,Serve,3,4,5,
2025,2i5w-ykuw,Serve,3,6,227,
2025,2i5w-ykuw,Serve,3,28,11,
2025,2i5w-ykuw,Serve,3,77,2,
2025,2i5w-ykuw,Serve,4,3,4,
2025,2i5w-ykuw,Serve,4,4,18,
2025,2i5w-ykuw,Serve,4,6,1,
2025,2i5w-ykuw,Serve,5,6,2,
2025,2i5w-ykuw,Serve,6,3,293,
2025,2i5w-ykuw,Serve,6,5,1,
2025,2i5w-ykuw,Serve,6,6,24162,
2025,2i5w-ykuw,Serve,6,7,1372,
2025,2i5w-ykuw,Serve,6,8,2,
2025,2i5w-ykuw,Serve,6,22,10,
2025,2i5w-ykuw,Serve,6,28,45,
2025,2i5w-ykuw,Serve,7,6,1433,
2025,2i5w-ykuw,Serve,7,7,12866,
2025,2i5w-ykuw,Serve,7,8,331,
2025,2i5w-ykuw,Serve,7,22,42,
2025,2i5w-ykuw,Serve,7,24,13,
2025,2i5w-ykuw,Serve,7,28,27,
2025,2i5w-ykuw,Serve,8,6,8,
2025,2i5w-ykuw,Serve,8,7,431,
2025,2i5w-ykuw,Serve,8,8,7683,
2025,2i5w-ykuw,Serve,8,24,23,
2025,2i5w-ykuw,Serve,8,28,14,
2025,2i5w-ykuw,Serve,17,17,35,
2025,2i5w-ykuw,Serve,17,19,1,
2025,2i5w-ykuw,Serve,19,17,1,
2025,2i5w-ykuw,Serve,19,19,1600,
2025,2i5w-ykuw,Serve,19,25,3,
2025,2i5w-ykuw,Serve,19,28,8,
2025,2i5w-ykuw,Serve,20,19,1,
2025,2i5w-ykuw,Serve,20,20,1,
2025,2i5w-ykuw,Serve,20,23,1,
2025,2i5w-ykuw,Serve,21,21,10,
2025,2i5w-ykuw,Serve,21,22,2,
2025,2i5w-ykuw,Serve,22,5,1,
2025,2i5w-ykuw,Serve,22,6,6,
2025,2i5w-ykuw,Serve,22,7,24,
2025,2i5w-ykuw,Serve,22,20,1,
2025,2i5w-ykuw,Serve,22,21,3,
2025,2i5w-ykuw,Serve,22,22,2246,
2025,2i5w-ykuw,Serve,22,23,9,
2025,2i5w-ykuw,Serve,22,24,63,
2025,2i5w-ykuw,Serve,22,28,1,
2025,2i5w-ykuw,Serve,23,22,12,
2025,2i5w-ykuw,Serve,23,23,1102,
2025,2i5w-ykuw,Serve,23,24,8,
2025,2i5w-ykuw,Serve,23,27,1,
2025,2i5w-ykuw,Serve,23,28,5,
2025,2i5w-ykuw,Serve,24,7,10,
2025,2i5w-ykuw,Serve,24,8,17,
2025,2i5w-ykuw,Serve,24,22,67,
2025,2i5w-ykuw,Serve,24,23,2,
2025,2i5w-ykuw,Serve,24,24,6245,
2025,2i5w-ykuw,Serve,24,28,208,
2025,2i5w-ykuw,Serve,25,19,1,
2025,2i5w-ykuw,Serve,25,25,42,
2025,2i5w-ykuw,Serve,25,28,1,
2025,2i5w-ykuw,Serve,27,23,1,
2025,2i5w-ykuw,Serve,27,27,38,
2025,2i5w-ykuw,Serve,27,28,2,
2025,2i5w-ykuw,Serve,28,6,1,
2025,2i5w-ykuw,Serve,28,7,2,
2025,2i5w-ykuw,Serve,28,8,5,
2025,2i5w-ykuw,Serve,28,22,1,
2025,2i5w-ykuw,Serve,28,24,353,
2025,2i5w-ykuw,Serve,28,27,3,
2025,2i5w-ykuw,Serve,28,28,32035,
2025,2i5w-ykuw,Serve,77,3,1,
2025,2i5w-ykuw,Serve,77,28,1,
2025,2i5w-ykuw,Serve,77,77,18,
